{
"type": "FeatureCollection",
"name": "cali_div_poli_admin_sf",
"crs": { "type": "name", "properties": { "name": "urn:ogc:def:crs:OGC:1.3:CRS84" } },
"features": [
{ "type": "Feature", "properties": { "OBJECTID": 1, "suelo": "Rural", "barrio": "Los Andes", "comuna": "56", "cod_bar": "5600" }, "geometry": { "type": "Polygon", "coordinates": [ [ [ -76.584647366143145, 3.456141303795146 ], [ -76.584791623378251, 3.456254133848261 ], [ -76.584991899584963, 3.456247988943009 ], [ -76.585877994884854, 3.455747928107038 ], [ -76.586126845957168, 3.455705261936298 ], [ -76.586563812448745, 3.455815037897081 ], [ -76.586709467255787, 3.45617481018484 ], [ -76.586545602462806, 3.457223819574471 ], [ -76.586891532330085, 3.457644625463151 ], [ -76.587747259638149, 3.457937361424742 ], [ -76.588730436077952, 3.458528904614997 ], [ -76.589853152617749, 3.458998520519506 ], [ -76.590223408482004, 3.4588948203552 ], [ -76.590963775113792, 3.457821437717949 ], [ -76.591242995676751, 3.457681216269476 ], [ -76.59209260669887, 3.457675067434446 ], [ -76.592183641052742, 3.457742175279849 ], [ -76.592177597543852, 3.458108092209359 ], [ -76.591795252949296, 3.458785040398878 ], [ -76.591910543113528, 3.459498579176464 ], [ -76.591443280251951, 3.460364561691159 ], [ -76.591418957758634, 3.460571962107585 ], [ -76.591740642352462, 3.461706304620368 ], [ -76.591940919872073, 3.461895338477387 ], [ -76.592317222308395, 3.462017332914425 ], [ -76.593106170899134, 3.461992886867304 ], [ -76.593615968261574, 3.462120955809569 ], [ -76.594465653977721, 3.462145392826395 ], [ -76.595643000866488, 3.462895515695404 ], [ -76.596225624916016, 3.462706407007401 ], [ -76.597233122064338, 3.462005079432239 ], [ -76.598471200190815, 3.461901367988133 ], [ -76.598798924536226, 3.461724551222503 ], [ -76.599108440210074, 3.461328113448961 ], [ -76.600431421049578, 3.460096199692181 ], [ -76.600856289349508, 3.4593887305949 ], [ -76.600985340738617, 3.458329618218266 ], [ -76.600898449422203, 3.457986024606567 ], [ -76.600253533388326, 3.457175292672414 ], [ -76.600147518965812, 3.456680316814933 ], [ -76.599832586694049, 3.456427710436583 ], [ -76.599048630118219, 3.456075647127145 ], [ -76.598816928342401, 3.455826995708479 ], [ -76.598807503171969, 3.455368468841384 ], [ -76.598424946098177, 3.455244709789664 ], [ -76.597560434174284, 3.455153734262594 ], [ -76.597162057555863, 3.454912429856386 ], [ -76.597081074105645, 3.454623441505131 ], [ -76.597263556439316, 3.453710059705596 ], [ -76.597120215869779, 3.453034949372628 ], [ -76.596396153203145, 3.452394529759468 ], [ -76.596024137450499, 3.451615721916657 ], [ -76.59597014692514, 3.451260966581171 ], [ -76.596110527017828, 3.450866084849387 ], [ -76.597276734689345, 3.449602389247732 ], [ -76.5972016505618, 3.448614553384592 ], [ -76.597537587718222, 3.447678917771683 ], [ -76.597799510045576, 3.447356018764144 ], [ -76.59894731134186, 3.447574498259543 ], [ -76.599294432785484, 3.447461258124289 ], [ -76.59968155086267, 3.447000395327133 ], [ -76.6003312240978, 3.446627194571961 ], [ -76.600440310177987, 3.445525484652541 ], [ -76.600624975854615, 3.445288130828212 ], [ -76.600985873107931, 3.445058756944281 ], [ -76.60136744067816, 3.445017003234674 ], [ -76.602688941485965, 3.445222548809419 ], [ -76.603248003281138, 3.444971202173452 ], [ -76.603740841732844, 3.444415113262471 ], [ -76.603945683126824, 3.444352168820266 ], [ -76.604502639555605, 3.444399559200961 ], [ -76.605057774467042, 3.444666924453883 ], [ -76.605330100749853, 3.444683448745234 ], [ -76.606405901335265, 3.444039683507794 ], [ -76.606896564241168, 3.443830366938262 ], [ -76.607460407419296, 3.443728068348726 ], [ -76.608502546984283, 3.443759200570764 ], [ -76.609407899845024, 3.44421707250012 ], [ -76.610228891296288, 3.444340109496669 ], [ -76.611081018514369, 3.444207567851917 ], [ -76.611505600624781, 3.44399528401537 ], [ -76.611632759217088, 3.443697108422545 ], [ -76.611586531965898, 3.441889774556522 ], [ -76.61111609239866, 3.441045702859891 ], [ -76.611112342014252, 3.439958052735639 ], [ -76.610805487574936, 3.439384882602999 ], [ -76.61085376694524, 3.438778504698882 ], [ -76.610655375258389, 3.438019265480851 ], [ -76.61038690824202, 3.437686344063126 ], [ -76.610176289921895, 3.437099467889065 ], [ -76.610837814472958, 3.435914460764372 ], [ -76.611679797934926, 3.435267586853021 ], [ -76.612418714566076, 3.434079608154186 ], [ -76.612666083754405, 3.434051980960327 ], [ -76.613357800704051, 3.43447969143778 ], [ -76.613979079164309, 3.434733344661967 ], [ -76.6145503705755, 3.434756075792838 ], [ -76.615414295246879, 3.434537561938612 ], [ -76.616121406248411, 3.43490127001209 ], [ -76.617036014502034, 3.434701753931569 ], [ -76.617798164560355, 3.434964301168987 ], [ -76.618119683322121, 3.434559663065397 ], [ -76.61837260319875, 3.434461182978739 ], [ -76.619183181320821, 3.434512655389598 ], [ -76.620444066070121, 3.434391395070078 ], [ -76.62091210419257, 3.434742320399077 ], [ -76.621193656975905, 3.435360344301952 ], [ -76.621338189332874, 3.435477673469522 ], [ -76.622512117328753, 3.435328581301902 ], [ -76.623097599629745, 3.435072064427894 ], [ -76.623866360369092, 3.43534986526063 ], [ -76.624663374568982, 3.435485535730816 ], [ -76.62611504479267, 3.435453692536591 ], [ -76.626684793871505, 3.435583011974457 ], [ -76.627168874108563, 3.436207312782165 ], [ -76.6273338589274, 3.436264102046421 ], [ -76.628204236796535, 3.435738006092075 ], [ -76.6288036544601, 3.435928146028516 ], [ -76.629179453413741, 3.435904181764996 ], [ -76.630545838468237, 3.435480140151177 ], [ -76.630988978581115, 3.4354326501877 ], [ -76.633604854308984, 3.436352409584955 ], [ -76.63484234035198, 3.436431326919366 ], [ -76.6353141581898, 3.436305705504733 ], [ -76.635954135240866, 3.436450627229012 ], [ -76.636326080957517, 3.436714522532413 ], [ -76.637723096575399, 3.437356077616203 ], [ -76.638461612642786, 3.437186361227439 ], [ -76.639062577860841, 3.437344776274629 ], [ -76.639805724076751, 3.437002059721465 ], [ -76.640650014156677, 3.436435620442593 ], [ -76.641226576611373, 3.436431915214444 ], [ -76.642364849659899, 3.436019594863146 ], [ -76.642857969845593, 3.435988343125132 ], [ -76.644351828179481, 3.436158359587381 ], [ -76.645096918507164, 3.435439057193026 ], [ -76.645872432169554, 3.434514045151502 ], [ -76.646241119145543, 3.434310860199016 ], [ -76.646706120035262, 3.434271344945685 ], [ -76.64721698409538, 3.433566747039043 ], [ -76.647447589725061, 3.433017574801955 ], [ -76.648524828338296, 3.432440447770468 ], [ -76.648775011866945, 3.431369522772225 ], [ -76.649192752660809, 3.430989805150997 ], [ -76.649198906606244, 3.430481123737683 ], [ -76.649334775001023, 3.430302747624387 ], [ -76.650996027264867, 3.429823204938874 ], [ -76.651517020868923, 3.429329253412362 ], [ -76.652251647595307, 3.428942025669614 ], [ -76.652695958378473, 3.428583778334695 ], [ -76.653420464064553, 3.428233847291531 ], [ -76.654289541837116, 3.427525337201069 ], [ -76.654384549292459, 3.427055501880656 ], [ -76.654073521667428, 3.426441870969247 ], [ -76.654160923643062, 3.425772830134033 ], [ -76.654322151238304, 3.425346645415321 ], [ -76.654211860963414, 3.424347939742368 ], [ -76.654739198539389, 3.423140589112797 ], [ -76.654829699595368, 3.422562391249277 ], [ -76.655114447545373, 3.422349461172965 ], [ -76.655088045164703, 3.421733126469031 ], [ -76.655520053775817, 3.421433652167033 ], [ -76.655591850088172, 3.420786157648812 ], [ -76.656238885431108, 3.42044308202294 ], [ -76.656710095460369, 3.419846774565629 ], [ -76.656248164982259, 3.4194528453569 ], [ -76.656114369843806, 3.41908771474141 ], [ -76.655632461196731, 3.418472187304474 ], [ -76.655606230119062, 3.418296790049286 ], [ -76.655723883181196, 3.418038521025539 ], [ -76.656314672997752, 3.417558690385227 ], [ -76.656569601166453, 3.417155103065733 ], [ -76.656552058016715, 3.416589346844056 ], [ -76.656822727524926, 3.416124301845672 ], [ -76.656923636462864, 3.4146424010308 ], [ -76.657068177061092, 3.41388590259394 ], [ -76.657827229919391, 3.413166871210005 ], [ -76.657975108665937, 3.41291721812363 ], [ -76.658159646768269, 3.411171963981956 ], [ -76.658403387217746, 3.410651256631752 ], [ -76.658349170664238, 3.410367779774708 ], [ -76.658139749118035, 3.410112076935873 ], [ -76.658126449233109, 3.409911742013429 ], [ -76.658485379390584, 3.409097515657945 ], [ -76.65852660799105, 3.408623727361359 ], [ -76.65889280488615, 3.408214020839938 ], [ -76.659263265901814, 3.407568916581147 ], [ -76.660475080572638, 3.40640968140263 ], [ -76.661347398713687, 3.405386839392896 ], [ -76.661529090542516, 3.405339325976456 ], [ -76.662249031345098, 3.405605371966914 ], [ -76.662763627367497, 3.40563265867333 ], [ -76.662992069675468, 3.405488863914277 ], [ -76.663318313876871, 3.404958496981481 ], [ -76.663695747621261, 3.404716712931595 ], [ -76.664476069773613, 3.404787135695161 ], [ -76.664624520809596, 3.405368697125787 ], [ -76.664787165296232, 3.405476282379947 ], [ -76.665439047948084, 3.405230389755066 ], [ -76.665866512536823, 3.405352422287471 ], [ -76.666382706199499, 3.405024894715197 ], [ -76.666852534577046, 3.40489531564556 ], [ -76.668392168021413, 3.40499022736564 ], [ -76.670313661408997, 3.404667424697886 ], [ -76.672393615570158, 3.404836134404641 ], [ -76.672620701613468, 3.404797979057276 ], [ -76.672942945435324, 3.404593953885213 ], [ -76.673269206661075, 3.404802170820776 ], [ -76.673750425093317, 3.405340201798797 ], [ -76.674157261361884, 3.405349385084548 ], [ -76.674409994377214, 3.4054666624471 ], [ -76.674487127572476, 3.405818555942147 ], [ -76.674858739165515, 3.406096168202575 ], [ -76.674936942819031, 3.406439451751496 ], [ -76.67517469458582, 3.406676183517512 ], [ -76.676177034453445, 3.406848276899194 ], [ -76.677387101363891, 3.406800815614125 ], [ -76.678376622414291, 3.407306513898395 ], [ -76.67940898631872, 3.407537754870699 ], [ -76.67972705901289, 3.407830705695044 ], [ -76.680421452176475, 3.407286370029145 ], [ -76.680800021683282, 3.407142871211502 ], [ -76.681481283270728, 3.407078337612836 ], [ -76.68229358303266, 3.407282558324316 ], [ -76.682673312921906, 3.406961474850533 ], [ -76.683005001172546, 3.406850060343771 ], [ -76.684368742270195, 3.406862032705404 ], [ -76.685261822239028, 3.406694871784663 ], [ -76.686219937164651, 3.406344489978153 ], [ -76.687827634617364, 3.406307599155846 ], [ -76.688939300774635, 3.405722816831444 ], [ -76.688878642858782, 3.405079289167956 ], [ -76.688786570206702, 3.404518697032142 ], [ -76.688309505418488, 3.403966270934323 ], [ -76.68817205385831, 3.403673833638091 ], [ -76.687770193112186, 3.402329731411184 ], [ -76.687724323240801, 3.401260596025565 ], [ -76.687821427663366, 3.400174136425529 ], [ -76.687592629832906, 3.399530415848604 ], [ -76.687569657775498, 3.398967059976032 ], [ -76.687752642155544, 3.398403756475469 ], [ -76.687924200847732, 3.398150776160614 ], [ -76.688187200699772, 3.397116081314573 ], [ -76.688187175070581, 3.396863188188656 ], [ -76.688004080391551, 3.396334393556937 ], [ -76.688049809488788, 3.396023996470749 ], [ -76.688278555329845, 3.395483645900087 ], [ -76.688604437130095, 3.394167229130966 ], [ -76.689313649070726, 3.393109529065856 ], [ -76.689439351933473, 3.391948402201421 ], [ -76.689757587871867, 3.390812825205995 ], [ -76.690182689970158, 3.389901945656475 ], [ -76.6901941200734, 3.389637537381239 ], [ -76.689908073075443, 3.389350132487822 ], [ -76.688992902035181, 3.388959373283138 ], [ -76.688729764689583, 3.388614534990137 ], [ -76.68854666950395, 3.388074225552343 ], [ -76.688855466656605, 3.387430379284905 ], [ -76.689724709397908, 3.386200158340532 ], [ -76.690880085797417, 3.385452804515915 ], [ -76.691291717757579, 3.384142170938962 ], [ -76.691171553246591, 3.383124750889706 ], [ -76.691228636137339, 3.382503958066784 ], [ -76.691445999107515, 3.382044067580856 ], [ -76.692601250374409, 3.380825329100321 ], [ -76.692841371654765, 3.380216030570804 ], [ -76.692887093284043, 3.37985957451132 ], [ -76.693470405111356, 3.378870830834679 ], [ -76.693642008195667, 3.378422458567006 ], [ -76.69368187872135, 3.377244102894574 ], [ -76.693796273136144, 3.376876195309796 ], [ -76.693921927908661, 3.375312699695582 ], [ -76.693555733207248, 3.374186097286462 ], [ -76.693647141159488, 3.373151418606358 ], [ -76.693566947813537, 3.371898338710399 ], [ -76.693818507081232, 3.371139563721297 ], [ -76.693738299544165, 3.369759967201914 ], [ -76.694241533304407, 3.368667813221464 ], [ -76.69440640175273, 3.367706310112283 ], [ -76.693850951527821, 3.367556259367928 ], [ -76.693057470568846, 3.367141261225752 ], [ -76.692796526410646, 3.366890022214643 ], [ -76.692307434469981, 3.366769914478027 ], [ -76.691720520390604, 3.366868307248868 ], [ -76.691274908407749, 3.367141450453534 ], [ -76.690764102424083, 3.367086827558888 ], [ -76.690546679045241, 3.366933984470938 ], [ -76.690611836871611, 3.366245799752433 ], [ -76.690209611244967, 3.366005522452647 ], [ -76.688807522475713, 3.365907335020336 ], [ -76.687818436588714, 3.365590684679572 ], [ -76.687351084098296, 3.36566723548 ], [ -76.686698927497659, 3.365623574156155 ], [ -76.686329354467105, 3.36575471975743 ], [ -76.685362002632729, 3.36558005046418 ], [ -76.685090318674895, 3.365459918433372 ], [ -76.684046771694781, 3.364531523030095 ], [ -76.683514166338909, 3.364356810360267 ], [ -76.682372870001061, 3.363657862799005 ], [ -76.681296824985154, 3.363199156224516 ], [ -76.681025061395673, 3.362947984530094 ], [ -76.680753279328698, 3.362511028009563 ], [ -76.680057668498378, 3.362292672835309 ], [ -76.67912290019332, 3.361724740542045 ], [ -76.678742485832373, 3.361670170776652 ], [ -76.677459912304428, 3.361752229404727 ], [ -76.676856673751573, 3.361648513848964 ], [ -76.675894754567466, 3.361637648662885 ], [ -76.674662341410453, 3.361420327506233 ], [ -76.674050769813903, 3.361659356220463 ], [ -76.673439283812257, 3.362103313778535 ], [ -76.673065553068227, 3.362103344941326 ], [ -76.671995195181907, 3.361488793591536 ], [ -76.671043871285733, 3.361266993222691 ], [ -76.670262433557042, 3.360976796308289 ], [ -76.669225435619396, 3.359976754241996 ], [ -76.668288316367523, 3.360662466752828 ], [ -76.668063749172177, 3.360775367685274 ], [ -76.667768952418058, 3.360775391732286 ], [ -76.666870546524493, 3.361283297027874 ], [ -76.666547723253842, 3.361523146208867 ], [ -76.666393339690615, 3.362073376529493 ], [ -76.666182776176939, 3.362411972550318 ], [ -76.665242341659749, 3.363018706637369 ], [ -76.664638704901535, 3.363202135517038 ], [ -76.664007041427823, 3.363653646410317 ], [ -76.66337539890921, 3.364401423292497 ], [ -76.662771850477299, 3.365798100349613 ], [ -76.662140240063906, 3.366983211555077 ], [ -76.661817475285588, 3.368055415850296 ], [ -76.661312130681296, 3.368676171275285 ], [ -76.66108758717975, 3.369141778566448 ], [ -76.660891070250941, 3.369353431532094 ], [ -76.659501323954288, 3.369903679737269 ], [ -76.658406480372179, 3.370947753026548 ], [ -76.65784497499827, 3.37162495183586 ], [ -76.656974772838893, 3.373628303777602 ], [ -76.656146611642441, 3.374756983140693 ], [ -76.65564127903933, 3.375631687482932 ], [ -76.655557087233134, 3.375885645969426 ], [ -76.655613273411078, 3.376238349609239 ], [ -76.655206195361103, 3.376957849300163 ], [ -76.655037845933975, 3.377959542029422 ], [ -76.654588646563312, 3.378453348831794 ], [ -76.6539569719843, 3.378947167509813 ], [ -76.653549907100967, 3.379892363267348 ], [ -76.652848090430169, 3.380555511308576 ], [ -76.652763927154922, 3.381260861292947 ], [ -76.652483180665399, 3.382319001768248 ], [ -76.652048042396729, 3.382897434359916 ], [ -76.651795377942193, 3.38341941260996 ], [ -76.651655101026606, 3.38491487941621 ], [ -76.651570909465448, 3.385197023085425 ], [ -76.651009477630268, 3.38611404174573 ], [ -76.650770840040835, 3.387299121155115 ], [ -76.650611715173156, 3.387546442743966 ], [ -76.650062200785385, 3.38799567984911 ], [ -76.650062208812216, 3.388130532251586 ], [ -76.649659605937273, 3.388602576360222 ], [ -76.648787509888166, 3.390018618083776 ], [ -76.648351368588493, 3.390372623633406 ], [ -76.648082998373965, 3.390456914319481 ], [ -76.647563082120101, 3.391046934439898 ], [ -76.647512783772456, 3.391569534578637 ], [ -76.647361812882664, 3.391839249610381 ], [ -76.646120579776692, 3.392833869750046 ], [ -76.645147792057045, 3.393828472977746 ], [ -76.644845845181806, 3.394351087872991 ], [ -76.643386504619855, 3.394359577344859 ], [ -76.641742615597721, 3.393786562075027 ], [ -76.641038143245538, 3.393752833950599 ], [ -76.639125921954914, 3.393988944491867 ], [ -76.637683380856217, 3.393989017713983 ], [ -76.63677759967743, 3.394123915394289 ], [ -76.634613334131032, 3.394932286749616 ], [ -76.631816992007742, 3.395705856287309 ], [ -76.630922099493134, 3.395750682146386 ], [ -76.62985457464228, 3.395929517752235 ], [ -76.629024370060975, 3.396436115312194 ], [ -76.628342401729441, 3.396704365156344 ], [ -76.626296410030051, 3.397121576908039 ], [ -76.625184483651068, 3.398015645059986 ], [ -76.624546970640012, 3.399192679141712 ], [ -76.623553617549589, 3.39987813934881 ], [ -76.62306439914552, 3.400444339813479 ], [ -76.621878311485858, 3.40150222131135 ], [ -76.620885020145167, 3.402068438131073 ], [ -76.620114052758012, 3.402262158748456 ], [ -76.618290435869184, 3.402113235725118 ], [ -76.617875286904109, 3.402157892196113 ], [ -76.617074653253042, 3.402306966996521 ], [ -76.616022033060943, 3.402962539923779 ], [ -76.615028645934515, 3.40279868175851 ], [ -76.613753603390492, 3.402917884669286 ], [ -76.613264366561353, 3.4030371387831 ], [ -76.612493403022199, 3.403513910250731 ], [ -76.612196842708201, 3.40381194951257 ], [ -76.611974523643568, 3.404542023531226 ], [ -76.610877374421463, 3.407149458807486 ], [ -76.609958176517054, 3.408475541811462 ], [ -76.609450805067738, 3.408864994161428 ], [ -76.606639555110377, 3.408796739645368 ], [ -76.60596557709836, 3.408585182925548 ], [ -76.604421496974297, 3.407757302135344 ], [ -76.603187562046045, 3.407531059789322 ], [ -76.602064274884356, 3.407731340896667 ], [ -76.601236575292177, 3.40818648881203 ], [ -76.600847081039404, 3.408293513292069 ], [ -76.600393546362753, 3.408222878816982 ], [ -76.5998020939778, 3.407913903767397 ], [ -76.599094168329174, 3.407955094360792 ], [ -76.598639789838828, 3.407815866958745 ], [ -76.598219084381583, 3.407951995315589 ], [ -76.596522482745655, 3.408155241644967 ], [ -76.596126097074404, 3.40798952274814 ], [ -76.595815888060031, 3.407415853448252 ], [ -76.595558963864178, 3.407180762528858 ], [ -76.594767317368195, 3.406811247162865 ], [ -76.594100653976568, 3.406850456953119 ], [ -76.5939552165908, 3.406550094043268 ], [ -76.593432161653979, 3.406259834692445 ], [ -76.592854703827697, 3.406710240694718 ], [ -76.592281952198277, 3.406530109900065 ], [ -76.591884795301681, 3.40679585983227 ], [ -76.591466550056381, 3.406807587806469 ], [ -76.591256372533365, 3.406715684015119 ], [ -76.590925711454759, 3.406285484011566 ], [ -76.59043654030792, 3.406367286396937 ], [ -76.590132099755095, 3.406593477514205 ], [ -76.589679620715927, 3.405873086727816 ], [ -76.589532004436279, 3.405884389035352 ], [ -76.589299755764713, 3.406228126193157 ], [ -76.589000586882477, 3.406190121016649 ], [ -76.58874099368947, 3.405858181126948 ], [ -76.588956513593743, 3.405377331519714 ], [ -76.588849316805664, 3.405015934688803 ], [ -76.588100271381691, 3.404565671599532 ], [ -76.587576938862838, 3.404488107126402 ], [ -76.587163543818434, 3.404533245545262 ], [ -76.58636768289648, 3.404893228120629 ], [ -76.58593228705881, 3.404794188364601 ], [ -76.585439530265035, 3.404909401104764 ], [ -76.585353912613655, 3.405152686683121 ], [ -76.585004834577319, 3.405582673684904 ], [ -76.584941497614338, 3.406073837081807 ], [ -76.584600150646153, 3.406571780825469 ], [ -76.584552417008339, 3.407363377885795 ], [ -76.584358334492293, 3.407785594399805 ], [ -76.583556776767637, 3.408167684354017 ], [ -76.583334648593052, 3.408164363491169 ], [ -76.583065004211988, 3.407907936478753 ], [ -76.582745802105748, 3.407843369046248 ], [ -76.582041114723225, 3.407300491623848 ], [ -76.581415640690622, 3.40757450089294 ], [ -76.581050820524183, 3.407238955191763 ], [ -76.580578656095426, 3.407683420927969 ], [ -76.579964996108359, 3.407414910269161 ], [ -76.579005069877638, 3.407329214260169 ], [ -76.577924581444236, 3.40791558938756 ], [ -76.577517301558174, 3.407862674245497 ], [ -76.577094484529255, 3.408037221616196 ], [ -76.576688258640829, 3.408022099557826 ], [ -76.575937598519388, 3.40770929249314 ], [ -76.575129923100363, 3.407633539757214 ], [ -76.574346325604381, 3.407985651393488 ], [ -76.574597616996272, 3.408125697687196 ], [ -76.574626539627957, 3.408399759963553 ], [ -76.574540409296063, 3.408748671637966 ], [ -76.574274332240009, 3.409001082541469 ], [ -76.574105745866817, 3.40900108030728 ], [ -76.573891253503973, 3.408764343637583 ], [ -76.573645897855371, 3.408741396281161 ], [ -76.572985669355873, 3.409033993072992 ], [ -76.572311192097374, 3.409733933208682 ], [ -76.571964573683985, 3.409772214812373 ], [ -76.570605857970321, 3.41030467682844 ], [ -76.570487132680967, 3.410294361702676 ], [ -76.570434343558418, 3.410182395417408 ], [ -76.570494456720354, 3.409596927529799 ], [ -76.570353735783883, 3.409248595977672 ], [ -76.569812195144706, 3.409180064609241 ], [ -76.569122622853826, 3.408765390626184 ], [ -76.568992856495484, 3.408963534194438 ], [ -76.56890420854873, 3.409406166100979 ], [ -76.569138703578432, 3.40954236554007 ], [ -76.569236907954604, 3.409354605525974 ], [ -76.569329274309951, 3.409356090898938 ], [ -76.569528550548327, 3.409641058188879 ], [ -76.569624564463012, 3.410013760203094 ], [ -76.569497040639092, 3.410557972233936 ], [ -76.569176071276388, 3.410938010618565 ], [ -76.568811105090447, 3.411007230817297 ], [ -76.568148594228489, 3.410653730711082 ], [ -76.568347051713587, 3.409810782246782 ], [ -76.568201412201333, 3.409437090693386 ], [ -76.568002060731757, 3.409352388542935 ], [ -76.567689886181313, 3.409378871653992 ], [ -76.567398586412523, 3.409526292296867 ], [ -76.567268475370938, 3.409396522448837 ], [ -76.566953348527178, 3.409438476222776 ], [ -76.566888110886197, 3.409666077702875 ], [ -76.567150436747113, 3.410096779503134 ], [ -76.567070436335044, 3.410371003772325 ], [ -76.56646668179269, 3.410458513016771 ], [ -76.566296921062772, 3.410593501100361 ], [ -76.566299205304759, 3.41193995892133 ], [ -76.568808180169157, 3.411209588685078 ], [ -76.568182909750789, 3.419705218459324 ], [ -76.564853092726139, 3.424227253020382 ], [ -76.564224119558702, 3.426042200289745 ], [ -76.563560143189193, 3.425747665870888 ], [ -76.561972886222463, 3.42504356728111 ], [ -76.559741426329154, 3.424994826442964 ], [ -76.557838855685532, 3.424953867990808 ], [ -76.558278430775133, 3.428657698818088 ], [ -76.55621590430043, 3.428657488244272 ], [ -76.556845438040185, 3.433725109338506 ], [ -76.556733943820376, 3.433895065900853 ], [ -76.557054403556208, 3.434410823093664 ], [ -76.557287687590787, 3.435210409154281 ], [ -76.557563373362484, 3.435590886916489 ], [ -76.557612508954662, 3.435833667426362 ], [ -76.557176167769086, 3.436151193889805 ], [ -76.555744578196496, 3.436722695915359 ], [ -76.554770029554945, 3.437899954164506 ], [ -76.554215588602062, 3.438410028015254 ], [ -76.553862840472917, 3.438521132440263 ], [ -76.553406551192836, 3.438519137402553 ], [ -76.553200721464023, 3.438632224811932 ], [ -76.553095479240099, 3.438873104807385 ], [ -76.553073947487803, 3.439433140719801 ], [ -76.552664098231929, 3.440100182211909 ], [ -76.553021930515314, 3.440856466866942 ], [ -76.55342106163539, 3.441530183481679 ], [ -76.554073536080182, 3.441858969032026 ], [ -76.55496866234266, 3.442525633640017 ], [ -76.555045137212645, 3.442729998608637 ], [ -76.5549663934557, 3.443062712315219 ], [ -76.55688036010271, 3.446795203723988 ], [ -76.558662974876142, 3.447056624986369 ], [ -76.569445228510119, 3.448637771825369 ], [ -76.569443467326025, 3.44894923782434 ], [ -76.569750726645935, 3.449171112983099 ], [ -76.57008786500738, 3.449382335079173 ], [ -76.570801581661357, 3.449593563431278 ], [ -76.571992687201444, 3.449505566806931 ], [ -76.572450253469825, 3.449131604340056 ], [ -76.572826833465882, 3.449070012598633 ], [ -76.573093959039525, 3.449091986051126 ], [ -76.57359509611949, 3.44946238027133 ], [ -76.574057222902795, 3.449637627844955 ], [ -76.575355599498977, 3.449716834460461 ], [ -76.575574501300181, 3.449809234956568 ], [ -76.575758393864405, 3.450024902592645 ], [ -76.575994870574633, 3.45008650421749 ], [ -76.576467756729301, 3.450011702365193 ], [ -76.577332621252935, 3.449576074575955 ], [ -76.57781864765883, 3.449787294962471 ], [ -76.578396627438778, 3.449664104193984 ], [ -76.579057836977583, 3.449686079919148 ], [ -76.579399399253091, 3.45046934402334 ], [ -76.580196342469407, 3.451529803601023 ], [ -76.580410881560695, 3.452247016701663 ], [ -76.580603563942262, 3.452418673914052 ], [ -76.58148149610146, 3.452810311242423 ], [ -76.582451373161504, 3.454024766476416 ], [ -76.582674704626825, 3.454187593624656 ], [ -76.582998772640892, 3.454191975800229 ], [ -76.58367306439574, 3.453457108115793 ], [ -76.583918330457323, 3.453377922365047 ], [ -76.584478806389882, 3.453461562542793 ], [ -76.584772153983096, 3.453663947492948 ], [ -76.584864101121624, 3.453883992260438 ], [ -76.584855383594174, 3.45420074467784 ], [ -76.584424036572301, 3.455291994015387 ], [ -76.584647366143145, 3.456141303795146 ] ] ] } },
{ "type": "Feature", "properties": { "OBJECTID": 2, "suelo": "Rural", "barrio": "El Saladito", "comuna": "60", "cod_bar": "6000" }, "geometry": { "type": "Polygon", "coordinates": [ [ [ -76.621351374564952, 3.517621236264835 ], [ -76.621618871430258, 3.517583433328907 ], [ -76.621904847489859, 3.517309763002655 ], [ -76.622095490805137, 3.516912899114564 ], [ -76.622435845201153, 3.515688266575361 ], [ -76.622885192247054, 3.515168337447677 ], [ -76.623089464066226, 3.514525220071149 ], [ -76.623021319818506, 3.513923155358288 ], [ -76.623225581789839, 3.513020082168131 ], [ -76.623143790509857, 3.512212807581565 ], [ -76.623361624191332, 3.511405522308212 ], [ -76.622806366682184, 3.508981663174231 ], [ -76.622857966772301, 3.507086098912233 ], [ -76.622651127054141, 3.504749042703844 ], [ -76.62268985619724, 3.502671722366018 ], [ -76.622948243648565, 3.501685008178089 ], [ -76.622999891713818, 3.501061747085527 ], [ -76.62341326877528, 3.49950375890955 ], [ -76.624446895565626, 3.497737995079919 ], [ -76.624860291557539, 3.496751203727868 ], [ -76.625170395321391, 3.495245139517242 ], [ -76.625790558794321, 3.494673846430136 ], [ -76.626410709529367, 3.493842880166573 ], [ -76.626462340389281, 3.492856103950153 ], [ -76.626669071760915, 3.492388738243875 ], [ -76.627134220373819, 3.491765530103256 ], [ -76.627289201711008, 3.49109034378027 ], [ -76.627986855138474, 3.489428429730411 ], [ -76.628541128018796, 3.488522019956094 ], [ -76.629276635231022, 3.487738658077366 ], [ -76.628499622542833, 3.487852493402614 ], [ -76.628169773942375, 3.487736515501696 ], [ -76.627056324598286, 3.486539067642841 ], [ -76.626986221174903, 3.486182761564835 ], [ -76.626674844506269, 3.485660671365366 ], [ -76.62536768743135, 3.485275381191069 ], [ -76.625015126828217, 3.484989442443587 ], [ -76.624639864457677, 3.484856865499485 ], [ -76.624019229197742, 3.483932913911128 ], [ -76.623903707414954, 3.48337761481604 ], [ -76.623400548926142, 3.482629623373533 ], [ -76.623113984076682, 3.481887132928498 ], [ -76.622982487315156, 3.48085402314999 ], [ -76.622473015856826, 3.480414588111994 ], [ -76.621933379432392, 3.479775029850737 ], [ -76.621670449426162, 3.479385740859646 ], [ -76.621343598450792, 3.478474421250056 ], [ -76.620644742883584, 3.477966682598855 ], [ -76.620218294077986, 3.477431666098702 ], [ -76.619900172519905, 3.47682085125185 ], [ -76.619739927299619, 3.475753126963084 ], [ -76.619608108321131, 3.475467885584606 ], [ -76.619187575448734, 3.475224472389754 ], [ -76.618583577549586, 3.475403636767739 ], [ -76.618513837377279, 3.475283831923735 ], [ -76.617818647537746, 3.474982714524049 ], [ -76.616626041591147, 3.475187819398112 ], [ -76.616071175003611, 3.475133301822362 ], [ -76.615414298666849, 3.474861002706824 ], [ -76.615149618107012, 3.474598228723866 ], [ -76.615108132062531, 3.474246016727217 ], [ -76.614883443875925, 3.473745041428608 ], [ -76.614301433459644, 3.473325595514817 ], [ -76.613874710440399, 3.472844545728106 ], [ -76.613380297022402, 3.472598730253678 ], [ -76.613131221150468, 3.472241296822514 ], [ -76.612906687379876, 3.472211775044304 ], [ -76.612422677765267, 3.471924139990015 ], [ -76.611621186321514, 3.471029853535282 ], [ -76.611007050730734, 3.470548806847481 ], [ -76.610178024308169, 3.47047027389944 ], [ -76.61008957245582, 3.469751369319916 ], [ -76.610162466365381, 3.469522774960743 ], [ -76.6105862850752, 3.469149077603103 ], [ -76.611113640906751, 3.468355985105538 ], [ -76.611400925076339, 3.467361008779092 ], [ -76.61136204004525, 3.466948893515654 ], [ -76.611478371054432, 3.466477084790514 ], [ -76.611936201719033, 3.465691763706986 ], [ -76.612133019323068, 3.465033108116355 ], [ -76.61195276056722, 3.464412678383429 ], [ -76.611963359307808, 3.463764410930109 ], [ -76.61213621336401, 3.463447938122142 ], [ -76.611976492697025, 3.463246405041973 ], [ -76.612070968498529, 3.463083858928582 ], [ -76.612010787069011, 3.462824751649356 ], [ -76.612228138822275, 3.462515199761121 ], [ -76.611887682705984, 3.462270016041891 ], [ -76.612030803275445, 3.462046506300302 ], [ -76.612008935031398, 3.461818550239937 ], [ -76.610616258318061, 3.460644543055549 ], [ -76.610392702196464, 3.460733270182326 ], [ -76.610155868802011, 3.460671747682365 ], [ -76.60982201242021, 3.460025536271033 ], [ -76.609165916477522, 3.459487695388683 ], [ -76.609190232644053, 3.45917645325816 ], [ -76.609532784854267, 3.458886254514465 ], [ -76.609821406548235, 3.458040612514246 ], [ -76.609656904512718, 3.457767874213492 ], [ -76.609194422370379, 3.457861340622136 ], [ -76.60891514819329, 3.457715188306982 ], [ -76.608242100385539, 3.457511055638667 ], [ -76.607093293657201, 3.456937972512254 ], [ -76.606745880404915, 3.456637122687054 ], [ -76.606142589005302, 3.456553001297609 ], [ -76.605889095849278, 3.456406709236015 ], [ -76.605497475887745, 3.456681295623932 ], [ -76.605398291730282, 3.45699479941022 ], [ -76.605211658046628, 3.457211456432313 ], [ -76.603847186555655, 3.456916273625099 ], [ -76.603265619521864, 3.456961422027798 ], [ -76.60290752881825, 3.457132235503357 ], [ -76.601863698892473, 3.457918973336801 ], [ -76.601147581655241, 3.457949429755964 ], [ -76.600985340738617, 3.458329618218266 ], [ -76.600856289349508, 3.4593887305949 ], [ -76.600431421049578, 3.460096199692181 ], [ -76.599108440210074, 3.461328113448961 ], [ -76.598798924536226, 3.461724551222503 ], [ -76.598471200190815, 3.461901367988133 ], [ -76.597233122064338, 3.462005079432239 ], [ -76.596225624916016, 3.462706407007401 ], [ -76.595643000866488, 3.462895515695404 ], [ -76.594465653977721, 3.462145392826395 ], [ -76.593615968261574, 3.462120955809569 ], [ -76.593106170899134, 3.461992886867304 ], [ -76.592317222308395, 3.462017332914425 ], [ -76.591940919872073, 3.461895338477387 ], [ -76.591740642352462, 3.461706304620368 ], [ -76.591418957758634, 3.460571962107585 ], [ -76.591443280251951, 3.460364561691159 ], [ -76.591910543113528, 3.459498579176464 ], [ -76.591795252949296, 3.458785040398878 ], [ -76.592177597543852, 3.458108092209359 ], [ -76.592183641052742, 3.457742175279849 ], [ -76.59209260669887, 3.457675067434446 ], [ -76.591242995676751, 3.457681216269476 ], [ -76.590963775113792, 3.457821437717949 ], [ -76.590223408482004, 3.4588948203552 ], [ -76.589853152617749, 3.458998520519506 ], [ -76.588730436077952, 3.458528904614997 ], [ -76.587747259638149, 3.457937361424742 ], [ -76.586891532330085, 3.457644625463151 ], [ -76.586545602462806, 3.457223819574471 ], [ -76.586709467255787, 3.45617481018484 ], [ -76.586563812448745, 3.455815037897081 ], [ -76.586126845957168, 3.455705261936298 ], [ -76.585877994884854, 3.455747928107038 ], [ -76.584991899584963, 3.456247988943009 ], [ -76.584791623378251, 3.456254133848261 ], [ -76.584647366143145, 3.456141303795146 ], [ -76.58383873757694, 3.456781866460096 ], [ -76.583625944025968, 3.457522175008048 ], [ -76.584135385197314, 3.457883008497808 ], [ -76.584592173786504, 3.458415921527106 ], [ -76.585486488704717, 3.460011830185181 ], [ -76.586421159751382, 3.460819040207094 ], [ -76.587892130979995, 3.461362477934899 ], [ -76.588335495899017, 3.4617227433078 ], [ -76.588510114963711, 3.462053058227602 ], [ -76.588765787030496, 3.462964104901975 ], [ -76.589374422637704, 3.463627346997309 ], [ -76.589614138225059, 3.464058817319456 ], [ -76.589757335172507, 3.464625705811745 ], [ -76.590340876920536, 3.465485891617607 ], [ -76.592840736889627, 3.466270413068422 ], [ -76.590804213187681, 3.46727202947628 ], [ -76.590666148006306, 3.467088083210189 ], [ -76.590066929072663, 3.466704578089561 ], [ -76.589810200463688, 3.466231500825483 ], [ -76.589054359635938, 3.465369831597739 ], [ -76.58826456481971, 3.464783657643459 ], [ -76.588043831310344, 3.464177281955865 ], [ -76.587603558082847, 3.46348592478796 ], [ -76.586522383916346, 3.462844720767681 ], [ -76.585972026609213, 3.461956842101959 ], [ -76.58543994887367, 3.460816141080551 ], [ -76.584170241020374, 3.460207922295473 ], [ -76.583857631651441, 3.459944221429136 ], [ -76.583362326266993, 3.458106441064748 ], [ -76.58285155109175, 3.457500908834495 ], [ -76.579699687269226, 3.460011511910875 ], [ -76.579928368368229, 3.460163906781217 ], [ -76.580008151835031, 3.46057715462973 ], [ -76.58054008715439, 3.461218574514111 ], [ -76.580986122600351, 3.461366640564793 ], [ -76.581344149353114, 3.461052081167552 ], [ -76.581481228528958, 3.461126114121301 ], [ -76.581611906363975, 3.461830258584932 ], [ -76.582035862053559, 3.463110406324498 ], [ -76.582383902556586, 3.463454074213223 ], [ -76.582679850852315, 3.464075076158758 ], [ -76.582991829908309, 3.464466991263477 ], [ -76.583113862701993, 3.465192469642802 ], [ -76.583271819441862, 3.465518052262863 ], [ -76.583431816673993, 3.465592436961558 ], [ -76.58376784056891, 3.465540164902621 ], [ -76.584137818090326, 3.465262832037708 ], [ -76.584301822616567, 3.465262832799764 ], [ -76.584683748520192, 3.465548222266006 ], [ -76.584971756157003, 3.466285780069283 ], [ -76.585405772634644, 3.466530974286597 ], [ -76.585385737145629, 3.467107753792149 ], [ -76.585253787456551, 3.467218234502848 ], [ -76.584891753823328, 3.467214206495685 ], [ -76.584803739796925, 3.46733478943943 ], [ -76.584931749942399, 3.468072346309126 ], [ -76.58455178719467, 3.468562730874178 ], [ -76.584679798876124, 3.468775782905149 ], [ -76.585207737349009, 3.468747598653382 ], [ -76.585257718862238, 3.468821983292877 ], [ -76.585195784162934, 3.469342461485339 ], [ -76.585401752978569, 3.470397547842582 ], [ -76.585093774426156, 3.471547077921278 ], [ -76.585205758370279, 3.471695847295767 ], [ -76.58569770370535, 3.471872660474568 ], [ -76.585775735068509, 3.471995292764549 ], [ -76.585883710296244, 3.472913689687481 ], [ -76.586317729678598, 3.473920527712381 ], [ -76.586655724202998, 3.474203938337558 ], [ -76.586517727074067, 3.474718411728617 ], [ -76.586535723029129, 3.474997724152252 ], [ -76.586773682431726, 3.475086166703525 ], [ -76.587169674083199, 3.474838995661088 ], [ -76.587509706799835, 3.475128339160723 ], [ -76.587735646003509, 3.475666973292094 ], [ -76.587759687987329, 3.475968395521573 ], [ -76.587653676964067, 3.476251804550799 ], [ -76.587771638091269, 3.47638241788872 ], [ -76.58858562457246, 3.476635664471727 ], [ -76.588955676281572, 3.476549200563871 ], [ -76.58908762657299, 3.476597447888333 ], [ -76.589057679864325, 3.476949166154858 ], [ -76.5886296318577, 3.477724868818649 ], [ -76.58867567692856, 3.47796808376556 ], [ -76.588819648505336, 3.478034344522753 ], [ -76.589443619141605, 3.477895676584167 ], [ -76.589765657482928, 3.478225284341402 ], [ -76.590183654216261, 3.478412198621385 ], [ -76.590313636613175, 3.478603138588106 ], [ -76.590429630670627, 3.479163811738653 ], [ -76.590909630596968, 3.479429064123695 ], [ -76.591321583225749, 3.479907370248206 ], [ -76.591459579857798, 3.479893312398894 ], [ -76.591773602314618, 3.479541662315183 ], [ -76.592046221180496, 3.479514323421787 ], [ -76.592264148112932, 3.479715435914951 ], [ -76.592650232446928, 3.480464716803855 ], [ -76.593099301901049, 3.480760910140911 ], [ -76.593690233457878, 3.480638699170865 ], [ -76.593878212227452, 3.480433063722824 ], [ -76.594135013054313, 3.4804489567758 ], [ -76.594559621113206, 3.480985326048037 ], [ -76.595062048090057, 3.481084571796782 ], [ -76.595248130529853, 3.481356324453006 ], [ -76.595833721697218, 3.481483119467657 ], [ -76.596221705880581, 3.482067664548426 ], [ -76.596771375498534, 3.482258884766389 ], [ -76.596724914712922, 3.483052246419966 ], [ -76.597124425464827, 3.483196067048922 ], [ -76.597654911886991, 3.484308223485602 ], [ -76.597829405659041, 3.485403642183553 ], [ -76.598490020281858, 3.486614623200299 ], [ -76.598531576417784, 3.487480532054342 ], [ -76.598956409775568, 3.488723020630325 ], [ -76.598931807874834, 3.489031719023902 ], [ -76.599597908790429, 3.490194451928701 ], [ -76.599695149586708, 3.491564944288654 ], [ -76.599648061098947, 3.492573547718691 ], [ -76.599823955932223, 3.492966588914627 ], [ -76.600264948514166, 3.493208102021714 ], [ -76.600792550391333, 3.493331998190245 ], [ -76.602116979248649, 3.492091040934203 ], [ -76.602462218173571, 3.491888792753354 ], [ -76.602910516616191, 3.491768131795153 ], [ -76.603398259911387, 3.492015505803925 ], [ -76.603695355152041, 3.492575184994613 ], [ -76.603735084951012, 3.493212501775826 ], [ -76.603853964404436, 3.493380694053203 ], [ -76.604193302068325, 3.493358789972965 ], [ -76.604996131310799, 3.493718759061804 ], [ -76.605575822318045, 3.49370631627789 ], [ -76.606837217110922, 3.493940464744747 ], [ -76.607312024635434, 3.494088870265352 ], [ -76.60777579770064, 3.494394098166589 ], [ -76.608544174560208, 3.494378469739317 ], [ -76.610008948504529, 3.494651319955319 ], [ -76.611497898759936, 3.494657782802329 ], [ -76.612040540315093, 3.494495932405605 ], [ -76.614489780715374, 3.49433311113104 ], [ -76.614868561123416, 3.494492747934691 ], [ -76.615350125026225, 3.494853988808626 ], [ -76.616267048383875, 3.49494791314758 ], [ -76.616335104265019, 3.495110807693352 ], [ -76.616279149204018, 3.495256822586545 ], [ -76.615725903367576, 3.495731259961914 ], [ -76.614519563155639, 3.495966738151789 ], [ -76.613290806399647, 3.496540372908126 ], [ -76.612719631110267, 3.497008379654237 ], [ -76.612593666362258, 3.497498343872154 ], [ -76.612790237304338, 3.497941889847325 ], [ -76.613065891943663, 3.498267746325404 ], [ -76.614069868022028, 3.498988038391716 ], [ -76.614242759039342, 3.499859099282896 ], [ -76.614380977743053, 3.500133957009997 ], [ -76.615401542302052, 3.500661964648246 ], [ -76.615598387757245, 3.500845057827817 ], [ -76.615716430107739, 3.501113700141071 ], [ -76.615837513996681, 3.50202333161497 ], [ -76.61598866672206, 3.502269226475875 ], [ -76.617423452726925, 3.503060495156009 ], [ -76.619118060400211, 3.503513455864499 ], [ -76.619491580608212, 3.503932835574937 ], [ -76.619912803006571, 3.505470802154134 ], [ -76.619936116417861, 3.506768251245579 ], [ -76.620456242518458, 3.507958805937036 ], [ -76.62036460439603, 3.50894960969346 ], [ -76.619910631866432, 3.509844991123096 ], [ -76.619886808829534, 3.510122537782079 ], [ -76.620532696561924, 3.511075594517913 ], [ -76.6206499776291, 3.511605462476534 ], [ -76.620474532405638, 3.512350017825266 ], [ -76.620584224141467, 3.513014103344538 ], [ -76.620727788627562, 3.513283874398642 ], [ -76.620975466669378, 3.513463785573296 ], [ -76.621766642329078, 3.513632445912394 ], [ -76.622060798458207, 3.514056559288579 ], [ -76.622177615214895, 3.515323135474586 ], [ -76.62210059320671, 3.516099617626907 ], [ -76.621351374564952, 3.517621236264835 ] ] ] } },
{ "type": "Feature", "properties": { "OBJECTID": 3, "suelo": "Rural", "barrio": "Golondrinas", "comuna": "65", "cod_bar": "6500" }, "geometry": { "type": "Polygon", "coordinates": [ [ [ -76.528297632288641, 3.488232424105716 ], [ -76.528364602124739, 3.497491156083602 ], [ -76.5289360269323, 3.497681303221365 ], [ -76.5295978543042, 3.497771945319766 ], [ -76.529926692284462, 3.49720024285729 ], [ -76.530171211305003, 3.497060493611707 ], [ -76.530412147890829, 3.497341869995075 ], [ -76.530747326586038, 3.497538733912672 ], [ -76.530733982860824, 3.497955386662566 ], [ -76.530937689976653, 3.498246911984328 ], [ -76.531676246483954, 3.49880303720693 ], [ -76.532139486884972, 3.498787603410962 ], [ -76.532472130540825, 3.499256629152467 ], [ -76.533295570967951, 3.499359303265024 ], [ -76.533322537800146, 3.499854171910039 ], [ -76.533436181924088, 3.499952373985435 ], [ -76.533788200108944, 3.499963154375346 ], [ -76.534033396282595, 3.500161458763145 ], [ -76.534966371079676, 3.49986186208324 ], [ -76.53561748211709, 3.500150968929915 ], [ -76.537327986830547, 3.500300346585796 ], [ -76.537637725524164, 3.500079649007035 ], [ -76.537949432774269, 3.500045939519915 ], [ -76.538541460158172, 3.499665213986777 ], [ -76.539412667533966, 3.500065455761423 ], [ -76.539810308512344, 3.500066833011827 ], [ -76.540031771246248, 3.499848481012229 ], [ -76.540482413581884, 3.49984434492658 ], [ -76.540716199057016, 3.499692542093359 ], [ -76.541028351884549, 3.499759920478425 ], [ -76.54167264315636, 3.499693764584301 ], [ -76.542685859759587, 3.499337381479434 ], [ -76.54300980104216, 3.498670056987184 ], [ -76.542939759563637, 3.498113460306676 ], [ -76.542992636814304, 3.497809010601593 ], [ -76.543350313395365, 3.496738830589642 ], [ -76.543570962251437, 3.496420875387179 ], [ -76.544379120274584, 3.495664239468423 ], [ -76.544963845272619, 3.495725589562337 ], [ -76.545238122565337, 3.495951420305615 ], [ -76.54560191618755, 3.496087296679757 ], [ -76.546540932948744, 3.496770526580658 ], [ -76.547085699929355, 3.497962858623628 ], [ -76.547564761475059, 3.499296819751502 ], [ -76.548037139642886, 3.500019295207817 ], [ -76.547905394926715, 3.501205416211952 ], [ -76.547906543297714, 3.502390041461149 ], [ -76.547657191316389, 3.502834098293085 ], [ -76.54779768285222, 3.503572134511045 ], [ -76.547988155056416, 3.503733613562458 ], [ -76.548464451057285, 3.504669683735472 ], [ -76.54844449371349, 3.505927250031712 ], [ -76.548365932816381, 3.506149741029232 ], [ -76.547939777371241, 3.506357443159045 ], [ -76.548251382678927, 3.507266315494344 ], [ -76.548875330355528, 3.50827868879218 ], [ -76.54909592855077, 3.508429585844545 ], [ -76.549427505233496, 3.509223526899677 ], [ -76.549690912257901, 3.50948822708469 ], [ -76.549934710989206, 3.509615602431304 ], [ -76.550451704954042, 3.509586236165316 ], [ -76.551095529824664, 3.509380416606104 ], [ -76.552148988378164, 3.509429481701962 ], [ -76.552363607778076, 3.509684360507294 ], [ -76.552353773524558, 3.511340806316562 ], [ -76.552539150370691, 3.5115270215662 ], [ -76.552729875626881, 3.511570401068211 ], [ -76.552827603276128, 3.511335809134372 ], [ -76.553444376158879, 3.510758276545781 ], [ -76.553517007726455, 3.510476424091879 ], [ -76.55348088779202, 3.510068333646046 ], [ -76.553911250177975, 3.508709722803367 ], [ -76.554625476758545, 3.507601330995545 ], [ -76.555044767369495, 3.507126925949423 ], [ -76.555396583752241, 3.506249796079902 ], [ -76.555766727461275, 3.505923380144087 ], [ -76.556446185022608, 3.505898749790018 ], [ -76.556800295527481, 3.505732615106907 ], [ -76.557176783980267, 3.504866506665615 ], [ -76.557511431114463, 3.504377120390306 ], [ -76.557631747693648, 3.503393669973364 ], [ -76.557895108687021, 3.502911487343487 ], [ -76.558284581874005, 3.50263734383564 ], [ -76.558738862942675, 3.502663071706042 ], [ -76.55903399528033, 3.502323654294467 ], [ -76.559299676133293, 3.501823811367557 ], [ -76.559587634939021, 3.501539421516536 ], [ -76.559936555632831, 3.500855421407056 ], [ -76.560420024944904, 3.500390763961772 ], [ -76.561016038563082, 3.500005228407165 ], [ -76.560881915300612, 3.499814280990338 ], [ -76.560901462589456, 3.499667773602178 ], [ -76.561191175620735, 3.499482492801898 ], [ -76.561302469447497, 3.499162424145676 ], [ -76.561126656834375, 3.498892501723372 ], [ -76.561218829407281, 3.498560777023977 ], [ -76.56099887043807, 3.498219860055865 ], [ -76.561139765458819, 3.497756745758772 ], [ -76.560820265499714, 3.49724473597768 ], [ -76.560836790867427, 3.497093000669062 ], [ -76.561189426608223, 3.496709363251209 ], [ -76.561166449282922, 3.496333979041522 ], [ -76.560943676954736, 3.496053530156492 ], [ -76.561001192513302, 3.495710855352955 ], [ -76.560795233045496, 3.495031501534106 ], [ -76.561222126314448, 3.493919916045236 ], [ -76.561035488355287, 3.493618699914225 ], [ -76.560945247843009, 3.492764725951989 ], [ -76.560718255146512, 3.492607474533953 ], [ -76.560571345554337, 3.492014726393154 ], [ -76.560723702889121, 3.49140369095718 ], [ -76.560957813391525, 3.490980915165824 ], [ -76.560946783621887, 3.490716013910788 ], [ -76.560742356701994, 3.490584121468692 ], [ -76.56011443759273, 3.490677985080406 ], [ -76.559844839956099, 3.490621605304151 ], [ -76.559744527040479, 3.490501796505539 ], [ -76.559591575981543, 3.489820677059271 ], [ -76.55931031987339, 3.489421973368541 ], [ -76.558704480326256, 3.489353787302076 ], [ -76.558369579369796, 3.48917696294521 ], [ -76.558074264783315, 3.488749790899083 ], [ -76.557552923905561, 3.488738684334422 ], [ -76.556843403388797, 3.488380442902967 ], [ -76.556131411098406, 3.488368550747581 ], [ -76.555914321183195, 3.488526637285847 ], [ -76.555242331229479, 3.488478224385887 ], [ -76.554830461784761, 3.48805994832817 ], [ -76.554211903239604, 3.48791038058419 ], [ -76.554080381517409, 3.487660520257383 ], [ -76.554029079089247, 3.487215837635861 ], [ -76.553275759637671, 3.487001274225114 ], [ -76.553222642933918, 3.486772859462355 ], [ -76.552865614052521, 3.487507891900473 ], [ -76.552528446574769, 3.487816577064618 ], [ -76.552345444327472, 3.488158540344856 ], [ -76.552377419266818, 3.488463849429268 ], [ -76.55202631379133, 3.489231909752763 ], [ -76.552138499512878, 3.489559684502054 ], [ -76.551905236562121, 3.489789610685232 ], [ -76.552064170843039, 3.49013087989952 ], [ -76.551913717141773, 3.490458080144777 ], [ -76.551626817468062, 3.490657063796335 ], [ -76.551658159408106, 3.490953966633791 ], [ -76.551394664032998, 3.491258416448297 ], [ -76.551430141567906, 3.491886339166863 ], [ -76.550915438030884, 3.492884468414478 ], [ -76.550807597172437, 3.492907916701536 ], [ -76.55075944768906, 3.492760276911992 ], [ -76.550804459275852, 3.492255765051657 ], [ -76.550368059764423, 3.491723401158364 ], [ -76.550261161094852, 3.491057610277676 ], [ -76.549581674038095, 3.490364671446495 ], [ -76.5492019147447, 3.490384505618973 ], [ -76.548511915738729, 3.490588838760285 ], [ -76.547876815159185, 3.490915028956221 ], [ -76.54767814650755, 3.490917633302374 ], [ -76.547368079175129, 3.490403359146657 ], [ -76.546973710091692, 3.49013151793153 ], [ -76.546791092009315, 3.489683436983769 ], [ -76.546124096163695, 3.489549826141891 ], [ -76.545710933249509, 3.489828271967105 ], [ -76.545441453313529, 3.490304799261864 ], [ -76.545239622200583, 3.490319978711305 ], [ -76.54493601153186, 3.490040228919399 ], [ -76.544789226925758, 3.490025175131694 ], [ -76.544170075080004, 3.490536017850216 ], [ -76.544021109145632, 3.490554447206987 ], [ -76.543856896022263, 3.490409768449948 ], [ -76.543727213927369, 3.48996755292844 ], [ -76.543380579692283, 3.489705672370024 ], [ -76.543093564192418, 3.489338893819582 ], [ -76.543371132730513, 3.488788123625354 ], [ -76.54417629126857, 3.488379083643476 ], [ -76.544393677052881, 3.487958854944635 ], [ -76.544387366470758, 3.487598517508152 ], [ -76.545163642381425, 3.486937360088831 ], [ -76.545553556471617, 3.486191203574047 ], [ -76.54554752411947, 3.485888014817145 ], [ -76.545170970618344, 3.485034167103569 ], [ -76.545344169573482, 3.483871503807884 ], [ -76.54548352115674, 3.483460383030408 ], [ -76.545368057423303, 3.482640171759819 ], [ -76.545143141089625, 3.481751646030355 ], [ -76.544394076356369, 3.480868041509206 ], [ -76.544293990936524, 3.480442216551347 ], [ -76.544375708710945, 3.479775021488845 ], [ -76.544645462390349, 3.479401700099706 ], [ -76.545111912771915, 3.47900867841591 ], [ -76.545243808699254, 3.478665301891063 ], [ -76.545326299547739, 3.477999661036171 ], [ -76.545196282248313, 3.47722133872073 ], [ -76.545890025485292, 3.476412890541647 ], [ -76.545999211305002, 3.476142554406424 ], [ -76.545946223791262, 3.475743292676408 ], [ -76.545492003848167, 3.474660637247825 ], [ -76.545526467543652, 3.474275719137376 ], [ -76.545956857868518, 3.473758156108847 ], [ -76.546116946785929, 3.473316802052199 ], [ -76.545659289577657, 3.470527402811531 ], [ -76.545798226696419, 3.469901606444699 ], [ -76.545758319047266, 3.46942442814899 ], [ -76.546187166425469, 3.468767067618551 ], [ -76.546351334805891, 3.468249987162597 ], [ -76.546581436860066, 3.467871859603787 ], [ -76.546319419589494, 3.466660999944561 ], [ -76.545895325442842, 3.466382798987113 ], [ -76.545472413336952, 3.466392881990588 ], [ -76.545933473739908, 3.465334355157337 ], [ -76.545879501103357, 3.463426355298276 ], [ -76.54597806420341, 3.463293202861932 ], [ -76.545997902672397, 3.462972072397362 ], [ -76.546354752206994, 3.462531362221953 ], [ -76.54642682921839, 3.462028122938924 ], [ -76.546612851325776, 3.461694920547811 ], [ -76.54695077904546, 3.461515791286366 ], [ -76.547591708406074, 3.460879701698985 ], [ -76.548281582897658, 3.459787630629598 ], [ -76.548391835493646, 3.459159430468009 ], [ -76.549298214221764, 3.458563892249132 ], [ -76.548119457484688, 3.456961358104178 ], [ -76.547870878557177, 3.456207967312746 ], [ -76.547759583472327, 3.455870655499806 ], [ -76.54650055397812, 3.454515082347175 ], [ -76.546674299979074, 3.456731572707475 ], [ -76.545324281927904, 3.455918087416173 ], [ -76.544157862194893, 3.455509732454345 ], [ -76.543858215298584, 3.455613146192963 ], [ -76.541471346729537, 3.456436898084768 ], [ -76.542896981800496, 3.457685466254679 ], [ -76.541811055474511, 3.458616594011052 ], [ -76.540827798651321, 3.458806920312983 ], [ -76.540050893221675, 3.465337086407088 ], [ -76.535443006184465, 3.463045477364261 ], [ -76.535268280669726, 3.463500680292421 ], [ -76.533616049262051, 3.467805119192292 ], [ -76.532509152998642, 3.469957041397226 ], [ -76.531114390674929, 3.471919064012029 ], [ -76.53041640808317, 3.474635585926149 ], [ -76.530221884742701, 3.475354602109215 ], [ -76.528933756872519, 3.478381176883475 ], [ -76.528714963039249, 3.479889334636471 ], [ -76.52876864552168, 3.480302019177672 ], [ -76.528821985696666, 3.480562967302643 ], [ -76.528760812970603, 3.480765489210445 ], [ -76.528323430197588, 3.481615406334759 ], [ -76.528481799306462, 3.481837862075148 ], [ -76.529072992289969, 3.48216976850461 ], [ -76.529143150785345, 3.482176977916526 ], [ -76.530029493855238, 3.481952820700746 ], [ -76.531332055119094, 3.4820810423335 ], [ -76.533504004638644, 3.485748983173247 ], [ -76.534038183317946, 3.486651088315333 ], [ -76.534658774946976, 3.487699120656427 ], [ -76.534904010693552, 3.488213521103979 ], [ -76.538255406412404, 3.489503260292114 ], [ -76.538401248869093, 3.490051578000972 ], [ -76.535493747083436, 3.492268395440989 ], [ -76.534117967808612, 3.492508564580328 ], [ -76.530302478403669, 3.492038861778133 ], [ -76.530077546469315, 3.489314887328856 ], [ -76.528328019561826, 3.488013046494937 ], [ -76.52829615848654, 3.488026920708024 ], [ -76.528297632288641, 3.488232424105716 ] ] ] } },
{ "type": "Feature", "properties": { "OBJECTID": 4, "suelo": "Rural", "barrio": "Montebello", "comuna": "64", "cod_bar": "6400" }, "geometry": { "type": "Polygon", "coordinates": [ [ [ -76.549298214221764, 3.458563892249132 ], [ -76.548391835493646, 3.459159430468009 ], [ -76.548281582897658, 3.459787630629598 ], [ -76.547591708406074, 3.460879701698985 ], [ -76.54695077904546, 3.461515791286366 ], [ -76.546612851325776, 3.461694920547811 ], [ -76.54642682921839, 3.462028122938924 ], [ -76.546354752206994, 3.462531362221953 ], [ -76.545997902672397, 3.462972072397362 ], [ -76.54597806420341, 3.463293202861932 ], [ -76.545879501103357, 3.463426355298276 ], [ -76.545933473739908, 3.465334355157337 ], [ -76.545472413336952, 3.466392881990588 ], [ -76.545895325442842, 3.466382798987113 ], [ -76.546319419589494, 3.466660999944561 ], [ -76.546581436860066, 3.467871859603787 ], [ -76.546351334805891, 3.468249987162597 ], [ -76.546187166425469, 3.468767067618551 ], [ -76.545758319047266, 3.46942442814899 ], [ -76.545798226696419, 3.469901606444699 ], [ -76.545659289577657, 3.470527402811531 ], [ -76.546116946785929, 3.473316802052199 ], [ -76.545956857868518, 3.473758156108847 ], [ -76.545526467543652, 3.474275719137376 ], [ -76.545492003848167, 3.474660637247825 ], [ -76.545946223791262, 3.475743292676408 ], [ -76.545999211305002, 3.476142554406424 ], [ -76.545890025485292, 3.476412890541647 ], [ -76.545196282248313, 3.47722133872073 ], [ -76.545326299547739, 3.477999661036171 ], [ -76.545243808699254, 3.478665301891063 ], [ -76.545111912771915, 3.47900867841591 ], [ -76.544645462390349, 3.479401700099706 ], [ -76.544375708710945, 3.479775021488845 ], [ -76.544293990936524, 3.480442216551347 ], [ -76.544394076356369, 3.480868041509206 ], [ -76.545143141089625, 3.481751646030355 ], [ -76.545368057423303, 3.482640171759819 ], [ -76.54548352115674, 3.483460383030408 ], [ -76.545344169573482, 3.483871503807884 ], [ -76.545170970618344, 3.485034167103569 ], [ -76.54554752411947, 3.485888014817145 ], [ -76.545553556471617, 3.486191203574047 ], [ -76.545163642381425, 3.486937360088831 ], [ -76.544387366470758, 3.487598517508152 ], [ -76.544393677052881, 3.487958854944635 ], [ -76.54417629126857, 3.488379083643476 ], [ -76.543371132730513, 3.488788123625354 ], [ -76.543093564192418, 3.489338893819582 ], [ -76.543380579692283, 3.489705672370024 ], [ -76.543727213927369, 3.48996755292844 ], [ -76.543856896022263, 3.490409768449948 ], [ -76.544021109145632, 3.490554447206987 ], [ -76.544170075080004, 3.490536017850216 ], [ -76.544789226925758, 3.490025175131694 ], [ -76.54493601153186, 3.490040228919399 ], [ -76.545239622200583, 3.490319978711305 ], [ -76.545441453313529, 3.490304799261864 ], [ -76.545710933249509, 3.489828271967105 ], [ -76.546124096163695, 3.489549826141891 ], [ -76.546791092009315, 3.489683436983769 ], [ -76.546973710091692, 3.49013151793153 ], [ -76.547368079175129, 3.490403359146657 ], [ -76.54767814650755, 3.490917633302374 ], [ -76.547876815159185, 3.490915028956221 ], [ -76.548511915738729, 3.490588838760285 ], [ -76.5492019147447, 3.490384505618973 ], [ -76.549581674038095, 3.490364671446495 ], [ -76.550261161094852, 3.491057610277676 ], [ -76.550368059764423, 3.491723401158364 ], [ -76.550804459275852, 3.492255765051657 ], [ -76.55075944768906, 3.492760276911992 ], [ -76.550807597172437, 3.492907916701536 ], [ -76.550915438030884, 3.492884468414478 ], [ -76.551430141567906, 3.491886339166863 ], [ -76.551394664032998, 3.491258416448297 ], [ -76.551658159408106, 3.490953966633791 ], [ -76.551626817468062, 3.490657063796335 ], [ -76.551913717141773, 3.490458080144777 ], [ -76.552064170843039, 3.49013087989952 ], [ -76.551905236562121, 3.489789610685232 ], [ -76.552138499512878, 3.489559684502054 ], [ -76.55202631379133, 3.489231909752763 ], [ -76.552377419266818, 3.488463849429268 ], [ -76.552345444327472, 3.488158540344856 ], [ -76.552528446574769, 3.487816577064618 ], [ -76.552865614052521, 3.487507891900473 ], [ -76.553222642933918, 3.486772859462355 ], [ -76.553028464763429, 3.486497033594149 ], [ -76.553046049813645, 3.486225916743447 ], [ -76.553420200652809, 3.485742962089514 ], [ -76.55405171382337, 3.485319849563726 ], [ -76.554235304686458, 3.484229310028657 ], [ -76.554353275303285, 3.483995141286727 ], [ -76.554260276844388, 3.483778695912171 ], [ -76.553557017633779, 3.483441573776348 ], [ -76.553442090684172, 3.483096137667605 ], [ -76.553788703033959, 3.48205646522992 ], [ -76.553776055100741, 3.481902398243752 ], [ -76.553609098488408, 3.481810912290736 ], [ -76.553520740782133, 3.48159361945251 ], [ -76.554054268782224, 3.480772162216441 ], [ -76.554158324636106, 3.48039911430778 ], [ -76.55397096362644, 3.478869954308563 ], [ -76.553908969139016, 3.478628644281238 ], [ -76.553693723437505, 3.478386834163667 ], [ -76.553708983798899, 3.478214967143258 ], [ -76.55426380660451, 3.477517342034623 ], [ -76.554631281890011, 3.476826138597161 ], [ -76.555090758371122, 3.476696813216656 ], [ -76.555505757955856, 3.475893717317877 ], [ -76.55605508330747, 3.475495606540383 ], [ -76.556178834908465, 3.474740606224941 ], [ -76.556713334366862, 3.474117575550009 ], [ -76.556893182825576, 3.47337041869614 ], [ -76.557606811608849, 3.472417361584077 ], [ -76.557700808607549, 3.47215324012542 ], [ -76.557844430814384, 3.472061624272343 ], [ -76.558222636446544, 3.472035146304403 ], [ -76.558371323489993, 3.471849154919259 ], [ -76.55848408945549, 3.471585034444095 ], [ -76.558522489157923, 3.471046895505746 ], [ -76.559239859471276, 3.469492830097555 ], [ -76.559613993972945, 3.469219886533427 ], [ -76.559826927027729, 3.46921134577948 ], [ -76.559920428188946, 3.469012071108791 ], [ -76.560444232453449, 3.468565569097751 ], [ -76.560431595226575, 3.468000657230342 ], [ -76.56013587392394, 3.467261537999311 ], [ -76.558923695048094, 3.466078132477483 ], [ -76.558615877769668, 3.465568452496097 ], [ -76.55840887407868, 3.464822553138704 ], [ -76.558263504402731, 3.464634221633985 ], [ -76.557979084919054, 3.464495474362123 ], [ -76.558147947679771, 3.464229447482523 ], [ -76.558772270049005, 3.463955241102979 ], [ -76.559235895602654, 3.463528423768734 ], [ -76.559089055950579, 3.463146466532952 ], [ -76.558665166855178, 3.46298708869367 ], [ -76.558167526826153, 3.463095152480676 ], [ -76.557696240646635, 3.463445019064472 ], [ -76.557523098917954, 3.463399238336975 ], [ -76.556732843012512, 3.462532667506294 ], [ -76.556058373368828, 3.461512315419713 ], [ -76.555826819875435, 3.461332739357426 ], [ -76.555502327847748, 3.461336401581808 ], [ -76.554692914008967, 3.461596541414024 ], [ -76.554439493041869, 3.46155068614948 ], [ -76.554327106055453, 3.461030487435963 ], [ -76.55453649969121, 3.45969404955077 ], [ -76.552466701101338, 3.460617666018789 ], [ -76.550190858526349, 3.459777451438399 ], [ -76.549298214221764, 3.458563892249132 ] ] ] } },
{ "type": "Feature", "properties": { "OBJECTID": 5, "suelo": "Rural", "barrio": "La Castilla", "comuna": "62", "cod_bar": "6200" }, "geometry": { "type": "Polygon", "coordinates": [ [ [ -76.561016038563082, 3.500005228407165 ], [ -76.561363605818826, 3.500063443635748 ], [ -76.561460113566895, 3.50057580103058 ], [ -76.562098358077918, 3.501023820462909 ], [ -76.562465520634618, 3.501605766216526 ], [ -76.562909042011071, 3.501754264032006 ], [ -76.563691046888806, 3.502395345812049 ], [ -76.56402805681121, 3.502793626110283 ], [ -76.564910944155002, 3.503475468756128 ], [ -76.56534265691424, 3.503617255058557 ], [ -76.565909121678644, 3.504339566186922 ], [ -76.566264135555457, 3.504533622664987 ], [ -76.567663603600536, 3.504797355617757 ], [ -76.568390085730144, 3.505033166571951 ], [ -76.569241851308433, 3.504871136940276 ], [ -76.569688259655805, 3.504905618904946 ], [ -76.571566748579528, 3.50569237756386 ], [ -76.572528392486248, 3.505738167171481 ], [ -76.574276200123364, 3.506265174369337 ], [ -76.574767040571615, 3.506259315337826 ], [ -76.574725700929179, 3.506451457118695 ], [ -76.574871012207637, 3.506502673221443 ], [ -76.57493856834401, 3.506706188965049 ], [ -76.575433619473202, 3.507226250187843 ], [ -76.575231073761273, 3.50788193093323 ], [ -76.575321056540915, 3.508108052921894 ], [ -76.575906095105267, 3.508469809649523 ], [ -76.57622125012881, 3.509013108767236 ], [ -76.576311153365751, 3.509758647639022 ], [ -76.576741168858206, 3.511085844411801 ], [ -76.577155790719885, 3.511976690527893 ], [ -76.577252940242957, 3.512894596290746 ], [ -76.577408444070755, 3.513148479255003 ], [ -76.578001219022866, 3.513539127749792 ], [ -76.57832192902508, 3.514037145606354 ], [ -76.578924407766507, 3.514437469619486 ], [ -76.579021628066116, 3.515072174393973 ], [ -76.579186132859562, 3.515149173556407 ], [ -76.579813632288179, 3.516390471860204 ], [ -76.579765051457329, 3.51661503690163 ], [ -76.579588663707369, 3.51672353940811 ], [ -76.579561314980793, 3.516919919391577 ], [ -76.579673163260168, 3.517141376681174 ], [ -76.579774741751464, 3.517894262883799 ], [ -76.580027401747685, 3.518382530863502 ], [ -76.580620178225146, 3.519388312676742 ], [ -76.582087649944285, 3.520491725180973 ], [ -76.582865042611928, 3.521233877656858 ], [ -76.58337036811271, 3.522132284116058 ], [ -76.583428716161393, 3.522776735508565 ], [ -76.58368137893909, 3.523284570179545 ], [ -76.583720254263326, 3.523636076641158 ], [ -76.583895164317298, 3.524046214640354 ], [ -76.584514242013768, 3.52465972848724 ], [ -76.586609814875629, 3.519245081356459 ], [ -76.587270862128449, 3.518336223412529 ], [ -76.58723606251182, 3.517940002606844 ], [ -76.586969339277161, 3.517194252001985 ], [ -76.587038939572537, 3.515667714436903 ], [ -76.586737417890689, 3.515329770367937 ], [ -76.586459095295595, 3.514782096788926 ], [ -76.586308299137883, 3.514176143525703 ], [ -76.586389498217457, 3.513581845525521 ], [ -76.586308301808273, 3.512812784396279 ], [ -76.586101547151188, 3.511978027768554 ], [ -76.585775491176548, 3.511516816314937 ], [ -76.585608246717428, 3.510689616832757 ], [ -76.585573871695672, 3.509898868956316 ], [ -76.585731488164626, 3.509306549580662 ], [ -76.586414463598715, 3.508787768169291 ], [ -76.586665016450922, 3.508486205673341 ], [ -76.587136806875449, 3.507292100416212 ], [ -76.587293647834656, 3.50715315185978 ], [ -76.587578295825949, 3.507112745992662 ], [ -76.588343660341522, 3.506728532191431 ], [ -76.58863576052903, 3.506747958707105 ], [ -76.589344252213579, 3.50702967170566 ], [ -76.590220551309713, 3.507050861829495 ], [ -76.59049120850149, 3.50672245494542 ], [ -76.590915400662567, 3.505845947658466 ], [ -76.591368487932328, 3.505532091751844 ], [ -76.591790710803423, 3.505083947046685 ], [ -76.593274054309859, 3.504892858022095 ], [ -76.59355560661956, 3.504571584425547 ], [ -76.594529476834907, 3.504069608158765 ], [ -76.595134483763772, 3.504095952467065 ], [ -76.595422216739578, 3.503158058191418 ], [ -76.595776599274402, 3.502902690321552 ], [ -76.596373379752322, 3.502836354603811 ], [ -76.59710928272132, 3.502519525670428 ], [ -76.597765466420114, 3.502534424314112 ], [ -76.598241327329433, 3.502326665021473 ], [ -76.599111717033026, 3.502245419420972 ], [ -76.599737668350969, 3.50194766246861 ], [ -76.600321935435417, 3.502027972926058 ], [ -76.600836322131542, 3.501923630810645 ], [ -76.601139240727477, 3.501531643377875 ], [ -76.601190833957148, 3.501024585974648 ], [ -76.600917219937713, 3.500604914843179 ], [ -76.600456259108668, 3.500440258402468 ], [ -76.600341034543675, 3.500304489790778 ], [ -76.600345720593111, 3.498449545287234 ], [ -76.600476402470022, 3.497959510866619 ], [ -76.60083985155751, 3.497761289023803 ], [ -76.601105229097129, 3.497429417401474 ], [ -76.601260651426045, 3.49662256113196 ], [ -76.601046791407782, 3.496106324270269 ], [ -76.600431447735318, 3.495411301464758 ], [ -76.600070313633609, 3.495179606725609 ], [ -76.600189890601513, 3.494905944193083 ], [ -76.600207249567518, 3.494556345157221 ], [ -76.600009345465537, 3.493663877012614 ], [ -76.599580579462341, 3.493075236351645 ], [ -76.599648061098947, 3.492573547718691 ], [ -76.599695149586708, 3.491564944288654 ], [ -76.599597908790429, 3.490194451928701 ], [ -76.598931807874834, 3.489031719023902 ], [ -76.598956409775568, 3.488723020630325 ], [ -76.598531576417784, 3.487480532054342 ], [ -76.598490020281858, 3.486614623200299 ], [ -76.597829405659041, 3.485403642183553 ], [ -76.597654911886991, 3.484308223485602 ], [ -76.597124425464827, 3.483196067048922 ], [ -76.596724914712922, 3.483052246419966 ], [ -76.596771375498534, 3.482258884766389 ], [ -76.596221705880581, 3.482067664548426 ], [ -76.595833721697218, 3.481483119467657 ], [ -76.595248130529853, 3.481356324453006 ], [ -76.595062048090057, 3.481084571796782 ], [ -76.594559621113206, 3.480985326048037 ], [ -76.594135013054313, 3.4804489567758 ], [ -76.593878212227452, 3.480433063722824 ], [ -76.593690233457878, 3.480638699170865 ], [ -76.593099301901049, 3.480760910140911 ], [ -76.592650232446928, 3.480464716803855 ], [ -76.592264148112932, 3.479715435914951 ], [ -76.592046221180496, 3.479514323421787 ], [ -76.591773602314618, 3.479541662315183 ], [ -76.591459579857798, 3.479893312398894 ], [ -76.591321583225749, 3.479907370248206 ], [ -76.590909630596968, 3.479429064123695 ], [ -76.590429630670627, 3.479163811738653 ], [ -76.590313636613175, 3.478603138588106 ], [ -76.590183654216261, 3.478412198621385 ], [ -76.589765657482928, 3.478225284341402 ], [ -76.589443619141605, 3.477895676584167 ], [ -76.588819648505336, 3.478034344522753 ], [ -76.58867567692856, 3.47796808376556 ], [ -76.5886296318577, 3.477724868818649 ], [ -76.589057679864325, 3.476949166154858 ], [ -76.58908762657299, 3.476597447888333 ], [ -76.588955676281572, 3.476549200563871 ], [ -76.58858562457246, 3.476635664471727 ], [ -76.587771638091269, 3.47638241788872 ], [ -76.587653676964067, 3.476251804550799 ], [ -76.587759687987329, 3.475968395521573 ], [ -76.587735646003509, 3.475666973292094 ], [ -76.587509706799835, 3.475128339160723 ], [ -76.587169674083199, 3.474838995661088 ], [ -76.586773682431726, 3.475086166703525 ], [ -76.586535723029129, 3.474997724152252 ], [ -76.586517727074067, 3.474718411728617 ], [ -76.586655724202998, 3.474203938337558 ], [ -76.586317729678598, 3.473920527712381 ], [ -76.585883710296244, 3.472913689687481 ], [ -76.585775735068509, 3.471995292764549 ], [ -76.58569770370535, 3.471872660474568 ], [ -76.585205758370279, 3.471695847295767 ], [ -76.585093774426156, 3.471547077921278 ], [ -76.585401752978569, 3.470397547842582 ], [ -76.585195784162934, 3.469342461485339 ], [ -76.585257718862238, 3.468821983292877 ], [ -76.585207737349009, 3.468747598653382 ], [ -76.584679798876124, 3.468775782905149 ], [ -76.58455178719467, 3.468562730874178 ], [ -76.584931749942399, 3.468072346309126 ], [ -76.584803739796925, 3.46733478943943 ], [ -76.584891753823328, 3.467214206495685 ], [ -76.585253787456551, 3.467218234502848 ], [ -76.585385737145629, 3.467107753792149 ], [ -76.585405772634644, 3.466530974286597 ], [ -76.584971756157003, 3.466285780069283 ], [ -76.584683748520192, 3.465548222266006 ], [ -76.584301822616567, 3.465262832799764 ], [ -76.584137818090326, 3.465262832037708 ], [ -76.58376784056891, 3.465540164902621 ], [ -76.583431816673993, 3.465592436961558 ], [ -76.583271819441862, 3.465518052262863 ], [ -76.583113862701993, 3.465192469642802 ], [ -76.582991829908309, 3.464466991263477 ], [ -76.582679850852315, 3.464075076158758 ], [ -76.582383902556586, 3.463454074213223 ], [ -76.582035862053559, 3.463110406324498 ], [ -76.581611906363975, 3.461830258584932 ], [ -76.581481228528958, 3.461126114121301 ], [ -76.581344149353114, 3.461052081167552 ], [ -76.580986122600351, 3.461366640564793 ], [ -76.58054008715439, 3.461218574514111 ], [ -76.580008151835031, 3.46057715462973 ], [ -76.579928368368229, 3.460163906781217 ], [ -76.579699687269226, 3.460011511910875 ], [ -76.579453013445161, 3.459985018982085 ], [ -76.578971967439387, 3.460232255335951 ], [ -76.578659426503577, 3.46012318440059 ], [ -76.578015090352864, 3.459328968711958 ], [ -76.577903957701679, 3.458703800305562 ], [ -76.577748251681015, 3.458513564557543 ], [ -76.57759858763734, 3.458605112352422 ], [ -76.57673822064227, 3.4586161215592 ], [ -76.576715723419781, 3.458778170735005 ], [ -76.576856455982366, 3.458973845362814 ], [ -76.577409621865897, 3.45920809541595 ], [ -76.577419391306577, 3.459378904316684 ], [ -76.576713603071184, 3.459719170106736 ], [ -76.576444363542421, 3.459728632101756 ], [ -76.576118953059463, 3.460096593060483 ], [ -76.575776182911952, 3.460115733136418 ], [ -76.575508635827816, 3.459875835234444 ], [ -76.575647339148063, 3.459274898944364 ], [ -76.575233227251189, 3.458692817224301 ], [ -76.574974191038166, 3.458058322078588 ], [ -76.574666290285009, 3.458006255380148 ], [ -76.573797551789269, 3.458367709017116 ], [ -76.573172258397108, 3.458413474377688 ], [ -76.572837926827816, 3.458328346695606 ], [ -76.57305269953757, 3.45739272007927 ], [ -76.572989926593763, 3.457243243998224 ], [ -76.572670852632456, 3.456996067569688 ], [ -76.572725905771861, 3.456332119393733 ], [ -76.572664538996136, 3.456209345871996 ], [ -76.572469747269366, 3.45612111262628 ], [ -76.572272914920958, 3.45615084874236 ], [ -76.571684803142162, 3.456558857447793 ], [ -76.571387941756981, 3.456387549409071 ], [ -76.571470055239942, 3.456023823921518 ], [ -76.571219800993788, 3.455869541112811 ], [ -76.570794376126059, 3.456306368993598 ], [ -76.570562931081412, 3.456662819013387 ], [ -76.570021200231778, 3.456513624622143 ], [ -76.569781159680204, 3.456550556238621 ], [ -76.569546298813663, 3.456455964368219 ], [ -76.569010928733064, 3.455859466999765 ], [ -76.568233222786674, 3.456382541910518 ], [ -76.568046216905316, 3.457098548169695 ], [ -76.567721099016282, 3.456788713351198 ], [ -76.567458059260659, 3.456273103402375 ], [ -76.567296586854553, 3.456261585600517 ], [ -76.566898982350239, 3.456467563302247 ], [ -76.566687178372831, 3.456412318315321 ], [ -76.566636076372021, 3.45627054136388 ], [ -76.566743425429479, 3.455995470380798 ], [ -76.56663840581119, 3.455819927115371 ], [ -76.565431546056516, 3.455883121151168 ], [ -76.564602964514123, 3.455512733342903 ], [ -76.563969166674298, 3.455537158580663 ], [ -76.563572414320731, 3.45539360689503 ], [ -76.563097345217486, 3.455509515222092 ], [ -76.563012633451081, 3.455647967393276 ], [ -76.563040043995045, 3.455849152051321 ], [ -76.56351087700682, 3.456433360475523 ], [ -76.563536808229571, 3.456730545274386 ], [ -76.563121889824757, 3.457707419017453 ], [ -76.562993451381359, 3.457932969635035 ], [ -76.562029234962182, 3.458665625487765 ], [ -76.561919843326365, 3.458978135084676 ], [ -76.56064524283903, 3.460386454750473 ], [ -76.560537454309554, 3.461156924832156 ], [ -76.560820612231268, 3.46354704941633 ], [ -76.559235895602654, 3.463528423768734 ], [ -76.558772270049005, 3.463955241102979 ], [ -76.558147947679771, 3.464229447482523 ], [ -76.557979084919054, 3.464495474362123 ], [ -76.558263504402731, 3.464634221633985 ], [ -76.55840887407868, 3.464822553138704 ], [ -76.558615877769668, 3.465568452496097 ], [ -76.558923695048094, 3.466078132477483 ], [ -76.56013587392394, 3.467261537999311 ], [ -76.560431595226575, 3.468000657230342 ], [ -76.560444232453449, 3.468565569097751 ], [ -76.559920428188946, 3.469012071108791 ], [ -76.559826927027729, 3.46921134577948 ], [ -76.559613993972945, 3.469219886533427 ], [ -76.559239859471276, 3.469492830097555 ], [ -76.558522489157923, 3.471046895505746 ], [ -76.55848408945549, 3.471585034444095 ], [ -76.558371323489993, 3.471849154919259 ], [ -76.558222636446544, 3.472035146304403 ], [ -76.557844430814384, 3.472061624272343 ], [ -76.557700808607549, 3.47215324012542 ], [ -76.557606811608849, 3.472417361584077 ], [ -76.556893182825576, 3.47337041869614 ], [ -76.556713334366862, 3.474117575550009 ], [ -76.556178834908465, 3.474740606224941 ], [ -76.55605508330747, 3.475495606540383 ], [ -76.555505757955856, 3.475893717317877 ], [ -76.555090758371122, 3.476696813216656 ], [ -76.554631281890011, 3.476826138597161 ], [ -76.55426380660451, 3.477517342034623 ], [ -76.553708983798899, 3.478214967143258 ], [ -76.553693723437505, 3.478386834163667 ], [ -76.553908969139016, 3.478628644281238 ], [ -76.55397096362644, 3.478869954308563 ], [ -76.554158324636106, 3.48039911430778 ], [ -76.554054268782224, 3.480772162216441 ], [ -76.553520740782133, 3.48159361945251 ], [ -76.553609098488408, 3.481810912290736 ], [ -76.553776055100741, 3.481902398243752 ], [ -76.553788703033959, 3.48205646522992 ], [ -76.553442090684172, 3.483096137667605 ], [ -76.553557017633779, 3.483441573776348 ], [ -76.554260276844388, 3.483778695912171 ], [ -76.554353275303285, 3.483995141286727 ], [ -76.554235304686458, 3.484229310028657 ], [ -76.55405171382337, 3.485319849563726 ], [ -76.553420200652809, 3.485742962089514 ], [ -76.553046049813645, 3.486225916743447 ], [ -76.553028464763429, 3.486497033594149 ], [ -76.553222642933918, 3.486772859462355 ], [ -76.553275759637671, 3.487001274225114 ], [ -76.554029079089247, 3.487215837635861 ], [ -76.554080381517409, 3.487660520257383 ], [ -76.554211903239604, 3.48791038058419 ], [ -76.554830461784761, 3.48805994832817 ], [ -76.555242331229479, 3.488478224385887 ], [ -76.555914321183195, 3.488526637285847 ], [ -76.556131411098406, 3.488368550747581 ], [ -76.556843403388797, 3.488380442902967 ], [ -76.557552923905561, 3.488738684334422 ], [ -76.558074264783315, 3.488749790899083 ], [ -76.558369579369796, 3.48917696294521 ], [ -76.558704480326256, 3.489353787302076 ], [ -76.55931031987339, 3.489421973368541 ], [ -76.559591575981543, 3.489820677059271 ], [ -76.559744527040479, 3.490501796505539 ], [ -76.559844839956099, 3.490621605304151 ], [ -76.56011443759273, 3.490677985080406 ], [ -76.560742356701994, 3.490584121468692 ], [ -76.560946783621887, 3.490716013910788 ], [ -76.560957813391525, 3.490980915165824 ], [ -76.560723702889121, 3.49140369095718 ], [ -76.560571345554337, 3.492014726393154 ], [ -76.560718255146512, 3.492607474533953 ], [ -76.560945247843009, 3.492764725951989 ], [ -76.561035488355287, 3.493618699914225 ], [ -76.561222126314448, 3.493919916045236 ], [ -76.560795233045496, 3.495031501534106 ], [ -76.561001192513302, 3.495710855352955 ], [ -76.560943676954736, 3.496053530156492 ], [ -76.561166449282922, 3.496333979041522 ], [ -76.561189426608223, 3.496709363251209 ], [ -76.560836790867427, 3.497093000669062 ], [ -76.560820265499714, 3.49724473597768 ], [ -76.561139765458819, 3.497756745758772 ], [ -76.56099887043807, 3.498219860055865 ], [ -76.561218829407281, 3.498560777023977 ], [ -76.561126656834375, 3.498892501723372 ], [ -76.561302469447497, 3.499162424145676 ], [ -76.561191175620735, 3.499482492801898 ], [ -76.560901462589456, 3.499667773602178 ], [ -76.560881915300612, 3.499814280990338 ], [ -76.561016038563082, 3.500005228407165 ] ] ] } },
{ "type": "Feature", "properties": { "OBJECTID": 6, "suelo": "Rural", "barrio": "Villacarmelo", "comuna": "55", "cod_bar": "5500" }, "geometry": { "type": "Polygon", "coordinates": [ [ [ -76.575129923100363, 3.407633539757214 ], [ -76.575937598519388, 3.40770929249314 ], [ -76.576688258640829, 3.408022099557826 ], [ -76.577094484529255, 3.408037221616196 ], [ -76.577517301558174, 3.407862674245497 ], [ -76.577924581444236, 3.40791558938756 ], [ -76.579005069877638, 3.407329214260169 ], [ -76.579964996108359, 3.407414910269161 ], [ -76.580578656095426, 3.407683420927969 ], [ -76.581050820524183, 3.407238955191763 ], [ -76.581415640690622, 3.40757450089294 ], [ -76.582041114723225, 3.407300491623848 ], [ -76.582745802105748, 3.407843369046248 ], [ -76.583065004211988, 3.407907936478753 ], [ -76.583334648593052, 3.408164363491169 ], [ -76.583556776767637, 3.408167684354017 ], [ -76.584358334492293, 3.407785594399805 ], [ -76.584552417008339, 3.407363377885795 ], [ -76.584600150646153, 3.406571780825469 ], [ -76.584941497614338, 3.406073837081807 ], [ -76.585004834577319, 3.405582673684904 ], [ -76.585353912613655, 3.405152686683121 ], [ -76.585439530265035, 3.404909401104764 ], [ -76.58593228705881, 3.404794188364601 ], [ -76.58636768289648, 3.404893228120629 ], [ -76.587163543818434, 3.404533245545262 ], [ -76.587576938862838, 3.404488107126402 ], [ -76.588100271381691, 3.404565671599532 ], [ -76.588849316805664, 3.405015934688803 ], [ -76.588956513593743, 3.405377331519714 ], [ -76.58874099368947, 3.405858181126948 ], [ -76.589000586882477, 3.406190121016649 ], [ -76.589299755764713, 3.406228126193157 ], [ -76.589532004436279, 3.405884389035352 ], [ -76.589679620715927, 3.405873086727816 ], [ -76.590132099755095, 3.406593477514205 ], [ -76.59043654030792, 3.406367286396937 ], [ -76.590925711454759, 3.406285484011566 ], [ -76.591256372533365, 3.406715684015119 ], [ -76.591466550056381, 3.406807587806469 ], [ -76.591884795301681, 3.40679585983227 ], [ -76.592281952198277, 3.406530109900065 ], [ -76.592854703827697, 3.406710240694718 ], [ -76.593432161653979, 3.406259834692445 ], [ -76.5939552165908, 3.406550094043268 ], [ -76.594100653976568, 3.406850456953119 ], [ -76.594767317368195, 3.406811247162865 ], [ -76.595558963864178, 3.407180762528858 ], [ -76.595815888060031, 3.407415853448252 ], [ -76.596126097074404, 3.40798952274814 ], [ -76.596522482745655, 3.408155241644967 ], [ -76.598219084381583, 3.407951995315589 ], [ -76.598639789838828, 3.407815866958745 ], [ -76.599094168329174, 3.407955094360792 ], [ -76.5998020939778, 3.407913903767397 ], [ -76.600393546362753, 3.408222878816982 ], [ -76.600847081039404, 3.408293513292069 ], [ -76.601236575292177, 3.40818648881203 ], [ -76.602064274884356, 3.407731340896667 ], [ -76.603187562046045, 3.407531059789322 ], [ -76.604421496974297, 3.407757302135344 ], [ -76.60596557709836, 3.408585182925548 ], [ -76.606639555110377, 3.408796739645368 ], [ -76.609450805067738, 3.408864994161428 ], [ -76.609958176517054, 3.408475541811462 ], [ -76.610877374421463, 3.407149458807486 ], [ -76.611974523643568, 3.404542023531226 ], [ -76.612196842708201, 3.40381194951257 ], [ -76.612493403022199, 3.403513910250731 ], [ -76.613264366561353, 3.4030371387831 ], [ -76.613753603390492, 3.402917884669286 ], [ -76.615028645934515, 3.40279868175851 ], [ -76.616022033060943, 3.402962539923779 ], [ -76.617074653253042, 3.402306966996521 ], [ -76.617875286904109, 3.402157892196113 ], [ -76.618290435869184, 3.402113235725118 ], [ -76.620114052758012, 3.402262158748456 ], [ -76.620885020145167, 3.402068438131073 ], [ -76.621878311485858, 3.40150222131135 ], [ -76.62306439914552, 3.400444339813479 ], [ -76.623553617549589, 3.39987813934881 ], [ -76.624546970640012, 3.399192679141712 ], [ -76.625184483651068, 3.398015645059986 ], [ -76.626296410030051, 3.397121576908039 ], [ -76.628342401729441, 3.396704365156344 ], [ -76.629024370060975, 3.396436115312194 ], [ -76.62985457464228, 3.395929517752235 ], [ -76.630922099493134, 3.395750682146386 ], [ -76.631816992007742, 3.395705856287309 ], [ -76.634613334131032, 3.394932286749616 ], [ -76.63677759967743, 3.394123915394289 ], [ -76.637683380856217, 3.393989017713983 ], [ -76.639125921954914, 3.393988944491867 ], [ -76.641038143245538, 3.393752833950599 ], [ -76.641742615597721, 3.393786562075027 ], [ -76.643386504619855, 3.394359577344859 ], [ -76.644845845181806, 3.394351087872991 ], [ -76.645147792057045, 3.393828472977746 ], [ -76.646120579776692, 3.392833869750046 ], [ -76.647361812882664, 3.391839249610381 ], [ -76.647512783772456, 3.391569534578637 ], [ -76.647563082120101, 3.391046934439898 ], [ -76.648082998373965, 3.390456914319481 ], [ -76.648351368588493, 3.390372623633406 ], [ -76.648787509888166, 3.390018618083776 ], [ -76.649659605937273, 3.388602576360222 ], [ -76.650062208812216, 3.388130532251586 ], [ -76.650062200785385, 3.38799567984911 ], [ -76.650611715173156, 3.387546442743966 ], [ -76.650770840040835, 3.387299121155115 ], [ -76.651009477630268, 3.38611404174573 ], [ -76.651570909465448, 3.385197023085425 ], [ -76.651655101026606, 3.38491487941621 ], [ -76.651795377942193, 3.38341941260996 ], [ -76.652048042396729, 3.382897434359916 ], [ -76.652483180665399, 3.382319001768248 ], [ -76.652763927154922, 3.381260861292947 ], [ -76.652848090430169, 3.380555511308576 ], [ -76.653549907100967, 3.379892363267348 ], [ -76.6539569719843, 3.378947167509813 ], [ -76.654588646563312, 3.378453348831794 ], [ -76.655037845933975, 3.377959542029422 ], [ -76.655206195361103, 3.376957849300163 ], [ -76.655613273411078, 3.376238349609239 ], [ -76.655557087233134, 3.375885645969426 ], [ -76.65564127903933, 3.375631687482932 ], [ -76.656146611642441, 3.374756983140693 ], [ -76.656974772838893, 3.373628303777602 ], [ -76.65784497499827, 3.37162495183586 ], [ -76.658406480372179, 3.370947753026548 ], [ -76.659501323954288, 3.369903679737269 ], [ -76.660891070250941, 3.369353431532094 ], [ -76.66108758717975, 3.369141778566448 ], [ -76.661312130681296, 3.368676171275285 ], [ -76.661817475285588, 3.368055415850296 ], [ -76.662140240063906, 3.366983211555077 ], [ -76.662771850477299, 3.365798100349613 ], [ -76.66337539890921, 3.364401423292497 ], [ -76.664007041427823, 3.363653646410317 ], [ -76.664638704901535, 3.363202135517038 ], [ -76.665242341659749, 3.363018706637369 ], [ -76.666182776176939, 3.362411972550318 ], [ -76.666393339690615, 3.362073376529493 ], [ -76.666547723253842, 3.361523146208867 ], [ -76.666870546524493, 3.361283297027874 ], [ -76.667768952418058, 3.360775391732286 ], [ -76.668063749172177, 3.360775367685274 ], [ -76.668288316367523, 3.360662466752828 ], [ -76.669225435619396, 3.359976754241996 ], [ -76.668818282520547, 3.359542773110521 ], [ -76.667815789992403, 3.356640521371724 ], [ -76.667442027129056, 3.35623083739961 ], [ -76.66643972600464, 3.355701678526149 ], [ -76.665726212252778, 3.355650449545847 ], [ -76.664655955151147, 3.355274937116176 ], [ -76.66343278967588, 3.354523840676817 ], [ -76.661988716193946, 3.353892281109321 ], [ -76.661020389977111, 3.353636281135548 ], [ -76.66024744914786, 3.353098550701207 ], [ -76.659499990904791, 3.353098604305307 ], [ -76.657741658208863, 3.35246699107938 ], [ -76.657019689805267, 3.352082898538336 ], [ -76.655805003006861, 3.351835456977735 ], [ -76.655066050081615, 3.351818411187727 ], [ -76.654259136850584, 3.351937989072016 ], [ -76.651965778966968, 3.35150277974146 ], [ -76.65047931495306, 3.35174192027516 ], [ -76.649264736841658, 3.352117591136196 ], [ -76.648789092531956, 3.352160286428188 ], [ -76.646979822506083, 3.35179334577901 ], [ -76.645918104530125, 3.351844621425121 ], [ -76.643989964440834, 3.35123863542378 ], [ -76.643403886208503, 3.351136239115812 ], [ -76.642834765470184, 3.351358222586973 ], [ -76.641093563158279, 3.351452195663182 ], [ -76.639819451859438, 3.351930286384847 ], [ -76.636897616393995, 3.352408454828935 ], [ -76.635411121426301, 3.35210123875034 ], [ -76.634794027881782, 3.351601415952636 ], [ -76.633860018128104, 3.35149097566985 ], [ -76.633548708346225, 3.351546230989995 ], [ -76.633383884300713, 3.351638283074384 ], [ -76.632944393762912, 3.352300839971974 ], [ -76.63248661804667, 3.352742574745314 ], [ -76.631772416766793, 3.352981865002945 ], [ -76.631717487905902, 3.353865297943284 ], [ -76.631241395654868, 3.355043177505991 ], [ -76.631058302892527, 3.355300881471743 ], [ -76.630838510426656, 3.355392934988121 ], [ -76.630728655273273, 3.355576958460104 ], [ -76.630399005809849, 3.355797865030832 ], [ -76.629666557842015, 3.35681010337417 ], [ -76.629153813884585, 3.357270276658135 ], [ -76.627560590113362, 3.358190572611251 ], [ -76.627176038725523, 3.358319364959278 ], [ -76.62677313724646, 3.358319381177048 ], [ -76.626205416044229, 3.35857709912128 ], [ -76.625967353393051, 3.358816367181753 ], [ -76.625912398653625, 3.359147672687868 ], [ -76.625729294519871, 3.359184483736424 ], [ -76.625399629402338, 3.359018843813981 ], [ -76.62505171151696, 3.359534177823315 ], [ -76.624007871758224, 3.360564859926342 ], [ -76.623476830680644, 3.360564878750274 ], [ -76.623000679791559, 3.360380876116428 ], [ -76.62204839037453, 3.360362472233999 ], [ -76.621260848948481, 3.359976023074867 ], [ -76.620326895854802, 3.359663186434502 ], [ -76.619869029855764, 3.359736807794588 ], [ -76.618623788422155, 3.360270605187829 ], [ -76.617451709966531, 3.360565067791415 ], [ -76.616609294117666, 3.360914762711769 ], [ -76.616510190465519, 3.361131490861285 ], [ -76.61629802135954, 3.36251597982218 ], [ -76.616334655783263, 3.362976131322236 ], [ -76.616114946374068, 3.363638673605379 ], [ -76.61526531684585, 3.365141219972958 ], [ -76.614646634521662, 3.365683332235558 ], [ -76.613467516706478, 3.365839901027021 ], [ -76.61247762543772, 3.366231130905114 ], [ -76.611965920711583, 3.366655975177161 ], [ -76.611721252953103, 3.367259604274451 ], [ -76.61108070727073, 3.367795779373667 ], [ -76.610860423755071, 3.368125816702033 ], [ -76.610182828637193, 3.368418282779134 ], [ -76.609744361635322, 3.368714841835267 ], [ -76.608326920428951, 3.370803568081793 ], [ -76.608071289223545, 3.371680857000423 ], [ -76.608135757323225, 3.372278262904838 ], [ -76.607645280952184, 3.37300509194199 ], [ -76.606691299716999, 3.373456290395056 ], [ -76.605618889549945, 3.374630142130206 ], [ -76.604812446254485, 3.375039587871774 ], [ -76.604321957727649, 3.375206659410045 ], [ -76.603207986579605, 3.375340398703624 ], [ -76.602287950708885, 3.375720173819891 ], [ -76.601817135849558, 3.375271754780794 ], [ -76.601365514848993, 3.375275928197785 ], [ -76.600560759992959, 3.376039278961936 ], [ -76.600287750424258, 3.37612178973589 ], [ -76.599753958836786, 3.376047552150185 ], [ -76.599622588962987, 3.376480792295768 ], [ -76.598524292826951, 3.376967727391045 ], [ -76.598158851179704, 3.377310195495981 ], [ -76.598193795328712, 3.378370651291833 ], [ -76.598095252613277, 3.378902928530662 ], [ -76.59825945596026, 3.379336165104535 ], [ -76.598115783577299, 3.379583761450511 ], [ -76.597894084753776, 3.379728152191963 ], [ -76.597797579564002, 3.380248067093127 ], [ -76.598011128700705, 3.380726726403221 ], [ -76.597703184066106, 3.3810403024504 ], [ -76.597530688691535, 3.381085653640536 ], [ -76.597395235956711, 3.380957796202662 ], [ -76.597304907659606, 3.380466774609102 ], [ -76.597194056121666, 3.380301688581584 ], [ -76.596992812932726, 3.38028106295511 ], [ -76.59687022510883, 3.380423121696357 ], [ -76.596462604666527, 3.380483734460818 ], [ -76.596730066119349, 3.380780352884891 ], [ -76.59669239587474, 3.381548851209098 ], [ -76.596574870754196, 3.381911943353921 ], [ -76.596278100245584, 3.382090101425254 ], [ -76.596061604938157, 3.382354722004107 ], [ -76.595624672817067, 3.382587203227572 ], [ -76.595184508960998, 3.383035490301627 ], [ -76.594742304053611, 3.383009637873624 ], [ -76.594368704268547, 3.383121817787366 ], [ -76.594446373146098, 3.382473689987239 ], [ -76.593707610806504, 3.383060716489716 ], [ -76.593686172489413, 3.383223401634996 ], [ -76.594157830969777, 3.383509987471611 ], [ -76.594405540030593, 3.383749670078784 ], [ -76.594367090674467, 3.383830482696853 ], [ -76.594118116725156, 3.383688213521512 ], [ -76.593703465978166, 3.383639968822358 ], [ -76.593140289054602, 3.383746425724653 ], [ -76.592840707214506, 3.383908547055266 ], [ -76.592760364004647, 3.384093907518274 ], [ -76.593014819025058, 3.384102807107729 ], [ -76.593120187229616, 3.384206084242343 ], [ -76.5933196773817, 3.384851384120238 ], [ -76.593090598056108, 3.385360066846693 ], [ -76.593019676156359, 3.386045280443317 ], [ -76.592898072097, 3.386367048968439 ], [ -76.592613110264338, 3.386482476533597 ], [ -76.592247450061876, 3.386302202492913 ], [ -76.592295249815919, 3.386638238977893 ], [ -76.591917852518222, 3.386629339399788 ], [ -76.591832236852156, 3.386758399634895 ], [ -76.591755761891008, 3.387901646602661 ], [ -76.591971489073941, 3.388406090200266 ], [ -76.591824930668608, 3.388451653601079 ], [ -76.591441767846717, 3.388105939277482 ], [ -76.591331410151341, 3.388136172906362 ], [ -76.591140848284184, 3.388317648884617 ], [ -76.590679380136137, 3.388337852927095 ], [ -76.590207861927809, 3.388610031945388 ], [ -76.589959308662486, 3.388988876698206 ], [ -76.589917766854768, 3.389253778745563 ], [ -76.590121192537993, 3.389889190741878 ], [ -76.590133352881324, 3.390297492228219 ], [ -76.590389779030659, 3.390331540725466 ], [ -76.590848083589179, 3.390172034213163 ], [ -76.590990355948421, 3.390263371682375 ], [ -76.590674321864796, 3.390838032979652 ], [ -76.590674323351777, 3.39148326312684 ], [ -76.590338256777997, 3.391705074921127 ], [ -76.589995932441354, 3.391801922918116 ], [ -76.589365199616097, 3.39113041487877 ], [ -76.588933816469364, 3.391009477533808 ], [ -76.588464474622171, 3.39103455467243 ], [ -76.588111184739475, 3.39124131840867 ], [ -76.587541818706597, 3.391043947864907 ], [ -76.586836926086093, 3.391348548859434 ], [ -76.586526657290818, 3.391336821365703 ], [ -76.58624253566127, 3.391189181653701 ], [ -76.586057104670743, 3.391268086294338 ], [ -76.586024558900363, 3.391422788903371 ], [ -76.586471545536796, 3.392001054264288 ], [ -76.586877271628879, 3.392158724689775 ], [ -76.587639662546039, 3.39271325493423 ], [ -76.587915278380578, 3.393207385600604 ], [ -76.588372037558131, 3.39324758068659 ], [ -76.588522534045552, 3.393368517634025 ], [ -76.588622840297077, 3.393862506912229 ], [ -76.588281710065644, 3.394840453311412 ], [ -76.58700765524452, 3.395576383647779 ], [ -76.586355620331787, 3.396151042544744 ], [ -76.585748220053361, 3.396443562268014 ], [ -76.584921017387742, 3.396140934314125 ], [ -76.584839759212883, 3.396187909985035 ], [ -76.584861197550779, 3.396366772579786 ], [ -76.585332368008466, 3.396846705738642 ], [ -76.585299960654723, 3.397233108937587 ], [ -76.584934367115608, 3.397421152801228 ], [ -76.584869908529981, 3.397544419611175 ], [ -76.584900976625391, 3.397814479466859 ], [ -76.585244988495759, 3.398132009944345 ], [ -76.585290466660936, 3.398288196417988 ], [ -76.584805655307179, 3.398691621943303 ], [ -76.584554848823771, 3.399054570606478 ], [ -76.584557518684491, 3.39925045773365 ], [ -76.58469529115105, 3.399598927530628 ], [ -76.584950875289465, 3.399763875010792 ], [ -76.585150929578163, 3.399709129656375 ], [ -76.585354850114413, 3.399412511188964 ], [ -76.58550935309583, 3.399483010589295 ], [ -76.585126676495548, 3.400203824901055 ], [ -76.585088641047236, 3.401794648377708 ], [ -76.585018908684759, 3.401957262463449 ], [ -76.584577115651413, 3.402272811758411 ], [ -76.584349858804956, 3.40206957689163 ], [ -76.584273945633512, 3.401474148518835 ], [ -76.58362184035397, 3.401050725430651 ], [ -76.581966581498989, 3.400944824388543 ], [ -76.581595367454653, 3.400496183625333 ], [ -76.581304494566965, 3.400516383886124 ], [ -76.581023601069447, 3.400859129324865 ], [ -76.580643022546255, 3.402322938725674 ], [ -76.580292045298762, 3.402714848504525 ], [ -76.579826281305174, 3.402872796077229 ], [ -76.579729762797513, 3.403513645996887 ], [ -76.57957026402957, 3.403795712014889 ], [ -76.579310387981621, 3.404003109548897 ], [ -76.578434110816332, 3.404192981711296 ], [ -76.578203476641946, 3.404375019942519 ], [ -76.577791135737243, 3.404466212052746 ], [ -76.577835767941565, 3.404771166881971 ], [ -76.578464887898349, 3.405235565280834 ], [ -76.578387349982293, 3.405583327549794 ], [ -76.578114821643751, 3.405727784580542 ], [ -76.577649198554283, 3.405711530863552 ], [ -76.577152219693843, 3.406167863029822 ], [ -76.576495394865859, 3.406394681039498 ], [ -76.57588270860721, 3.406993703879578 ], [ -76.575587827532502, 3.406990732650599 ], [ -76.575448640999682, 3.407483519217228 ], [ -76.575155451980336, 3.407492341158885 ], [ -76.575129923100363, 3.407633539757214 ] ] ] } },
{ "type": "Feature", "properties": { "OBJECTID": 7, "suelo": "Rural", "barrio": "La Buitrera", "comuna": "54", "cod_bar": "5400" }, "geometry": { "type": "Polygon", "coordinates": [ [ [ -76.558220868092832, 3.394777991264869 ], [ -76.558025550418606, 3.394762021881976 ], [ -76.556041167562441, 3.409765131881339 ], [ -76.55844372316524, 3.410091359994 ], [ -76.559235451403183, 3.412019938677388 ], [ -76.562096701617719, 3.409069798934984 ], [ -76.563301436626531, 3.408344763612749 ], [ -76.563957049972487, 3.407950200570971 ], [ -76.565488999289613, 3.406212556848852 ], [ -76.565578638170763, 3.40849855221914 ], [ -76.564993774031876, 3.409368333040388 ], [ -76.566295115334427, 3.409528789211073 ], [ -76.566296920129219, 3.41059278588293 ], [ -76.566296921062772, 3.410593501100361 ], [ -76.56646668179269, 3.410458513016771 ], [ -76.567070436335044, 3.410371003772325 ], [ -76.567150436747113, 3.410096779503134 ], [ -76.566888110886197, 3.409666077702875 ], [ -76.566953348527178, 3.409438476222776 ], [ -76.567268475370938, 3.409396522448837 ], [ -76.567398586412523, 3.409526292296867 ], [ -76.567689886181313, 3.409378871653992 ], [ -76.568002060731757, 3.409352388542935 ], [ -76.568201412201333, 3.409437090693386 ], [ -76.568347051713587, 3.409810782246782 ], [ -76.568148594228489, 3.410653730711082 ], [ -76.568811105090447, 3.411007230817297 ], [ -76.569176071276388, 3.410938010618565 ], [ -76.569497040639092, 3.410557972233936 ], [ -76.569624564463012, 3.410013760203094 ], [ -76.569528550548327, 3.409641058188879 ], [ -76.569329274309951, 3.409356090898938 ], [ -76.569236907954604, 3.409354605525974 ], [ -76.569138703578432, 3.40954236554007 ], [ -76.56890420854873, 3.409406166100979 ], [ -76.568992856495484, 3.408963534194438 ], [ -76.569122622853826, 3.408765390626184 ], [ -76.569812195144706, 3.409180064609241 ], [ -76.570353735783883, 3.409248595977672 ], [ -76.570494456720354, 3.409596927529799 ], [ -76.570434343558418, 3.410182395417408 ], [ -76.570487132680967, 3.410294361702676 ], [ -76.570605857970321, 3.41030467682844 ], [ -76.571964573683985, 3.409772214812373 ], [ -76.572311192097374, 3.409733933208682 ], [ -76.572985669355873, 3.409033993072992 ], [ -76.573645897855371, 3.408741396281161 ], [ -76.573891253503973, 3.408764343637583 ], [ -76.574105745866817, 3.40900108030728 ], [ -76.574274332240009, 3.409001082541469 ], [ -76.574540409296063, 3.408748671637966 ], [ -76.574626539627957, 3.408399759963553 ], [ -76.574597616996272, 3.408125697687196 ], [ -76.574346325604381, 3.407985651393488 ], [ -76.575129923100363, 3.407633539757214 ], [ -76.575155451980336, 3.407492341158885 ], [ -76.575448640999682, 3.407483519217228 ], [ -76.575587827532502, 3.406990732650599 ], [ -76.57588270860721, 3.406993703879578 ], [ -76.576495394865859, 3.406394681039498 ], [ -76.577152219693843, 3.406167863029822 ], [ -76.577649198554283, 3.405711530863552 ], [ -76.578114821643751, 3.405727784580542 ], [ -76.578387349982293, 3.405583327549794 ], [ -76.578464887898349, 3.405235565280834 ], [ -76.577835767941565, 3.404771166881971 ], [ -76.577791135737243, 3.404466212052746 ], [ -76.578203476641946, 3.404375019942519 ], [ -76.578434110816332, 3.404192981711296 ], [ -76.579310387981621, 3.404003109548897 ], [ -76.57957026402957, 3.403795712014889 ], [ -76.579729762797513, 3.403513645996887 ], [ -76.579826281305174, 3.402872796077229 ], [ -76.580292045298762, 3.402714848504525 ], [ -76.580643022546255, 3.402322938725674 ], [ -76.581023601069447, 3.400859129324865 ], [ -76.581304494566965, 3.400516383886124 ], [ -76.581595367454653, 3.400496183625333 ], [ -76.581966581498989, 3.400944824388543 ], [ -76.58362184035397, 3.401050725430651 ], [ -76.584273945633512, 3.401474148518835 ], [ -76.584349858804956, 3.40206957689163 ], [ -76.584577115651413, 3.402272811758411 ], [ -76.585018908684759, 3.401957262463449 ], [ -76.585088641047236, 3.401794648377708 ], [ -76.585126676495548, 3.400203824901055 ], [ -76.58550935309583, 3.399483010589295 ], [ -76.585354850114413, 3.399412511188964 ], [ -76.585150929578163, 3.399709129656375 ], [ -76.584950875289465, 3.399763875010792 ], [ -76.58469529115105, 3.399598927530628 ], [ -76.584557518684491, 3.39925045773365 ], [ -76.584554848823771, 3.399054570606478 ], [ -76.584805655307179, 3.398691621943303 ], [ -76.585290466660936, 3.398288196417988 ], [ -76.585244988495759, 3.398132009944345 ], [ -76.584900976625391, 3.397814479466859 ], [ -76.584869908529981, 3.397544419611175 ], [ -76.584934367115608, 3.397421152801228 ], [ -76.585299960654723, 3.397233108937587 ], [ -76.585332368008466, 3.396846705738642 ], [ -76.584861197550779, 3.396366772579786 ], [ -76.584839759212883, 3.396187909985035 ], [ -76.584921017387742, 3.396140934314125 ], [ -76.585748220053361, 3.396443562268014 ], [ -76.586355620331787, 3.396151042544744 ], [ -76.58700765524452, 3.395576383647779 ], [ -76.588281710065644, 3.394840453311412 ], [ -76.588622840297077, 3.393862506912229 ], [ -76.588522534045552, 3.393368517634025 ], [ -76.588372037558131, 3.39324758068659 ], [ -76.587915278380578, 3.393207385600604 ], [ -76.587639662546039, 3.39271325493423 ], [ -76.586877271628879, 3.392158724689775 ], [ -76.586471545536796, 3.392001054264288 ], [ -76.586024558900363, 3.391422788903371 ], [ -76.586057104670743, 3.391268086294338 ], [ -76.58624253566127, 3.391189181653701 ], [ -76.586526657290818, 3.391336821365703 ], [ -76.586836926086093, 3.391348548859434 ], [ -76.587541818706597, 3.391043947864907 ], [ -76.588111184739475, 3.39124131840867 ], [ -76.588464474622171, 3.39103455467243 ], [ -76.588933816469364, 3.391009477533808 ], [ -76.589365199616097, 3.39113041487877 ], [ -76.589995932441354, 3.391801922918116 ], [ -76.590338256777997, 3.391705074921127 ], [ -76.590674323351777, 3.39148326312684 ], [ -76.590674321864796, 3.390838032979652 ], [ -76.590990355948421, 3.390263371682375 ], [ -76.590848083589179, 3.390172034213163 ], [ -76.590389779030659, 3.390331540725466 ], [ -76.590133352881324, 3.390297492228219 ], [ -76.590121192537993, 3.389889190741878 ], [ -76.589917766854768, 3.389253778745563 ], [ -76.589959308662486, 3.388988876698206 ], [ -76.590207861927809, 3.388610031945388 ], [ -76.590679380136137, 3.388337852927095 ], [ -76.591140848284184, 3.388317648884617 ], [ -76.591331410151341, 3.388136172906362 ], [ -76.591441767846717, 3.388105939277482 ], [ -76.591824930668608, 3.388451653601079 ], [ -76.591971489073941, 3.388406090200266 ], [ -76.591755761891008, 3.387901646602661 ], [ -76.591832236852156, 3.386758399634895 ], [ -76.591917852518222, 3.386629339399788 ], [ -76.592295249815919, 3.386638238977893 ], [ -76.592247450061876, 3.386302202492913 ], [ -76.592613110264338, 3.386482476533597 ], [ -76.592898072097, 3.386367048968439 ], [ -76.593019676156359, 3.386045280443317 ], [ -76.593090598056108, 3.385360066846693 ], [ -76.5933196773817, 3.384851384120238 ], [ -76.593120187229616, 3.384206084242343 ], [ -76.593014819025058, 3.384102807107729 ], [ -76.592760364004647, 3.384093907518274 ], [ -76.592840707214506, 3.383908547055266 ], [ -76.593140289054602, 3.383746425724653 ], [ -76.593703465978166, 3.383639968822358 ], [ -76.594118116725156, 3.383688213521512 ], [ -76.594367090674467, 3.383830482696853 ], [ -76.594405540030593, 3.383749670078784 ], [ -76.594157830969777, 3.383509987471611 ], [ -76.593686172489413, 3.383223401634996 ], [ -76.593707610806504, 3.383060716489716 ], [ -76.594446373146098, 3.382473689987239 ], [ -76.594368704268547, 3.383121817787366 ], [ -76.594742304053611, 3.383009637873624 ], [ -76.595184508960998, 3.383035490301627 ], [ -76.595624672817067, 3.382587203227572 ], [ -76.596061604938157, 3.382354722004107 ], [ -76.596278100245584, 3.382090101425254 ], [ -76.596574870754196, 3.381911943353921 ], [ -76.59669239587474, 3.381548851209098 ], [ -76.596730066119349, 3.380780352884891 ], [ -76.596462604666527, 3.380483734460818 ], [ -76.59687022510883, 3.380423121696357 ], [ -76.596992812932726, 3.38028106295511 ], [ -76.597194056121666, 3.380301688581584 ], [ -76.597304907659606, 3.380466774609102 ], [ -76.597395235956711, 3.380957796202662 ], [ -76.597530688691535, 3.381085653640536 ], [ -76.597703184066106, 3.3810403024504 ], [ -76.598011128700705, 3.380726726403221 ], [ -76.597797579564002, 3.380248067093127 ], [ -76.597894084753776, 3.379728152191963 ], [ -76.598115783577299, 3.379583761450511 ], [ -76.59825945596026, 3.379336165104535 ], [ -76.598095252613277, 3.378902928530662 ], [ -76.598193795328712, 3.378370651291833 ], [ -76.598158851179704, 3.377310195495981 ], [ -76.598524292826951, 3.376967727391045 ], [ -76.599622588962987, 3.376480792295768 ], [ -76.599753958836786, 3.376047552150185 ], [ -76.600287750424258, 3.37612178973589 ], [ -76.600560759992959, 3.376039278961936 ], [ -76.601365514848993, 3.375275928197785 ], [ -76.601817135849558, 3.375271754780794 ], [ -76.602287950708885, 3.375720173819891 ], [ -76.603207986579605, 3.375340398703624 ], [ -76.604321957727649, 3.375206659410045 ], [ -76.604812446254485, 3.375039587871774 ], [ -76.605618889549945, 3.374630142130206 ], [ -76.606691299716999, 3.373456290395056 ], [ -76.607645280952184, 3.37300509194199 ], [ -76.608135757323225, 3.372278262904838 ], [ -76.608071289223545, 3.371680857000423 ], [ -76.608326920428951, 3.370803568081793 ], [ -76.609744361635322, 3.368714841835267 ], [ -76.610182828637193, 3.368418282779134 ], [ -76.610860423755071, 3.368125816702033 ], [ -76.61108070727073, 3.367795779373667 ], [ -76.611721252953103, 3.367259604274451 ], [ -76.611965920711583, 3.366655975177161 ], [ -76.61247762543772, 3.366231130905114 ], [ -76.613467516706478, 3.365839901027021 ], [ -76.614646634521662, 3.365683332235558 ], [ -76.61526531684585, 3.365141219972958 ], [ -76.616114946374068, 3.363638673605379 ], [ -76.616334655783263, 3.362976131322236 ], [ -76.61629802135954, 3.36251597982218 ], [ -76.616510190465519, 3.361131490861285 ], [ -76.615869163321364, 3.361830990192228 ], [ -76.61400383067074, 3.362886973119691 ], [ -76.613383375279383, 3.36273009482353 ], [ -76.612774858380305, 3.362113418733731 ], [ -76.612275368709348, 3.361807556566607 ], [ -76.610972120730793, 3.361854631822931 ], [ -76.609879522880291, 3.361423252927628 ], [ -76.609582967936305, 3.36138405412641 ], [ -76.608741384455101, 3.361423488601902 ], [ -76.607733927497875, 3.362053125815289 ], [ -76.606851012536993, 3.361961379225866 ], [ -76.606430116407353, 3.362066500098709 ], [ -76.605961847952187, 3.36234101766089 ], [ -76.605634085263034, 3.362372386447445 ], [ -76.605485137771751, 3.362195364013867 ], [ -76.605458492117108, 3.361854735708121 ], [ -76.6053569905595, 3.361713526849481 ], [ -76.604841906141786, 3.361807698401386 ], [ -76.60471601565331, 3.361754862138175 ], [ -76.604677560068779, 3.361270762773289 ], [ -76.604190023342852, 3.360965107780251 ], [ -76.603986177602451, 3.360659378828731 ], [ -76.603960020652195, 3.35999592333026 ], [ -76.603750269396329, 3.359593417151169 ], [ -76.602627381084687, 3.35908376010484 ], [ -76.602505908312963, 3.358239183746817 ], [ -76.601583064463298, 3.35755638395851 ], [ -76.601262043423631, 3.356946830805496 ], [ -76.600312917476415, 3.356661664904656 ], [ -76.599161844131061, 3.355818298853457 ], [ -76.598903597087187, 3.355506140876535 ], [ -76.598868098247934, 3.355212063737978 ], [ -76.598230423850183, 3.354535616221021 ], [ -76.598022367008269, 3.354491326804724 ], [ -76.59744008901815, 3.354696683135874 ], [ -76.597213474764743, 3.354662918958956 ], [ -76.597100658871838, 3.354455024013193 ], [ -76.597179729602857, 3.353866871065953 ], [ -76.596884442298247, 3.353570605834003 ], [ -76.596816188845722, 3.353256468089701 ], [ -76.596525117409215, 3.353001104528663 ], [ -76.596751798091049, 3.35250337005019 ], [ -76.596692893786241, 3.352250053062513 ], [ -76.596243252146962, 3.352304166139419 ], [ -76.595929128125405, 3.352132159167963 ], [ -76.595155944683583, 3.352301064895193 ], [ -76.594883924439671, 3.352178858180852 ], [ -76.594708198264001, 3.351729161071772 ], [ -76.594635796707976, 3.351050659522071 ], [ -76.595182078558608, 3.349761678212152 ], [ -76.595035524497305, 3.349429597334417 ], [ -76.594890939367858, 3.349375698807028 ], [ -76.59431056120053, 3.349641239842167 ], [ -76.593849394036397, 3.349628031818398 ], [ -76.593506872880923, 3.34941618202301 ], [ -76.593019414461338, 3.348701159197246 ], [ -76.592848120212395, 3.348648180153537 ], [ -76.592518745848281, 3.349111653438196 ], [ -76.591517476577891, 3.349469167538482 ], [ -76.591214459286363, 3.349535358148638 ], [ -76.59097737339934, 3.349469168864826 ], [ -76.590912707098326, 3.349150085393334 ], [ -76.590595280057443, 3.348833614726353 ], [ -76.590476703273325, 3.348581993499684 ], [ -76.590344980328268, 3.347761079100253 ], [ -76.590410841424259, 3.347271187357383 ], [ -76.590173685434834, 3.346662124303519 ], [ -76.590143883611631, 3.346289283888019 ], [ -76.58892134524352, 3.346489266480609 ], [ -76.587879451763158, 3.346324530759965 ], [ -76.58694664260274, 3.347029874106648 ], [ -76.585931738273217, 3.347085817381461 ], [ -76.584824472769071, 3.347380171049748 ], [ -76.582966090948943, 3.34831826610483 ], [ -76.582561997692338, 3.348415746608776 ], [ -76.581311764329456, 3.348340716926629 ], [ -76.580200349963121, 3.348467152115534 ], [ -76.579368830292736, 3.348292095953877 ], [ -76.578695394782997, 3.347923698248362 ], [ -76.578188258696954, 3.347837298158582 ], [ -76.577337335784037, 3.348078667050962 ], [ -76.576599510858372, 3.348015856737534 ], [ -76.576030095596778, 3.348164052309171 ], [ -76.575210103732729, 3.348083792959322 ], [ -76.574857882842622, 3.348180140571916 ], [ -76.574102765952603, 3.348170451610375 ], [ -76.571760506464102, 3.348837045031883 ], [ -76.570359432301458, 3.348761927672707 ], [ -76.569296655969538, 3.348894426443036 ], [ -76.568764078945989, 3.348725655070341 ], [ -76.567136109093383, 3.348751260810372 ], [ -76.565446058355462, 3.349396661863056 ], [ -76.56361868741206, 3.349009292109625 ], [ -76.563260773708507, 3.349067702026276 ], [ -76.562660351732518, 3.349459034172817 ], [ -76.562390791369907, 3.349501128179943 ], [ -76.560251336294812, 3.349123067990856 ], [ -76.555766005739983, 3.348015911005013 ], [ -76.553221781918552, 3.347129701897138 ], [ -76.552130772455399, 3.34664294695421 ], [ -76.551228348794027, 3.346182051868575 ], [ -76.550398570569328, 3.345582311940111 ], [ -76.548750698975908, 3.350306071709337 ], [ -76.546593801972733, 3.353426732018513 ], [ -76.546948134477944, 3.354970030440322 ], [ -76.543351950453314, 3.357257833907782 ], [ -76.543260344405397, 3.357316111406923 ], [ -76.544525913606137, 3.357313204974232 ], [ -76.544362401598519, 3.35921151923425 ], [ -76.542051722956799, 3.361383955641755 ], [ -76.544472967763809, 3.364454066873556 ], [ -76.549026138161167, 3.370208944591534 ], [ -76.549330873016217, 3.370534069112729 ], [ -76.549365972113279, 3.369956301628935 ], [ -76.549288596068195, 3.369614187695985 ], [ -76.549529852393647, 3.369161886239508 ], [ -76.549825393970352, 3.3681987866653 ], [ -76.550368191070405, 3.367865739751453 ], [ -76.550785172406108, 3.367423123595449 ], [ -76.551121684253374, 3.366656193536119 ], [ -76.552145304892093, 3.367164563025134 ], [ -76.553338754836389, 3.367544725318049 ], [ -76.553895806023348, 3.367597374324536 ], [ -76.554264118931201, 3.367858051311972 ], [ -76.554536973630178, 3.368219528414264 ], [ -76.554851518375898, 3.368389076997001 ], [ -76.555315018525917, 3.36829598964714 ], [ -76.555772838491833, 3.367772278068163 ], [ -76.556681129031745, 3.367922915229448 ], [ -76.55788999445997, 3.367681577068413 ], [ -76.558524704181593, 3.368151498613217 ], [ -76.559005556912282, 3.368315259548392 ], [ -76.558859887068479, 3.369189006206586 ], [ -76.558949699311285, 3.369798142724565 ], [ -76.55906939720856, 3.370029140463842 ], [ -76.559414236578576, 3.370258662400262 ], [ -76.559780238941855, 3.370321119928291 ], [ -76.560084600295454, 3.370219548236042 ], [ -76.560370199796736, 3.369942647681793 ], [ -76.560693802535198, 3.370481713635142 ], [ -76.561500514587237, 3.371026517584879 ], [ -76.561245821769049, 3.372026496597769 ], [ -76.561333035607333, 3.372593106044126 ], [ -76.561649617554991, 3.372899342011347 ], [ -76.561059148433671, 3.373745243601674 ], [ -76.561004022992634, 3.37432590669638 ], [ -76.561114901274536, 3.375734198631672 ], [ -76.560582380023277, 3.37558025687366 ], [ -76.560109244269896, 3.377403147225519 ], [ -76.559863140195858, 3.3785659229315 ], [ -76.559459082229424, 3.379331512513181 ], [ -76.559549978616801, 3.379612422881589 ], [ -76.56080630398894, 3.383495030255104 ], [ -76.561525318709229, 3.383493074481774 ], [ -76.561328269927841, 3.384198766614981 ], [ -76.561358843461704, 3.384320834208186 ], [ -76.561710647087224, 3.384574020482175 ], [ -76.561557689352242, 3.384650872739862 ], [ -76.561203181387228, 3.38554785387816 ], [ -76.561340810429385, 3.385640962783021 ], [ -76.561444269621717, 3.385997204451792 ], [ -76.561885120779138, 3.386720575855125 ], [ -76.562049816411303, 3.38663560065703 ], [ -76.562157783666819, 3.386697130858361 ], [ -76.562293154384335, 3.386553383386182 ], [ -76.562290917273444, 3.386670857276671 ], [ -76.562446544213358, 3.3866645744144 ], [ -76.562730857663539, 3.387304725777514 ], [ -76.562106459273096, 3.387079577340156 ], [ -76.56175556190982, 3.387068688046809 ], [ -76.561605275485533, 3.387154583040706 ], [ -76.561641257820838, 3.387413199060406 ], [ -76.561902172888935, 3.387725153664963 ], [ -76.562097448744268, 3.387551595950608 ], [ -76.562310715701102, 3.387526242039874 ], [ -76.562517652903651, 3.387623944647031 ], [ -76.562680443289338, 3.387837282925529 ], [ -76.563005258835176, 3.387980198029902 ], [ -76.563219566944781, 3.388450032961002 ], [ -76.563529334648422, 3.388775976421143 ], [ -76.563221166882741, 3.38905054702285 ], [ -76.563024210991443, 3.388952846835287 ], [ -76.562824017642995, 3.388994730799693 ], [ -76.562142237272496, 3.389609565817561 ], [ -76.562153762469137, 3.389704436062735 ], [ -76.562664352175574, 3.390163330911362 ], [ -76.562709193096794, 3.390365504898276 ], [ -76.562435545323567, 3.390378282415579 ], [ -76.561986436573974, 3.390787561126067 ], [ -76.561487852701404, 3.390814601870512 ], [ -76.561406150464094, 3.391595387780725 ], [ -76.56128748877245, 3.39186523150055 ], [ -76.561382296591148, 3.392454091927644 ], [ -76.561558232673434, 3.392643978657118 ], [ -76.561558163169124, 3.395050839177517 ], [ -76.558220868092832, 3.394777991264869 ] ] ] } },
{ "type": "Feature", "properties": { "OBJECTID": 8, "suelo": "Rural", "barrio": "Felidia", "comuna": "59", "cod_bar": "5900" }, "geometry": { "type": "Polygon", "coordinates": [ [ [ -76.610616258318061, 3.460644543055549 ], [ -76.612008935031398, 3.461818550239937 ], [ -76.612030803275445, 3.462046506300302 ], [ -76.611887682705984, 3.462270016041891 ], [ -76.612228138822275, 3.462515199761121 ], [ -76.612010787069011, 3.462824751649356 ], [ -76.612070968498529, 3.463083858928582 ], [ -76.611976492697025, 3.463246405041973 ], [ -76.61213621336401, 3.463447938122142 ], [ -76.611963359307808, 3.463764410930109 ], [ -76.61195276056722, 3.464412678383429 ], [ -76.612133019323068, 3.465033108116355 ], [ -76.611936201719033, 3.465691763706986 ], [ -76.611478371054432, 3.466477084790514 ], [ -76.61136204004525, 3.466948893515654 ], [ -76.611400925076339, 3.467361008779092 ], [ -76.611113640906751, 3.468355985105538 ], [ -76.6105862850752, 3.469149077603103 ], [ -76.610162466365381, 3.469522774960743 ], [ -76.61008957245582, 3.469751369319916 ], [ -76.610178024308169, 3.47047027389944 ], [ -76.611007050730734, 3.470548806847481 ], [ -76.611621186321514, 3.471029853535282 ], [ -76.612422677765267, 3.471924139990015 ], [ -76.612906687379876, 3.472211775044304 ], [ -76.613131221150468, 3.472241296822514 ], [ -76.613380297022402, 3.472598730253678 ], [ -76.613874710440399, 3.472844545728106 ], [ -76.614301433459644, 3.473325595514817 ], [ -76.614883443875925, 3.473745041428608 ], [ -76.615108132062531, 3.474246016727217 ], [ -76.615149618107012, 3.474598228723866 ], [ -76.615414298666849, 3.474861002706824 ], [ -76.616071175003611, 3.475133301822362 ], [ -76.616626041591147, 3.475187819398112 ], [ -76.617818647537746, 3.474982714524049 ], [ -76.618513837377279, 3.475283831923735 ], [ -76.618583577549586, 3.475403636767739 ], [ -76.619187575448734, 3.475224472389754 ], [ -76.619608108321131, 3.475467885584606 ], [ -76.619739927299619, 3.475753126963084 ], [ -76.619900172519905, 3.47682085125185 ], [ -76.620218294077986, 3.477431666098702 ], [ -76.620644742883584, 3.477966682598855 ], [ -76.621343598450792, 3.478474421250056 ], [ -76.621670449426162, 3.479385740859646 ], [ -76.621933379432392, 3.479775029850737 ], [ -76.622473015856826, 3.480414588111994 ], [ -76.622982487315156, 3.48085402314999 ], [ -76.623113984076682, 3.481887132928498 ], [ -76.623400548926142, 3.482629623373533 ], [ -76.623903707414954, 3.48337761481604 ], [ -76.624019229197742, 3.483932913911128 ], [ -76.624639864457677, 3.484856865499485 ], [ -76.625015126828217, 3.484989442443587 ], [ -76.62536768743135, 3.485275381191069 ], [ -76.626674844506269, 3.485660671365366 ], [ -76.626986221174903, 3.486182761564835 ], [ -76.627056324598286, 3.486539067642841 ], [ -76.628169773942375, 3.487736515501696 ], [ -76.628499622542833, 3.487852493402614 ], [ -76.629276635231022, 3.487738658077366 ], [ -76.629975388726663, 3.48722867479285 ], [ -76.63400135248726, 3.48569488650873 ], [ -76.635080133150083, 3.485086690177084 ], [ -76.636395809183554, 3.484266913095825 ], [ -76.637264105267107, 3.48355297816128 ], [ -76.637770933185806, 3.483014884130337 ], [ -76.638251384683343, 3.482221638581577 ], [ -76.640104757815465, 3.481198382994883 ], [ -76.641317409932824, 3.479899170398849 ], [ -76.641500446656906, 3.479519821434653 ], [ -76.642015213429588, 3.478979464545902 ], [ -76.642918959847535, 3.47755382063864 ], [ -76.643605386811473, 3.476887006400692 ], [ -76.644005775595687, 3.476358169112355 ], [ -76.644291628415843, 3.474300329142774 ], [ -76.644726361668788, 3.473254120808302 ], [ -76.64495509585511, 3.47181707066036 ], [ -76.645618610099532, 3.47132269048281 ], [ -76.646190572368482, 3.470448904956517 ], [ -76.646350755197332, 3.470012055859271 ], [ -76.647334611138817, 3.469460153290505 ], [ -76.647677778842137, 3.469034805288543 ], [ -76.647986661896425, 3.468954256268399 ], [ -76.648524376809263, 3.469046195663515 ], [ -76.648604439623142, 3.46895421658462 ], [ -76.648661630823852, 3.468459872427124 ], [ -76.648798910359133, 3.468264472940386 ], [ -76.649656945595368, 3.46795402374238 ], [ -76.650148854608076, 3.467413663740662 ], [ -76.650469191111156, 3.46726416845862 ], [ -76.651281399641007, 3.467080166554576 ], [ -76.651658969072173, 3.467080141638723 ], [ -76.653911249620748, 3.46726838599416 ], [ -76.655560189540267, 3.466780993187348 ], [ -76.656378164395022, 3.46666593270885 ], [ -76.657327752478437, 3.466757837066269 ], [ -76.657716704345091, 3.466688863307145 ], [ -76.658518274707632, 3.466215513751572 ], [ -76.659037134416479, 3.466121453601507 ], [ -76.659810344036472, 3.46620581035971 ], [ -76.660874321993788, 3.466504678876972 ], [ -76.662115641682973, 3.466550569695086 ], [ -76.662241481181383, 3.466642533687393 ], [ -76.662333041688797, 3.467067851999228 ], [ -76.662504662007692, 3.467378231660624 ], [ -76.663133923440867, 3.467711604172091 ], [ -76.664564013103686, 3.467998924838152 ], [ -76.665422069397692, 3.468021813324375 ], [ -76.665673726330624, 3.467918304366038 ], [ -76.666520218755537, 3.466653633059042 ], [ -76.667206635518696, 3.466170749186819 ], [ -76.667366806283155, 3.465722382536976 ], [ -76.667698497681585, 3.465205056261885 ], [ -76.668516446675667, 3.464808341545455 ], [ -76.669671923742385, 3.463946008198697 ], [ -76.670037948253253, 3.463785057469611 ], [ -76.670449782494529, 3.463325153830657 ], [ -76.670758651775813, 3.463129666204337 ], [ -76.672966631927594, 3.462451183390506 ], [ -76.67365303118315, 3.46184184965173 ], [ -76.674648337452524, 3.461485379275665 ], [ -76.675094515756783, 3.461496781005511 ], [ -76.675311886909086, 3.461623278527534 ], [ -76.675494960775907, 3.461841681165982 ], [ -76.675906855060717, 3.462864796253454 ], [ -76.676192931337269, 3.463255622559952 ], [ -76.676353154831233, 3.463428111995029 ], [ -76.676982347344364, 3.463761403911824 ], [ -76.677302696986729, 3.463795846100357 ], [ -76.678229378696457, 3.463278460262689 ], [ -76.679699391777731, 3.462812729662147 ], [ -76.680465904139524, 3.46270916654363 ], [ -76.682696788189915, 3.462697432548359 ], [ -76.683120131855148, 3.462835351046095 ], [ -76.68345196370592, 3.463111237941129 ], [ -76.68348630153433, 3.463444656320462 ], [ -76.683257560848602, 3.46421494046868 ], [ -76.683246158387647, 3.464778226381918 ], [ -76.683349155843331, 3.464904662080293 ], [ -76.684458875580873, 3.464939092816589 ], [ -76.684916492481591, 3.464743584850564 ], [ -76.685528524168504, 3.46426641782142 ], [ -76.685963140353152, 3.463266178830502 ], [ -76.686397818486881, 3.46287528142689 ], [ -76.687198692151071, 3.46263374946619 ], [ -76.687736359439626, 3.462288827917345 ], [ -76.688651535716176, 3.462058797653823 ], [ -76.689183482484893, 3.461466704907149 ], [ -76.689366526145619, 3.461374712239162 ], [ -76.689789776286105, 3.461282693041173 ], [ -76.690338961598087, 3.461501053735829 ], [ -76.690544849797305, 3.461386028742556 ], [ -76.690727845706519, 3.460845682156982 ], [ -76.690899259956311, 3.459155738059208 ], [ -76.691414031560285, 3.458385421452323 ], [ -76.691516902793396, 3.457327785239261 ], [ -76.692306186703178, 3.456591910986251 ], [ -76.692603542059857, 3.455948062863035 ], [ -76.692637789569289, 3.454775431802144 ], [ -76.6924717986129, 3.453941965836694 ], [ -76.692448774945461, 3.452953288960908 ], [ -76.692265640655208, 3.452194562221745 ], [ -76.692517164931147, 3.450286118413399 ], [ -76.692757342605077, 3.450056228768128 ], [ -76.693272171428475, 3.449860710918995 ], [ -76.694164454126536, 3.449320285053536 ], [ -76.69481646465735, 3.448802842772289 ], [ -76.695531425599526, 3.447969279493239 ], [ -76.696377940999213, 3.447428856361028 ], [ -76.697304468478364, 3.446405597853202 ], [ -76.697533213222641, 3.445796299354766 ], [ -76.697922195061508, 3.445474347270346 ], [ -76.69821960382157, 3.445359310749252 ], [ -76.698946043976278, 3.445365019290563 ], [ -76.699300672577195, 3.445238531818355 ], [ -76.700696392286048, 3.445180867162809 ], [ -76.701588735423584, 3.445238263005218 ], [ -76.702732830348296, 3.445467988924404 ], [ -76.703030231189786, 3.445295520108314 ], [ -76.703281921616437, 3.444962139673832 ], [ -76.703522016198775, 3.44407684768259 ], [ -76.704116759109112, 3.44265125651941 ], [ -76.704368380029919, 3.442340832392986 ], [ -76.705089084831585, 3.442030351532429 ], [ -76.705489404208961, 3.441328987083334 ], [ -76.705575001568647, 3.439414839510704 ], [ -76.705448993986167, 3.437943349703975 ], [ -76.705288644511356, 3.436736269179598 ], [ -76.704985418112031, 3.435799334413709 ], [ -76.704893819597501, 3.435190074593321 ], [ -76.705145436716265, 3.434856621342434 ], [ -76.706014888074165, 3.434615067406334 ], [ -76.70678120263841, 3.433695306885152 ], [ -76.706872613394921, 3.432764117362903 ], [ -76.706843777877367, 3.43035564300344 ], [ -76.707175284495676, 3.428608105354352 ], [ -76.706065511791778, 3.427780551200361 ], [ -76.705195917982678, 3.426791978129845 ], [ -76.704532123345118, 3.424435288969535 ], [ -76.703570981873384, 3.42260751799078 ], [ -76.703502244765417, 3.42211318664217 ], [ -76.703136039401997, 3.421159023150249 ], [ -76.702850038788881, 3.420779648425929 ], [ -76.702781242718686, 3.419779461149907 ], [ -76.702529533951122, 3.41929666526601 ], [ -76.70139691095001, 3.418917460993042 ], [ -76.701019328363984, 3.418630070538571 ], [ -76.70034431533162, 3.417583967377757 ], [ -76.700058203955734, 3.416848282411748 ], [ -76.69947470861888, 3.416353939425159 ], [ -76.699348858305484, 3.416147047358753 ], [ -76.698948348879782, 3.415123941202713 ], [ -76.69883380606889, 3.414204218325974 ], [ -76.698559164834023, 3.413548991368192 ], [ -76.698261701818396, 3.413100671710992 ], [ -76.698044284531406, 3.412491352485961 ], [ -76.697952639964626, 3.411399265040016 ], [ -76.69774665852816, 3.411203826685515 ], [ -76.696351002361695, 3.410767145134182 ], [ -76.695103888745749, 3.409778602801758 ], [ -76.694474702256898, 3.409226830736011 ], [ -76.694383153713034, 3.408985391516905 ], [ -76.694348704881676, 3.408284150122407 ], [ -76.693936874237025, 3.407801298067169 ], [ -76.693341936018996, 3.407364522535931 ], [ -76.692861455712148, 3.407123126728281 ], [ -76.691866152668808, 3.406927843546169 ], [ -76.691048067315776, 3.406128917410135 ], [ -76.689789724709101, 3.405887602414005 ], [ -76.68913757420782, 3.405496817232129 ], [ -76.688878642858782, 3.405079289167956 ], [ -76.688939300774635, 3.405722816831444 ], [ -76.688928311791344, 3.407549010467013 ], [ -76.68923968960884, 3.408694480464628 ], [ -76.690222091202386, 3.410546636493671 ], [ -76.692004895990351, 3.412731844663144 ], [ -76.692344559599334, 3.41343051099191 ], [ -76.692344628266767, 3.414080401360247 ], [ -76.691794950380483, 3.414925388598716 ], [ -76.691176563414345, 3.415461685165059 ], [ -76.69099068407489, 3.415924751795947 ], [ -76.690610800521966, 3.416444704350447 ], [ -76.690004489338762, 3.416867268462522 ], [ -76.689871139038999, 3.417509049400863 ], [ -76.68941851309971, 3.418159057441169 ], [ -76.689361948537112, 3.418370277281828 ], [ -76.689329639714472, 3.41862211463088 ], [ -76.689560247299383, 3.420393181806838 ], [ -76.689455207338469, 3.420864364260238 ], [ -76.689544218254952, 3.421725529968255 ], [ -76.690021281197048, 3.422830363764714 ], [ -76.690433891477724, 3.423334267921994 ], [ -76.690550554065254, 3.423744252032149 ], [ -76.690511781581947, 3.42470086553788 ], [ -76.690278775307092, 3.425559876187005 ], [ -76.690045641005995, 3.42587227256201 ], [ -76.689385139737311, 3.42641895652595 ], [ -76.688782966126638, 3.42680951878848 ], [ -76.688161289783807, 3.42690720842372 ], [ -76.687341804188421, 3.427688504923619 ], [ -76.686868970022445, 3.428753172358419 ], [ -76.685490716852286, 3.431024256294159 ], [ -76.685187227669772, 3.432175793747697 ], [ -76.685212919319497, 3.432508648441805 ], [ -76.684309838242541, 3.433929102653545 ], [ -76.683221252474723, 3.43541470604337 ], [ -76.681665514158709, 3.436527301708729 ], [ -76.680963557821997, 3.436674018412759 ], [ -76.680427232409215, 3.436978600713051 ], [ -76.679002805443943, 3.437398622361028 ], [ -76.677769002208038, 3.438393636159352 ], [ -76.677562215498995, 3.438650433447074 ], [ -76.677479542908088, 3.439352040207935 ], [ -76.676930451593023, 3.439983050256616 ], [ -76.676767335364431, 3.440416443744708 ], [ -76.676740700984183, 3.441263069426892 ], [ -76.676818855461249, 3.44187586685471 ], [ -76.677095865884965, 3.44237385493659 ], [ -76.677208770789036, 3.443236150814379 ], [ -76.677508864098826, 3.443992325770905 ], [ -76.677529866266909, 3.444575882810267 ], [ -76.677979207854037, 3.445432496131524 ], [ -76.67797185025357, 3.446439897918201 ], [ -76.677476910954084, 3.447366108715826 ], [ -76.677399062212103, 3.447796667134725 ], [ -76.676560871680735, 3.448796659347384 ], [ -76.676581003981909, 3.449096737248852 ], [ -76.676892028070554, 3.44945838542373 ], [ -76.67703132559582, 3.449895848637448 ], [ -76.676783120774402, 3.450021399769277 ], [ -76.676362327058257, 3.450029914969617 ], [ -76.675666373171367, 3.449814173351894 ], [ -76.67532913616877, 3.449527546411252 ], [ -76.675020830740351, 3.449688774617251 ], [ -76.674858737286016, 3.450581046994457 ], [ -76.675305866490277, 3.451067788705657 ], [ -76.675272869638547, 3.451537761597192 ], [ -76.675155632157711, 3.451730125367112 ], [ -76.674737647670554, 3.451715893484575 ], [ -76.674468888103789, 3.451534302575646 ], [ -76.674206159472263, 3.451192780388467 ], [ -76.67394563071376, 3.451084936779142 ], [ -76.673751269120132, 3.451172264467918 ], [ -76.673636422401117, 3.451377555831093 ], [ -76.673645545440777, 3.451995939904025 ], [ -76.673514684778169, 3.452340888412738 ], [ -76.672853758538608, 3.452360160825606 ], [ -76.672295452997204, 3.452247963753909 ], [ -76.671946386495179, 3.45175104005029 ], [ -76.671550527916693, 3.451525237202061 ], [ -76.670664640912875, 3.451414197024031 ], [ -76.668731563422995, 3.450654626749873 ], [ -76.668048342400866, 3.450529086290964 ], [ -76.667136545230065, 3.450752032617528 ], [ -76.666375118172084, 3.451054081919045 ], [ -76.665525084690714, 3.451822577158401 ], [ -76.664637944729122, 3.451861076203397 ], [ -76.664351005089117, 3.451998142159455 ], [ -76.664024923519804, 3.452304393169205 ], [ -76.663902480163244, 3.45247273913338 ], [ -76.663812462218516, 3.452883802041116 ], [ -76.663194527200417, 3.453430323920128 ], [ -76.662971165860554, 3.453967066227727 ], [ -76.662700262624043, 3.454226196380369 ], [ -76.662780800052573, 3.454849448895893 ], [ -76.662543867274664, 3.455330810345532 ], [ -76.66240503670565, 3.455405983178165 ], [ -76.662029646902027, 3.455346532350092 ], [ -76.66131265340934, 3.454869413400109 ], [ -76.660691352208929, 3.454617981095525 ], [ -76.660493748159681, 3.454635232414679 ], [ -76.659957619630518, 3.454957958433293 ], [ -76.659320367883055, 3.454811073200906 ], [ -76.658444702435446, 3.454149098316006 ], [ -76.658046955636308, 3.454048959523318 ], [ -76.65794939145303, 3.453179031372387 ], [ -76.656452372111985, 3.453441143842922 ], [ -76.655856517410584, 3.453162934261728 ], [ -76.655598318410242, 3.453166625760935 ], [ -76.655343644470946, 3.453327421308921 ], [ -76.654979209087031, 3.454092764712525 ], [ -76.654459529179945, 3.454441693363171 ], [ -76.654195592144902, 3.454833765565597 ], [ -76.653789297854118, 3.455156195853316 ], [ -76.653466112760881, 3.455740130766872 ], [ -76.65293467785898, 3.455878551195764 ], [ -76.652587615589653, 3.455783916826238 ], [ -76.652195900927879, 3.455467968944012 ], [ -76.651854683795037, 3.455535665261385 ], [ -76.651723953125057, 3.455858924557227 ], [ -76.651621876157876, 3.456822182891707 ], [ -76.651125413478908, 3.457517175028216 ], [ -76.650669470250975, 3.457560578331741 ], [ -76.64990577896981, 3.457805255378923 ], [ -76.649647646996812, 3.457788389303514 ], [ -76.649097060281107, 3.457468282538508 ], [ -76.648413984297036, 3.457462181009435 ], [ -76.647985540301804, 3.457725059767007 ], [ -76.647739221742057, 3.457767954293038 ], [ -76.647217177224746, 3.457460277996588 ], [ -76.646428298136556, 3.457372378570518 ], [ -76.645909824218222, 3.457979563708862 ], [ -76.645539571081457, 3.458000213660236 ], [ -76.644689628003832, 3.458317085998321 ], [ -76.644686967816995, 3.458507956282813 ], [ -76.645100204492323, 3.459016471548895 ], [ -76.645158009665593, 3.459368256934282 ], [ -76.644987558124257, 3.459699146484778 ], [ -76.644649788905767, 3.459850477710103 ], [ -76.644037493881427, 3.459736924733957 ], [ -76.643723270599097, 3.459832801964519 ], [ -76.643206164869909, 3.459830217784362 ], [ -76.64255948061539, 3.459478748622003 ], [ -76.642513331914031, 3.458883465743799 ], [ -76.64233033854606, 3.458710266441794 ], [ -76.642113052237306, 3.458751038163342 ], [ -76.641715829672236, 3.459231061336214 ], [ -76.641306139302174, 3.459243869879548 ], [ -76.639340042433176, 3.458763906676716 ], [ -76.638118245863993, 3.458145372963897 ], [ -76.637849569893362, 3.458126597137502 ], [ -76.637287533193003, 3.457900788762589 ], [ -76.636882564361741, 3.458147979996273 ], [ -76.636421696242564, 3.458145036214056 ], [ -76.636141221717878, 3.458353440095833 ], [ -76.63590249444178, 3.45840664386512 ], [ -76.635228907064587, 3.458384567250491 ], [ -76.634552659528111, 3.458607965595899 ], [ -76.633976499065909, 3.458502808992438 ], [ -76.633638864564688, 3.458564495392626 ], [ -76.633121495358068, 3.458931071903389 ], [ -76.632721956061246, 3.459582535819571 ], [ -76.631624064616474, 3.459798604460696 ], [ -76.631543450750087, 3.460173567780275 ], [ -76.631158998595581, 3.460265346729161 ], [ -76.630891617074312, 3.460916380355186 ], [ -76.630091932729556, 3.461322597997134 ], [ -76.629964360668055, 3.461726807327794 ], [ -76.62999199952155, 3.462004987576949 ], [ -76.629607839349205, 3.462360113281604 ], [ -76.629038579628102, 3.462563935884534 ], [ -76.627897093688603, 3.46265186100724 ], [ -76.627755791744946, 3.462572042961768 ], [ -76.627622130893272, 3.461930563111585 ], [ -76.627418682503802, 3.461756938271321 ], [ -76.626343058052186, 3.461628699296061 ], [ -76.625346883781376, 3.461891661644621 ], [ -76.624892052031086, 3.461695440125907 ], [ -76.624519773695795, 3.462132011361376 ], [ -76.624347963465368, 3.462037148550718 ], [ -76.624049621310121, 3.462054607637574 ], [ -76.623819041486911, 3.461920470231653 ], [ -76.623506148710305, 3.461947254778532 ], [ -76.623373442097773, 3.462342280785138 ], [ -76.623288552248326, 3.46314885546398 ], [ -76.622197465337891, 3.46317192400826 ], [ -76.621880506615142, 3.463535733218414 ], [ -76.621636367945911, 3.463659927677442 ], [ -76.621319184394693, 3.46362843213376 ], [ -76.619695145407363, 3.462844944395424 ], [ -76.618845185977108, 3.463101679167216 ], [ -76.618049420059137, 3.463124803663044 ], [ -76.617231454189792, 3.463645872119425 ], [ -76.61666879144434, 3.463602798263168 ], [ -76.616415715167591, 3.463458347194835 ], [ -76.615504480133183, 3.462052771444928 ], [ -76.615280089724308, 3.462020777243265 ], [ -76.614762495894936, 3.46226209933681 ], [ -76.613620287129962, 3.461665501745591 ], [ -76.613206797933543, 3.461657459579671 ], [ -76.612882153203628, 3.461235180135192 ], [ -76.612319139660727, 3.461129798438185 ], [ -76.6117162577345, 3.460638792329751 ], [ -76.610877959821607, 3.460546555110961 ], [ -76.610616258318061, 3.460644543055549 ] ] ] } },
{ "type": "Feature", "properties": { "OBJECTID": 9, "suelo": "Rural", "barrio": "La Elvira", "comuna": "61", "cod_bar": "6100" }, "geometry": { "type": "Polygon", "coordinates": [ [ [ -76.582726436883576, 3.526941947907691 ], [ -76.58322612468605, 3.527673632284288 ], [ -76.585659123226463, 3.530373130722835 ], [ -76.586058872535872, 3.531229736667049 ], [ -76.586135015318533, 3.531629485540444 ], [ -76.585944658179272, 3.533095234256157 ], [ -76.58590831268252, 3.534631390078026 ], [ -76.586210860162083, 3.536226141436529 ], [ -76.586466006031742, 3.538956971481552 ], [ -76.586402814859426, 3.540080426095222 ], [ -76.586633110705904, 3.541329325395851 ], [ -76.586575199512652, 3.542710683821034 ], [ -76.585968579966519, 3.544163775535534 ], [ -76.585819856569955, 3.545389863826522 ], [ -76.585813933174975, 3.545808525961425 ], [ -76.585909191825621, 3.546095600113357 ], [ -76.586480613504293, 3.545999866161119 ], [ -76.587410632996438, 3.546013633528446 ], [ -76.58774211787761, 3.546266225679504 ], [ -76.588504041835236, 3.546529328119741 ], [ -76.589277855809755, 3.546589079468274 ], [ -76.589646922354007, 3.54685221023358 ], [ -76.591730257125889, 3.546852051913312 ], [ -76.592039802388058, 3.547139109372178 ], [ -76.592087461244105, 3.547653460175885 ], [ -76.592349387507625, 3.547928559535425 ], [ -76.592361335515164, 3.548490760258998 ], [ -76.592551814934524, 3.54852663059114 ], [ -76.593063719008583, 3.548502666684608 ], [ -76.593182748346379, 3.548263422318974 ], [ -76.593599413514312, 3.548239466304077 ], [ -76.593944632081715, 3.547976281259178 ], [ -76.59450415427527, 3.547952312896603 ], [ -76.596182612704553, 3.546540691382491 ], [ -76.596177372574104, 3.546162962030539 ], [ -76.596271086385386, 3.546037390949399 ], [ -76.596679298325284, 3.546041249073868 ], [ -76.597060272151452, 3.546292413517935 ], [ -76.597798371795463, 3.546352160801029 ], [ -76.598084101593216, 3.546543524659694 ], [ -76.598869818778155, 3.546579343153197 ], [ -76.599453196859557, 3.547117571535734 ], [ -76.59981034648564, 3.547189311304282 ], [ -76.600699725092767, 3.546850414390192 ], [ -76.601109215076022, 3.546467603679977 ], [ -76.601359848707276, 3.546021911485746 ], [ -76.601455040588391, 3.545495586505261 ], [ -76.601704994418057, 3.544957286725023 ], [ -76.602276344647947, 3.544084029540927 ], [ -76.602859632197408, 3.543593547055287 ], [ -76.603910237023499, 3.543119046544908 ], [ -76.604536283532752, 3.542166959181171 ], [ -76.605773184049184, 3.542185985393476 ], [ -76.606649939019178, 3.542086413349612 ], [ -76.606628363028307, 3.541584948389927 ], [ -76.606742584279431, 3.540895942181006 ], [ -76.607447198612846, 3.539364774590496 ], [ -76.607923304429491, 3.538503484298157 ], [ -76.609637341064811, 3.536053557859953 ], [ -76.610284843759715, 3.534924308668944 ], [ -76.610284795947578, 3.534426699954229 ], [ -76.610684761577815, 3.534120441410268 ], [ -76.611008554944988, 3.534005576183974 ], [ -76.611218034497469, 3.533584503795851 ], [ -76.612646474711511, 3.532455175429253 ], [ -76.613027380770902, 3.532053222370485 ], [ -76.613389268332085, 3.531938354431876 ], [ -76.613560638767055, 3.531383312628624 ], [ -76.613865399442531, 3.531421559988225 ], [ -76.614127370730458, 3.531607538687143 ], [ -76.616063438699356, 3.531772780061697 ], [ -76.61640391017265, 3.531635940308161 ], [ -76.616676252151692, 3.531314376870617 ], [ -76.617527294716339, 3.530045226018772 ], [ -76.617997017530968, 3.528847999733088 ], [ -76.617894905696019, 3.527835445799208 ], [ -76.617636105801239, 3.527301836855699 ], [ -76.6174386754561, 3.526603988301215 ], [ -76.617554379880971, 3.526234536373905 ], [ -76.618126269193155, 3.525653006897466 ], [ -76.618214773741499, 3.525454645661545 ], [ -76.618214754143281, 3.524852578119229 ], [ -76.617731319728151, 3.523675867986228 ], [ -76.618085306824767, 3.52200994642673 ], [ -76.618806991021643, 3.520976880102588 ], [ -76.619290415897765, 3.51973168607357 ], [ -76.620093803678117, 3.519184338790155 ], [ -76.620366121653745, 3.518267558733984 ], [ -76.620760992577644, 3.517898167461299 ], [ -76.621351374564952, 3.517621236264835 ], [ -76.62210059320671, 3.516099617626907 ], [ -76.622177615214895, 3.515323135474586 ], [ -76.622060798458207, 3.514056559288579 ], [ -76.621766642329078, 3.513632445912394 ], [ -76.620975466669378, 3.513463785573296 ], [ -76.620727788627562, 3.513283874398642 ], [ -76.620584224141467, 3.513014103344538 ], [ -76.620474532405638, 3.512350017825266 ], [ -76.6206499776291, 3.511605462476534 ], [ -76.620532696561924, 3.511075594517913 ], [ -76.619886808829534, 3.510122537782079 ], [ -76.619910631866432, 3.509844991123096 ], [ -76.62036460439603, 3.50894960969346 ], [ -76.620456242518458, 3.507958805937036 ], [ -76.619936116417861, 3.506768251245579 ], [ -76.619912803006571, 3.505470802154134 ], [ -76.619491580608212, 3.503932835574937 ], [ -76.619118060400211, 3.503513455864499 ], [ -76.617423452726925, 3.503060495156009 ], [ -76.61598866672206, 3.502269226475875 ], [ -76.615837513996681, 3.50202333161497 ], [ -76.615716430107739, 3.501113700141071 ], [ -76.615598387757245, 3.500845057827817 ], [ -76.615401542302052, 3.500661964648246 ], [ -76.614380977743053, 3.500133957009997 ], [ -76.614242759039342, 3.499859099282896 ], [ -76.614069868022028, 3.498988038391716 ], [ -76.613065891943663, 3.498267746325404 ], [ -76.612790237304338, 3.497941889847325 ], [ -76.612593666362258, 3.497498343872154 ], [ -76.612719631110267, 3.497008379654237 ], [ -76.613290806399647, 3.496540372908126 ], [ -76.614519563155639, 3.495966738151789 ], [ -76.615725903367576, 3.495731259961914 ], [ -76.616279149204018, 3.495256822586545 ], [ -76.616335104265019, 3.495110807693352 ], [ -76.616267048383875, 3.49494791314758 ], [ -76.615350125026225, 3.494853988808626 ], [ -76.614868561123416, 3.494492747934691 ], [ -76.614489780715374, 3.49433311113104 ], [ -76.612040540315093, 3.494495932405605 ], [ -76.611497898759936, 3.494657782802329 ], [ -76.610008948504529, 3.494651319955319 ], [ -76.608544174560208, 3.494378469739317 ], [ -76.60777579770064, 3.494394098166589 ], [ -76.607312024635434, 3.494088870265352 ], [ -76.606837217110922, 3.493940464744747 ], [ -76.605575822318045, 3.49370631627789 ], [ -76.604996131310799, 3.493718759061804 ], [ -76.604193302068325, 3.493358789972965 ], [ -76.603853964404436, 3.493380694053203 ], [ -76.603735084951012, 3.493212501775826 ], [ -76.603695355152041, 3.492575184994613 ], [ -76.603398259911387, 3.492015505803925 ], [ -76.602910516616191, 3.491768131795153 ], [ -76.602462218173571, 3.491888792753354 ], [ -76.602116979248649, 3.492091040934203 ], [ -76.600792550391333, 3.493331998190245 ], [ -76.600264948514166, 3.493208102021714 ], [ -76.599823955932223, 3.492966588914627 ], [ -76.599648061098947, 3.492573547718691 ], [ -76.599580579462341, 3.493075236351645 ], [ -76.600009345465537, 3.493663877012614 ], [ -76.600207249567518, 3.494556345157221 ], [ -76.600189890601513, 3.494905944193083 ], [ -76.600070313633609, 3.495179606725609 ], [ -76.600431447735318, 3.495411301464758 ], [ -76.601046791407782, 3.496106324270269 ], [ -76.601260651426045, 3.49662256113196 ], [ -76.601105229097129, 3.497429417401474 ], [ -76.60083985155751, 3.497761289023803 ], [ -76.600476402470022, 3.497959510866619 ], [ -76.600345720593111, 3.498449545287234 ], [ -76.600341034543675, 3.500304489790778 ], [ -76.600456259108668, 3.500440258402468 ], [ -76.600917219937713, 3.500604914843179 ], [ -76.601190833957148, 3.501024585974648 ], [ -76.601139240727477, 3.501531643377875 ], [ -76.600836322131542, 3.501923630810645 ], [ -76.600321935435417, 3.502027972926058 ], [ -76.599737668350969, 3.50194766246861 ], [ -76.599111717033026, 3.502245419420972 ], [ -76.598241327329433, 3.502326665021473 ], [ -76.597765466420114, 3.502534424314112 ], [ -76.59710928272132, 3.502519525670428 ], [ -76.596373379752322, 3.502836354603811 ], [ -76.595776599274402, 3.502902690321552 ], [ -76.595422216739578, 3.503158058191418 ], [ -76.595134483763772, 3.504095952467065 ], [ -76.594529476834907, 3.504069608158765 ], [ -76.59355560661956, 3.504571584425547 ], [ -76.593274054309859, 3.504892858022095 ], [ -76.591790710803423, 3.505083947046685 ], [ -76.591368487932328, 3.505532091751844 ], [ -76.590915400662567, 3.505845947658466 ], [ -76.59049120850149, 3.50672245494542 ], [ -76.590220551309713, 3.507050861829495 ], [ -76.589344252213579, 3.50702967170566 ], [ -76.58863576052903, 3.506747958707105 ], [ -76.588343660341522, 3.506728532191431 ], [ -76.587578295825949, 3.507112745992662 ], [ -76.587293647834656, 3.50715315185978 ], [ -76.587136806875449, 3.507292100416212 ], [ -76.586665016450922, 3.508486205673341 ], [ -76.586414463598715, 3.508787768169291 ], [ -76.585731488164626, 3.509306549580662 ], [ -76.585573871695672, 3.509898868956316 ], [ -76.585608246717428, 3.510689616832757 ], [ -76.585775491176548, 3.511516816314937 ], [ -76.586101547151188, 3.511978027768554 ], [ -76.586308301808273, 3.512812784396279 ], [ -76.586389498217457, 3.513581845525521 ], [ -76.586308299137883, 3.514176143525703 ], [ -76.586459095295595, 3.514782096788926 ], [ -76.586737417890689, 3.515329770367937 ], [ -76.587038939572537, 3.515667714436903 ], [ -76.586969339277161, 3.517194252001985 ], [ -76.58723606251182, 3.517940002606844 ], [ -76.587270862128449, 3.518336223412529 ], [ -76.586609814875629, 3.519245081356459 ], [ -76.584514242013768, 3.52465972848724 ], [ -76.582726436883576, 3.526941947907691 ] ] ] } },
{ "type": "Feature", "properties": { "OBJECTID": 10, "suelo": "Rural", "barrio": "La Paz", "comuna": "63", "cod_bar": "6300" }, "geometry": { "type": "Polygon", "coordinates": [ [ [ -76.552729875626881, 3.511570401068211 ], [ -76.553231684763134, 3.511595638984732 ], [ -76.553904753192327, 3.511448661462387 ], [ -76.554480159078096, 3.511438919195488 ], [ -76.556099600583636, 3.512158674384195 ], [ -76.556733493936619, 3.512551386227691 ], [ -76.558001571921807, 3.513041530511874 ], [ -76.558466256533507, 3.513062554485605 ], [ -76.55939979700274, 3.513330979213859 ], [ -76.559930496792077, 3.513220387095584 ], [ -76.560561639687705, 3.513250892646797 ], [ -76.561473312158711, 3.513507401693138 ], [ -76.562358987503487, 3.51332075828259 ], [ -76.563064513438434, 3.513590555652379 ], [ -76.563265068508542, 3.51416387800586 ], [ -76.564184148301464, 3.515715729768233 ], [ -76.564484959570109, 3.516061521294867 ], [ -76.564634539623498, 3.516932944922985 ], [ -76.565015070369284, 3.517383851464591 ], [ -76.565258874106121, 3.517491655215066 ], [ -76.565582421310992, 3.518138180257596 ], [ -76.565963135050822, 3.519375499219989 ], [ -76.566581794032288, 3.520707998270428 ], [ -76.567248043841261, 3.520898354660814 ], [ -76.568532953320428, 3.520945943472276 ], [ -76.569315704373352, 3.520687585331224 ], [ -76.570093314601763, 3.520592235816695 ], [ -76.570369587909639, 3.519993231707068 ], [ -76.571600137966556, 3.520065674607813 ], [ -76.572617165908412, 3.519657072907968 ], [ -76.573055637668617, 3.519663437812405 ], [ -76.573384441806226, 3.519497014428061 ], [ -76.573810952189376, 3.519576207052729 ], [ -76.574330478659036, 3.519814768368761 ], [ -76.575188854099494, 3.520559754474355 ], [ -76.575920480250218, 3.520883226410874 ], [ -76.576447176661588, 3.521324312050896 ], [ -76.577500712668765, 3.521961431397525 ], [ -76.577773833244251, 3.52220641540043 ], [ -76.577910355641833, 3.522598471123707 ], [ -76.578066425256665, 3.522745546026667 ], [ -76.579295509893996, 3.523274867385784 ], [ -76.579968574807182, 3.524083495076246 ], [ -76.581869754780868, 3.525496435136922 ], [ -76.582726436883576, 3.526941947907691 ], [ -76.584514242013768, 3.52465972848724 ], [ -76.583895164317298, 3.524046214640354 ], [ -76.583720254263326, 3.523636076641158 ], [ -76.58368137893909, 3.523284570179545 ], [ -76.583428716161393, 3.522776735508565 ], [ -76.58337036811271, 3.522132284116058 ], [ -76.582865042611928, 3.521233877656858 ], [ -76.582087649944285, 3.520491725180973 ], [ -76.580620178225146, 3.519388312676742 ], [ -76.580027401747685, 3.518382530863502 ], [ -76.579774741751464, 3.517894262883799 ], [ -76.579673163260168, 3.517141376681174 ], [ -76.579561314980793, 3.516919919391577 ], [ -76.579588663707369, 3.51672353940811 ], [ -76.579765051457329, 3.51661503690163 ], [ -76.579813632288179, 3.516390471860204 ], [ -76.579186132859562, 3.515149173556407 ], [ -76.579021628066116, 3.515072174393973 ], [ -76.578924407766507, 3.514437469619486 ], [ -76.57832192902508, 3.514037145606354 ], [ -76.578001219022866, 3.513539127749792 ], [ -76.577408444070755, 3.513148479255003 ], [ -76.577252940242957, 3.512894596290746 ], [ -76.577155790719885, 3.511976690527893 ], [ -76.576741168858206, 3.511085844411801 ], [ -76.576311153365751, 3.509758647639022 ], [ -76.57622125012881, 3.509013108767236 ], [ -76.575906095105267, 3.508469809649523 ], [ -76.575321056540915, 3.508108052921894 ], [ -76.575231073761273, 3.50788193093323 ], [ -76.575433619473202, 3.507226250187843 ], [ -76.57493856834401, 3.506706188965049 ], [ -76.574871012207637, 3.506502673221443 ], [ -76.574725700929179, 3.506451457118695 ], [ -76.574767040571615, 3.506259315337826 ], [ -76.574276200123364, 3.506265174369337 ], [ -76.572528392486248, 3.505738167171481 ], [ -76.571566748579528, 3.50569237756386 ], [ -76.569688259655805, 3.504905618904946 ], [ -76.569241851308433, 3.504871136940276 ], [ -76.568390085730144, 3.505033166571951 ], [ -76.567663603600536, 3.504797355617757 ], [ -76.566264135555457, 3.504533622664987 ], [ -76.565909121678644, 3.504339566186922 ], [ -76.56534265691424, 3.503617255058557 ], [ -76.564910944155002, 3.503475468756128 ], [ -76.56402805681121, 3.502793626110283 ], [ -76.563691046888806, 3.502395345812049 ], [ -76.562909042011071, 3.501754264032006 ], [ -76.562465520634618, 3.501605766216526 ], [ -76.562098358077918, 3.501023820462909 ], [ -76.561460113566895, 3.50057580103058 ], [ -76.561363605818826, 3.500063443635748 ], [ -76.561016038563082, 3.500005228407165 ], [ -76.560420024944904, 3.500390763961772 ], [ -76.559936555632831, 3.500855421407056 ], [ -76.559587634939021, 3.501539421516536 ], [ -76.559299676133293, 3.501823811367557 ], [ -76.55903399528033, 3.502323654294467 ], [ -76.558738862942675, 3.502663071706042 ], [ -76.558284581874005, 3.50263734383564 ], [ -76.557895108687021, 3.502911487343487 ], [ -76.557631747693648, 3.503393669973364 ], [ -76.557511431114463, 3.504377120390306 ], [ -76.557176783980267, 3.504866506665615 ], [ -76.556800295527481, 3.505732615106907 ], [ -76.556446185022608, 3.505898749790018 ], [ -76.555766727461275, 3.505923380144087 ], [ -76.555396583752241, 3.506249796079902 ], [ -76.555044767369495, 3.507126925949423 ], [ -76.554625476758545, 3.507601330995545 ], [ -76.553911250177975, 3.508709722803367 ], [ -76.55348088779202, 3.510068333646046 ], [ -76.553517007726455, 3.510476424091879 ], [ -76.553444376158879, 3.510758276545781 ], [ -76.552827603276128, 3.511335809134372 ], [ -76.552729875626881, 3.511570401068211 ] ] ] } },
{ "type": "Feature", "properties": { "OBJECTID": 11, "suelo": "Rural", "barrio": "La Leonera", "comuna": "58", "cod_bar": "5800" }, "geometry": { "type": "Polygon", "coordinates": [ [ [ -76.610616258318061, 3.460644543055549 ], [ -76.610877959821607, 3.460546555110961 ], [ -76.6117162577345, 3.460638792329751 ], [ -76.612319139660727, 3.461129798438185 ], [ -76.612882153203628, 3.461235180135192 ], [ -76.613206797933543, 3.461657459579671 ], [ -76.613620287129962, 3.461665501745591 ], [ -76.614762495894936, 3.46226209933681 ], [ -76.615280089724308, 3.462020777243265 ], [ -76.615504480133183, 3.462052771444928 ], [ -76.616415715167591, 3.463458347194835 ], [ -76.61666879144434, 3.463602798263168 ], [ -76.617231454189792, 3.463645872119425 ], [ -76.618049420059137, 3.463124803663044 ], [ -76.618845185977108, 3.463101679167216 ], [ -76.619695145407363, 3.462844944395424 ], [ -76.621319184394693, 3.46362843213376 ], [ -76.621636367945911, 3.463659927677442 ], [ -76.621880506615142, 3.463535733218414 ], [ -76.622197465337891, 3.46317192400826 ], [ -76.623288552248326, 3.46314885546398 ], [ -76.623373442097773, 3.462342280785138 ], [ -76.623506148710305, 3.461947254778532 ], [ -76.623819041486911, 3.461920470231653 ], [ -76.624049621310121, 3.462054607637574 ], [ -76.624347963465368, 3.462037148550718 ], [ -76.624519773695795, 3.462132011361376 ], [ -76.624892052031086, 3.461695440125907 ], [ -76.625346883781376, 3.461891661644621 ], [ -76.626343058052186, 3.461628699296061 ], [ -76.627418682503802, 3.461756938271321 ], [ -76.627622130893272, 3.461930563111585 ], [ -76.627755791744946, 3.462572042961768 ], [ -76.627897093688603, 3.46265186100724 ], [ -76.629038579628102, 3.462563935884534 ], [ -76.629607839349205, 3.462360113281604 ], [ -76.62999199952155, 3.462004987576949 ], [ -76.629964360668055, 3.461726807327794 ], [ -76.630091932729556, 3.461322597997134 ], [ -76.630891617074312, 3.460916380355186 ], [ -76.631158998595581, 3.460265346729161 ], [ -76.631543450750087, 3.460173567780275 ], [ -76.631624064616474, 3.459798604460696 ], [ -76.632721956061246, 3.459582535819571 ], [ -76.633121495358068, 3.458931071903389 ], [ -76.633638864564688, 3.458564495392626 ], [ -76.633976499065909, 3.458502808992438 ], [ -76.634552659528111, 3.458607965595899 ], [ -76.635228907064587, 3.458384567250491 ], [ -76.63590249444178, 3.45840664386512 ], [ -76.636141221717878, 3.458353440095833 ], [ -76.636421696242564, 3.458145036214056 ], [ -76.636882564361741, 3.458147979996273 ], [ -76.637287533193003, 3.457900788762589 ], [ -76.637849569893362, 3.458126597137502 ], [ -76.638118245863993, 3.458145372963897 ], [ -76.639340042433176, 3.458763906676716 ], [ -76.641306139302174, 3.459243869879548 ], [ -76.641715829672236, 3.459231061336214 ], [ -76.642113052237306, 3.458751038163342 ], [ -76.64233033854606, 3.458710266441794 ], [ -76.642513331914031, 3.458883465743799 ], [ -76.64255948061539, 3.459478748622003 ], [ -76.643206164869909, 3.459830217784362 ], [ -76.643723270599097, 3.459832801964519 ], [ -76.644037493881427, 3.459736924733957 ], [ -76.644649788905767, 3.459850477710103 ], [ -76.644987558124257, 3.459699146484778 ], [ -76.645158009665593, 3.459368256934282 ], [ -76.645100204492323, 3.459016471548895 ], [ -76.644686967816995, 3.458507956282813 ], [ -76.644689628003832, 3.458317085998321 ], [ -76.645539571081457, 3.458000213660236 ], [ -76.645909824218222, 3.457979563708862 ], [ -76.646428298136556, 3.457372378570518 ], [ -76.647217177224746, 3.457460277996588 ], [ -76.647739221742057, 3.457767954293038 ], [ -76.647985540301804, 3.457725059767007 ], [ -76.648413984297036, 3.457462181009435 ], [ -76.649097060281107, 3.457468282538508 ], [ -76.649647646996812, 3.457788389303514 ], [ -76.64990577896981, 3.457805255378923 ], [ -76.650669470250975, 3.457560578331741 ], [ -76.651125413478908, 3.457517175028216 ], [ -76.651621876157876, 3.456822182891707 ], [ -76.651723953125057, 3.455858924557227 ], [ -76.651854683795037, 3.455535665261385 ], [ -76.652195900927879, 3.455467968944012 ], [ -76.652587615589653, 3.455783916826238 ], [ -76.65293467785898, 3.455878551195764 ], [ -76.653466112760881, 3.455740130766872 ], [ -76.653789297854118, 3.455156195853316 ], [ -76.654195592144902, 3.454833765565597 ], [ -76.654459529179945, 3.454441693363171 ], [ -76.654979209087031, 3.454092764712525 ], [ -76.655343644470946, 3.453327421308921 ], [ -76.655598318410242, 3.453166625760935 ], [ -76.655856517410584, 3.453162934261728 ], [ -76.656452372111985, 3.453441143842922 ], [ -76.65794939145303, 3.453179031372387 ], [ -76.658046955636308, 3.454048959523318 ], [ -76.658444702435446, 3.454149098316006 ], [ -76.659320367883055, 3.454811073200906 ], [ -76.659957619630518, 3.454957958433293 ], [ -76.660493748159681, 3.454635232414679 ], [ -76.660691352208929, 3.454617981095525 ], [ -76.66131265340934, 3.454869413400109 ], [ -76.662029646902027, 3.455346532350092 ], [ -76.66240503670565, 3.455405983178165 ], [ -76.662543867274664, 3.455330810345532 ], [ -76.662780800052573, 3.454849448895893 ], [ -76.662700262624043, 3.454226196380369 ], [ -76.662971165860554, 3.453967066227727 ], [ -76.663194527200417, 3.453430323920128 ], [ -76.663812462218516, 3.452883802041116 ], [ -76.663902480163244, 3.45247273913338 ], [ -76.664024923519804, 3.452304393169205 ], [ -76.664351005089117, 3.451998142159455 ], [ -76.664637944729122, 3.451861076203397 ], [ -76.665525084690714, 3.451822577158401 ], [ -76.666375118172084, 3.451054081919045 ], [ -76.667136545230065, 3.450752032617528 ], [ -76.668048342400866, 3.450529086290964 ], [ -76.668731563422995, 3.450654626749873 ], [ -76.670664640912875, 3.451414197024031 ], [ -76.671550527916693, 3.451525237202061 ], [ -76.671946386495179, 3.45175104005029 ], [ -76.672295452997204, 3.452247963753909 ], [ -76.672853758538608, 3.452360160825606 ], [ -76.673514684778169, 3.452340888412738 ], [ -76.673645545440777, 3.451995939904025 ], [ -76.673636422401117, 3.451377555831093 ], [ -76.673751269120132, 3.451172264467918 ], [ -76.67394563071376, 3.451084936779142 ], [ -76.674206159472263, 3.451192780388467 ], [ -76.674468888103789, 3.451534302575646 ], [ -76.674737647670554, 3.451715893484575 ], [ -76.675155632157711, 3.451730125367112 ], [ -76.675272869638547, 3.451537761597192 ], [ -76.675305866490277, 3.451067788705657 ], [ -76.674858737286016, 3.450581046994457 ], [ -76.675020830740351, 3.449688774617251 ], [ -76.67532913616877, 3.449527546411252 ], [ -76.675666373171367, 3.449814173351894 ], [ -76.676362327058257, 3.450029914969617 ], [ -76.676783120774402, 3.450021399769277 ], [ -76.67703132559582, 3.449895848637448 ], [ -76.676892028070554, 3.44945838542373 ], [ -76.676581003981909, 3.449096737248852 ], [ -76.676560871680735, 3.448796659347384 ], [ -76.677399062212103, 3.447796667134725 ], [ -76.677476910954084, 3.447366108715826 ], [ -76.67797185025357, 3.446439897918201 ], [ -76.677979207854037, 3.445432496131524 ], [ -76.677529866266909, 3.444575882810267 ], [ -76.677508864098826, 3.443992325770905 ], [ -76.677208770789036, 3.443236150814379 ], [ -76.677095865884965, 3.44237385493659 ], [ -76.676818855461249, 3.44187586685471 ], [ -76.676740700984183, 3.441263069426892 ], [ -76.676767335364431, 3.440416443744708 ], [ -76.676930451593023, 3.439983050256616 ], [ -76.677479542908088, 3.439352040207935 ], [ -76.677562215498995, 3.438650433447074 ], [ -76.677769002208038, 3.438393636159352 ], [ -76.679002805443943, 3.437398622361028 ], [ -76.680427232409215, 3.436978600713051 ], [ -76.680963557821997, 3.436674018412759 ], [ -76.681665514158709, 3.436527301708729 ], [ -76.683221252474723, 3.43541470604337 ], [ -76.684309838242541, 3.433929102653545 ], [ -76.685212919319497, 3.432508648441805 ], [ -76.685187227669772, 3.432175793747697 ], [ -76.685490716852286, 3.431024256294159 ], [ -76.686868970022445, 3.428753172358419 ], [ -76.687341804188421, 3.427688504923619 ], [ -76.688161289783807, 3.42690720842372 ], [ -76.688782966126638, 3.42680951878848 ], [ -76.689385139737311, 3.42641895652595 ], [ -76.690045641005995, 3.42587227256201 ], [ -76.690278775307092, 3.425559876187005 ], [ -76.690511781581947, 3.42470086553788 ], [ -76.690550554065254, 3.423744252032149 ], [ -76.690433891477724, 3.423334267921994 ], [ -76.690021281197048, 3.422830363764714 ], [ -76.689544218254952, 3.421725529968255 ], [ -76.689455207338469, 3.420864364260238 ], [ -76.689560247299383, 3.420393181806838 ], [ -76.689329639714472, 3.41862211463088 ], [ -76.689361948537112, 3.418370277281828 ], [ -76.68941851309971, 3.418159057441169 ], [ -76.689871139038999, 3.417509049400863 ], [ -76.690004489338762, 3.416867268462522 ], [ -76.690610800521966, 3.416444704350447 ], [ -76.69099068407489, 3.415924751795947 ], [ -76.691176563414345, 3.415461685165059 ], [ -76.691794950380483, 3.414925388598716 ], [ -76.692344628266767, 3.414080401360247 ], [ -76.692344559599334, 3.41343051099191 ], [ -76.692004895990351, 3.412731844663144 ], [ -76.690222091202386, 3.410546636493671 ], [ -76.68923968960884, 3.408694480464628 ], [ -76.688928311791344, 3.407549010467013 ], [ -76.688939300774635, 3.405722816831444 ], [ -76.688247427417835, 3.406615710623168 ], [ -76.687884639505569, 3.407272138119316 ], [ -76.687473521627766, 3.408925373771726 ], [ -76.687194956064587, 3.409671576283249 ], [ -76.686861147107578, 3.41121545391461 ], [ -76.686744260826089, 3.411332940033948 ], [ -76.685959471409006, 3.411718998819101 ], [ -76.684890726452863, 3.411702294013387 ], [ -76.684540130845008, 3.411987645019459 ], [ -76.68418944234169, 3.412054788569936 ], [ -76.683120755374119, 3.412642197316878 ], [ -76.682736742713331, 3.412659046623681 ], [ -76.682386020989625, 3.412373835942357 ], [ -76.682168906001834, 3.411870403200157 ], [ -76.681667887732672, 3.411501285101765 ], [ -76.680899775068454, 3.411350329699486 ], [ -76.679151740050372, 3.411612571861205 ], [ -76.677373714704544, 3.41217192668873 ], [ -76.676793090560196, 3.412184130450031 ], [ -76.676188296995363, 3.412330057267007 ], [ -76.675934271066609, 3.412500252811005 ], [ -76.675341670031187, 3.413788785412698 ], [ -76.674531323188006, 3.41457896935079 ], [ -76.674410372442381, 3.414870724450314 ], [ -76.674349984937422, 3.415600091510432 ], [ -76.673878314009571, 3.416414545517215 ], [ -76.673527661041035, 3.417715206537 ], [ -76.673128544267001, 3.418675597155386 ], [ -76.67277788350529, 3.419903356349682 ], [ -76.672064242488403, 3.420547658091177 ], [ -76.671616752764564, 3.421422859009223 ], [ -76.671350715718006, 3.421738927053888 ], [ -76.670298410026689, 3.422577800446078 ], [ -76.670262129408428, 3.423307165252247 ], [ -76.669899290111971, 3.423550268834441 ], [ -76.669766238992594, 3.423756974039748 ], [ -76.669790456457861, 3.424182368216409 ], [ -76.670238106499355, 3.425179135538054 ], [ -76.670262393376362, 3.42644331253348 ], [ -76.67012950249098, 3.427695352885758 ], [ -76.669500535699456, 3.428910984206171 ], [ -76.669343326668809, 3.429397213879716 ], [ -76.668520835458168, 3.429761928789708 ], [ -76.668192000952658, 3.429821081704298 ], [ -76.666822220262858, 3.430522441882944 ], [ -76.666641299999384, 3.43075620660271 ], [ -76.666331162210824, 3.430808221905714 ], [ -76.665724578626239, 3.431587362982855 ], [ -76.665701476345077, 3.431894085409778 ], [ -76.666052921076997, 3.432386561502152 ], [ -76.666436802699323, 3.433255405967119 ], [ -76.666554466901275, 3.434008916982938 ], [ -76.666486509655854, 3.434236666781788 ], [ -76.665866177387826, 3.434522386849224 ], [ -76.665478523687767, 3.43483408288902 ], [ -76.664496462849982, 3.436158808699566 ], [ -76.663100832995667, 3.437275812768388 ], [ -76.662480567078916, 3.437561529709319 ], [ -76.661911988372083, 3.438106988185208 ], [ -76.661533703686629, 3.438715865388811 ], [ -76.660685065353491, 3.439244884819315 ], [ -76.66067846886358, 3.439410112787143 ], [ -76.660878620827077, 3.439683193239008 ], [ -76.66085614141565, 3.439879504320714 ], [ -76.659928553995371, 3.440348979993458 ], [ -76.659441745818214, 3.441168866866957 ], [ -76.658783880797955, 3.441618471156322 ], [ -76.657474638332502, 3.44186319375316 ], [ -76.656961496953656, 3.442114427378517 ], [ -76.656339849297296, 3.442811974671067 ], [ -76.655530632810056, 3.443241808237451 ], [ -76.655320120893848, 3.443592198855863 ], [ -76.654915578671051, 3.444772344230864 ], [ -76.653632754058805, 3.445942660437467 ], [ -76.653284043111057, 3.446365819602408 ], [ -76.652744654520703, 3.447317875526216 ], [ -76.652316979171601, 3.447430292818534 ], [ -76.651099818868516, 3.446663502712979 ], [ -76.648911727951429, 3.445847960223045 ], [ -76.648239696119489, 3.445848002885125 ], [ -76.647076586483294, 3.446003907770977 ], [ -76.646637226157651, 3.44584810122915 ], [ -76.646197782934223, 3.445484471824109 ], [ -76.645913462816907, 3.444783242717197 ], [ -76.645344807472284, 3.444263787599562 ], [ -76.645060459788766, 3.444263804121038 ], [ -76.644724455388598, 3.444445652596047 ], [ -76.644414312010539, 3.44449759202215 ], [ -76.643380460186904, 3.444367814397319 ], [ -76.6431478549069, 3.444445744383115 ], [ -76.642605062154772, 3.445043110405777 ], [ -76.642062320402914, 3.445302886224757 ], [ -76.64114475321368, 3.445458768676431 ], [ -76.640007498199765, 3.445367987541452 ], [ -76.639761955589648, 3.445419921842044 ], [ -76.638818601086356, 3.445796555215153 ], [ -76.638185409380128, 3.446497906852263 ], [ -76.637771860583712, 3.446575844351026 ], [ -76.636686264695072, 3.446355077681271 ], [ -76.636182298286784, 3.44609542932354 ], [ -76.635380961591039, 3.445485065361976 ], [ -76.633843066225126, 3.444926726676044 ], [ -76.631710764434999, 3.444706075880509 ], [ -76.631064548896532, 3.44506969154458 ], [ -76.630276287881216, 3.446017790597944 ], [ -76.629035663631669, 3.446810003468277 ], [ -76.628299135928131, 3.447706109237655 ], [ -76.628144005959811, 3.44803077769201 ], [ -76.627265255731174, 3.448641147221945 ], [ -76.626670851042888, 3.449212581263838 ], [ -76.625960028641273, 3.449589263560827 ], [ -76.625481887746247, 3.450004859669251 ], [ -76.624680650499144, 3.450069808398042 ], [ -76.623788936399819, 3.449978928447128 ], [ -76.623633863853399, 3.450043852858409 ], [ -76.622974792148199, 3.450823110655333 ], [ -76.622199442842117, 3.451420473785246 ], [ -76.621023359856693, 3.450849104886958 ], [ -76.620325521942334, 3.450719290974274 ], [ -76.619769745671761, 3.45035565251364 ], [ -76.61860668614213, 3.450264846637745 ], [ -76.618173928934212, 3.44990198028021 ], [ -76.618099963145212, 3.449460551309771 ], [ -76.617905726560053, 3.449204979997921 ], [ -76.616631019425057, 3.448467603027754 ], [ -76.616140135045939, 3.448299422735229 ], [ -76.615314483131797, 3.447559487753376 ], [ -76.615057900940712, 3.447548263335475 ], [ -76.613507033114246, 3.447929550439427 ], [ -76.61253638978711, 3.448299519972704 ], [ -76.610505874087195, 3.448142606210247 ], [ -76.610048389397903, 3.448310811432731 ], [ -76.609501701498431, 3.448669605385866 ], [ -76.608486415319163, 3.4489610900129 ], [ -76.608363754987707, 3.449230161474953 ], [ -76.608476570050001, 3.45033510508103 ], [ -76.608443222279476, 3.451818404119127 ], [ -76.608672963311662, 3.453065138008693 ], [ -76.608473250769464, 3.455120696074735 ], [ -76.608429376206331, 3.456583966380454 ], [ -76.608816657116549, 3.457173347435548 ], [ -76.60891514819329, 3.457715188306982 ], [ -76.609194422370379, 3.457861340622136 ], [ -76.609656904512718, 3.457767874213492 ], [ -76.609821406548235, 3.458040612514246 ], [ -76.609532784854267, 3.458886254514465 ], [ -76.609190232644053, 3.45917645325816 ], [ -76.609165916477522, 3.459487695388683 ], [ -76.60982201242021, 3.460025536271033 ], [ -76.610155868802011, 3.460671747682365 ], [ -76.610392702196464, 3.460733270182326 ], [ -76.610616258318061, 3.460644543055549 ] ] ] } },
{ "type": "Feature", "properties": { "OBJECTID": 12, "suelo": "Rural", "barrio": "Pichinde", "comuna": "57", "cod_bar": "5700" }, "geometry": { "type": "Polygon", "coordinates": [ [ [ -76.688939300774635, 3.405722816831444 ], [ -76.687827634617364, 3.406307599155846 ], [ -76.686219937164651, 3.406344489978153 ], [ -76.685261822239028, 3.406694871784663 ], [ -76.684368742270195, 3.406862032705404 ], [ -76.683005001172546, 3.406850060343771 ], [ -76.682673312921906, 3.406961474850533 ], [ -76.68229358303266, 3.407282558324316 ], [ -76.681481283270728, 3.407078337612836 ], [ -76.680800021683282, 3.407142871211502 ], [ -76.680421452176475, 3.407286370029145 ], [ -76.67972705901289, 3.407830705695044 ], [ -76.67940898631872, 3.407537754870699 ], [ -76.678376622414291, 3.407306513898395 ], [ -76.677387101363891, 3.406800815614125 ], [ -76.676177034453445, 3.406848276899194 ], [ -76.67517469458582, 3.406676183517512 ], [ -76.674936942819031, 3.406439451751496 ], [ -76.674858739165515, 3.406096168202575 ], [ -76.674487127572476, 3.405818555942147 ], [ -76.674409994377214, 3.4054666624471 ], [ -76.674157261361884, 3.405349385084548 ], [ -76.673750425093317, 3.405340201798797 ], [ -76.673269206661075, 3.404802170820776 ], [ -76.672942945435324, 3.404593953885213 ], [ -76.672620701613468, 3.404797979057276 ], [ -76.672393615570158, 3.404836134404641 ], [ -76.670313661408997, 3.404667424697886 ], [ -76.668392168021413, 3.40499022736564 ], [ -76.666852534577046, 3.40489531564556 ], [ -76.666382706199499, 3.405024894715197 ], [ -76.665866512536823, 3.405352422287471 ], [ -76.665439047948084, 3.405230389755066 ], [ -76.664787165296232, 3.405476282379947 ], [ -76.664624520809596, 3.405368697125787 ], [ -76.664476069773613, 3.404787135695161 ], [ -76.663695747621261, 3.404716712931595 ], [ -76.663318313876871, 3.404958496981481 ], [ -76.662992069675468, 3.405488863914277 ], [ -76.662763627367497, 3.40563265867333 ], [ -76.662249031345098, 3.405605371966914 ], [ -76.661529090542516, 3.405339325976456 ], [ -76.661347398713687, 3.405386839392896 ], [ -76.660475080572638, 3.40640968140263 ], [ -76.659263265901814, 3.407568916581147 ], [ -76.65889280488615, 3.408214020839938 ], [ -76.65852660799105, 3.408623727361359 ], [ -76.658485379390584, 3.409097515657945 ], [ -76.658126449233109, 3.409911742013429 ], [ -76.658139749118035, 3.410112076935873 ], [ -76.658349170664238, 3.410367779774708 ], [ -76.658403387217746, 3.410651256631752 ], [ -76.658159646768269, 3.411171963981956 ], [ -76.657975108665937, 3.41291721812363 ], [ -76.657827229919391, 3.413166871210005 ], [ -76.657068177061092, 3.41388590259394 ], [ -76.656923636462864, 3.4146424010308 ], [ -76.656822727524926, 3.416124301845672 ], [ -76.656552058016715, 3.416589346844056 ], [ -76.656569601166453, 3.417155103065733 ], [ -76.656314672997752, 3.417558690385227 ], [ -76.655723883181196, 3.418038521025539 ], [ -76.655606230119062, 3.418296790049286 ], [ -76.655632461196731, 3.418472187304474 ], [ -76.656114369843806, 3.41908771474141 ], [ -76.656248164982259, 3.4194528453569 ], [ -76.656710095460369, 3.419846774565629 ], [ -76.656238885431108, 3.42044308202294 ], [ -76.655591850088172, 3.420786157648812 ], [ -76.655520053775817, 3.421433652167033 ], [ -76.655088045164703, 3.421733126469031 ], [ -76.655114447545373, 3.422349461172965 ], [ -76.654829699595368, 3.422562391249277 ], [ -76.654739198539389, 3.423140589112797 ], [ -76.654211860963414, 3.424347939742368 ], [ -76.654322151238304, 3.425346645415321 ], [ -76.654160923643062, 3.425772830134033 ], [ -76.654073521667428, 3.426441870969247 ], [ -76.654384549292459, 3.427055501880656 ], [ -76.654289541837116, 3.427525337201069 ], [ -76.653420464064553, 3.428233847291531 ], [ -76.652695958378473, 3.428583778334695 ], [ -76.652251647595307, 3.428942025669614 ], [ -76.651517020868923, 3.429329253412362 ], [ -76.650996027264867, 3.429823204938874 ], [ -76.649334775001023, 3.430302747624387 ], [ -76.649198906606244, 3.430481123737683 ], [ -76.649192752660809, 3.430989805150997 ], [ -76.648775011866945, 3.431369522772225 ], [ -76.648524828338296, 3.432440447770468 ], [ -76.647447589725061, 3.433017574801955 ], [ -76.64721698409538, 3.433566747039043 ], [ -76.646706120035262, 3.434271344945685 ], [ -76.646241119145543, 3.434310860199016 ], [ -76.645872432169554, 3.434514045151502 ], [ -76.645096918507164, 3.435439057193026 ], [ -76.644351828179481, 3.436158359587381 ], [ -76.642857969845593, 3.435988343125132 ], [ -76.642364849659899, 3.436019594863146 ], [ -76.641226576611373, 3.436431915214444 ], [ -76.640650014156677, 3.436435620442593 ], [ -76.639805724076751, 3.437002059721465 ], [ -76.639062577860841, 3.437344776274629 ], [ -76.638461612642786, 3.437186361227439 ], [ -76.637723096575399, 3.437356077616203 ], [ -76.636326080957517, 3.436714522532413 ], [ -76.635954135240866, 3.436450627229012 ], [ -76.6353141581898, 3.436305705504733 ], [ -76.63484234035198, 3.436431326919366 ], [ -76.633604854308984, 3.436352409584955 ], [ -76.630988978581115, 3.4354326501877 ], [ -76.630545838468237, 3.435480140151177 ], [ -76.629179453413741, 3.435904181764996 ], [ -76.6288036544601, 3.435928146028516 ], [ -76.628204236796535, 3.435738006092075 ], [ -76.6273338589274, 3.436264102046421 ], [ -76.627168874108563, 3.436207312782165 ], [ -76.626684793871505, 3.435583011974457 ], [ -76.62611504479267, 3.435453692536591 ], [ -76.624663374568982, 3.435485535730816 ], [ -76.623866360369092, 3.43534986526063 ], [ -76.623097599629745, 3.435072064427894 ], [ -76.622512117328753, 3.435328581301902 ], [ -76.621338189332874, 3.435477673469522 ], [ -76.621193656975905, 3.435360344301952 ], [ -76.62091210419257, 3.434742320399077 ], [ -76.620444066070121, 3.434391395070078 ], [ -76.619183181320821, 3.434512655389598 ], [ -76.61837260319875, 3.434461182978739 ], [ -76.618119683322121, 3.434559663065397 ], [ -76.617798164560355, 3.434964301168987 ], [ -76.617036014502034, 3.434701753931569 ], [ -76.616121406248411, 3.43490127001209 ], [ -76.615414295246879, 3.434537561938612 ], [ -76.6145503705755, 3.434756075792838 ], [ -76.613979079164309, 3.434733344661967 ], [ -76.613357800704051, 3.43447969143778 ], [ -76.612666083754405, 3.434051980960327 ], [ -76.612418714566076, 3.434079608154186 ], [ -76.611679797934926, 3.435267586853021 ], [ -76.610837814472958, 3.435914460764372 ], [ -76.610176289921895, 3.437099467889065 ], [ -76.61038690824202, 3.437686344063126 ], [ -76.610655375258389, 3.438019265480851 ], [ -76.61085376694524, 3.438778504698882 ], [ -76.610805487574936, 3.439384882602999 ], [ -76.611112342014252, 3.439958052735639 ], [ -76.61111609239866, 3.441045702859891 ], [ -76.611586531965898, 3.441889774556522 ], [ -76.611632759217088, 3.443697108422545 ], [ -76.611505600624781, 3.44399528401537 ], [ -76.611081018514369, 3.444207567851917 ], [ -76.610228891296288, 3.444340109496669 ], [ -76.609407899845024, 3.44421707250012 ], [ -76.608502546984283, 3.443759200570764 ], [ -76.607460407419296, 3.443728068348726 ], [ -76.606896564241168, 3.443830366938262 ], [ -76.606405901335265, 3.444039683507794 ], [ -76.605330100749853, 3.444683448745234 ], [ -76.605057774467042, 3.444666924453883 ], [ -76.604502639555605, 3.444399559200961 ], [ -76.603945683126824, 3.444352168820266 ], [ -76.603740841732844, 3.444415113262471 ], [ -76.603248003281138, 3.444971202173452 ], [ -76.602688941485965, 3.445222548809419 ], [ -76.60136744067816, 3.445017003234674 ], [ -76.600985873107931, 3.445058756944281 ], [ -76.600624975854615, 3.445288130828212 ], [ -76.600440310177987, 3.445525484652541 ], [ -76.6003312240978, 3.446627194571961 ], [ -76.59968155086267, 3.447000395327133 ], [ -76.599294432785484, 3.447461258124289 ], [ -76.59894731134186, 3.447574498259543 ], [ -76.597799510045576, 3.447356018764144 ], [ -76.597537587718222, 3.447678917771683 ], [ -76.5972016505618, 3.448614553384592 ], [ -76.597276734689345, 3.449602389247732 ], [ -76.596110527017828, 3.450866084849387 ], [ -76.59597014692514, 3.451260966581171 ], [ -76.596024137450499, 3.451615721916657 ], [ -76.596396153203145, 3.452394529759468 ], [ -76.597120215869779, 3.453034949372628 ], [ -76.597263556439316, 3.453710059705596 ], [ -76.597081074105645, 3.454623441505131 ], [ -76.597162057555863, 3.454912429856386 ], [ -76.597560434174284, 3.455153734262594 ], [ -76.598424946098177, 3.455244709789664 ], [ -76.598807503171969, 3.455368468841384 ], [ -76.598816928342401, 3.455826995708479 ], [ -76.599048630118219, 3.456075647127145 ], [ -76.599832586694049, 3.456427710436583 ], [ -76.600147518965812, 3.456680316814933 ], [ -76.600253533388326, 3.457175292672414 ], [ -76.600898449422203, 3.457986024606567 ], [ -76.600985340738617, 3.458329618218266 ], [ -76.601147581655241, 3.457949429755964 ], [ -76.601863698892473, 3.457918973336801 ], [ -76.60290752881825, 3.457132235503357 ], [ -76.603265619521864, 3.456961422027798 ], [ -76.603847186555655, 3.456916273625099 ], [ -76.605211658046628, 3.457211456432313 ], [ -76.605398291730282, 3.45699479941022 ], [ -76.605497475887745, 3.456681295623932 ], [ -76.605889095849278, 3.456406709236015 ], [ -76.606142589005302, 3.456553001297609 ], [ -76.606745880404915, 3.456637122687054 ], [ -76.607093293657201, 3.456937972512254 ], [ -76.608242100385539, 3.457511055638667 ], [ -76.60891514819329, 3.457715188306982 ], [ -76.608816657116549, 3.457173347435548 ], [ -76.608429376206331, 3.456583966380454 ], [ -76.608473250769464, 3.455120696074735 ], [ -76.608672963311662, 3.453065138008693 ], [ -76.608443222279476, 3.451818404119127 ], [ -76.608476570050001, 3.45033510508103 ], [ -76.608363754987707, 3.449230161474953 ], [ -76.608486415319163, 3.4489610900129 ], [ -76.609501701498431, 3.448669605385866 ], [ -76.610048389397903, 3.448310811432731 ], [ -76.610505874087195, 3.448142606210247 ], [ -76.61253638978711, 3.448299519972704 ], [ -76.613507033114246, 3.447929550439427 ], [ -76.615057900940712, 3.447548263335475 ], [ -76.615314483131797, 3.447559487753376 ], [ -76.616140135045939, 3.448299422735229 ], [ -76.616631019425057, 3.448467603027754 ], [ -76.617905726560053, 3.449204979997921 ], [ -76.618099963145212, 3.449460551309771 ], [ -76.618173928934212, 3.44990198028021 ], [ -76.61860668614213, 3.450264846637745 ], [ -76.619769745671761, 3.45035565251364 ], [ -76.620325521942334, 3.450719290974274 ], [ -76.621023359856693, 3.450849104886958 ], [ -76.622199442842117, 3.451420473785246 ], [ -76.622974792148199, 3.450823110655333 ], [ -76.623633863853399, 3.450043852858409 ], [ -76.623788936399819, 3.449978928447128 ], [ -76.624680650499144, 3.450069808398042 ], [ -76.625481887746247, 3.450004859669251 ], [ -76.625960028641273, 3.449589263560827 ], [ -76.626670851042888, 3.449212581263838 ], [ -76.627265255731174, 3.448641147221945 ], [ -76.628144005959811, 3.44803077769201 ], [ -76.628299135928131, 3.447706109237655 ], [ -76.629035663631669, 3.446810003468277 ], [ -76.630276287881216, 3.446017790597944 ], [ -76.631064548896532, 3.44506969154458 ], [ -76.631710764434999, 3.444706075880509 ], [ -76.633843066225126, 3.444926726676044 ], [ -76.635380961591039, 3.445485065361976 ], [ -76.636182298286784, 3.44609542932354 ], [ -76.636686264695072, 3.446355077681271 ], [ -76.637771860583712, 3.446575844351026 ], [ -76.638185409380128, 3.446497906852263 ], [ -76.638818601086356, 3.445796555215153 ], [ -76.639761955589648, 3.445419921842044 ], [ -76.640007498199765, 3.445367987541452 ], [ -76.64114475321368, 3.445458768676431 ], [ -76.642062320402914, 3.445302886224757 ], [ -76.642605062154772, 3.445043110405777 ], [ -76.6431478549069, 3.444445744383115 ], [ -76.643380460186904, 3.444367814397319 ], [ -76.644414312010539, 3.44449759202215 ], [ -76.644724455388598, 3.444445652596047 ], [ -76.645060459788766, 3.444263804121038 ], [ -76.645344807472284, 3.444263787599562 ], [ -76.645913462816907, 3.444783242717197 ], [ -76.646197782934223, 3.445484471824109 ], [ -76.646637226157651, 3.44584810122915 ], [ -76.647076586483294, 3.446003907770977 ], [ -76.648239696119489, 3.445848002885125 ], [ -76.648911727951429, 3.445847960223045 ], [ -76.651099818868516, 3.446663502712979 ], [ -76.652316979171601, 3.447430292818534 ], [ -76.652744654520703, 3.447317875526216 ], [ -76.653284043111057, 3.446365819602408 ], [ -76.653632754058805, 3.445942660437467 ], [ -76.654915578671051, 3.444772344230864 ], [ -76.655320120893848, 3.443592198855863 ], [ -76.655530632810056, 3.443241808237451 ], [ -76.656339849297296, 3.442811974671067 ], [ -76.656961496953656, 3.442114427378517 ], [ -76.657474638332502, 3.44186319375316 ], [ -76.658783880797955, 3.441618471156322 ], [ -76.659441745818214, 3.441168866866957 ], [ -76.659928553995371, 3.440348979993458 ], [ -76.66085614141565, 3.439879504320714 ], [ -76.660878620827077, 3.439683193239008 ], [ -76.66067846886358, 3.439410112787143 ], [ -76.660685065353491, 3.439244884819315 ], [ -76.661533703686629, 3.438715865388811 ], [ -76.661911988372083, 3.438106988185208 ], [ -76.662480567078916, 3.437561529709319 ], [ -76.663100832995667, 3.437275812768388 ], [ -76.664496462849982, 3.436158808699566 ], [ -76.665478523687767, 3.43483408288902 ], [ -76.665866177387826, 3.434522386849224 ], [ -76.666486509655854, 3.434236666781788 ], [ -76.666554466901275, 3.434008916982938 ], [ -76.666436802699323, 3.433255405967119 ], [ -76.666052921076997, 3.432386561502152 ], [ -76.665701476345077, 3.431894085409778 ], [ -76.665724578626239, 3.431587362982855 ], [ -76.666331162210824, 3.430808221905714 ], [ -76.666641299999384, 3.43075620660271 ], [ -76.666822220262858, 3.430522441882944 ], [ -76.668192000952658, 3.429821081704298 ], [ -76.668520835458168, 3.429761928789708 ], [ -76.669343326668809, 3.429397213879716 ], [ -76.669500535699456, 3.428910984206171 ], [ -76.67012950249098, 3.427695352885758 ], [ -76.670262393376362, 3.42644331253348 ], [ -76.670238106499355, 3.425179135538054 ], [ -76.669790456457861, 3.424182368216409 ], [ -76.669766238992594, 3.423756974039748 ], [ -76.669899290111971, 3.423550268834441 ], [ -76.670262129408428, 3.423307165252247 ], [ -76.670298410026689, 3.422577800446078 ], [ -76.671350715718006, 3.421738927053888 ], [ -76.671616752764564, 3.421422859009223 ], [ -76.672064242488403, 3.420547658091177 ], [ -76.67277788350529, 3.419903356349682 ], [ -76.673128544267001, 3.418675597155386 ], [ -76.673527661041035, 3.417715206537 ], [ -76.673878314009571, 3.416414545517215 ], [ -76.674349984937422, 3.415600091510432 ], [ -76.674410372442381, 3.414870724450314 ], [ -76.674531323188006, 3.41457896935079 ], [ -76.675341670031187, 3.413788785412698 ], [ -76.675934271066609, 3.412500252811005 ], [ -76.676188296995363, 3.412330057267007 ], [ -76.676793090560196, 3.412184130450031 ], [ -76.677373714704544, 3.41217192668873 ], [ -76.679151740050372, 3.411612571861205 ], [ -76.680899775068454, 3.411350329699486 ], [ -76.681667887732672, 3.411501285101765 ], [ -76.682168906001834, 3.411870403200157 ], [ -76.682386020989625, 3.412373835942357 ], [ -76.682736742713331, 3.412659046623681 ], [ -76.683120755374119, 3.412642197316878 ], [ -76.68418944234169, 3.412054788569936 ], [ -76.684540130845008, 3.411987645019459 ], [ -76.684890726452863, 3.411702294013387 ], [ -76.685959471409006, 3.411718998819101 ], [ -76.686744260826089, 3.411332940033948 ], [ -76.686861147107578, 3.41121545391461 ], [ -76.687194956064587, 3.409671576283249 ], [ -76.687473521627766, 3.408925373771726 ], [ -76.687884639505569, 3.407272138119316 ], [ -76.688247427417835, 3.406615710623168 ], [ -76.688939300774635, 3.405722816831444 ] ] ] } },
{ "type": "Feature", "properties": { "OBJECTID": 13, "suelo": "Rural", "barrio": "El Hormiguero", "comuna": "52", "cod_bar": "5200" }, "geometry": { "type": "Polygon", "coordinates": [ [ [ -76.46579772352743, 3.363764961927406 ], [ -76.467438929655046, 3.363338921178037 ], [ -76.470506179679361, 3.362215765991186 ], [ -76.472748641654022, 3.362255809860955 ], [ -76.472827997254413, 3.362273691577852 ], [ -76.472899595111087, 3.362504129022343 ], [ -76.47299974998937, 3.364347858906137 ], [ -76.473243308963148, 3.364909621506533 ], [ -76.473630192721558, 3.365456990945088 ], [ -76.474102707933525, 3.365860192490326 ], [ -76.474792705575254, 3.366227534931175 ], [ -76.475966233774059, 3.366580734599277 ], [ -76.476596877906516, 3.366595219358232 ], [ -76.478304492097962, 3.366170726252752 ], [ -76.478993587155514, 3.365841408516138 ], [ -76.47963448396429, 3.365318247991951 ], [ -76.480947015994616, 3.36342692505991 ], [ -76.481463140227433, 3.362303516116826 ], [ -76.481635280351071, 3.361036032140439 ], [ -76.481613955949015, 3.359365168411352 ], [ -76.481771719290563, 3.358428987745425 ], [ -76.482817082927028, 3.357036354971944 ], [ -76.483185569793122, 3.356782725039954 ], [ -76.48366369451287, 3.356657531855553 ], [ -76.484609642062622, 3.356772849265322 ], [ -76.486831145802839, 3.35613937197258 ], [ -76.487375826895558, 3.356081785868418 ], [ -76.48763378450424, 3.356139456206366 ], [ -76.487820251378409, 3.356251935349434 ], [ -76.487812004216309, 3.356481445730526 ], [ -76.487390695342555, 3.357072097661778 ], [ -76.487018263845272, 3.357416148488872 ], [ -76.486410083579131, 3.358397140255687 ], [ -76.485665956255161, 3.360076891407034 ], [ -76.485594578023509, 3.360396320638424 ], [ -76.485617186579958, 3.361946742063746 ], [ -76.485452416481266, 3.362711125340064 ], [ -76.484745230060085, 3.365302708888902 ], [ -76.484121384887885, 3.366765253349818 ], [ -76.483101361935468, 3.368398844513532 ], [ -76.482509516291216, 3.369025714070143 ], [ -76.482343442807732, 3.369457450101959 ], [ -76.481929719512848, 3.370025637023958 ], [ -76.480432041648911, 3.371222189806205 ], [ -76.479358342605266, 3.371902548019435 ], [ -76.478798480505787, 3.372481171570013 ], [ -76.478339680441721, 3.373195434723099 ], [ -76.477838656816871, 3.373718752582081 ], [ -76.47774263879829, 3.374345605179612 ], [ -76.477758589957375, 3.375004612344115 ], [ -76.477902393566382, 3.375711882096022 ], [ -76.478222241263424, 3.3761298284537 ], [ -76.478084824249521, 3.377954810468757 ], [ -76.479983657804169, 3.378091786678495 ], [ -76.480577425237186, 3.377948666197678 ], [ -76.483401350658212, 3.376903572399053 ], [ -76.48396667196937, 3.376545627555977 ], [ -76.484410820449412, 3.376092235570404 ], [ -76.486919039371188, 3.373237921932951 ], [ -76.490222756608929, 3.371452969774141 ], [ -76.490683523116473, 3.371352777081445 ], [ -76.49607214543434, 3.372226854768188 ], [ -76.496732366746969, 3.37245127263144 ], [ -76.498931357900176, 3.374609126444702 ], [ -76.504229967841383, 3.380243403678329 ], [ -76.504713862641339, 3.380153167888972 ], [ -76.504954907524663, 3.379970724515168 ], [ -76.505294961761962, 3.379348622853293 ], [ -76.505436292008412, 3.378826248717527 ], [ -76.505799218322295, 3.378686269822916 ], [ -76.505783460751701, 3.378014477830086 ], [ -76.506005394268044, 3.377740341384272 ], [ -76.506082692780353, 3.377175999811239 ], [ -76.50605276059035, 3.376212037199562 ], [ -76.506245726627029, 3.376022172041889 ], [ -76.506968827729906, 3.375838781377838 ], [ -76.507032449563326, 3.375740595857262 ], [ -76.506925921324054, 3.375344575434136 ], [ -76.507279256050637, 3.374734484565809 ], [ -76.507388342644887, 3.373968042403061 ], [ -76.507368394490285, 3.373796313980002 ], [ -76.507119374285168, 3.373545872251247 ], [ -76.507260675738451, 3.373352611810147 ], [ -76.507653033123873, 3.373429855287381 ], [ -76.507769231684009, 3.373343825511062 ], [ -76.508026757100041, 3.372750466083613 ], [ -76.50873775274664, 3.371866742184832 ], [ -76.508765604548302, 3.370819710263049 ], [ -76.509155347219505, 3.370212870630033 ], [ -76.509250549835542, 3.369855225055734 ], [ -76.509311899682828, 3.369171500484208 ], [ -76.509208326148524, 3.368754288756771 ], [ -76.509305144345078, 3.368409782943896 ], [ -76.50989007699576, 3.367869289635751 ], [ -76.510713081154051, 3.367357283290957 ], [ -76.51071380951484, 3.367039895824302 ], [ -76.510515051462903, 3.366749687244392 ], [ -76.510770186996027, 3.366108787238429 ], [ -76.510698938019701, 3.365794572747819 ], [ -76.510797308091568, 3.365381262154575 ], [ -76.510597568196943, 3.365057924816937 ], [ -76.510712367396337, 3.364877234593287 ], [ -76.51286635367839, 3.36388709874314 ], [ -76.513524833911802, 3.363883970819536 ], [ -76.513651353325812, 3.363019623745785 ], [ -76.513849743821737, 3.362615152055661 ], [ -76.514146853723517, 3.362702486593705 ], [ -76.514377025942437, 3.363069905554778 ], [ -76.514548880757374, 3.3631306703056 ], [ -76.515040714658625, 3.362961171272697 ], [ -76.515320773620914, 3.362670153491968 ], [ -76.515481949192889, 3.362660418006752 ], [ -76.515682323685525, 3.362968354087556 ], [ -76.515466585594126, 3.363198908867814 ], [ -76.51569839639528, 3.363285390816928 ], [ -76.515831640549067, 3.363628643434406 ], [ -76.516413174323375, 3.36427088070273 ], [ -76.516877518254006, 3.364192787380308 ], [ -76.516834449921873, 3.363928164884553 ], [ -76.516663312717441, 3.363661200911253 ], [ -76.51671962449953, 3.363539703685445 ], [ -76.517383735234048, 3.363432733658345 ], [ -76.517450783343122, 3.363549365867756 ], [ -76.517387281101591, 3.363959499929664 ], [ -76.517581136041372, 3.364031638061644 ], [ -76.517801332146973, 3.364353987514271 ], [ -76.51792215927, 3.364379214871239 ], [ -76.518344674694404, 3.363417193293713 ], [ -76.519306772656165, 3.362932598594942 ], [ -76.519470758902898, 3.36295302544487 ], [ -76.519638234830126, 3.36330786481336 ], [ -76.520249755871205, 3.363370425492101 ], [ -76.52074273885907, 3.363837042990996 ], [ -76.521226189584823, 3.363928485726325 ], [ -76.5220183848582, 3.363583391958855 ], [ -76.523042738492038, 3.36339223779364 ], [ -76.523881655928477, 3.362311141974789 ], [ -76.524247375882226, 3.362116482119437 ], [ -76.523333641087518, 3.353468600866666 ], [ -76.523417014772917, 3.351242015598828 ], [ -76.524141409979549, 3.347152468347109 ], [ -76.524192792719191, 3.343981558262448 ], [ -76.5242799840007, 3.343485525220547 ], [ -76.524542801229458, 3.338107956776843 ], [ -76.523811394653038, 3.334738350321958 ], [ -76.522863601844136, 3.330993133516914 ], [ -76.522245205962861, 3.326942345580904 ], [ -76.522208369776877, 3.324975708269156 ], [ -76.522853726583989, 3.316031378944153 ], [ -76.522863289691998, 3.313914703204923 ], [ -76.522450396640508, 3.309198424462974 ], [ -76.521513903144694, 3.306108960346333 ], [ -76.521248648536584, 3.301998787494961 ], [ -76.521422268017218, 3.300793034674749 ], [ -76.523647924555434, 3.291597469945239 ], [ -76.524389516863479, 3.289277892198544 ], [ -76.525194549076772, 3.286067507036584 ], [ -76.522752304141719, 3.285277430167369 ], [ -76.521822780552952, 3.284753350148906 ], [ -76.521489431115185, 3.284362084077489 ], [ -76.521406249982974, 3.284113972410323 ], [ -76.521408134421449, 3.283743549433915 ], [ -76.521579133193939, 3.283124390652863 ], [ -76.521115817813964, 3.282791406214827 ], [ -76.519813420635955, 3.281178839330023 ], [ -76.519011565486068, 3.280750019821262 ], [ -76.518332162078522, 3.280978473939105 ], [ -76.51806877481269, 3.280932355771746 ], [ -76.517532378306441, 3.279481160776827 ], [ -76.517303578911012, 3.279168022256748 ], [ -76.514389785104484, 3.278107904486379 ], [ -76.513563189635022, 3.277503397123961 ], [ -76.513237117545629, 3.277485836120232 ], [ -76.51261925343907, 3.277754305345988 ], [ -76.512265257931887, 3.278554508605487 ], [ -76.512036533496968, 3.278637828058417 ], [ -76.511473986468985, 3.278573742609225 ], [ -76.510298828402952, 3.277948022037162 ], [ -76.509766947047197, 3.277784374199171 ], [ -76.50913429614117, 3.277750097840883 ], [ -76.508460881666423, 3.277956271955269 ], [ -76.506791431428297, 3.279082703166201 ], [ -76.506388418888719, 3.279537734686596 ], [ -76.50633209585699, 3.279940626426304 ], [ -76.5060266849881, 3.280366652706757 ], [ -76.505452035826139, 3.280696120282949 ], [ -76.505042340814697, 3.280658305704882 ], [ -76.504473166049607, 3.280388759607454 ], [ -76.503981198707734, 3.279291217829544 ], [ -76.503430893593446, 3.279098126466622 ], [ -76.502628680416237, 3.278445375793158 ], [ -76.502325080730415, 3.278400969562021 ], [ -76.502093804553411, 3.278510653772552 ], [ -76.50157693200606, 3.279204236346945 ], [ -76.50145432744273, 3.279259254093681 ], [ -76.501334762397093, 3.278531508405568 ], [ -76.501063994935166, 3.277793239311543 ], [ -76.500793718527675, 3.277495074837972 ], [ -76.500589920523652, 3.277441319854419 ], [ -76.500428979542662, 3.277065478262095 ], [ -76.500256962583961, 3.276902188007851 ], [ -76.499871172841779, 3.276678728016968 ], [ -76.499935456718958, 3.276350125414619 ], [ -76.500306060350553, 3.275820539719917 ], [ -76.500341916413305, 3.275629979784981 ], [ -76.500099378435664, 3.274927160847584 ], [ -76.499852116183519, 3.274605645790966 ], [ -76.49966548641865, 3.273558345408177 ], [ -76.499547203511923, 3.273347785847065 ], [ -76.499342378566936, 3.27335886309297 ], [ -76.499009483450692, 3.273551947132252 ], [ -76.497742325015125, 3.274656965589143 ], [ -76.497725183006324, 3.274833043400558 ], [ -76.498342301526847, 3.27563308891875 ], [ -76.498423502185858, 3.276099373728721 ], [ -76.498230368069557, 3.276487264825588 ], [ -76.498002063035869, 3.276692797196932 ], [ -76.49755691983907, 3.276850270892194 ], [ -76.49714962142491, 3.27673903602801 ], [ -76.496828655530123, 3.2768644632788 ], [ -76.496832776603185, 3.277787672608003 ], [ -76.496351129578656, 3.278336300968794 ], [ -76.496551645434423, 3.278701406950115 ], [ -76.496848366477366, 3.278968722192134 ], [ -76.496762850204462, 3.279211276429015 ], [ -76.496517696058206, 3.279332021747116 ], [ -76.496135848772624, 3.279279846333492 ], [ -76.495480980103352, 3.278986194057117 ], [ -76.494914732387116, 3.278550858331769 ], [ -76.494700292097704, 3.278484642906882 ], [ -76.494373693145732, 3.278627981257936 ], [ -76.493924972391426, 3.279128298208863 ], [ -76.494229451055858, 3.280128556877071 ], [ -76.494744621386189, 3.2808122737224 ], [ -76.494755979480772, 3.281297441036472 ], [ -76.494615647346748, 3.281544076024414 ], [ -76.494189357495657, 3.281717792501602 ], [ -76.493899697430052, 3.282000934578583 ], [ -76.493374647303909, 3.28307842962477 ], [ -76.492936254130726, 3.284317255012719 ], [ -76.492599904739151, 3.284937114476165 ], [ -76.492538745470767, 3.285315375010115 ], [ -76.492631526858858, 3.285984425263475 ], [ -76.492810043816107, 3.286221274177565 ], [ -76.49343693179344, 3.286625031203585 ], [ -76.49370882659602, 3.287439790990135 ], [ -76.493626894853634, 3.288753945170735 ], [ -76.493294829573628, 3.289135517325136 ], [ -76.49276876592225, 3.28938942326201 ], [ -76.493423489097694, 3.289927557906427 ], [ -76.493981965911843, 3.290739132150134 ], [ -76.494318746586288, 3.291730465489888 ], [ -76.494348037673902, 3.292647384143383 ], [ -76.493984984304262, 3.293689368149343 ], [ -76.492865575064755, 3.294863163550354 ], [ -76.491139991688954, 3.29633923913282 ], [ -76.490084442217565, 3.297849633925336 ], [ -76.489757110468901, 3.298980015085783 ], [ -76.489703513791255, 3.300253944967485 ], [ -76.490144053475404, 3.303996714833986 ], [ -76.490060729684714, 3.304379490947225 ], [ -76.489762986601136, 3.304921847654698 ], [ -76.489265142420848, 3.30517463679041 ], [ -76.488755768098414, 3.305280897924356 ], [ -76.487911280994425, 3.305267672546155 ], [ -76.48707432832947, 3.305127574697786 ], [ -76.486542638700286, 3.304887693916634 ], [ -76.485721478765299, 3.304295355565523 ], [ -76.485108039656083, 3.303470773910258 ], [ -76.484826976404506, 3.302709026019551 ], [ -76.48470483989604, 3.301848962906927 ], [ -76.484662338900065, 3.298998539362884 ], [ -76.484130852025501, 3.296234031779515 ], [ -76.483580868965234, 3.294919350377473 ], [ -76.483299772123246, 3.294501621638581 ], [ -76.48218782886255, 3.293545503378532 ], [ -76.48105481697192, 3.292933014645853 ], [ -76.479707562024288, 3.292676977585465 ], [ -76.478972020431797, 3.292669227448689 ], [ -76.477672353669021, 3.293351537731689 ], [ -76.477001070952014, 3.294026153458393 ], [ -76.476708155405461, 3.294601761645751 ], [ -76.4766154146796, 3.294995042878913 ], [ -76.476658144809832, 3.297636210980397 ], [ -76.477464978002487, 3.300019037012435 ], [ -76.477501225507098, 3.300742285375495 ], [ -76.477412908961156, 3.301074073555644 ], [ -76.476937343005019, 3.301794200772731 ], [ -76.476296117722399, 3.302473830233882 ], [ -76.474313977109617, 3.303745340881999 ], [ -76.474004189992741, 3.304056547517054 ], [ -76.473650236500632, 3.30459895428259 ], [ -76.473546556210621, 3.305264164699978 ], [ -76.473877472704899, 3.306985825229948 ], [ -76.474082155209246, 3.307598279342246 ], [ -76.474950403327938, 3.309303559954819 ], [ -76.47534843100496, 3.310557547820914 ], [ -76.475592072131747, 3.311695983073782 ], [ -76.475663848609258, 3.313090370301743 ], [ -76.475839519300038, 3.314179263291983 ], [ -76.476429814132729, 3.315064463411051 ], [ -76.477630668139199, 3.316444997604803 ], [ -76.478382651999226, 3.31782356461894 ], [ -76.47860054702943, 3.319193770010142 ], [ -76.478510070194631, 3.319710516510371 ], [ -76.478324382275133, 3.320126779305739 ], [ -76.47796806717578, 3.320587188932484 ], [ -76.477534857531992, 3.320857410389097 ], [ -76.477159302320359, 3.320945102828752 ], [ -76.475997945227789, 3.320957894913693 ], [ -76.475368957487873, 3.320850447836718 ], [ -76.474716648843909, 3.320618669825928 ], [ -76.473938757536189, 3.320215856004028 ], [ -76.473379537501401, 3.319748997523335 ], [ -76.472864771255217, 3.319011377333352 ], [ -76.472454441002867, 3.317913577374922 ], [ -76.472383079598472, 3.316878878309135 ], [ -76.472496261380854, 3.31452240973897 ], [ -76.47220473094427, 3.313164731327639 ], [ -76.471817964887734, 3.312255614982419 ], [ -76.47148262452977, 3.311564422750292 ], [ -76.470832750209723, 3.311024720728544 ], [ -76.470013257209416, 3.310626983984285 ], [ -76.469448094179953, 3.310541722588975 ], [ -76.468967749781569, 3.310598459196167 ], [ -76.468572082571981, 3.310797262645618 ], [ -76.468252631413961, 3.311303034962912 ], [ -76.46771692596279, 3.313592494198855 ], [ -76.467688283763692, 3.315056616921759 ], [ -76.468316814723451, 3.318124706831393 ], [ -76.46834487149853, 3.319743510452049 ], [ -76.467977431310061, 3.320709120568254 ], [ -76.467522988449502, 3.32101140533045 ], [ -76.467044812222738, 3.321106639859812 ], [ -76.466423178410992, 3.320652130477169 ], [ -76.46436066818282, 3.317357334652374 ], [ -76.463837918426876, 3.316818374990005 ], [ -76.463555854017457, 3.316635342895728 ], [ -76.462991711463388, 3.316481003624431 ], [ -76.462410954951196, 3.31644829066025 ], [ -76.461835231806958, 3.316665146054399 ], [ -76.461240100136934, 3.317253631770553 ], [ -76.461068681753758, 3.317770370644814 ], [ -76.461280276620272, 3.318947406702177 ], [ -76.461619330984504, 3.319572266573878 ], [ -76.461832640925635, 3.320228165865133 ], [ -76.46188974428064, 3.320668363599685 ], [ -76.461769083285418, 3.321964387167589 ], [ -76.46133629554906, 3.322724775693284 ], [ -76.459275846830408, 3.324312564262635 ], [ -76.45896636531576, 3.324781446600474 ], [ -76.458837799036871, 3.325178570214823 ], [ -76.458875860768757, 3.32557091965727 ], [ -76.459018649663761, 3.325848547232877 ], [ -76.459668486359689, 3.326700699776455 ], [ -76.460206690164156, 3.327681898590847 ], [ -76.460798502229778, 3.329370497578413 ], [ -76.460854612386626, 3.332437858188964 ], [ -76.460232653775705, 3.334425811512394 ], [ -76.460232444370448, 3.336016283370575 ], [ -76.460401848419849, 3.337010359609299 ], [ -76.460938651375912, 3.338004413749939 ], [ -76.461588559798415, 3.338913361026416 ], [ -76.463509892246378, 3.341128898457881 ], [ -76.464131442144463, 3.34232181527384 ], [ -76.46418218410362, 3.342934973055265 ], [ -76.464063079212394, 3.344375166223937 ], [ -76.463735437577895, 3.345048275724388 ], [ -76.462748945406346, 3.346513856823587 ], [ -76.462777485323272, 3.346949267770146 ], [ -76.463395867758479, 3.348910714535132 ], [ -76.463539061059976, 3.349911948043407 ], [ -76.463367285997279, 3.351438439663715 ], [ -76.462354558154516, 3.353656156300519 ], [ -76.460480999886883, 3.355720647310726 ], [ -76.46042381716137, 3.356560360547581 ], [ -76.460673743151915, 3.356962292397877 ], [ -76.46093082251636, 3.357163265700355 ], [ -76.461303530663855, 3.357260360591907 ], [ -76.462292651786271, 3.357232093407129 ], [ -76.462829576712366, 3.357374151577398 ], [ -76.463253391916737, 3.357629854388283 ], [ -76.463875072576002, 3.358425135779278 ], [ -76.464383588698979, 3.359220472463961 ], [ -76.465040072965735, 3.361671107463555 ], [ -76.46579772352743, 3.363764961927406 ] ] ] } },
{ "type": "Feature", "properties": { "OBJECTID": 14, "suelo": "Rural", "barrio": "Navarro", "comuna": "51", "cod_bar": "5100" }, "geometry": { "type": "Polygon", "coordinates": [ [ [ -76.46579772352743, 3.363764961927406 ], [ -76.466042882942546, 3.364738464781107 ], [ -76.465647042327731, 3.36620376072921 ], [ -76.46561723355444, 3.367139769812507 ], [ -76.465955984599262, 3.368588099317958 ], [ -76.466530070086435, 3.369530305048368 ], [ -76.467999488216819, 3.370723325969707 ], [ -76.468479854811918, 3.371291406911741 ], [ -76.468862923272169, 3.371997506632408 ], [ -76.468947581635291, 3.372339840001051 ], [ -76.469159990084336, 3.374133358353447 ], [ -76.469761567508954, 3.37505825915197 ], [ -76.471013539050816, 3.376650297232997 ], [ -76.471385084704096, 3.377344032289507 ], [ -76.471473048214122, 3.377685731764002 ], [ -76.47117506389128, 3.37841844893101 ], [ -76.470710572496216, 3.37904914068234 ], [ -76.470262768408546, 3.37944022167325 ], [ -76.469654300176273, 3.379660261936075 ], [ -76.468658924228947, 3.379806435213445 ], [ -76.468189483646213, 3.379769328440961 ], [ -76.467701487306044, 3.37951212330171 ], [ -76.467052819454153, 3.379009692355034 ], [ -76.46639222200649, 3.378991713882076 ], [ -76.466088696763464, 3.379123276641856 ], [ -76.465856570739845, 3.379535944685321 ], [ -76.466044654812734, 3.381641836956902 ], [ -76.465937934997598, 3.382334312341345 ], [ -76.465296468361757, 3.383328564954208 ], [ -76.464300632511183, 3.384524026393547 ], [ -76.463310993957364, 3.386705204228803 ], [ -76.463245700563846, 3.387188022721523 ], [ -76.463297997122865, 3.387733798296454 ], [ -76.463996056704772, 3.389436324466948 ], [ -76.464387290378866, 3.390079698018323 ], [ -76.464588707748902, 3.390938217728823 ], [ -76.464480634746934, 3.392295419247673 ], [ -76.463872158024643, 3.395217170383335 ], [ -76.463941885899857, 3.396321148434051 ], [ -76.464512293578593, 3.39754563368872 ], [ -76.465962641106174, 3.399764142863535 ], [ -76.46660972913044, 3.401017804179677 ], [ -76.46693914845396, 3.40190094281639 ], [ -76.46692048450943, 3.402755188112295 ], [ -76.466788822653854, 3.403527292743 ], [ -76.466492182109761, 3.404009277322254 ], [ -76.465756134740332, 3.404700941750864 ], [ -76.465195879423177, 3.405087222533173 ], [ -76.464697086813246, 3.405642602640573 ], [ -76.464305927758275, 3.406720834544354 ], [ -76.464423020639259, 3.407298541888819 ], [ -76.465459064033737, 3.40853869111822 ], [ -76.465711601903863, 3.409366626479345 ], [ -76.465718859639381, 3.409885445294186 ], [ -76.465524710170726, 3.410580859635091 ], [ -76.464605381460728, 3.412832634226427 ], [ -76.464334364170213, 3.413340377416868 ], [ -76.46387295288514, 3.413800263756433 ], [ -76.463257767613101, 3.414182857333107 ], [ -76.461822384856987, 3.41469780488097 ], [ -76.461218170313771, 3.415176067872682 ], [ -76.460848289199149, 3.41568379936436 ], [ -76.460712731674974, 3.416283549059485 ], [ -76.460733437591045, 3.416942611062453 ], [ -76.461440960893185, 3.419429676313124 ], [ -76.461539735132078, 3.420080973416127 ], [ -76.461521314401381, 3.420945668392049 ], [ -76.461341692834253, 3.422487381266596 ], [ -76.460158565992316, 3.426071368221597 ], [ -76.459993146863539, 3.427239588125581 ], [ -76.46003690174436, 3.428616670283512 ], [ -76.460610659056314, 3.430060057138522 ], [ -76.461011401632518, 3.431577932071931 ], [ -76.461145759440228, 3.433115087516138 ], [ -76.461052239822138, 3.434238263345342 ], [ -76.461093269352716, 3.435466324161521 ], [ -76.461411683358932, 3.436553675342834 ], [ -76.461804311097069, 3.43715809826853 ], [ -76.462438592071607, 3.437853620742094 ], [ -76.463157538028668, 3.438326096809386 ], [ -76.464445925386471, 3.438968794454957 ], [ -76.465019829660932, 3.439380061062188 ], [ -76.465412479101047, 3.439838217358437 ], [ -76.465730953934099, 3.440506100634312 ], [ -76.465803275436826, 3.441808125219721 ], [ -76.465532910775977, 3.44295942256101 ], [ -76.464912063523343, 3.444510278065126 ], [ -76.46479146736381, 3.445038020111006 ], [ -76.464823994932715, 3.445978412744334 ], [ -76.465276984094444, 3.447046466879122 ], [ -76.465644928810747, 3.447435627115108 ], [ -76.46617490974387, 3.44776961534855 ], [ -76.467331040526048, 3.448037454297976 ], [ -76.468294997357617, 3.447819562718349 ], [ -76.468945908071177, 3.44740017525955 ], [ -76.470017046961843, 3.446536532269007 ], [ -76.470374633874798, 3.44596866313203 ], [ -76.470654401380486, 3.444687631148005 ], [ -76.470775407539662, 3.443288492181708 ], [ -76.470956745541784, 3.442590316497765 ], [ -76.471275394266698, 3.441875602068707 ], [ -76.471670903456811, 3.441436861456126 ], [ -76.472341021297623, 3.441091986385231 ], [ -76.473038553236364, 3.441166582290245 ], [ -76.473722314395332, 3.441547500760661 ], [ -76.474222063815631, 3.442069140344587 ], [ -76.474993831052871, 3.44325603271555 ], [ -76.475152731513461, 3.444591592773401 ], [ -76.4744259075337, 3.447905432469831 ], [ -76.4745633173019, 3.448565280151834 ], [ -76.474929064525327, 3.449219641313197 ], [ -76.475522855740081, 3.449804660589749 ], [ -76.475877191513476, 3.450372819507032 ], [ -76.475680349209242, 3.449943001594121 ], [ -76.476284946527869, 3.449526364707476 ], [ -76.476794932884189, 3.449303243207243 ], [ -76.476961976214412, 3.44906091152013 ], [ -76.476569234779859, 3.449032915836985 ], [ -76.475697379005638, 3.448362951366083 ], [ -76.475382011865065, 3.447708006076756 ], [ -76.475376092096525, 3.447441855378982 ], [ -76.475629727263481, 3.446520668208439 ], [ -76.47571611479556, 3.445762688246985 ], [ -76.475944031691441, 3.445028221269577 ], [ -76.47598361413354, 3.443697886072839 ], [ -76.475915234359064, 3.443319207306228 ], [ -76.475534639704961, 3.442889767701736 ], [ -76.47511045768708, 3.442047143548511 ], [ -76.474331273959308, 3.440979862218157 ], [ -76.473787806575459, 3.440488870908599 ], [ -76.473041944615332, 3.440074917363714 ], [ -76.472602548285764, 3.440053747081674 ], [ -76.471563139694283, 3.440203014432718 ], [ -76.469218273742882, 3.440605456724824 ], [ -76.468150934311709, 3.44002026643529 ], [ -76.46528829148896, 3.436966625533759 ], [ -76.463594409185845, 3.435788502574836 ], [ -76.463069654917348, 3.435130599269069 ], [ -76.462790281205471, 3.434427437637142 ], [ -76.461657593298327, 3.429495465236409 ], [ -76.46123894272732, 3.426700083552356 ], [ -76.462792878633849, 3.421593323124593 ], [ -76.463153342071081, 3.417578907952636 ], [ -76.463446786539706, 3.416955714433612 ], [ -76.46422142327296, 3.416387055214318 ], [ -76.465295174178578, 3.415709798318792 ], [ -76.465496556009782, 3.415492994235509 ], [ -76.466340986380843, 3.413854201094798 ], [ -76.467356882358402, 3.411158201521288 ], [ -76.467367976530937, 3.410713382082294 ], [ -76.466793463812834, 3.408922999437362 ], [ -76.466255437130755, 3.407697409768661 ], [ -76.466146683057815, 3.407069447119857 ], [ -76.46622973328752, 3.406375519126279 ], [ -76.466679139322906, 3.405649983276531 ], [ -76.468211699703247, 3.404006473017597 ], [ -76.468341570528438, 3.402723034613906 ], [ -76.467353005987306, 3.400066061645691 ], [ -76.467427515271567, 3.399896531245826 ], [ -76.46785770766121, 3.400448710344486 ], [ -76.468404123787849, 3.400782555386051 ], [ -76.470570756069193, 3.400842235699116 ], [ -76.472311882788688, 3.401090892317468 ], [ -76.472949592662758, 3.401045044796426 ], [ -76.473408420635224, 3.400779785300734 ], [ -76.473996331698274, 3.399762422425737 ], [ -76.474400695567212, 3.39943434632351 ], [ -76.474672376263442, 3.399447729808358 ], [ -76.47492977085976, 3.399593491959852 ], [ -76.475458328857243, 3.40056846261345 ], [ -76.476518385314264, 3.402050836304938 ], [ -76.476958857014694, 3.403126671206591 ], [ -76.476947846030328, 3.403523244776089 ], [ -76.476136278780103, 3.404997556097899 ], [ -76.476091516968964, 3.405469074912479 ], [ -76.476229742590661, 3.405739721114942 ], [ -76.476934786097303, 3.406423385033111 ], [ -76.477915108147428, 3.406933101132937 ], [ -76.478310011785538, 3.407267921037421 ], [ -76.479050820863662, 3.407710276385651 ], [ -76.479409553124242, 3.408111697183 ], [ -76.479531937875805, 3.40870494960496 ], [ -76.479452966068521, 3.409600942793485 ], [ -76.479864161804898, 3.410974928538581 ], [ -76.479898321452481, 3.411095235729793 ], [ -76.479955682280703, 3.4114296597703 ], [ -76.480054886563479, 3.412125911491703 ], [ -76.479732859643391, 3.412841815022345 ], [ -76.479701735481541, 3.413324073705677 ], [ -76.480595189208131, 3.414408293713976 ], [ -76.481036252229316, 3.414755783992689 ], [ -76.481193680598338, 3.414848257934265 ], [ -76.481298706039937, 3.41489518091046 ], [ -76.481553164936713, 3.41498275445086 ], [ -76.481611845973134, 3.414995407438152 ], [ -76.482374607422543, 3.41507862065078 ], [ -76.482676247466287, 3.415115237219386 ], [ -76.48288936178777, 3.415151690142101 ], [ -76.482986794054071, 3.414463098711913 ], [ -76.483434342189668, 3.413952841649649 ], [ -76.483440564243097, 3.413619278387101 ], [ -76.483540319988478, 3.413542856185429 ], [ -76.486770261119375, 3.412150816195828 ], [ -76.489291655840773, 3.410606831227943 ], [ -76.48934955577397, 3.410562137013665 ], [ -76.491616929935148, 3.408850156323128 ], [ -76.493036987051113, 3.406872651162574 ], [ -76.494021538149724, 3.405959765116624 ], [ -76.495894191983965, 3.404814684617205 ], [ -76.497793112070184, 3.403143446030746 ], [ -76.498803835701182, 3.402395193110846 ], [ -76.499462445932267, 3.401500507984665 ], [ -76.503222572543876, 3.394241559833489 ], [ -76.504779111123128, 3.392038565255163 ], [ -76.508275793551078, 3.388800286722322 ], [ -76.509271718088286, 3.388490611728276 ], [ -76.510020945514981, 3.388382348531692 ], [ -76.510113053434623, 3.388376880080062 ], [ -76.510272589423167, 3.388712930052716 ], [ -76.510618988182173, 3.388717479126501 ], [ -76.511410217776245, 3.388447767812669 ], [ -76.512271697463106, 3.388707583219364 ], [ -76.512468850651359, 3.388914010607813 ], [ -76.513919259877582, 3.389802288509893 ], [ -76.513933114912888, 3.389410575479451 ], [ -76.51429499761592, 3.379179340431721 ], [ -76.51457817104172, 3.363408164924438 ], [ -76.515186408428221, 3.363203990701672 ], [ -76.515272569348994, 3.363400660619643 ], [ -76.515490108693569, 3.363530584541938 ], [ -76.515622724177277, 3.363820221192254 ], [ -76.516306595701735, 3.364529504135501 ], [ -76.516920583710032, 3.364511326059633 ], [ -76.517080503073743, 3.364386939400043 ], [ -76.517170141582454, 3.364148040812702 ], [ -76.517410172372323, 3.364290046215765 ], [ -76.517641968603272, 3.364579336601836 ], [ -76.517957214991398, 3.36466716550156 ], [ -76.518297302590838, 3.364356302659471 ], [ -76.518568325173007, 3.363612972592684 ], [ -76.519153863979255, 3.363336034383205 ], [ -76.519290722205369, 3.36328977510584 ], [ -76.519617549217784, 3.363611990453408 ], [ -76.520110915513001, 3.363626083584291 ], [ -76.520414335035994, 3.363961435681185 ], [ -76.52083774788457, 3.36418928260109 ], [ -76.521308481268747, 3.36420563379271 ], [ -76.52235977360391, 3.363776355420995 ], [ -76.52317718879894, 3.363642548177541 ], [ -76.523526553964629, 3.363307453749673 ], [ -76.524119788971475, 3.362487853176062 ], [ -76.524271346227764, 3.362407619843546 ], [ -76.524281682119721, 3.362404858394566 ], [ -76.524247375882226, 3.362116482119437 ], [ -76.523881655928477, 3.362311141974789 ], [ -76.523042738492038, 3.36339223779364 ], [ -76.5220183848582, 3.363583391958855 ], [ -76.521226189584823, 3.363928485726325 ], [ -76.52074273885907, 3.363837042990996 ], [ -76.520249755871205, 3.363370425492101 ], [ -76.519638234830126, 3.36330786481336 ], [ -76.519470758902898, 3.36295302544487 ], [ -76.519306772656165, 3.362932598594942 ], [ -76.518344674694404, 3.363417193293713 ], [ -76.51792215927, 3.364379214871239 ], [ -76.517801332146973, 3.364353987514271 ], [ -76.517581136041372, 3.364031638061644 ], [ -76.517387281101591, 3.363959499929664 ], [ -76.517450783343122, 3.363549365867756 ], [ -76.517383735234048, 3.363432733658345 ], [ -76.51671962449953, 3.363539703685445 ], [ -76.516663312717441, 3.363661200911253 ], [ -76.516834449921873, 3.363928164884553 ], [ -76.516877518254006, 3.364192787380308 ], [ -76.516413174323375, 3.36427088070273 ], [ -76.515831640549067, 3.363628643434406 ], [ -76.51569839639528, 3.363285390816928 ], [ -76.515466585594126, 3.363198908867814 ], [ -76.515682323685525, 3.362968354087556 ], [ -76.515481949192889, 3.362660418006752 ], [ -76.515320773620914, 3.362670153491968 ], [ -76.515040714658625, 3.362961171272697 ], [ -76.514548880757374, 3.3631306703056 ], [ -76.514377025942437, 3.363069905554778 ], [ -76.514146853723517, 3.362702486593705 ], [ -76.513849743821737, 3.362615152055661 ], [ -76.513651353325812, 3.363019623745785 ], [ -76.513524833911802, 3.363883970819536 ], [ -76.51286635367839, 3.36388709874314 ], [ -76.510712367396337, 3.364877234593287 ], [ -76.510597568196943, 3.365057924816937 ], [ -76.510797308091568, 3.365381262154575 ], [ -76.510698938019701, 3.365794572747819 ], [ -76.510770186996027, 3.366108787238429 ], [ -76.510515051462903, 3.366749687244392 ], [ -76.51071380951484, 3.367039895824302 ], [ -76.510713081154051, 3.367357283290957 ], [ -76.50989007699576, 3.367869289635751 ], [ -76.509305144345078, 3.368409782943896 ], [ -76.509208326148524, 3.368754288756771 ], [ -76.509311899682828, 3.369171500484208 ], [ -76.509250549835542, 3.369855225055734 ], [ -76.509155347219505, 3.370212870630033 ], [ -76.508765604548302, 3.370819710263049 ], [ -76.50873775274664, 3.371866742184832 ], [ -76.508026757100041, 3.372750466083613 ], [ -76.507769231684009, 3.373343825511062 ], [ -76.507653033123873, 3.373429855287381 ], [ -76.507260675738451, 3.373352611810147 ], [ -76.507119374285168, 3.373545872251247 ], [ -76.507368394490285, 3.373796313980002 ], [ -76.507388342644887, 3.373968042403061 ], [ -76.507279256050637, 3.374734484565809 ], [ -76.506925921324054, 3.375344575434136 ], [ -76.507032449563326, 3.375740595857262 ], [ -76.506968827729906, 3.375838781377838 ], [ -76.506245726627029, 3.376022172041889 ], [ -76.50605276059035, 3.376212037199562 ], [ -76.506082692780353, 3.377175999811239 ], [ -76.506005394268044, 3.377740341384272 ], [ -76.505783460751701, 3.378014477830086 ], [ -76.505799218322295, 3.378686269822916 ], [ -76.505436292008412, 3.378826248717527 ], [ -76.505294961761962, 3.379348622853293 ], [ -76.504954907524663, 3.379970724515168 ], [ -76.504713862641339, 3.380153167888972 ], [ -76.504229967841383, 3.380243403678329 ], [ -76.498931357900176, 3.374609126444702 ], [ -76.496732366746969, 3.37245127263144 ], [ -76.49607214543434, 3.372226854768188 ], [ -76.490683523116473, 3.371352777081445 ], [ -76.490222756608929, 3.371452969774141 ], [ -76.486919039371188, 3.373237921932951 ], [ -76.484410820449412, 3.376092235570404 ], [ -76.48396667196937, 3.376545627555977 ], [ -76.483401350658212, 3.376903572399053 ], [ -76.480577425237186, 3.377948666197678 ], [ -76.479983657804169, 3.378091786678495 ], [ -76.478084824249521, 3.377954810468757 ], [ -76.478222241263424, 3.3761298284537 ], [ -76.477902393566382, 3.375711882096022 ], [ -76.477758589957375, 3.375004612344115 ], [ -76.47774263879829, 3.374345605179612 ], [ -76.477838656816871, 3.373718752582081 ], [ -76.478339680441721, 3.373195434723099 ], [ -76.478798480505787, 3.372481171570013 ], [ -76.479358342605266, 3.371902548019435 ], [ -76.480432041648911, 3.371222189806205 ], [ -76.481929719512848, 3.370025637023958 ], [ -76.482343442807732, 3.369457450101959 ], [ -76.482509516291216, 3.369025714070143 ], [ -76.483101361935468, 3.368398844513532 ], [ -76.484121384887885, 3.366765253349818 ], [ -76.484745230060085, 3.365302708888902 ], [ -76.485452416481266, 3.362711125340064 ], [ -76.485617186579958, 3.361946742063746 ], [ -76.485594578023509, 3.360396320638424 ], [ -76.485665956255161, 3.360076891407034 ], [ -76.486410083579131, 3.358397140255687 ], [ -76.487018263845272, 3.357416148488872 ], [ -76.487390695342555, 3.357072097661778 ], [ -76.487812004216309, 3.356481445730526 ], [ -76.487820251378409, 3.356251935349434 ], [ -76.48763378450424, 3.356139456206366 ], [ -76.487375826895558, 3.356081785868418 ], [ -76.486831145802839, 3.35613937197258 ], [ -76.484609642062622, 3.356772849265322 ], [ -76.48366369451287, 3.356657531855553 ], [ -76.483185569793122, 3.356782725039954 ], [ -76.482817082927028, 3.357036354971944 ], [ -76.481771719290563, 3.358428987745425 ], [ -76.481613955949015, 3.359365168411352 ], [ -76.481635280351071, 3.361036032140439 ], [ -76.481463140227433, 3.362303516116826 ], [ -76.480947015994616, 3.36342692505991 ], [ -76.47963448396429, 3.365318247991951 ], [ -76.478993587155514, 3.365841408516138 ], [ -76.478304492097962, 3.366170726252752 ], [ -76.476596877906516, 3.366595219358232 ], [ -76.475966233774059, 3.366580734599277 ], [ -76.474792705575254, 3.366227534931175 ], [ -76.474102707933525, 3.365860192490326 ], [ -76.473630192721558, 3.365456990945088 ], [ -76.473243308963148, 3.364909621506533 ], [ -76.47299974998937, 3.364347858906137 ], [ -76.472899595111087, 3.362504129022343 ], [ -76.472827997254413, 3.362273691577852 ], [ -76.472748641654022, 3.362255809860955 ], [ -76.470506179679361, 3.362215765991186 ], [ -76.467438929655046, 3.363338921178037 ], [ -76.46579772352743, 3.363764961927406 ] ] ] } },
{ "type": "Feature", "properties": { "OBJECTID": 15, "suelo": "Rural", "barrio": "Pance", "comuna": "53", "cod_bar": "5300" }, "geometry": { "type": "Polygon", "coordinates": [ [ [ -76.669225435619396, 3.359976754241996 ], [ -76.670262433557042, 3.360976796308289 ], [ -76.671043871285733, 3.361266993222691 ], [ -76.671995195181907, 3.361488793591536 ], [ -76.673065553068227, 3.362103344941326 ], [ -76.673439283812257, 3.362103313778535 ], [ -76.674050769813903, 3.361659356220463 ], [ -76.674662341410453, 3.361420327506233 ], [ -76.675894754567466, 3.361637648662885 ], [ -76.676856673751573, 3.361648513848964 ], [ -76.677459912304428, 3.361752229404727 ], [ -76.678742485832373, 3.361670170776652 ], [ -76.67912290019332, 3.361724740542045 ], [ -76.680057668498378, 3.362292672835309 ], [ -76.680753279328698, 3.362511028009563 ], [ -76.681025061395673, 3.362947984530094 ], [ -76.681296824985154, 3.363199156224516 ], [ -76.682372870001061, 3.363657862799005 ], [ -76.683514166338909, 3.364356810360267 ], [ -76.684046771694781, 3.364531523030095 ], [ -76.685090318674895, 3.365459918433372 ], [ -76.685362002632729, 3.36558005046418 ], [ -76.686329354467105, 3.36575471975743 ], [ -76.686698927497659, 3.365623574156155 ], [ -76.687351084098296, 3.36566723548 ], [ -76.687818436588714, 3.365590684679572 ], [ -76.688807522475713, 3.365907335020336 ], [ -76.690209611244967, 3.366005522452647 ], [ -76.690611836871611, 3.366245799752433 ], [ -76.690546679045241, 3.366933984470938 ], [ -76.690764102424083, 3.367086827558888 ], [ -76.691274908407749, 3.367141450453534 ], [ -76.691720520390604, 3.366868307248868 ], [ -76.692307434469981, 3.366769914478027 ], [ -76.692796526410646, 3.366890022214643 ], [ -76.693057470568846, 3.367141261225752 ], [ -76.693850951527821, 3.367556259367928 ], [ -76.69440640175273, 3.367706310112283 ], [ -76.694693216849132, 3.367328423797926 ], [ -76.694887702795896, 3.367259387256267 ], [ -76.695528182731849, 3.366558072392695 ], [ -76.69579134436033, 3.366512056448526 ], [ -76.695939994531727, 3.366385593742196 ], [ -76.696140013541736, 3.364839325267504 ], [ -76.696528920483203, 3.364115008305559 ], [ -76.697180875932446, 3.363609081109642 ], [ -76.697443914859363, 3.363091681242948 ], [ -76.698244614090271, 3.362689225977661 ], [ -76.698747910550352, 3.362240815977509 ], [ -76.69890799408455, 3.361895930831808 ], [ -76.699228262277757, 3.361516486169753 ], [ -76.699937467244581, 3.361332459282639 ], [ -76.700143362920201, 3.360861123680475 ], [ -76.700795312021739, 3.360332235611313 ], [ -76.701149801080234, 3.359251539720552 ], [ -76.701647406779827, 3.3588433224989 ], [ -76.701750350501342, 3.358578904764316 ], [ -76.701601559348717, 3.358061622927959 ], [ -76.701750177888329, 3.357061409474146 ], [ -76.701727216666882, 3.356647530780153 ], [ -76.701246696919057, 3.355842851651501 ], [ -76.701132223556868, 3.355474969524387 ], [ -76.700743256444554, 3.354980672600209 ], [ -76.700102573093346, 3.354394431346278 ], [ -76.700125378989597, 3.35342870438016 ], [ -76.700491384188879, 3.352876892265318 ], [ -76.700571383373827, 3.352336554243483 ], [ -76.700112862987027, 3.350876400207602 ], [ -76.699907255814963, 3.349517162331267 ], [ -76.699008237539061, 3.348046107616498 ], [ -76.698212073206719, 3.347400967969743 ], [ -76.697561353469823, 3.346239641378111 ], [ -76.697535643254341, 3.345740641363419 ], [ -76.697240237519338, 3.345258906519667 ], [ -76.696247171080358, 3.344347048322443 ], [ -76.69553657300527, 3.343891212557814 ], [ -76.69486881406219, 3.343065357724163 ], [ -76.694928741560972, 3.342798682714689 ], [ -76.695360937460407, 3.342058750080117 ], [ -76.69571169071024, 3.340217612527464 ], [ -76.695591774412719, 3.33951221137275 ], [ -76.695056668493066, 3.338841185388044 ], [ -76.695082309464055, 3.338049727865007 ], [ -76.695612939905672, 3.336957076234048 ], [ -76.695629978091148, 3.336569894485874 ], [ -76.695604301314418, 3.336363415657048 ], [ -76.695385962120639, 3.336139791729277 ], [ -76.695197611839248, 3.335683828669596 ], [ -76.695120466200919, 3.334642880408089 ], [ -76.69474372030912, 3.333963290433798 ], [ -76.694649421301662, 3.332887871074127 ], [ -76.695000377565989, 3.3323028609235 ], [ -76.695282778465611, 3.331494068902825 ], [ -76.695368316665878, 3.33081442835617 ], [ -76.69623262432934, 3.32864638221471 ], [ -76.696035687187418, 3.328069978645486 ], [ -76.696061316984611, 3.327829092091324 ], [ -76.69611267660909, 3.32764838845687 ], [ -76.69647216061324, 3.327304260714321 ], [ -76.696686094813884, 3.326452526314897 ], [ -76.696617568124466, 3.325824470461867 ], [ -76.696360705761592, 3.32552342866862 ], [ -76.696335028340229, 3.325316949859746 ], [ -76.69647615462479, 3.324559881825446 ], [ -76.697361785872815, 3.321402372956087 ], [ -76.697438749243432, 3.320748587439418 ], [ -76.697925156941793, 3.319645202732293 ], [ -76.697382851306628, 3.317943958784344 ], [ -76.697202565177534, 3.311380921493805 ], [ -76.691913596763968, 3.31285835825888 ], [ -76.6906108211939, 3.312701387495294 ], [ -76.690110610156552, 3.312868996984257 ], [ -76.689422716000593, 3.312869066228072 ], [ -76.688265905617868, 3.313225351017717 ], [ -76.688026252047905, 3.313455803662999 ], [ -76.687640651768248, 3.313382516141484 ], [ -76.687088280165781, 3.313476875413201 ], [ -76.685582404359849, 3.314356848621177 ], [ -76.68529057755562, 3.314388311902777 ], [ -76.684821537262408, 3.314189361969702 ], [ -76.684404667421802, 3.314199856642968 ], [ -76.682799760163007, 3.315132250511833 ], [ -76.680981201591322, 3.315551387623327 ], [ -76.679459567235753, 3.315582962066047 ], [ -76.677500232151473, 3.315310746684147 ], [ -76.677166695573135, 3.315007022394548 ], [ -76.676176556020579, 3.314881439830658 ], [ -76.674764368087935, 3.314179748012648 ], [ -76.67307599314816, 3.313949462090276 ], [ -76.672638256569385, 3.314043803575595 ], [ -76.671575215649582, 3.314588529539598 ], [ -76.670720691060026, 3.314829483590287 ], [ -76.669709751656228, 3.314766766184178 ], [ -76.667640946192094, 3.314913579198655 ], [ -76.667276233585824, 3.314986933211674 ], [ -76.666494607888339, 3.31540596225021 ], [ -76.666150696727328, 3.315426898312945 ], [ -76.665025029617851, 3.315081340810062 ], [ -76.663420078137122, 3.314756796246443 ], [ -76.662992724300437, 3.314599652753443 ], [ -76.662836393900477, 3.314421650330834 ], [ -76.662242211275426, 3.312766728624548 ], [ -76.661564702628198, 3.311530780852578 ], [ -76.661189480790242, 3.311080404101544 ], [ -76.66076214580842, 3.31017962691145 ], [ -76.660022097156258, 3.309111241662571 ], [ -76.659813615547449, 3.308933242784713 ], [ -76.659094496512665, 3.308639993075452 ], [ -76.658396153904604, 3.307917318162205 ], [ -76.658125112335256, 3.306618470069502 ], [ -76.657364263748889, 3.305550154482765 ], [ -76.656478280955426, 3.304062807479334 ], [ -76.65579045167182, 3.30390574863353 ], [ -76.655019203796186, 3.303884889004984 ], [ -76.654581520501111, 3.303685852784768 ], [ -76.653758178683177, 3.303507891248092 ], [ -76.652695103638621, 3.303476523203662 ], [ -76.652517907833555, 3.303403209572888 ], [ -76.652153182212245, 3.30320416751589 ], [ -76.651686738746449, 3.302780000481093 ], [ -76.64974819678315, 3.30179552929626 ], [ -76.648434974552814, 3.300538700134653 ], [ -76.647966016598332, 3.30033966236458 ], [ -76.646694529679507, 3.300015071855927 ], [ -76.642843625368329, 3.299564877409481 ], [ -76.640540374659935, 3.299795425178321 ], [ -76.639842173528393, 3.30013064996025 ], [ -76.6387240838812, 3.300440746583291 ], [ -76.63710718943527, 3.301074256600928 ], [ -76.635779099156139, 3.301737633270469 ], [ -76.632979486912589, 3.303671330138543 ], [ -76.630992690967162, 3.306614440019754 ], [ -76.630468782300412, 3.306726568428764 ], [ -76.629788693665873, 3.306737757647881 ], [ -76.627826676338074, 3.307320475793239 ], [ -76.627235781349668, 3.307354123228654 ], [ -76.62684560945705, 3.306984404972428 ], [ -76.625953738916564, 3.306737901744234 ], [ -76.624749735810695, 3.306726782838812 ], [ -76.624287036926162, 3.306581137098783 ], [ -76.623997155377396, 3.305942485841396 ], [ -76.623662725691361, 3.305695961161492 ], [ -76.622782029325975, 3.305337489201856 ], [ -76.621812147550443, 3.305236645288196 ], [ -76.621410737803828, 3.305023818129667 ], [ -76.62121006227872, 3.304766056417219 ], [ -76.620931379147109, 3.304777297020698 ], [ -76.618958210627056, 3.306278751384713 ], [ -76.617921421951579, 3.306368422302666 ], [ -76.616555840962349, 3.306740734850084 ], [ -76.616519511436366, 3.307046893197265 ], [ -76.61630521710191, 3.307402361643657 ], [ -76.616294478738496, 3.30798401718565 ], [ -76.615062052935713, 3.309815193246089 ], [ -76.614418947645788, 3.310461429357384 ], [ -76.613915280074451, 3.310676965631105 ], [ -76.612886440692904, 3.311334017449384 ], [ -76.611118044589062, 3.311958801381704 ], [ -76.61008377753393, 3.311980015106693 ], [ -76.609096037333472, 3.311775175763657 ], [ -76.608483905766008, 3.311540519246275 ], [ -76.60785694068899, 3.310986213023837 ], [ -76.6074688094332, 3.310449846370704 ], [ -76.607007854942779, 3.309474518977526 ], [ -76.606959351127628, 3.309108813074121 ], [ -76.606740964948429, 3.308694297933837 ], [ -76.606621845936331, 3.308622639606884 ], [ -76.605446475102653, 3.308482546515634 ], [ -76.60518040709556, 3.308508531484916 ], [ -76.604858376003421, 3.308689833854632 ], [ -76.604497930457029, 3.308640947082644 ], [ -76.604231161607856, 3.308517483945673 ], [ -76.603906193067871, 3.308183347730771 ], [ -76.603132127937201, 3.308021325925016 ], [ -76.602626612725132, 3.307642301776768 ], [ -76.602269680262282, 3.307531260461738 ], [ -76.601627552566001, 3.30793649298817 ], [ -76.600965080317465, 3.308208520034395 ], [ -76.600633753219284, 3.308210328392704 ], [ -76.599790092887005, 3.308428036862856 ], [ -76.598553484630514, 3.308502813016199 ], [ -76.597780360843657, 3.3084063507834 ], [ -76.597376929715637, 3.308473112123858 ], [ -76.596694667068363, 3.308310526984038 ], [ -76.595750271585118, 3.307695962786456 ], [ -76.595189666209777, 3.307719640839702 ], [ -76.594324852997488, 3.30798444739124 ], [ -76.593800369867225, 3.307812678469044 ], [ -76.592486900370147, 3.307716703741905 ], [ -76.59184575373267, 3.307429404657459 ], [ -76.591338342474074, 3.307397893479757 ], [ -76.590884662504607, 3.307044123300402 ], [ -76.58988423695989, 3.307021217684664 ], [ -76.589447771994529, 3.30724365405756 ], [ -76.588694859862585, 3.308659317270925 ], [ -76.588301528122429, 3.308825726158435 ], [ -76.587404569733181, 3.308901296259923 ], [ -76.586966126701583, 3.308756726508027 ], [ -76.58646875031566, 3.30878787357634 ], [ -76.58607458543996, 3.308590061393688 ], [ -76.585085868923599, 3.308365296734431 ], [ -76.584488351128812, 3.308551518841557 ], [ -76.584007121896363, 3.308992300500155 ], [ -76.583749758168963, 3.309029660876456 ], [ -76.582524547490365, 3.308551970021944 ], [ -76.582085303583298, 3.308521914242281 ], [ -76.581686919733542, 3.308609239002775 ], [ -76.581434476495204, 3.308502649841105 ], [ -76.581358553843287, 3.308059481182181 ], [ -76.581401085536996, 3.307544574317737 ], [ -76.580969445913738, 3.307259390147443 ], [ -76.580760868177023, 3.306798478734332 ], [ -76.580761347418772, 3.306540221901261 ], [ -76.580955419180455, 3.306053254978 ], [ -76.580829998932899, 3.304872119712976 ], [ -76.580425214801025, 3.304575178163774 ], [ -76.580622187603538, 3.304295037372011 ], [ -76.580455651560143, 3.303995703608655 ], [ -76.580154190803484, 3.303799249353133 ], [ -76.579896579466762, 3.303752535835673 ], [ -76.57958408277041, 3.303906385843532 ], [ -76.57930569340067, 3.303929558613654 ], [ -76.578481234092337, 3.304344407372777 ], [ -76.577970080647461, 3.303987713076546 ], [ -76.577535990226608, 3.303908332000808 ], [ -76.577353849339303, 3.303492194845201 ], [ -76.577315116933988, 3.303138963817913 ], [ -76.577123960218529, 3.303030434869748 ], [ -76.576202753589527, 3.303178160463013 ], [ -76.575942445665362, 3.303330695130994 ], [ -76.575728564114925, 3.303719123115375 ], [ -76.575624510404168, 3.303735882966768 ], [ -76.575290459727867, 3.303426548569868 ], [ -76.575136139240769, 3.30306200360032 ], [ -76.574949282974828, 3.302950318329982 ], [ -76.573730203219512, 3.302585885067033 ], [ -76.573226162080161, 3.302530887527496 ], [ -76.572832220442194, 3.302650526029289 ], [ -76.572465045345794, 3.302544684040022 ], [ -76.571997580587393, 3.301855780540956 ], [ -76.571777162264283, 3.301129332231924 ], [ -76.571382005590479, 3.300753751266316 ], [ -76.571103229428488, 3.300159172675603 ], [ -76.57078004853183, 3.299854248580198 ], [ -76.570566195820632, 3.299765403816013 ], [ -76.569656056963865, 3.299729173241478 ], [ -76.569064392293754, 3.299422570660074 ], [ -76.568491080828153, 3.299470069057099 ], [ -76.568108276700528, 3.299647256082228 ], [ -76.567749433006739, 3.299691497210412 ], [ -76.567355937012451, 3.299596466905434 ], [ -76.566797909228967, 3.299246098262332 ], [ -76.566559497110632, 3.298976867082947 ], [ -76.566298392320675, 3.29841453159286 ], [ -76.566072371626831, 3.297416316768744 ], [ -76.566231879816499, 3.297011771797442 ], [ -76.56704868959882, 3.296175731537661 ], [ -76.567211958576209, 3.295788907516241 ], [ -76.566950904421844, 3.295357500402516 ], [ -76.566684722922446, 3.295131128503764 ], [ -76.566400099493237, 3.294529136233936 ], [ -76.566525963771753, 3.294399504893148 ], [ -76.566723344348091, 3.29453160801051 ], [ -76.566983719726551, 3.294494378689143 ], [ -76.567299496793126, 3.294289545165811 ], [ -76.567327735053382, 3.294058403751894 ], [ -76.567254056833363, 3.29393384560898 ], [ -76.566783406493158, 3.293782134030428 ], [ -76.566417845634973, 3.293262373107666 ], [ -76.566136988394049, 3.292353550471712 ], [ -76.565842787823684, 3.292016776686668 ], [ -76.565333751139534, 3.291676107751769 ], [ -76.5654330692402, 3.29140507904114 ], [ -76.56589186697785, 3.291293479703874 ], [ -76.566011419945639, 3.291065834100024 ], [ -76.565998306968865, 3.290953207415431 ], [ -76.565808233484347, 3.290846448357794 ], [ -76.565646318214746, 3.290921902009959 ], [ -76.565378599659198, 3.290893676705656 ], [ -76.565291021696922, 3.290148919724504 ], [ -76.565714702595912, 3.289769698778395 ], [ -76.565105114454127, 3.289043248361534 ], [ -76.564794455422899, 3.288382808825636 ], [ -76.56483999349426, 3.288133420948338 ], [ -76.564324415828921, 3.287726491535019 ], [ -76.564292875423334, 3.28754650322109 ], [ -76.564426630760707, 3.287251285838674 ], [ -76.564120853816405, 3.286913554513541 ], [ -76.563981895010869, 3.286504075817138 ], [ -76.56366112953846, 3.286356425601895 ], [ -76.563038674987524, 3.286977436932574 ], [ -76.562797467007783, 3.287089974640205 ], [ -76.562613011511729, 3.287057938191621 ], [ -76.562163241025715, 3.286789446739474 ], [ -76.561561401412561, 3.286018606823351 ], [ -76.560864842148092, 3.285767041947456 ], [ -76.560300915058392, 3.285450080610484 ], [ -76.559843595268092, 3.284883826432157 ], [ -76.55948145800015, 3.284104722671007 ], [ -76.559218981512444, 3.283248747376524 ], [ -76.55916125971001, 3.28252428777017 ], [ -76.559403107317777, 3.281543659592519 ], [ -76.559221281246707, 3.281289192455304 ], [ -76.558544541786418, 3.281193138304939 ], [ -76.558309496332157, 3.281282161060187 ], [ -76.558390063944131, 3.282010421039967 ], [ -76.558556455772404, 3.282576207478509 ], [ -76.558453975834624, 3.282765365347736 ], [ -76.557914976661024, 3.282715374831015 ], [ -76.557558226918502, 3.282914130646797 ], [ -76.557123388822887, 3.282932520714462 ], [ -76.556777057603554, 3.282731917747137 ], [ -76.556415148442042, 3.282685427880159 ], [ -76.555991990520383, 3.283114060668615 ], [ -76.555360331074738, 3.282859776748191 ], [ -76.55521511246107, 3.282901099205765 ], [ -76.555128619358726, 3.28403150312578 ], [ -76.554820981669693, 3.284541259988301 ], [ -76.55461417167254, 3.284694793244716 ], [ -76.554499029788332, 3.284634665752139 ], [ -76.554652600697906, 3.284028512988227 ], [ -76.554543659425804, 3.283921238793479 ], [ -76.554246394744709, 3.28412063863666 ], [ -76.553847509961386, 3.28412994601119 ], [ -76.553118509200019, 3.28459874977814 ], [ -76.553030398756576, 3.284866122969038 ], [ -76.553248519168449, 3.285177626602175 ], [ -76.552955458236966, 3.285248132133731 ], [ -76.552893301754239, 3.285383469493323 ], [ -76.553175258770921, 3.285655945048895 ], [ -76.553080263067343, 3.285722185040727 ], [ -76.552518383334544, 3.285631109283742 ], [ -76.552451329822091, 3.286242349412661 ], [ -76.552132633223948, 3.286858463406034 ], [ -76.551660049756052, 3.286619182245628 ], [ -76.551456812791912, 3.286351942581908 ], [ -76.551123787457755, 3.286365131988347 ], [ -76.549621334755969, 3.285637989255783 ], [ -76.549361321901017, 3.284925904598462 ], [ -76.549332916302859, 3.283910462113221 ], [ -76.549043344610396, 3.283802218022821 ], [ -76.548773615389877, 3.28397939566193 ], [ -76.548519570019508, 3.283979909525491 ], [ -76.54841224623739, 3.2837814863966 ], [ -76.548605936870089, 3.283378818682062 ], [ -76.548462685335338, 3.283157723954233 ], [ -76.547936813842441, 3.283002383357572 ], [ -76.547783298987824, 3.283330788329176 ], [ -76.547538372845722, 3.28337602310521 ], [ -76.54695164278273, 3.282993394629438 ], [ -76.546696250795492, 3.283751427330376 ], [ -76.54616412734751, 3.284502440973531 ], [ -76.546282775682144, 3.28527177758294 ], [ -76.54614213624177, 3.285517708594737 ], [ -76.545878656021458, 3.285450760089489 ], [ -76.545798225139535, 3.285340219085975 ], [ -76.54551183396002, 3.284592069392422 ], [ -76.545530835551006, 3.284312100584072 ], [ -76.545373841113047, 3.284325342100445 ], [ -76.545308961384578, 3.284242934646067 ], [ -76.545385778098535, 3.283727558321443 ], [ -76.545032090055145, 3.283238508846896 ], [ -76.544498425899192, 3.282799308395048 ], [ -76.54412515975082, 3.282924972671942 ], [ -76.543782286455141, 3.282677081860382 ], [ -76.543528768315852, 3.282665120114816 ], [ -76.543528854926009, 3.283148523035373 ], [ -76.54379308000378, 3.283557941991113 ], [ -76.543773049047928, 3.284279348259358 ], [ -76.543658245054075, 3.284290052195399 ], [ -76.543458007886827, 3.283965118646737 ], [ -76.543033613730543, 3.283652972978788 ], [ -76.543043586780016, 3.283072784891527 ], [ -76.542646680365294, 3.282537965249205 ], [ -76.542448238961541, 3.282020151488841 ], [ -76.542836216760577, 3.28152710897257 ], [ -76.54320395675677, 3.281272225157616 ], [ -76.543530157136416, 3.280290928097023 ], [ -76.544287872514857, 3.279342897291492 ], [ -76.544486236615882, 3.27829407426174 ], [ -76.544373716969957, 3.278206686737875 ], [ -76.544033559444117, 3.278190902555449 ], [ -76.543402394274764, 3.278476535662584 ], [ -76.542762296695685, 3.279027206816033 ], [ -76.542701607344981, 3.279445146604182 ], [ -76.542269978037609, 3.2798135939362 ], [ -76.541521854609883, 3.280178599515837 ], [ -76.541065831696642, 3.280102854289911 ], [ -76.540612859944389, 3.28031906127688 ], [ -76.539916930567543, 3.280438355186753 ], [ -76.539786679964337, 3.280720677046336 ], [ -76.539855507727012, 3.281235770573323 ], [ -76.539445928149348, 3.281437255841976 ], [ -76.539246702345707, 3.281743843947751 ], [ -76.538986599665748, 3.281711932790265 ], [ -76.538678758136598, 3.281509283515814 ], [ -76.538559932450383, 3.281236975086278 ], [ -76.538223456197031, 3.28086135841047 ], [ -76.537557685289968, 3.280372324564519 ], [ -76.537302784889036, 3.280350025339282 ], [ -76.536292072252479, 3.280575793649386 ], [ -76.536073193912458, 3.280822276925127 ], [ -76.536251263706177, 3.281093353176451 ], [ -76.536231473856688, 3.28123564651707 ], [ -76.535702221641117, 3.28209155612705 ], [ -76.535274441712332, 3.28245391408711 ], [ -76.534649145809482, 3.282786991577891 ], [ -76.534870739841949, 3.282969254791595 ], [ -76.535437744323488, 3.282991622166564 ], [ -76.535558188907515, 3.283094970553093 ], [ -76.535487257450455, 3.283205976858733 ], [ -76.535191606309809, 3.283312916871033 ], [ -76.534420266788999, 3.283273641212745 ], [ -76.533954979061676, 3.283442623669733 ], [ -76.533105797745293, 3.283021003265351 ], [ -76.532843269878654, 3.283093966113452 ], [ -76.532845028772698, 3.283470025811042 ], [ -76.533222879563056, 3.283936311898056 ], [ -76.533196494511174, 3.284409139718682 ], [ -76.533017513306419, 3.284911951722411 ], [ -76.533137719604952, 3.284954415610239 ], [ -76.533450050070968, 3.284788922214594 ], [ -76.53366693141578, 3.284788412897127 ], [ -76.53387829831189, 3.284950941544787 ], [ -76.532763674320094, 3.285851749875347 ], [ -76.531701357039438, 3.285840477687696 ], [ -76.530796079333811, 3.285610061263453 ], [ -76.530497831812937, 3.285837962918737 ], [ -76.530693688553356, 3.286624266057286 ], [ -76.530617164961171, 3.286729247413917 ], [ -76.529775368446096, 3.286809566469118 ], [ -76.529264107197989, 3.287063379459779 ], [ -76.528875307270695, 3.287004935841853 ], [ -76.528501422253868, 3.286789373761096 ], [ -76.528440978866399, 3.286461072264323 ], [ -76.528502769580712, 3.285835766425184 ], [ -76.528235937712793, 3.285327987721792 ], [ -76.528050273893726, 3.285332294976196 ], [ -76.527884604798643, 3.285481579606127 ], [ -76.52771322707747, 3.286088761667505 ], [ -76.527091010754901, 3.286477743186183 ], [ -76.526815846048052, 3.286406493645073 ], [ -76.526817636017327, 3.286065741785477 ], [ -76.526446965983013, 3.28580994676132 ], [ -76.525947065884054, 3.28587361041268 ], [ -76.525448479968418, 3.286094961615296 ], [ -76.525194549076772, 3.286067507036584 ], [ -76.524389516863479, 3.289277892198544 ], [ -76.523647924555434, 3.291597469945239 ], [ -76.521422268017218, 3.300793034674749 ], [ -76.521248648536584, 3.301998787494961 ], [ -76.521513903144694, 3.306108960346333 ], [ -76.522450396640508, 3.309198424462974 ], [ -76.522863289691998, 3.313914703204923 ], [ -76.522853726583989, 3.316031378944153 ], [ -76.522208369776877, 3.324975708269156 ], [ -76.522245205962861, 3.326942345580904 ], [ -76.522863601844136, 3.330993133516914 ], [ -76.523811394653038, 3.334738350321958 ], [ -76.524542801229458, 3.338107956776843 ], [ -76.5242799840007, 3.343485525220547 ], [ -76.524192792719191, 3.343981558262448 ], [ -76.524141409979549, 3.347152468347109 ], [ -76.523417014772917, 3.351242015598828 ], [ -76.523333641087518, 3.353468600866666 ], [ -76.524247375882226, 3.362116482119437 ], [ -76.524281682119721, 3.362404858394566 ], [ -76.524860447380092, 3.36233899355428 ], [ -76.524804129442217, 3.362035973072208 ], [ -76.524134044793072, 3.358492428593541 ], [ -76.52396319584463, 3.357065548659474 ], [ -76.524926143516964, 3.335103974791243 ], [ -76.524895578619862, 3.334945172238748 ], [ -76.525081707499297, 3.334868328441852 ], [ -76.525652457852047, 3.334711826747674 ], [ -76.526285895598278, 3.334718792668256 ], [ -76.52742095671438, 3.335084925859689 ], [ -76.528514146518305, 3.335145394351355 ], [ -76.529178875701945, 3.334944322022211 ], [ -76.532111110772405, 3.333417891112673 ], [ -76.532839096733454, 3.333210534013619 ], [ -76.54695067574724, 3.332267443579922 ], [ -76.550512120539977, 3.331801864261551 ], [ -76.550785790193643, 3.332593544370048 ], [ -76.551328305075245, 3.333574197703165 ], [ -76.551352123016088, 3.333822924432225 ], [ -76.551242600410887, 3.334167362607848 ], [ -76.550887978408539, 3.334624180055778 ], [ -76.550369136976158, 3.335709975276523 ], [ -76.55014065479088, 3.336824530858518 ], [ -76.550121551795883, 3.338183089307035 ], [ -76.550290496871639, 3.338879045791249 ], [ -76.550571274049005, 3.33952004994242 ], [ -76.551342301694049, 3.340491176663502 ], [ -76.551416431360892, 3.34110801270967 ], [ -76.551732564004666, 3.341768372353715 ], [ -76.551665351086541, 3.342213757930245 ], [ -76.551541217759834, 3.342306928332414 ], [ -76.550398570569328, 3.345582311940111 ], [ -76.551228348794027, 3.346182051868575 ], [ -76.552130772455399, 3.34664294695421 ], [ -76.553221781918552, 3.347129701897138 ], [ -76.555766005739983, 3.348015911005013 ], [ -76.560251336294812, 3.349123067990856 ], [ -76.562390791369907, 3.349501128179943 ], [ -76.562660351732518, 3.349459034172817 ], [ -76.563260773708507, 3.349067702026276 ], [ -76.56361868741206, 3.349009292109625 ], [ -76.565446058355462, 3.349396661863056 ], [ -76.567136109093383, 3.348751260810372 ], [ -76.568764078945989, 3.348725655070341 ], [ -76.569296655969538, 3.348894426443036 ], [ -76.570359432301458, 3.348761927672707 ], [ -76.571760506464102, 3.348837045031883 ], [ -76.574102765952603, 3.348170451610375 ], [ -76.574857882842622, 3.348180140571916 ], [ -76.575210103732729, 3.348083792959322 ], [ -76.576030095596778, 3.348164052309171 ], [ -76.576599510858372, 3.348015856737534 ], [ -76.577337335784037, 3.348078667050962 ], [ -76.578188258696954, 3.347837298158582 ], [ -76.578695394782997, 3.347923698248362 ], [ -76.579368830292736, 3.348292095953877 ], [ -76.580200349963121, 3.348467152115534 ], [ -76.581311764329456, 3.348340716926629 ], [ -76.582561997692338, 3.348415746608776 ], [ -76.582966090948943, 3.34831826610483 ], [ -76.584824472769071, 3.347380171049748 ], [ -76.585931738273217, 3.347085817381461 ], [ -76.58694664260274, 3.347029874106648 ], [ -76.587879451763158, 3.346324530759965 ], [ -76.58892134524352, 3.346489266480609 ], [ -76.590143883611631, 3.346289283888019 ], [ -76.590173685434834, 3.346662124303519 ], [ -76.590410841424259, 3.347271187357383 ], [ -76.590344980328268, 3.347761079100253 ], [ -76.590476703273325, 3.348581993499684 ], [ -76.590595280057443, 3.348833614726353 ], [ -76.590912707098326, 3.349150085393334 ], [ -76.59097737339934, 3.349469168864826 ], [ -76.591214459286363, 3.349535358148638 ], [ -76.591517476577891, 3.349469167538482 ], [ -76.592518745848281, 3.349111653438196 ], [ -76.592848120212395, 3.348648180153537 ], [ -76.593019414461338, 3.348701159197246 ], [ -76.593506872880923, 3.34941618202301 ], [ -76.593849394036397, 3.349628031818398 ], [ -76.59431056120053, 3.349641239842167 ], [ -76.594890939367858, 3.349375698807028 ], [ -76.595035524497305, 3.349429597334417 ], [ -76.595182078558608, 3.349761678212152 ], [ -76.594635796707976, 3.351050659522071 ], [ -76.594708198264001, 3.351729161071772 ], [ -76.594883924439671, 3.352178858180852 ], [ -76.595155944683583, 3.352301064895193 ], [ -76.595929128125405, 3.352132159167963 ], [ -76.596243252146962, 3.352304166139419 ], [ -76.596692893786241, 3.352250053062513 ], [ -76.596751798091049, 3.35250337005019 ], [ -76.596525117409215, 3.353001104528663 ], [ -76.596816188845722, 3.353256468089701 ], [ -76.596884442298247, 3.353570605834003 ], [ -76.597179729602857, 3.353866871065953 ], [ -76.597100658871838, 3.354455024013193 ], [ -76.597213474764743, 3.354662918958956 ], [ -76.59744008901815, 3.354696683135874 ], [ -76.598022367008269, 3.354491326804724 ], [ -76.598230423850183, 3.354535616221021 ], [ -76.598868098247934, 3.355212063737978 ], [ -76.598903597087187, 3.355506140876535 ], [ -76.599161844131061, 3.355818298853457 ], [ -76.600312917476415, 3.356661664904656 ], [ -76.601262043423631, 3.356946830805496 ], [ -76.601583064463298, 3.35755638395851 ], [ -76.602505908312963, 3.358239183746817 ], [ -76.602627381084687, 3.35908376010484 ], [ -76.603750269396329, 3.359593417151169 ], [ -76.603960020652195, 3.35999592333026 ], [ -76.603986177602451, 3.360659378828731 ], [ -76.604190023342852, 3.360965107780251 ], [ -76.604677560068779, 3.361270762773289 ], [ -76.60471601565331, 3.361754862138175 ], [ -76.604841906141786, 3.361807698401386 ], [ -76.6053569905595, 3.361713526849481 ], [ -76.605458492117108, 3.361854735708121 ], [ -76.605485137771751, 3.362195364013867 ], [ -76.605634085263034, 3.362372386447445 ], [ -76.605961847952187, 3.36234101766089 ], [ -76.606430116407353, 3.362066500098709 ], [ -76.606851012536993, 3.361961379225866 ], [ -76.607733927497875, 3.362053125815289 ], [ -76.608741384455101, 3.361423488601902 ], [ -76.609582967936305, 3.36138405412641 ], [ -76.609879522880291, 3.361423252927628 ], [ -76.610972120730793, 3.361854631822931 ], [ -76.612275368709348, 3.361807556566607 ], [ -76.612774858380305, 3.362113418733731 ], [ -76.613383375279383, 3.36273009482353 ], [ -76.61400383067074, 3.362886973119691 ], [ -76.615869163321364, 3.361830990192228 ], [ -76.616510190465519, 3.361131490861285 ], [ -76.616609294117666, 3.360914762711769 ], [ -76.617451709966531, 3.360565067791415 ], [ -76.618623788422155, 3.360270605187829 ], [ -76.619869029855764, 3.359736807794588 ], [ -76.620326895854802, 3.359663186434502 ], [ -76.621260848948481, 3.359976023074867 ], [ -76.62204839037453, 3.360362472233999 ], [ -76.623000679791559, 3.360380876116428 ], [ -76.623476830680644, 3.360564878750274 ], [ -76.624007871758224, 3.360564859926342 ], [ -76.62505171151696, 3.359534177823315 ], [ -76.625399629402338, 3.359018843813981 ], [ -76.625729294519871, 3.359184483736424 ], [ -76.625912398653625, 3.359147672687868 ], [ -76.625967353393051, 3.358816367181753 ], [ -76.626205416044229, 3.35857709912128 ], [ -76.62677313724646, 3.358319381177048 ], [ -76.627176038725523, 3.358319364959278 ], [ -76.627560590113362, 3.358190572611251 ], [ -76.629153813884585, 3.357270276658135 ], [ -76.629666557842015, 3.35681010337417 ], [ -76.630399005809849, 3.355797865030832 ], [ -76.630728655273273, 3.355576958460104 ], [ -76.630838510426656, 3.355392934988121 ], [ -76.631058302892527, 3.355300881471743 ], [ -76.631241395654868, 3.355043177505991 ], [ -76.631717487905902, 3.353865297943284 ], [ -76.631772416766793, 3.352981865002945 ], [ -76.63248661804667, 3.352742574745314 ], [ -76.632944393762912, 3.352300839971974 ], [ -76.633383884300713, 3.351638283074384 ], [ -76.633548708346225, 3.351546230989995 ], [ -76.633860018128104, 3.35149097566985 ], [ -76.634794027881782, 3.351601415952636 ], [ -76.635411121426301, 3.35210123875034 ], [ -76.636897616393995, 3.352408454828935 ], [ -76.639819451859438, 3.351930286384847 ], [ -76.641093563158279, 3.351452195663182 ], [ -76.642834765470184, 3.351358222586973 ], [ -76.643403886208503, 3.351136239115812 ], [ -76.643989964440834, 3.35123863542378 ], [ -76.645918104530125, 3.351844621425121 ], [ -76.646979822506083, 3.35179334577901 ], [ -76.648789092531956, 3.352160286428188 ], [ -76.649264736841658, 3.352117591136196 ], [ -76.65047931495306, 3.35174192027516 ], [ -76.651965778966968, 3.35150277974146 ], [ -76.654259136850584, 3.351937989072016 ], [ -76.655066050081615, 3.351818411187727 ], [ -76.655805003006861, 3.351835456977735 ], [ -76.657019689805267, 3.352082898538336 ], [ -76.657741658208863, 3.35246699107938 ], [ -76.659499990904791, 3.353098604305307 ], [ -76.66024744914786, 3.353098550701207 ], [ -76.661020389977111, 3.353636281135548 ], [ -76.661988716193946, 3.353892281109321 ], [ -76.66343278967588, 3.354523840676817 ], [ -76.664655955151147, 3.355274937116176 ], [ -76.665726212252778, 3.355650449545847 ], [ -76.66643972600464, 3.355701678526149 ], [ -76.667442027129056, 3.35623083739961 ], [ -76.667815789992403, 3.356640521371724 ], [ -76.668818282520547, 3.359542773110521 ], [ -76.669225435619396, 3.359976754241996 ] ] ] } },
{ "type": "Feature", "properties": { "OBJECTID": 16, "suelo": "Urbano", "barrio": "Ciudadela Floralia", "comuna": "06", "cod_bar": "0610" }, "geometry": { "type": "Polygon", "coordinates": [ [ [ -76.48684537845125, 3.496229045507536 ], [ -76.492127967153621, 3.499054430445683 ], [ -76.492560065721847, 3.499797268513897 ], [ -76.492827860957135, 3.501458763636752 ], [ -76.492920709225075, 3.501620250875451 ], [ -76.49330639866767, 3.501853516050208 ], [ -76.493688522858037, 3.501875058511113 ], [ -76.494042082791324, 3.501692053248596 ], [ -76.495102781436557, 3.500414568233972 ], [ -76.498285651373394, 3.494812539620923 ], [ -76.495451084262911, 3.493207367183415 ], [ -76.496769052157504, 3.49127644594536 ], [ -76.493409546904374, 3.489521666067863 ], [ -76.49287564590648, 3.490330391629886 ], [ -76.490839720059242, 3.492450961667234 ], [ -76.489372570701377, 3.494737039013204 ], [ -76.488998326694542, 3.495037818547373 ], [ -76.487082260266973, 3.495940071667773 ], [ -76.48684537845125, 3.496229045507536 ] ] ] } },
{ "type": "Feature", "properties": { "OBJECTID": 17, "suelo": "Urbano", "barrio": "Brisas de Los Alamos", "comuna": "02", "cod_bar": "0219" }, "geometry": { "type": "Polygon", "coordinates": [ [ [ -76.498910138131606, 3.495161885807444 ], [ -76.498550438834286, 3.49567409893407 ], [ -76.497973365344265, 3.496973201522839 ], [ -76.497440133603604, 3.497776753155769 ], [ -76.497251972375992, 3.498516723767582 ], [ -76.499556104778776, 3.497397925121144 ], [ -76.507803416779069, 3.49387416628608 ], [ -76.508843093558355, 3.49008472512766 ], [ -76.505127321595623, 3.489060736474897 ], [ -76.503193253628751, 3.488397941513092 ], [ -76.503046713238831, 3.488558802172659 ], [ -76.502155408137256, 3.490560075930419 ], [ -76.501568902028765, 3.490992437307219 ], [ -76.500492931827409, 3.492570843182726 ], [ -76.498910138131606, 3.495161885807444 ] ] ] } },
{ "type": "Feature", "properties": { "OBJECTID": 18, "suelo": "Urbano", "barrio": "Menga", "comuna": "02", "cod_bar": "0216" }, "geometry": { "type": "Polygon", "coordinates": [ [ [ -76.5228786878493, 3.494848437749549 ], [ -76.523502139607146, 3.49567625278058 ], [ -76.524223737325968, 3.496143799057495 ], [ -76.524270264984622, 3.496305921769938 ], [ -76.524118458487223, 3.496728765069569 ], [ -76.524206610481485, 3.496783940463262 ], [ -76.524383918493157, 3.496615757869346 ], [ -76.524521562523176, 3.496674540767558 ], [ -76.525045258661024, 3.497252342835697 ], [ -76.525289972655784, 3.497266840400411 ], [ -76.525803805998549, 3.497114998209656 ], [ -76.525973852925986, 3.497249720357458 ], [ -76.526319386711364, 3.49711863460557 ], [ -76.526629823010239, 3.497255203043041 ], [ -76.527044635604156, 3.497691928729495 ], [ -76.527334419954954, 3.497574402280786 ], [ -76.527911225073439, 3.497691066148269 ], [ -76.528165862881508, 3.49751024342281 ], [ -76.528364582327725, 3.497491089173406 ], [ -76.528297632288641, 3.488232424105716 ], [ -76.52829615848654, 3.488026920708024 ], [ -76.528071981403286, 3.488067746867164 ], [ -76.52733413341862, 3.487850692500774 ], [ -76.525610321797487, 3.487859621292193 ], [ -76.525422398978165, 3.488286821398323 ], [ -76.524697022300387, 3.48933321512324 ], [ -76.52383344388285, 3.490823260620613 ], [ -76.523438091143092, 3.493367882702008 ], [ -76.5228786878493, 3.494848437749549 ] ] ] } },
{ "type": "Feature", "properties": { "OBJECTID": 19, "suelo": "Urbano", "barrio": "Paso del Comercio", "comuna": "06", "cod_bar": "0603" }, "geometry": { "type": "Polygon", "coordinates": [ [ [ -76.48423467068001, 3.492450124386948 ], [ -76.483163180117742, 3.492588951631701 ], [ -76.48317004380668, 3.492731705150681 ], [ -76.483315111334292, 3.493650540161913 ], [ -76.48358187213816, 3.494522907036481 ], [ -76.483949101460155, 3.49531779190297 ], [ -76.484506059039759, 3.496219576762415 ], [ -76.485116325915442, 3.496930073806265 ], [ -76.485863971349843, 3.49749196396477 ], [ -76.48684537845125, 3.496229045507536 ], [ -76.487082260266973, 3.495940071667773 ], [ -76.488998326694542, 3.495037818547373 ], [ -76.489372570701377, 3.494737039013204 ], [ -76.490839720059242, 3.492450961667234 ], [ -76.49287564590648, 3.490330391629886 ], [ -76.493409546904374, 3.489521666067863 ], [ -76.493304851254791, 3.489467393343596 ], [ -76.492753365536998, 3.490035966207136 ], [ -76.492015637150658, 3.490605570281666 ], [ -76.491025572935911, 3.491120823908647 ], [ -76.489963726312283, 3.491518559713022 ], [ -76.485241893592843, 3.492294382404808 ], [ -76.48423467068001, 3.492450124386948 ] ] ] } },
{ "type": "Feature", "properties": { "OBJECTID": 20, "suelo": "Urbano", "barrio": "Los Guaduales", "comuna": "06", "cod_bar": "0608" }, "geometry": { "type": "Polygon", "coordinates": [ [ [ -76.498285651373394, 3.494812539620923 ], [ -76.498910138131606, 3.495161885807444 ], [ -76.500492931827409, 3.492570843182726 ], [ -76.501568902028765, 3.490992437307219 ], [ -76.502155408137256, 3.490560075930419 ], [ -76.503046713238831, 3.488558802172659 ], [ -76.503193253628751, 3.488397941513092 ], [ -76.499633769429408, 3.487137789476453 ], [ -76.496769052157504, 3.49127644594536 ], [ -76.495451084262911, 3.493207367183415 ], [ -76.498285651373394, 3.494812539620923 ] ] ] } },
{ "type": "Feature", "properties": { "OBJECTID": 21, "suelo": "Urbano", "barrio": "Área en Desarrollo - Parque del Amor", "comuna": "02", "cod_bar": "0298" }, "geometry": { "type": "Polygon", "coordinates": [ [ [ -76.517570906954944, 3.492967214078842 ], [ -76.522359779169278, 3.494464267628318 ], [ -76.522841765483875, 3.494738797079751 ], [ -76.5228786878493, 3.494848437749549 ], [ -76.523438091143092, 3.493367882702008 ], [ -76.52383344388285, 3.490823260620613 ], [ -76.524697022300387, 3.48933321512324 ], [ -76.519559452668432, 3.487427010790316 ], [ -76.517570906954944, 3.492967214078842 ] ] ] } },
{ "type": "Feature", "properties": { "OBJECTID": 22, "suelo": "Urbano", "barrio": "Urbanización La Flora", "comuna": "02", "cod_bar": "0295" }, "geometry": { "type": "Polygon", "coordinates": [ [ [ -76.510063324966481, 3.490286520242955 ], [ -76.510902765813285, 3.490569559965089 ], [ -76.512733226993063, 3.491440208969077 ], [ -76.517570906954944, 3.492967214078842 ], [ -76.519559452668432, 3.487427010790316 ], [ -76.520268753921755, 3.48543530240629 ], [ -76.518327047926377, 3.484685379380301 ], [ -76.51457084430254, 3.482364278061006 ], [ -76.513670038006694, 3.483811345877688 ], [ -76.511056147911901, 3.488129797378799 ], [ -76.510063324966481, 3.490286520242955 ] ] ] } },
{ "type": "Feature", "properties": { "OBJECTID": 23, "suelo": "Urbano", "barrio": "Altos de Menga", "comuna": "02", "cod_bar": "0296" }, "geometry": { "type": "Polygon", "coordinates": [ [ [ -76.528328019561826, 3.488013046494937 ], [ -76.530077546469315, 3.489314887328856 ], [ -76.530302478403669, 3.492038861778133 ], [ -76.534117967808612, 3.492508564580328 ], [ -76.535493747083436, 3.492268395440989 ], [ -76.538401248869093, 3.490051578000972 ], [ -76.538255406412404, 3.489503260292114 ], [ -76.534904010693552, 3.488213521103979 ], [ -76.534658774946976, 3.487699120656427 ], [ -76.534038183317946, 3.486651088315333 ], [ -76.533803464342625, 3.486686965514491 ], [ -76.533951195557364, 3.487513600226433 ], [ -76.533438888867281, 3.487622466845459 ], [ -76.533236896225105, 3.488112490280944 ], [ -76.531877725165145, 3.488275116795035 ], [ -76.531643447714671, 3.487943217056256 ], [ -76.531459656006263, 3.488056230777172 ], [ -76.531302386867495, 3.487941361046956 ], [ -76.529412772006935, 3.487425853406486 ], [ -76.528328019561826, 3.488013046494937 ] ] ] } },
{ "type": "Feature", "properties": { "OBJECTID": 24, "suelo": "Urbano", "barrio": "Urbanización Calimio", "comuna": "06", "cod_bar": "0697" }, "geometry": { "type": "Polygon", "coordinates": [ [ [ -76.48209185747524, 3.483277206808554 ], [ -76.483953014085657, 3.489808980000327 ], [ -76.48423467068001, 3.492450124386948 ], [ -76.485241893592843, 3.492294382404808 ], [ -76.48593259093866, 3.490333632349758 ], [ -76.486076645482072, 3.489583164686854 ], [ -76.484931959909076, 3.484819397002604 ], [ -76.484368889683637, 3.482457496136301 ], [ -76.48209185747524, 3.483277206808554 ] ] ] } },
{ "type": "Feature", "properties": { "OBJECTID": 25, "suelo": "Urbano", "barrio": "San Luis II", "comuna": "06", "cod_bar": "0696" }, "geometry": { "type": "Polygon", "coordinates": [ [ [ -76.484931959909076, 3.484819397002604 ], [ -76.486076645482072, 3.489583164686854 ], [ -76.48593259093866, 3.490333632349758 ], [ -76.485241893592843, 3.492294382404808 ], [ -76.489963726312283, 3.491518559713022 ], [ -76.491025572935911, 3.491120823908647 ], [ -76.492015637150658, 3.490605570281666 ], [ -76.491754497735087, 3.490542214563581 ], [ -76.491493587852105, 3.490126257469898 ], [ -76.488996899745402, 3.485650555688016 ], [ -76.488331513431959, 3.486032826575641 ], [ -76.487367511083505, 3.484159962507924 ], [ -76.485303309982584, 3.48480892582697 ], [ -76.484931959909076, 3.484819397002604 ] ] ] } },
{ "type": "Feature", "properties": { "OBJECTID": 26, "suelo": "Urbano", "barrio": "Sector Puente del Comercio", "comuna": "06", "cod_bar": "0698" }, "geometry": { "type": "Polygon", "coordinates": [ [ [ -76.493409546904374, 3.489521666067863 ], [ -76.496769052157504, 3.49127644594536 ], [ -76.499633769429408, 3.487137789476453 ], [ -76.497072926101325, 3.48633823490887 ], [ -76.495272293939664, 3.485981803307334 ], [ -76.493815295948622, 3.488770200117396 ], [ -76.493304851254791, 3.489467393343596 ], [ -76.493409546904374, 3.489521666067863 ] ] ] } },
{ "type": "Feature", "properties": { "OBJECTID": 27, "suelo": "Urbano", "barrio": "Los Alcazares", "comuna": "06", "cod_bar": "0604" }, "geometry": { "type": "Polygon", "coordinates": [ [ [ -76.488996899745402, 3.485650555688016 ], [ -76.491493587852105, 3.490126257469898 ], [ -76.491754497735087, 3.490542214563581 ], [ -76.492015637150658, 3.490605570281666 ], [ -76.492753365536998, 3.490035966207136 ], [ -76.493304851254791, 3.489467393343596 ], [ -76.493815295948622, 3.488770200117396 ], [ -76.495272293939664, 3.485981803307334 ], [ -76.493986592890707, 3.485478944096351 ], [ -76.491953033782522, 3.484927177470751 ], [ -76.490939470582745, 3.484336858700776 ], [ -76.490081379018392, 3.485026444962546 ], [ -76.488996899745402, 3.485650555688016 ] ] ] } },
{ "type": "Feature", "properties": { "OBJECTID": 28, "suelo": "Urbano", "barrio": "Ciudad de Los Alamos", "comuna": "02", "cod_bar": "0217" }, "geometry": { "type": "Polygon", "coordinates": [ [ [ -76.508843093558355, 3.49008472512766 ], [ -76.508871649221433, 3.489980531585248 ], [ -76.509292528039381, 3.490026625250358 ], [ -76.510063324966481, 3.490286520242955 ], [ -76.511056147911901, 3.488129797378799 ], [ -76.513670038006694, 3.483811345877688 ], [ -76.509052766014278, 3.480990204033815 ], [ -76.509052633736971, 3.480990470769449 ], [ -76.50897627833497, 3.481062010576558 ], [ -76.507952187467495, 3.481926552595306 ], [ -76.507369345957045, 3.482186790706662 ], [ -76.506655929063072, 3.482362982627001 ], [ -76.505385948719834, 3.483089190123748 ], [ -76.50429455169764, 3.483532635825551 ], [ -76.503990250721046, 3.483923041652705 ], [ -76.50393002308698, 3.484512871680233 ], [ -76.503880477951327, 3.487461924943156 ], [ -76.503620911410536, 3.488107837680237 ], [ -76.503193253628751, 3.488397941513092 ], [ -76.505127321595623, 3.489060736474897 ], [ -76.508843093558355, 3.49008472512766 ] ] ] } },
{ "type": "Feature", "properties": { "OBJECTID": 29, "suelo": "Urbano", "barrio": "La Flora", "comuna": "02", "cod_bar": "0212" }, "geometry": { "type": "Polygon", "coordinates": [ [ [ -76.519559452668432, 3.487427010790316 ], [ -76.524697022300387, 3.48933321512324 ], [ -76.525422398978165, 3.488286821398323 ], [ -76.525610321797487, 3.487859621292193 ], [ -76.525841912449408, 3.486171710411203 ], [ -76.525849628424751, 3.484550279803673 ], [ -76.525717996353848, 3.483725772217237 ], [ -76.524994981074414, 3.481702004278186 ], [ -76.524905029832595, 3.481240858507254 ], [ -76.524968050280791, 3.480743555119878 ], [ -76.525514695261677, 3.479290760377436 ], [ -76.526651021730459, 3.476177476306099 ], [ -76.526615064147521, 3.475625913659504 ], [ -76.526273217191232, 3.474341933134675 ], [ -76.526345817624104, 3.474272546654257 ], [ -76.526239644822468, 3.473708246132982 ], [ -76.525349019101256, 3.473570203216219 ], [ -76.524783910317026, 3.473229636695465 ], [ -76.524420435619746, 3.472726642338719 ], [ -76.524131094600548, 3.471801313909299 ], [ -76.52390502054034, 3.475104598626733 ], [ -76.523070679085606, 3.477627581923097 ], [ -76.520268753921755, 3.48543530240629 ], [ -76.519559452668432, 3.487427010790316 ] ] ] } },
{ "type": "Feature", "properties": { "OBJECTID": 30, "suelo": "Urbano", "barrio": "Calima", "comuna": "04", "cod_bar": "0421" }, "geometry": { "type": "Polygon", "coordinates": [ [ [ -76.499633769429408, 3.487137789476453 ], [ -76.503193253628751, 3.488397941513092 ], [ -76.503620911410536, 3.488107837680237 ], [ -76.503880477951327, 3.487461924943156 ], [ -76.50393002308698, 3.484512871680233 ], [ -76.498569012717198, 3.481103545209178 ], [ -76.498565561806188, 3.481107306576408 ], [ -76.497154253142455, 3.482784752586755 ], [ -76.496269820885729, 3.484165607355969 ], [ -76.495272293939664, 3.485981803307334 ], [ -76.497072926101325, 3.48633823490887 ], [ -76.499633769429408, 3.487137789476453 ] ] ] } },
{ "type": "Feature", "properties": { "OBJECTID": 31, "suelo": "Urbano", "barrio": "El Bosque", "comuna": "02", "cod_bar": "0215" }, "geometry": { "type": "Polygon", "coordinates": [ [ [ -76.528328019561826, 3.488013046494937 ], [ -76.529412772006935, 3.487425853406486 ], [ -76.531302386867495, 3.487941361046956 ], [ -76.531459656006263, 3.488056230777172 ], [ -76.531643447714671, 3.487943217056256 ], [ -76.531877725165145, 3.488275116795035 ], [ -76.533236896225105, 3.488112490280944 ], [ -76.533438888867281, 3.487622466845459 ], [ -76.533951195557364, 3.487513600226433 ], [ -76.533803464342625, 3.486686965514491 ], [ -76.534038183317946, 3.486651088315333 ], [ -76.533504004638644, 3.485748983173247 ], [ -76.533095210944253, 3.485748958816948 ], [ -76.532646151875085, 3.485547719076183 ], [ -76.532687401918039, 3.485136417867999 ], [ -76.532468039531153, 3.48479907670246 ], [ -76.531823183935543, 3.484130300168454 ], [ -76.531020779812366, 3.483559160719568 ], [ -76.530546682592444, 3.483511786958882 ], [ -76.530100583170821, 3.483073824370873 ], [ -76.52966770941471, 3.483064920499766 ], [ -76.529489353967307, 3.483146621548198 ], [ -76.529066968620313, 3.483345990260658 ], [ -76.528606159034567, 3.483369632619409 ], [ -76.528117098044135, 3.483788305594872 ], [ -76.525717996353848, 3.483725772217237 ], [ -76.525849628424751, 3.484550279803673 ], [ -76.525841912449408, 3.486171710411203 ], [ -76.525610321797487, 3.487859621292193 ], [ -76.52733413341862, 3.487850692500774 ], [ -76.528071981403286, 3.488067746867164 ], [ -76.52829615848654, 3.488026920708024 ], [ -76.528328019561826, 3.488013046494937 ] ] ] } },
{ "type": "Feature", "properties": { "OBJECTID": 32, "suelo": "Urbano", "barrio": "Fonaviemcali", "comuna": "06", "cod_bar": "0695" }, "geometry": { "type": "Polygon", "coordinates": [ [ [ -76.487367511083505, 3.484159962507924 ], [ -76.488331513431959, 3.486032826575641 ], [ -76.488996899745402, 3.485650555688016 ], [ -76.490081379018392, 3.485026444962546 ], [ -76.490939470582745, 3.484336858700776 ], [ -76.490342465266863, 3.483715388243064 ], [ -76.489878885940385, 3.482872305582409 ], [ -76.487367511083505, 3.484159962507924 ] ] ] } },
{ "type": "Feature", "properties": { "OBJECTID": 33, "suelo": "Urbano", "barrio": "Metropolitano del Norte", "comuna": "05", "cod_bar": "0506" }, "geometry": { "type": "Polygon", "coordinates": [ [ [ -76.490939470582745, 3.484336858700776 ], [ -76.491953033782522, 3.484927177470751 ], [ -76.493986592890707, 3.485478944096351 ], [ -76.495272293939664, 3.485981803307334 ], [ -76.496269820885729, 3.484165607355969 ], [ -76.492977879947134, 3.481046925131509 ], [ -76.491350306458202, 3.479512792852359 ], [ -76.48917668526974, 3.477445046971425 ], [ -76.488966606527825, 3.476998111365928 ], [ -76.48886152133511, 3.477017298478282 ], [ -76.48874214556794, 3.476676507374583 ], [ -76.488890218859538, 3.476652524056443 ], [ -76.489041199153263, 3.475987263803407 ], [ -76.487812354632467, 3.476371696375501 ], [ -76.489415862948817, 3.481608514796167 ], [ -76.489878885940385, 3.482872305582409 ], [ -76.490342465266863, 3.483715388243064 ], [ -76.490939470582745, 3.484336858700776 ] ] ] } },
{ "type": "Feature", "properties": { "OBJECTID": 34, "suelo": "Urbano", "barrio": "La Campiña", "comuna": "02", "cod_bar": "0213" }, "geometry": { "type": "Polygon", "coordinates": [ [ [ -76.529489353967307, 3.483146621548198 ], [ -76.52966770941471, 3.483064920499766 ], [ -76.530100583170821, 3.483073824370873 ], [ -76.530546682592444, 3.483511786958882 ], [ -76.531020779812366, 3.483559160719568 ], [ -76.531823183935543, 3.484130300168454 ], [ -76.532468039531153, 3.48479907670246 ], [ -76.532687401918039, 3.485136417867999 ], [ -76.532646151875085, 3.485547719076183 ], [ -76.533095210944253, 3.485748958816948 ], [ -76.533504004638644, 3.485748983173247 ], [ -76.531332055119094, 3.4820810423335 ], [ -76.530029493855238, 3.481952820700746 ], [ -76.529143150785345, 3.482176977916526 ], [ -76.529072992289969, 3.48216976850461 ], [ -76.528481799306462, 3.481837862075148 ], [ -76.528323430197588, 3.481615406334759 ], [ -76.528760812970603, 3.480765489210445 ], [ -76.528821985696666, 3.480562967302643 ], [ -76.52876864552168, 3.480302019177672 ], [ -76.525514695261677, 3.479290760377436 ], [ -76.524968050280791, 3.480743555119878 ], [ -76.524905029832595, 3.481240858507254 ], [ -76.526677630600716, 3.482090920432113 ], [ -76.527991329252089, 3.482859572735713 ], [ -76.528792170004053, 3.482941001464936 ], [ -76.529095872830723, 3.482647172798575 ], [ -76.529409298119546, 3.482936326659221 ], [ -76.529489353967307, 3.483146621548198 ] ] ] } },
{ "type": "Feature", "properties": { "OBJECTID": 35, "suelo": "Urbano", "barrio": "Vipasa", "comuna": "02", "cod_bar": "0294" }, "geometry": { "type": "Polygon", "coordinates": [ [ [ -76.51457084430254, 3.482364278061006 ], [ -76.518327047926377, 3.484685379380301 ], [ -76.520268753921755, 3.48543530240629 ], [ -76.523070679085606, 3.477627581923097 ], [ -76.521629956296636, 3.47709037131784 ], [ -76.514710973340996, 3.472696404037996 ], [ -76.513882726531506, 3.474069775262314 ], [ -76.513090816862174, 3.474937740471117 ], [ -76.51207511698162, 3.476439635285748 ], [ -76.5149538202472, 3.478156833222073 ], [ -76.516515477223436, 3.479243822528709 ], [ -76.51457084430254, 3.482364278061006 ] ] ] } },
{ "type": "Feature", "properties": { "OBJECTID": 36, "suelo": "Urbano", "barrio": "San Luis", "comuna": "06", "cod_bar": "0601" }, "geometry": { "type": "Polygon", "coordinates": [ [ [ -76.484368889683637, 3.482457496136301 ], [ -76.484931959909076, 3.484819397002604 ], [ -76.485303309982584, 3.48480892582697 ], [ -76.487367511083505, 3.484159962507924 ], [ -76.489878885940385, 3.482872305582409 ], [ -76.489415862948817, 3.481608514796167 ], [ -76.487812354632467, 3.476371696375501 ], [ -76.485311246690159, 3.477154035768369 ], [ -76.483141303312138, 3.477832470799092 ], [ -76.484368889683637, 3.482457496136301 ] ] ] } },
{ "type": "Feature", "properties": { "OBJECTID": 37, "suelo": "Urbano", "barrio": "Flora Industrial", "comuna": "04", "cod_bar": "0420" }, "geometry": { "type": "Polygon", "coordinates": [ [ [ -76.498569012717198, 3.481103545209178 ], [ -76.50393002308698, 3.484512871680233 ], [ -76.503990250721046, 3.483923041652705 ], [ -76.50429455169764, 3.483532635825551 ], [ -76.505385948719834, 3.483089190123748 ], [ -76.506655929063072, 3.482362982627001 ], [ -76.507369345957045, 3.482186790706662 ], [ -76.507952187467495, 3.481926552595306 ], [ -76.50897627833497, 3.481062010576558 ], [ -76.509052546454825, 3.480990410187391 ], [ -76.508528253947418, 3.480597632654703 ], [ -76.50622691615871, 3.478361725996606 ], [ -76.505352147361819, 3.477441713053215 ], [ -76.504446945364762, 3.476009394207829 ], [ -76.504436177948946, 3.476020209089808 ], [ -76.502832611345823, 3.47782124910945 ], [ -76.500395555022223, 3.479657803010894 ], [ -76.498569012717198, 3.481103545209178 ] ] ] } },
{ "type": "Feature", "properties": { "OBJECTID": 38, "suelo": "Urbano", "barrio": "Villa del Sol", "comuna": "05", "cod_bar": "0595" }, "geometry": { "type": "Polygon", "coordinates": [ [ [ -76.492977879947134, 3.481046925131509 ], [ -76.496269820885729, 3.484165607355969 ], [ -76.497154253142455, 3.482784752586755 ], [ -76.498565561806188, 3.481107306576408 ], [ -76.496343798856003, 3.479213621578193 ], [ -76.492977879947134, 3.481046925131509 ] ] ] } },
{ "type": "Feature", "properties": { "OBJECTID": 39, "suelo": "Urbano", "barrio": "Urbanización La Merced", "comuna": "02", "cod_bar": "0293" }, "geometry": { "type": "Polygon", "coordinates": [ [ [ -76.509052766014278, 3.480990204033815 ], [ -76.513670038006694, 3.483811345877688 ], [ -76.51457084430254, 3.482364278061006 ], [ -76.516515477223436, 3.479243822528709 ], [ -76.5149538202472, 3.478156833222073 ], [ -76.51207511698162, 3.476439635285748 ], [ -76.511497960243659, 3.477107682858097 ], [ -76.510844146403699, 3.478095939666411 ], [ -76.509752092271157, 3.4796844973057 ], [ -76.509052766014278, 3.480990204033815 ] ] ] } },
{ "type": "Feature", "properties": { "OBJECTID": 40, "suelo": "Urbano", "barrio": "La Paz", "comuna": "02", "cod_bar": "0214" }, "geometry": { "type": "Polygon", "coordinates": [ [ [ -76.525717996353848, 3.483725772217237 ], [ -76.528117098044135, 3.483788305594872 ], [ -76.528606159034567, 3.483369632619409 ], [ -76.529066968620313, 3.483345990260658 ], [ -76.529489353967307, 3.483146621548198 ], [ -76.529409298119546, 3.482936326659221 ], [ -76.529095872830723, 3.482647172798575 ], [ -76.528792170004053, 3.482941001464936 ], [ -76.527991329252089, 3.482859572735713 ], [ -76.526677630600716, 3.482090920432113 ], [ -76.524905029832595, 3.481240858507254 ], [ -76.524994981074414, 3.481702004278186 ], [ -76.525717996353848, 3.483725772217237 ] ] ] } },
{ "type": "Feature", "properties": { "OBJECTID": 41, "suelo": "Urbano", "barrio": "Petecuy II", "comuna": "06", "cod_bar": "0606" }, "geometry": { "type": "Polygon", "coordinates": [ [ [ -76.479311171735048, 3.478524087509768 ], [ -76.479410036549368, 3.479527757114684 ], [ -76.479607940860916, 3.4800250877551 ], [ -76.481632307352442, 3.48214113791175 ], [ -76.481893204023848, 3.482611349355882 ], [ -76.48209185747524, 3.483277206808554 ], [ -76.484368889683637, 3.482457496136301 ], [ -76.483141303312138, 3.477832470799092 ], [ -76.479815027534002, 3.478921992607946 ], [ -76.479473101670393, 3.478858658977719 ], [ -76.479311171735048, 3.478524087509768 ] ] ] } },
{ "type": "Feature", "properties": { "OBJECTID": 42, "suelo": "Urbano", "barrio": "Los Parques Barranquilla", "comuna": "05", "cod_bar": "0594" }, "geometry": { "type": "Polygon", "coordinates": [ [ [ -76.496343798856003, 3.479213621578193 ], [ -76.498565561806188, 3.481107306576408 ], [ -76.498569012717198, 3.481103545209178 ], [ -76.500395555022223, 3.479657803010894 ], [ -76.4974367358449, 3.476819605254403 ], [ -76.497982378663849, 3.476655173520104 ], [ -76.497109174241487, 3.473478097564831 ], [ -76.49710842199174, 3.473478227750194 ], [ -76.493329908279918, 3.474641141066025 ], [ -76.493807556867083, 3.476165706242602 ], [ -76.494194403693925, 3.476934311821745 ], [ -76.494968145187229, 3.478001339806638 ], [ -76.496343798856003, 3.479213621578193 ] ] ] } },
{ "type": "Feature", "properties": { "OBJECTID": 43, "suelo": "Urbano", "barrio": "Chiminangos II", "comuna": "05", "cod_bar": "0504" }, "geometry": { "type": "Polygon", "coordinates": [ [ [ -76.491350306458202, 3.479512792852359 ], [ -76.492977879947134, 3.481046925131509 ], [ -76.496343798856003, 3.479213621578193 ], [ -76.494968145187229, 3.478001339806638 ], [ -76.494194403693925, 3.476934311821745 ], [ -76.493807556867083, 3.476165706242602 ], [ -76.493329908279918, 3.474641141066025 ], [ -76.49210956686241, 3.475027543350974 ], [ -76.491620902803703, 3.477033511967177 ], [ -76.491899841431575, 3.477096833900164 ], [ -76.491350306458202, 3.479512792852359 ] ] ] } },
{ "type": "Feature", "properties": { "OBJECTID": 44, "suelo": "Urbano", "barrio": "Olaya Herrera", "comuna": "04", "cod_bar": "0418" }, "geometry": { "type": "Polygon", "coordinates": [ [ [ -76.50622691615871, 3.478361725996606 ], [ -76.508528253947418, 3.480597632654703 ], [ -76.509052546454825, 3.480990410187391 ], [ -76.509052766014278, 3.480990204033815 ], [ -76.509752092271157, 3.4796844973057 ], [ -76.510844146403699, 3.478095939666411 ], [ -76.510622751469441, 3.477954909328899 ], [ -76.510284514720141, 3.477498418854206 ], [ -76.510593816421476, 3.477223273196444 ], [ -76.510805133189294, 3.476664569381628 ], [ -76.511246087481979, 3.47615825589774 ], [ -76.510603183366939, 3.475438955793076 ], [ -76.509651253523302, 3.47437487714624 ], [ -76.508942210135061, 3.475181206362874 ], [ -76.50622691615871, 3.478361725996606 ] ] ] } },
{ "type": "Feature", "properties": { "OBJECTID": 45, "suelo": "Urbano", "barrio": "Chipichape", "comuna": "02", "cod_bar": "0218" }, "geometry": { "type": "Polygon", "coordinates": [ [ [ -76.525514695261677, 3.479290760377436 ], [ -76.52876864552168, 3.480302019177672 ], [ -76.528714963039249, 3.479889334636471 ], [ -76.528933756872519, 3.478381176883475 ], [ -76.530221884742701, 3.475354602109215 ], [ -76.530415538846043, 3.474634294746099 ], [ -76.529572389231348, 3.473791582532639 ], [ -76.529250048355365, 3.473646357508223 ], [ -76.528253365268654, 3.473493643210111 ], [ -76.527701318724979, 3.473113840819604 ], [ -76.526345817624104, 3.474272546654257 ], [ -76.526273217191232, 3.474341933134675 ], [ -76.526615064147521, 3.475625913659504 ], [ -76.526651021730459, 3.476177476306099 ], [ -76.525514695261677, 3.479290760377436 ] ] ] } },
{ "type": "Feature", "properties": { "OBJECTID": 46, "suelo": "Urbano", "barrio": "Torres de Comfandi", "comuna": "05", "cod_bar": "0598" }, "geometry": { "type": "Polygon", "coordinates": [ [ [ -76.497109174241487, 3.473478097564831 ], [ -76.497982378663849, 3.476655173520104 ], [ -76.4974367358449, 3.476819605254403 ], [ -76.500395555022223, 3.479657803010894 ], [ -76.502832611345823, 3.47782124910945 ], [ -76.504436177948946, 3.476020209089808 ], [ -76.503777689506492, 3.474855571362771 ], [ -76.502869744536355, 3.471621386674228 ], [ -76.49974669785675, 3.472712255154219 ], [ -76.497109174241487, 3.473478097564831 ] ] ] } },
{ "type": "Feature", "properties": { "OBJECTID": 47, "suelo": "Urbano", "barrio": "Chiminangos I", "comuna": "05", "cod_bar": "0505" }, "geometry": { "type": "Polygon", "coordinates": [ [ [ -76.489041199153263, 3.475987263803407 ], [ -76.488890218859538, 3.476652524056443 ], [ -76.48874214556794, 3.476676507374583 ], [ -76.48886152133511, 3.477017298478282 ], [ -76.488966606527825, 3.476998111365928 ], [ -76.48917668526974, 3.477445046971425 ], [ -76.491350306458202, 3.479512792852359 ], [ -76.491899841431575, 3.477096833900164 ], [ -76.491620902803703, 3.477033511967177 ], [ -76.49210956686241, 3.475027543350974 ], [ -76.489041199153263, 3.475987263803407 ] ] ] } },
{ "type": "Feature", "properties": { "OBJECTID": 48, "suelo": "Urbano", "barrio": "Petecuy III", "comuna": "06", "cod_bar": "0609" }, "geometry": { "type": "Polygon", "coordinates": [ [ [ -76.479311171735048, 3.478524087509768 ], [ -76.479473101670393, 3.478858658977719 ], [ -76.479815027534002, 3.478921992607946 ], [ -76.483141303312138, 3.477832470799092 ], [ -76.482283693510169, 3.475060511383542 ], [ -76.478643697537663, 3.476208410148183 ], [ -76.478996449450122, 3.476652365930816 ], [ -76.479167369901518, 3.477050232330434 ], [ -76.479311171735048, 3.478524087509768 ] ] ] } },
{ "type": "Feature", "properties": { "OBJECTID": 49, "suelo": "Urbano", "barrio": "Evaristo Garcia", "comuna": "04", "cod_bar": "0415" }, "geometry": { "type": "Polygon", "coordinates": [ [ [ -76.504446945364762, 3.476009394207829 ], [ -76.505352147361819, 3.477441713053215 ], [ -76.50622691615871, 3.478361725996606 ], [ -76.508942210135061, 3.475181206362874 ], [ -76.507727950896822, 3.474232022998295 ], [ -76.506890096569535, 3.473571040048713 ], [ -76.504446945364762, 3.476009394207829 ] ] ] } },
{ "type": "Feature", "properties": { "OBJECTID": 50, "suelo": "Urbano", "barrio": "La Isla", "comuna": "04", "cod_bar": "0413" }, "geometry": { "type": "Polygon", "coordinates": [ [ [ -76.510603183366939, 3.475438955793076 ], [ -76.511246087481979, 3.47615825589774 ], [ -76.510805133189294, 3.476664569381628 ], [ -76.510593816421476, 3.477223273196444 ], [ -76.510284514720141, 3.477498418854206 ], [ -76.510622751469441, 3.477954909328899 ], [ -76.510844146403699, 3.478095939666411 ], [ -76.511497960243659, 3.477107682858097 ], [ -76.51207511698162, 3.476439635285748 ], [ -76.513090816862174, 3.474937740471117 ], [ -76.513882726531506, 3.474069775262314 ], [ -76.514710973340996, 3.472696404037996 ], [ -76.516231513668728, 3.470661137444111 ], [ -76.516888462029016, 3.469567110651725 ], [ -76.517429809486401, 3.46837642921034 ], [ -76.517222466434134, 3.468223548282198 ], [ -76.516762501565992, 3.469386261404911 ], [ -76.516483533942292, 3.469720793049077 ], [ -76.516339175547174, 3.469634134462739 ], [ -76.516046115283146, 3.470062493225467 ], [ -76.515682535309068, 3.470345415545855 ], [ -76.515737771431802, 3.470488685371369 ], [ -76.515646431035691, 3.470550014575323 ], [ -76.515587628779514, 3.47044166469908 ], [ -76.515081783471061, 3.470722415063797 ], [ -76.514513483284546, 3.470906157403179 ], [ -76.513927926698116, 3.471411441527866 ], [ -76.513045899051235, 3.472182966539032 ], [ -76.513502396542762, 3.472715976144579 ], [ -76.512745849579147, 3.473361233818534 ], [ -76.510603183366939, 3.475438955793076 ] ] ] } },
{ "type": "Feature", "properties": { "OBJECTID": 51, "suelo": "Urbano", "barrio": "Jorge Eliécer Gaitán", "comuna": "06", "cod_bar": "0602" }, "geometry": { "type": "Polygon", "coordinates": [ [ [ -76.482283693510169, 3.475060511383542 ], [ -76.483141303312138, 3.477832470799092 ], [ -76.485311246690159, 3.477154035768369 ], [ -76.484745711807207, 3.475337473439223 ], [ -76.485179216603612, 3.475209084190298 ], [ -76.484816989761384, 3.474052663430841 ], [ -76.485443423227025, 3.473863832315405 ], [ -76.484917762216639, 3.472177265728958 ], [ -76.485115599762366, 3.472113558196947 ], [ -76.484693611924627, 3.470746779842947 ], [ -76.485926782747654, 3.470369645597426 ], [ -76.484402912273254, 3.465522910801522 ], [ -76.475880880937723, 3.468275946415105 ], [ -76.476396858825765, 3.469092981284274 ], [ -76.476612751337655, 3.469626482050733 ], [ -76.476585613235841, 3.470847143635492 ], [ -76.476378475241404, 3.472375210173294 ], [ -76.476454329930732, 3.473281097664986 ], [ -76.481215017746905, 3.471708822088925 ], [ -76.482283693510169, 3.475060511383542 ] ] ] } },
{ "type": "Feature", "properties": { "OBJECTID": 52, "suelo": "Urbano", "barrio": "Prados del Norte", "comuna": "02", "cod_bar": "0211" }, "geometry": { "type": "Polygon", "coordinates": [ [ [ -76.514710973340996, 3.472696404037996 ], [ -76.521629956296636, 3.47709037131784 ], [ -76.523070679085606, 3.477627581923097 ], [ -76.52390502054034, 3.475104598626733 ], [ -76.524131094600548, 3.471801313909299 ], [ -76.52134389860619, 3.46229047858055 ], [ -76.521315009444365, 3.462296928219862 ], [ -76.520641194337998, 3.462496571842922 ], [ -76.52020925849456, 3.462885345372963 ], [ -76.519957286378613, 3.463237963736001 ], [ -76.51956032918153, 3.464330810275207 ], [ -76.519143863273598, 3.464782329881303 ], [ -76.518148414060434, 3.466709944755891 ], [ -76.517429809486401, 3.46837642921034 ], [ -76.516888462029016, 3.469567110651725 ], [ -76.516231513668728, 3.470661137444111 ], [ -76.514710973340996, 3.472696404037996 ] ] ] } },
{ "type": "Feature", "properties": { "OBJECTID": 53, "suelo": "Urbano", "barrio": "La Rivera I", "comuna": "06", "cod_bar": "0607" }, "geometry": { "type": "Polygon", "coordinates": [ [ [ -76.485926782747654, 3.470369645597426 ], [ -76.484693611924627, 3.470746779842947 ], [ -76.485115599762366, 3.472113558196947 ], [ -76.484917762216639, 3.472177265728958 ], [ -76.485443423227025, 3.473863832315405 ], [ -76.484816989761384, 3.474052663430841 ], [ -76.485179216603612, 3.475209084190298 ], [ -76.484745711807207, 3.475337473439223 ], [ -76.485311246690159, 3.477154035768369 ], [ -76.487812354632467, 3.476371696375501 ], [ -76.485926782747654, 3.470369645597426 ] ] ] } },
{ "type": "Feature", "properties": { "OBJECTID": 54, "suelo": "Urbano", "barrio": "Los Guayacanes", "comuna": "05", "cod_bar": "0503" }, "geometry": { "type": "Polygon", "coordinates": [ [ [ -76.485926782747654, 3.470369645597426 ], [ -76.487812354632467, 3.476371696375501 ], [ -76.489041199153263, 3.475987263803407 ], [ -76.49210956686241, 3.475027543350974 ], [ -76.493329908279918, 3.474641141066025 ], [ -76.49227201137721, 3.471145228397588 ], [ -76.491543894497696, 3.468602054036706 ], [ -76.485926782747654, 3.470369645597426 ] ] ] } },
{ "type": "Feature", "properties": { "OBJECTID": 55, "suelo": "Urbano", "barrio": "Petecuy I", "comuna": "06", "cod_bar": "0605" }, "geometry": { "type": "Polygon", "coordinates": [ [ [ -76.476454329930732, 3.473281097664986 ], [ -76.476648253901857, 3.473785787972694 ], [ -76.477026109502333, 3.474373560420282 ], [ -76.478643697537663, 3.476208410148183 ], [ -76.482283693510169, 3.475060511383542 ], [ -76.481215017746905, 3.471708822088925 ], [ -76.476454329930732, 3.473281097664986 ] ] ] } },
{ "type": "Feature", "properties": { "OBJECTID": 56, "suelo": "Urbano", "barrio": "La Alianza", "comuna": "04", "cod_bar": "0497" }, "geometry": { "type": "Polygon", "coordinates": [ [ [ -76.502869744536355, 3.471621386674228 ], [ -76.503777689506492, 3.474855571362771 ], [ -76.504436177948946, 3.476020209089808 ], [ -76.504446945364762, 3.476009394207829 ], [ -76.506890096569535, 3.473571040048713 ], [ -76.509311879131687, 3.471275435313499 ], [ -76.510171287862704, 3.470237367974452 ], [ -76.509411029337514, 3.469231959793775 ], [ -76.508934262698901, 3.467622449830602 ], [ -76.508099618124504, 3.467880844334518 ], [ -76.506405720299455, 3.468408884374283 ], [ -76.505410371625999, 3.46883172439432 ], [ -76.506171579744475, 3.470587976702326 ], [ -76.502878871474437, 3.471615052965057 ], [ -76.502869744536355, 3.471621386674228 ] ] ] } },
{ "type": "Feature", "properties": { "OBJECTID": 57, "suelo": "Urbano", "barrio": "Guillermo Valencia", "comuna": "04", "cod_bar": "0412" }, "geometry": { "type": "Polygon", "coordinates": [ [ [ -76.509651253523302, 3.47437487714624 ], [ -76.510603183366939, 3.475438955793076 ], [ -76.512745849579147, 3.473361233818534 ], [ -76.511065980272278, 3.471420860626106 ], [ -76.510171287862704, 3.470237367974452 ], [ -76.509311879131687, 3.471275435313499 ], [ -76.506890096569535, 3.473571040048713 ], [ -76.507727950896822, 3.474232022998295 ], [ -76.508447887020608, 3.473273636517895 ], [ -76.508771796357081, 3.473581090071939 ], [ -76.509257745451933, 3.473011488103708 ], [ -76.510044422712397, 3.473939075432773 ], [ -76.509651253523302, 3.47437487714624 ] ] ] } },
{ "type": "Feature", "properties": { "OBJECTID": 58, "suelo": "Urbano", "barrio": "Marco Fidel Suárez", "comuna": "04", "cod_bar": "0414" }, "geometry": { "type": "Polygon", "coordinates": [ [ [ -76.507727950896822, 3.474232022998295 ], [ -76.508942210135061, 3.475181206362874 ], [ -76.509651253523302, 3.47437487714624 ], [ -76.510044422712397, 3.473939075432773 ], [ -76.509257745451933, 3.473011488103708 ], [ -76.508771796357081, 3.473581090071939 ], [ -76.508447887020608, 3.473273636517895 ], [ -76.507727950896822, 3.474232022998295 ] ] ] } },
{ "type": "Feature", "properties": { "OBJECTID": 59, "suelo": "Urbano", "barrio": "Paseo de Los Almendros", "comuna": "05", "cod_bar": "0596" }, "geometry": { "type": "Polygon", "coordinates": [ [ [ -76.49227201137721, 3.471145228397588 ], [ -76.493329908279918, 3.474641141066025 ], [ -76.49710842199174, 3.473478227750194 ], [ -76.496050627686841, 3.470015097231434 ], [ -76.49227201137721, 3.471145228397588 ] ] ] } },
{ "type": "Feature", "properties": { "OBJECTID": 60, "suelo": "Urbano", "barrio": "Santa Mónica", "comuna": "02", "cod_bar": "0210" }, "geometry": { "type": "Polygon", "coordinates": [ [ [ -76.526345817624104, 3.474272546654257 ], [ -76.527701318724979, 3.473113840819604 ], [ -76.528253365268654, 3.473493643210111 ], [ -76.529250048355365, 3.473646357508223 ], [ -76.529572389231348, 3.473791582532639 ], [ -76.530415538846043, 3.474634294746099 ], [ -76.531114390674929, 3.471919064012029 ], [ -76.532509152998642, 3.469957041397226 ], [ -76.533616049262051, 3.467805119192292 ], [ -76.535268280669726, 3.463500680292421 ], [ -76.533979770938842, 3.46314542887821 ], [ -76.533986750391961, 3.462865219955285 ], [ -76.533022573221558, 3.462144745073013 ], [ -76.532554682996704, 3.461981961812253 ], [ -76.531825873242298, 3.461403232307219 ], [ -76.531029744167498, 3.461194841871987 ], [ -76.530737079700543, 3.461846222811514 ], [ -76.530198000147678, 3.46391181085819 ], [ -76.530205937938916, 3.466014536588513 ], [ -76.530124914124301, 3.466683636465558 ], [ -76.5291080191639, 3.468401546089044 ], [ -76.528298125475089, 3.469368983673732 ], [ -76.526687286301168, 3.472000091538157 ], [ -76.526344982536074, 3.472932241771719 ], [ -76.526255312329596, 3.472940427077746 ], [ -76.526239644822468, 3.473708246132982 ], [ -76.526345817624104, 3.474272546654257 ] ] ] } },
{ "type": "Feature", "properties": { "OBJECTID": 61, "suelo": "Urbano", "barrio": "San Vicente", "comuna": "02", "cod_bar": "0209" }, "geometry": { "type": "Polygon", "coordinates": [ [ [ -76.524131094600548, 3.471801313909299 ], [ -76.524420435619746, 3.472726642338719 ], [ -76.524783910317026, 3.473229636695465 ], [ -76.525349019101256, 3.473570203216219 ], [ -76.526239644822468, 3.473708246132982 ], [ -76.526255312329596, 3.472940427077746 ], [ -76.526344982536074, 3.472932241771719 ], [ -76.526687286301168, 3.472000091538157 ], [ -76.528298125475089, 3.469368983673732 ], [ -76.5291080191639, 3.468401546089044 ], [ -76.530124914124301, 3.466683636465558 ], [ -76.530205937938916, 3.466014536588513 ], [ -76.530198000147678, 3.46391181085819 ], [ -76.529144319049792, 3.463473677473161 ], [ -76.525294325739438, 3.460753909626293 ], [ -76.524951370334705, 3.461068241667238 ], [ -76.524069469432874, 3.462397350873551 ], [ -76.522512814631909, 3.462207361576301 ], [ -76.52134389860619, 3.46229047858055 ], [ -76.524131094600548, 3.471801313909299 ] ] ] } },
{ "type": "Feature", "properties": { "OBJECTID": 62, "suelo": "Urbano", "barrio": "Los Andes", "comuna": "05", "cod_bar": "0502" }, "geometry": { "type": "Polygon", "coordinates": [ [ [ -76.496050627686841, 3.470015097231434 ], [ -76.49710842199174, 3.473478227750194 ], [ -76.497109174241487, 3.473478097564831 ], [ -76.49974669785675, 3.472712255154219 ], [ -76.502869744536355, 3.471621386674228 ], [ -76.502878871474437, 3.471615052965057 ], [ -76.501980580932297, 3.468168242764075 ], [ -76.498620667244339, 3.469216815530951 ], [ -76.496050627686841, 3.470015097231434 ] ] ] } },
{ "type": "Feature", "properties": { "OBJECTID": 63, "suelo": "Urbano", "barrio": "Ignacio Rengifo", "comuna": "04", "cod_bar": "0411" }, "geometry": { "type": "Polygon", "coordinates": [ [ [ -76.511065980272278, 3.471420860626106 ], [ -76.512745849579147, 3.473361233818534 ], [ -76.513502396542762, 3.472715976144579 ], [ -76.513045899051235, 3.472182966539032 ], [ -76.513927926698116, 3.471411441527866 ], [ -76.513722694989397, 3.47119222546415 ], [ -76.514418433745476, 3.470687433162519 ], [ -76.514512876532635, 3.470525375073621 ], [ -76.513757078801021, 3.469919503901736 ], [ -76.513471132881477, 3.469520320039847 ], [ -76.511858406809836, 3.470687918595779 ], [ -76.511065980272278, 3.471420860626106 ] ] ] } },
{ "type": "Feature", "properties": { "OBJECTID": 64, "suelo": "Urbano", "barrio": "El Sena", "comuna": "05", "cod_bar": "0501" }, "geometry": { "type": "Polygon", "coordinates": [ [ [ -76.498620667244339, 3.469216815530951 ], [ -76.501980580932297, 3.468168242764075 ], [ -76.502878871474437, 3.471615052965057 ], [ -76.506171579744475, 3.470587976702326 ], [ -76.505410371625999, 3.46883172439432 ], [ -76.501630228725432, 3.460053558316142 ], [ -76.49627570272375, 3.46174775141739 ], [ -76.497921752582329, 3.466635076530032 ], [ -76.498620667244339, 3.469216815530951 ] ] ] } },
{ "type": "Feature", "properties": { "OBJECTID": 65, "suelo": "Urbano", "barrio": "Popular", "comuna": "04", "cod_bar": "0410" }, "geometry": { "type": "Polygon", "coordinates": [ [ [ -76.510171287862704, 3.470237367974452 ], [ -76.511065980272278, 3.471420860626106 ], [ -76.511858406809836, 3.470687918595779 ], [ -76.513471132881477, 3.469520320039847 ], [ -76.512893360606071, 3.46860834997717 ], [ -76.512127609966853, 3.467793475691746 ], [ -76.510171287862704, 3.470237367974452 ] ] ] } },
{ "type": "Feature", "properties": { "OBJECTID": 66, "suelo": "Urbano", "barrio": "Bolivariano", "comuna": "04", "cod_bar": "0417" }, "geometry": { "type": "Polygon", "coordinates": [ [ [ -76.513471132881477, 3.469520320039847 ], [ -76.513757078801021, 3.469919503901736 ], [ -76.514512876532635, 3.470525375073621 ], [ -76.514418433745476, 3.470687433162519 ], [ -76.513722694989397, 3.47119222546415 ], [ -76.513927926698116, 3.471411441527866 ], [ -76.514513483284546, 3.470906157403179 ], [ -76.515081783471061, 3.470722415063797 ], [ -76.515587628779514, 3.47044166469908 ], [ -76.515646431035691, 3.470550014575323 ], [ -76.515737771431802, 3.470488685371369 ], [ -76.515682535309068, 3.470345415545855 ], [ -76.516046115283146, 3.470062493225467 ], [ -76.516339175547174, 3.469634134462739 ], [ -76.515527977099495, 3.468805512637219 ], [ -76.515851609373414, 3.468525528809281 ], [ -76.514738087805227, 3.467206991642034 ], [ -76.515403993951949, 3.466619316393925 ], [ -76.515727928369898, 3.466592214882198 ], [ -76.516222843835109, 3.466348120149274 ], [ -76.516339032373523, 3.466007218729057 ], [ -76.515836004613078, 3.465308264431216 ], [ -76.515054811114652, 3.464577398383219 ], [ -76.514027382625684, 3.465335249325209 ], [ -76.513003568035231, 3.466647249864267 ], [ -76.512127609966853, 3.467793475691746 ], [ -76.512893360606071, 3.46860834997717 ], [ -76.513471132881477, 3.469520320039847 ] ] ] } },
{ "type": "Feature", "properties": { "OBJECTID": 67, "suelo": "Urbano", "barrio": "Los Andes B - La Riviera", "comuna": "05", "cod_bar": "0597" }, "geometry": { "type": "Polygon", "coordinates": [ [ [ -76.491543894497696, 3.468602054036706 ], [ -76.49227201137721, 3.471145228397588 ], [ -76.496050627686841, 3.470015097231434 ], [ -76.498620667244339, 3.469216815530951 ], [ -76.497921752582329, 3.466635076530032 ], [ -76.491543894497696, 3.468602054036706 ] ] ] } },
{ "type": "Feature", "properties": { "OBJECTID": 68, "suelo": "Urbano", "barrio": "Manzanares", "comuna": "04", "cod_bar": "0405" }, "geometry": { "type": "Polygon", "coordinates": [ [ [ -76.508099618124504, 3.467880844334518 ], [ -76.508934262698901, 3.467622449830602 ], [ -76.509411029337514, 3.469231959793775 ], [ -76.510171287862704, 3.470237367974452 ], [ -76.512127609966853, 3.467793475691746 ], [ -76.513003568035231, 3.466647249864267 ], [ -76.512083720468411, 3.466212164729355 ], [ -76.511696830918623, 3.465850454652291 ], [ -76.510657900370902, 3.463169557927102 ], [ -76.510027095161831, 3.463515882768306 ], [ -76.506617919070777, 3.464429182396873 ], [ -76.508099618124504, 3.467880844334518 ] ] ] } },
{ "type": "Feature", "properties": { "OBJECTID": 69, "suelo": "Urbano", "barrio": "Unidad Residencial Bueno Madrid", "comuna": "04", "cod_bar": "0419" }, "geometry": { "type": "Polygon", "coordinates": [ [ [ -76.516339175547174, 3.469634134462739 ], [ -76.516483533942292, 3.469720793049077 ], [ -76.516762501565992, 3.469386261404911 ], [ -76.517222466434134, 3.468223548282198 ], [ -76.51689757966183, 3.467975725585635 ], [ -76.516654662068561, 3.467550735341422 ], [ -76.516339032373523, 3.466007218729057 ], [ -76.516222843835109, 3.466348120149274 ], [ -76.515727928369898, 3.466592214882198 ], [ -76.515403993951949, 3.466619316393925 ], [ -76.514738087805227, 3.467206991642034 ], [ -76.515851609373414, 3.468525528809281 ], [ -76.515527977099495, 3.468805512637219 ], [ -76.516339175547174, 3.469634134462739 ] ] ] } },
{ "type": "Feature", "properties": { "OBJECTID": 70, "suelo": "Urbano", "barrio": "Salomia", "comuna": "04", "cod_bar": "0406" }, "geometry": { "type": "Polygon", "coordinates": [ [ [ -76.501630228725432, 3.460053558316142 ], [ -76.505410371625999, 3.46883172439432 ], [ -76.506405720299455, 3.468408884374283 ], [ -76.508099618124504, 3.467880844334518 ], [ -76.506617919070777, 3.464429182396873 ], [ -76.505300834888303, 3.461413122607984 ], [ -76.504343868000262, 3.459187013608159 ], [ -76.501630228725432, 3.460053558316142 ] ] ] } },
{ "type": "Feature", "properties": { "OBJECTID": 71, "suelo": "Urbano", "barrio": "Sultana - Berlín - San Francisco", "comuna": "04", "cod_bar": "0408" }, "geometry": { "type": "Polygon", "coordinates": [ [ [ -76.517222466434134, 3.468223548282198 ], [ -76.517429809486401, 3.46837642921034 ], [ -76.518148414060434, 3.466709944755891 ], [ -76.519143863273598, 3.464782329881303 ], [ -76.518022623600999, 3.464241479367459 ], [ -76.517178870049861, 3.46305066043847 ], [ -76.515054811114652, 3.464577398383219 ], [ -76.515836004613078, 3.465308264431216 ], [ -76.516339032373523, 3.466007218729057 ], [ -76.516654662068561, 3.467550735341422 ], [ -76.51689757966183, 3.467975725585635 ], [ -76.517222466434134, 3.468223548282198 ] ] ] } },
{ "type": "Feature", "properties": { "OBJECTID": 72, "suelo": "Urbano", "barrio": "Alfonso Lopez I", "comuna": "07", "cod_bar": "0701" }, "geometry": { "type": "Polygon", "coordinates": [ [ [ -76.477252602363194, 3.46130523460853 ], [ -76.477018567736934, 3.462031294423714 ], [ -76.476577592264576, 3.462628012323009 ], [ -76.474975730461409, 3.464336752281981 ], [ -76.473955986235325, 3.466197344215782 ], [ -76.473991666262592, 3.466825337652296 ], [ -76.474867568005664, 3.468559022149274 ], [ -76.475880880937723, 3.468275946415105 ], [ -76.484402912273254, 3.465522910801522 ], [ -76.483064588377076, 3.461299916547794 ], [ -76.480446809706351, 3.462167311417653 ], [ -76.479203745365297, 3.461913878519443 ], [ -76.479151170741673, 3.461434762801667 ], [ -76.478164622599579, 3.461497373589812 ], [ -76.478182371303063, 3.461415314253045 ], [ -76.477252602363194, 3.46130523460853 ] ] ] } },
{ "type": "Feature", "properties": { "OBJECTID": 73, "suelo": "Urbano", "barrio": "Sector Patio Bonito", "comuna": "01", "cod_bar": "0196" }, "geometry": { "type": "Polygon", "coordinates": [ [ [ -76.58285155109175, 3.457500908834495 ], [ -76.583362326266993, 3.458106441064748 ], [ -76.583857631651441, 3.459944221429136 ], [ -76.584170241020374, 3.460207922295473 ], [ -76.58543994887367, 3.460816141080551 ], [ -76.585972026609213, 3.461956842101959 ], [ -76.586522383916346, 3.462844720767681 ], [ -76.587603558082847, 3.46348592478796 ], [ -76.588043831310344, 3.464177281955865 ], [ -76.58826456481971, 3.464783657643459 ], [ -76.589054359635938, 3.465369831597739 ], [ -76.589810200463688, 3.466231500825483 ], [ -76.590066929072663, 3.466704578089561 ], [ -76.590666148006306, 3.467088083210189 ], [ -76.590804213187681, 3.46727202947628 ], [ -76.592840736889627, 3.466270413068422 ], [ -76.590340876920536, 3.465485891617607 ], [ -76.589757335172507, 3.464625705811745 ], [ -76.589614138225059, 3.464058817319456 ], [ -76.589374422637704, 3.463627346997309 ], [ -76.588765787030496, 3.462964104901975 ], [ -76.588510114963711, 3.462053058227602 ], [ -76.588335495899017, 3.4617227433078 ], [ -76.587892130979995, 3.461362477934899 ], [ -76.586421159751382, 3.460819040207094 ], [ -76.585486488704717, 3.460011830185181 ], [ -76.584592173786504, 3.458415921527106 ], [ -76.584135385197314, 3.457883008497808 ], [ -76.583625944025968, 3.457522175008048 ], [ -76.58383873757694, 3.456781866460096 ], [ -76.583218390661486, 3.457233711644048 ], [ -76.583029764524056, 3.457262207085487 ], [ -76.58285155109175, 3.457500908834495 ] ] ] } },
{ "type": "Feature", "properties": { "OBJECTID": 74, "suelo": "Urbano", "barrio": "Santander", "comuna": "04", "cod_bar": "0402" }, "geometry": { "type": "Polygon", "coordinates": [ [ [ -76.510657900370902, 3.463169557927102 ], [ -76.511696830918623, 3.465850454652291 ], [ -76.512083720468411, 3.466212164729355 ], [ -76.513003568035231, 3.466647249864267 ], [ -76.514027382625684, 3.465335249325209 ], [ -76.515054811114652, 3.464577398383219 ], [ -76.517178870049861, 3.46305066043847 ], [ -76.518293123085087, 3.462270941078784 ], [ -76.520465429066363, 3.461088087107365 ], [ -76.519780472297143, 3.45915958289287 ], [ -76.518352514028834, 3.459484018118573 ], [ -76.518455271569323, 3.459885176690164 ], [ -76.516540498187425, 3.460819859384584 ], [ -76.515467385806701, 3.461356898466818 ], [ -76.512927539561204, 3.462146970705442 ], [ -76.512045015771321, 3.462419489088459 ], [ -76.510657900370902, 3.463169557927102 ] ] ] } },
{ "type": "Feature", "properties": { "OBJECTID": 75, "suelo": "Urbano", "barrio": "Sector Altos de Normandia - Bataclán", "comuna": "02", "cod_bar": "0297" }, "geometry": { "type": "Polygon", "coordinates": [ [ [ -76.535443006184465, 3.463045477364261 ], [ -76.540050893221675, 3.465337086407088 ], [ -76.540827798651321, 3.458806920312983 ], [ -76.541811055474511, 3.458616594011052 ], [ -76.542896981800496, 3.457685466254679 ], [ -76.541471346729537, 3.456436898084768 ], [ -76.543858215298584, 3.455613146192963 ], [ -76.543755783128958, 3.455098939886844 ], [ -76.543311293847452, 3.455126892041463 ], [ -76.543066594908382, 3.455034695397995 ], [ -76.542921737657167, 3.454517459147897 ], [ -76.542715711172931, 3.454223585546308 ], [ -76.54210021699916, 3.45371452128761 ], [ -76.541813218481991, 3.453232527235053 ], [ -76.541844936328388, 3.452221638508228 ], [ -76.541682199662262, 3.451877867572479 ], [ -76.541750692152661, 3.451553675416708 ], [ -76.541301331648981, 3.451520885697299 ], [ -76.540837420048263, 3.451165890151745 ], [ -76.540507872264513, 3.451361166871636 ], [ -76.540552028311893, 3.451809816168496 ], [ -76.540759775126716, 3.452454417119256 ], [ -76.540582013653435, 3.452609174594671 ], [ -76.540200989364706, 3.453705912034688 ], [ -76.540118581472029, 3.454413626399043 ], [ -76.539412192958423, 3.455419293414836 ], [ -76.539142386072612, 3.456193217386102 ], [ -76.539092924199892, 3.45694232049784 ], [ -76.538168224928725, 3.458353569765453 ], [ -76.538159972191551, 3.45865983309359 ], [ -76.537797535220562, 3.458651536526218 ], [ -76.537572936811571, 3.458924969753019 ], [ -76.537630270818809, 3.460756877574753 ], [ -76.537548111153185, 3.461092329606015 ], [ -76.53717029310971, 3.461147675674885 ], [ -76.536842986630504, 3.461528863321528 ], [ -76.536723954409979, 3.461865214681699 ], [ -76.536233015279223, 3.46203710295966 ], [ -76.535823880421574, 3.462515456291674 ], [ -76.53550264915674, 3.462598544171424 ], [ -76.535452436941185, 3.463038054687699 ], [ -76.535443006184465, 3.463045477364261 ] ] ] } },
{ "type": "Feature", "properties": { "OBJECTID": 76, "suelo": "Urbano", "barrio": "Fepicol", "comuna": "07", "cod_bar": "0798" }, "geometry": { "type": "Polygon", "coordinates": [ [ [ -76.483064588377076, 3.461299916547794 ], [ -76.484402912273254, 3.465522910801522 ], [ -76.488753469135048, 3.464131366293055 ], [ -76.488026782119078, 3.461750106923839 ], [ -76.487087445669545, 3.462056300383589 ], [ -76.486432022456441, 3.459952276329151 ], [ -76.484729825559839, 3.46049352204514 ], [ -76.484468597220328, 3.458801983040351 ], [ -76.483206345565037, 3.458654222382007 ], [ -76.482975529601745, 3.45980764476862 ], [ -76.483064588377076, 3.461299916547794 ] ] ] } },
{ "type": "Feature", "properties": { "OBJECTID": 77, "suelo": "Urbano", "barrio": "Fátima", "comuna": "04", "cod_bar": "0407" }, "geometry": { "type": "Polygon", "coordinates": [ [ [ -76.517178870049861, 3.46305066043847 ], [ -76.518022623600999, 3.464241479367459 ], [ -76.519143863273598, 3.464782329881303 ], [ -76.51956032918153, 3.464330810275207 ], [ -76.519297141999232, 3.464107792313075 ], [ -76.518293123085087, 3.462270941078784 ], [ -76.517178870049861, 3.46305066043847 ] ] ] } },
{ "type": "Feature", "properties": { "OBJECTID": 78, "suelo": "Urbano", "barrio": "Las Delicias", "comuna": "04", "cod_bar": "0404" }, "geometry": { "type": "Polygon", "coordinates": [ [ [ -76.505300834888303, 3.461413122607984 ], [ -76.506617919070777, 3.464429182396873 ], [ -76.510027095161831, 3.463515882768306 ], [ -76.510657900370902, 3.463169557927102 ], [ -76.512045015771321, 3.462419489088459 ], [ -76.512927539561204, 3.462146970705442 ], [ -76.512319052855162, 3.460201990018716 ], [ -76.511658395061374, 3.460414475075751 ], [ -76.511362791446132, 3.459478892754181 ], [ -76.505300834888303, 3.461413122607984 ] ] ] } },
{ "type": "Feature", "properties": { "OBJECTID": 79, "suelo": "Urbano", "barrio": "Industria de Licores", "comuna": "04", "cod_bar": "0423" }, "geometry": { "type": "Polygon", "coordinates": [ [ [ -76.518293123085087, 3.462270941078784 ], [ -76.519297141999232, 3.464107792313075 ], [ -76.51956032918153, 3.464330810275207 ], [ -76.519957286378613, 3.463237963736001 ], [ -76.52020925849456, 3.462885345372963 ], [ -76.520641194337998, 3.462496571842922 ], [ -76.521315009444365, 3.462296928219862 ], [ -76.520847491483735, 3.460862825212045 ], [ -76.520465429066363, 3.461088087107365 ], [ -76.518293123085087, 3.462270941078784 ] ] ] } },
{ "type": "Feature", "properties": { "OBJECTID": 80, "suelo": "Urbano", "barrio": "Base Aérea", "comuna": "07", "cod_bar": "0711" }, "geometry": { "type": "Polygon", "coordinates": [ [ [ -76.488026782119078, 3.461750106923839 ], [ -76.488753469135048, 3.464131366293055 ], [ -76.49627570272375, 3.46174775141739 ], [ -76.501630228725432, 3.460053558316142 ], [ -76.504343868000262, 3.459187013608159 ], [ -76.506676331794935, 3.458442482963182 ], [ -76.505258203525074, 3.453355111138176 ], [ -76.504013559096535, 3.453281466267327 ], [ -76.501542497281022, 3.452854108748262 ], [ -76.496361475890808, 3.452584173934218 ], [ -76.492792919587799, 3.452719789489288 ], [ -76.491270374209023, 3.452809471444399 ], [ -76.49006885047082, 3.452659425124524 ], [ -76.489706449433697, 3.456191589514543 ], [ -76.490015950994561, 3.458806398439482 ], [ -76.490441644353226, 3.46096095087879 ], [ -76.488026782119078, 3.461750106923839 ] ] ] } },
{ "type": "Feature", "properties": { "OBJECTID": 81, "suelo": "Urbano", "barrio": "Versalles", "comuna": "02", "cod_bar": "0208" }, "geometry": { "type": "Polygon", "coordinates": [ [ [ -76.525294325739438, 3.460753909626293 ], [ -76.529144319049792, 3.463473677473161 ], [ -76.530198000147678, 3.46391181085819 ], [ -76.530737079700543, 3.461846222811514 ], [ -76.531029744167498, 3.461194841871987 ], [ -76.528870671477264, 3.457783463934401 ], [ -76.528253859562867, 3.45793089615735 ], [ -76.527677962911767, 3.458274453687503 ], [ -76.527479970862572, 3.458826001751167 ], [ -76.526770584651842, 3.459818019618946 ], [ -76.526426301902276, 3.460123098679526 ], [ -76.525294325739438, 3.460753909626293 ] ] ] } },
{ "type": "Feature", "properties": { "OBJECTID": 82, "suelo": "Urbano", "barrio": "Aguacatal", "comuna": "01", "cod_bar": "0199" }, "geometry": { "type": "Polygon", "coordinates": [ [ [ -76.559235895602654, 3.463528423768734 ], [ -76.560820612231268, 3.46354704941633 ], [ -76.560537454309554, 3.461156924832156 ], [ -76.56064524283903, 3.460386454750473 ], [ -76.561919843326365, 3.458978135084676 ], [ -76.562029234962182, 3.458665625487765 ], [ -76.562993451381359, 3.457932969635035 ], [ -76.563121889824757, 3.457707419017453 ], [ -76.563536808229571, 3.456730545274386 ], [ -76.56351087700682, 3.456433360475523 ], [ -76.563040043995045, 3.455849152051321 ], [ -76.563012633451081, 3.455647967393276 ], [ -76.563097345217486, 3.455509515222092 ], [ -76.563572414320731, 3.45539360689503 ], [ -76.563969166674298, 3.455537158580663 ], [ -76.564602964514123, 3.455512733342903 ], [ -76.565431546056516, 3.455883121151168 ], [ -76.56663840581119, 3.455819927115371 ], [ -76.566743425429479, 3.455995470380798 ], [ -76.566636076372021, 3.45627054136388 ], [ -76.566687178372831, 3.456412318315321 ], [ -76.566898982350239, 3.456467563302247 ], [ -76.567296586854553, 3.456261585600517 ], [ -76.567458059260659, 3.456273103402375 ], [ -76.567721099016282, 3.456788713351198 ], [ -76.568046216905316, 3.457098548169695 ], [ -76.568233222786674, 3.456382541910518 ], [ -76.569010928733064, 3.455859466999765 ], [ -76.569546298813663, 3.456455964368219 ], [ -76.569781159680204, 3.456550556238621 ], [ -76.570021200231778, 3.456513624622143 ], [ -76.569887809767692, 3.456051908495803 ], [ -76.570310726318127, 3.455563651500426 ], [ -76.570229749153768, 3.45529239120099 ], [ -76.570058789696247, 3.455147715518785 ], [ -76.569105006358569, 3.454849311999559 ], [ -76.568295181152024, 3.455102469505355 ], [ -76.56757535161762, 3.454587062371733 ], [ -76.567224428773343, 3.454632264062004 ], [ -76.565838740582407, 3.454478518686583 ], [ -76.565289871819161, 3.454098742513928 ], [ -76.563994155090569, 3.454252422504423 ], [ -76.563625240103747, 3.454143909798608 ], [ -76.563184334060907, 3.454315694906279 ], [ -76.562842410890369, 3.45427951801522 ], [ -76.56252747643029, 3.454451307147717 ], [ -76.562131551986695, 3.454894352507048 ], [ -76.56151969115237, 3.454740621800637 ], [ -76.560754848087427, 3.455174613357912 ], [ -76.559522130509862, 3.454867149241925 ], [ -76.559396156045921, 3.454957564762015 ], [ -76.559288170672389, 3.455255946870794 ], [ -76.558767094234767, 3.455660757556879 ], [ -76.555976572504917, 3.455655334756134 ], [ -76.548973824950536, 3.455881831053546 ], [ -76.548936911015915, 3.455530221842963 ], [ -76.54818067702189, 3.454713473012898 ], [ -76.547974528212109, 3.454918190321232 ], [ -76.547964342996835, 3.455061403194356 ], [ -76.548543862276503, 3.455894438337201 ], [ -76.547870878557177, 3.456207967312746 ], [ -76.548119457484688, 3.456961358104178 ], [ -76.549298214221764, 3.458563892249132 ], [ -76.550190858526349, 3.459777451438399 ], [ -76.552466701101338, 3.460617666018789 ], [ -76.55453649969121, 3.45969404955077 ], [ -76.554327106055453, 3.461030487435963 ], [ -76.554439493041869, 3.46155068614948 ], [ -76.554692914008967, 3.461596541414024 ], [ -76.555502327847748, 3.461336401581808 ], [ -76.555826819875435, 3.461332739357426 ], [ -76.556058373368828, 3.461512315419713 ], [ -76.556732843012512, 3.462532667506294 ], [ -76.557523098917954, 3.463399238336975 ], [ -76.557696240646635, 3.463445019064472 ], [ -76.558167526826153, 3.463095152480676 ], [ -76.558665166855178, 3.46298708869367 ], [ -76.559089055950579, 3.463146466532952 ], [ -76.559235895602654, 3.463528423768734 ] ] ] } },
{ "type": "Feature", "properties": { "OBJECTID": 83, "suelo": "Urbano", "barrio": "Granada", "comuna": "02", "cod_bar": "0207" }, "geometry": { "type": "Polygon", "coordinates": [ [ [ -76.531029744167498, 3.461194841871987 ], [ -76.531825873242298, 3.461403232307219 ], [ -76.532554682996704, 3.461981961812253 ], [ -76.533022573221558, 3.462144745073013 ], [ -76.533986750391961, 3.462865219955285 ], [ -76.533979770938842, 3.46314542887821 ], [ -76.535268280669726, 3.463500680292421 ], [ -76.535443006184465, 3.463045477364261 ], [ -76.535452436941185, 3.463038054687699 ], [ -76.53550264915674, 3.462598544171424 ], [ -76.535823880421574, 3.462515456291674 ], [ -76.536233015279223, 3.46203710295966 ], [ -76.536723954409979, 3.461865214681699 ], [ -76.536842986630504, 3.461528863321528 ], [ -76.53717029310971, 3.461147675674885 ], [ -76.537548111153185, 3.461092329606015 ], [ -76.537630270818809, 3.460756877574753 ], [ -76.537572936811571, 3.458924969753019 ], [ -76.53718135522773, 3.458611895887658 ], [ -76.536919798119939, 3.458725642611722 ], [ -76.536811447755127, 3.458687626729659 ], [ -76.536725981460975, 3.458241489813899 ], [ -76.536404544442405, 3.457980282617979 ], [ -76.535918766712371, 3.458599441976705 ], [ -76.534522529987726, 3.457561774294695 ], [ -76.53497544782887, 3.456972853301789 ], [ -76.53629822283385, 3.455788430360795 ], [ -76.536757157941139, 3.455119349809676 ], [ -76.536708521951525, 3.454690512207907 ], [ -76.533850757132896, 3.455878710843057 ], [ -76.532720116377931, 3.453898834936871 ], [ -76.532447172787627, 3.454061193662468 ], [ -76.532186200715714, 3.454576570307166 ], [ -76.531826167694504, 3.456466319362023 ], [ -76.531520212829705, 3.456837021695274 ], [ -76.531107011257589, 3.457118908860196 ], [ -76.530062470162818, 3.457849632530006 ], [ -76.52972054390186, 3.457867695355931 ], [ -76.529315639996994, 3.457732040231793 ], [ -76.528870671477264, 3.457783463934401 ], [ -76.531029744167498, 3.461194841871987 ] ] ] } },
{ "type": "Feature", "properties": { "OBJECTID": 84, "suelo": "Urbano", "barrio": "El Piloto", "comuna": "03", "cod_bar": "0314" }, "geometry": { "type": "Polygon", "coordinates": [ [ [ -76.52134389860619, 3.46229047858055 ], [ -76.522512814631909, 3.462207361576301 ], [ -76.524069469432874, 3.462397350873551 ], [ -76.524951370334705, 3.461068241667238 ], [ -76.525294325739438, 3.460753909626293 ], [ -76.526426301902276, 3.460123098679526 ], [ -76.526770584651842, 3.459818019618946 ], [ -76.525994409115683, 3.458304778817479 ], [ -76.524969510354282, 3.458916255282023 ], [ -76.520847491483735, 3.460862825212045 ], [ -76.521315009444365, 3.462296928219862 ], [ -76.52134389860619, 3.46229047858055 ] ] ] } },
{ "type": "Feature", "properties": { "OBJECTID": 85, "suelo": "Urbano", "barrio": "Alfonso Lopez II", "comuna": "07", "cod_bar": "0702" }, "geometry": { "type": "Polygon", "coordinates": [ [ [ -76.477252602363194, 3.46130523460853 ], [ -76.478182371303063, 3.461415314253045 ], [ -76.478164622599579, 3.461497373589812 ], [ -76.479151170741673, 3.461434762801667 ], [ -76.479203745365297, 3.461913878519443 ], [ -76.480446809706351, 3.462167311417653 ], [ -76.483064588377076, 3.461299916547794 ], [ -76.482975529601745, 3.45980764476862 ], [ -76.483206345565037, 3.458654222382007 ], [ -76.483878974551374, 3.457281193803253 ], [ -76.4782609017021, 3.45676900643423 ], [ -76.477544249202367, 3.456868252035353 ], [ -76.477625662654646, 3.457340006294434 ], [ -76.477097554553055, 3.457407789590669 ], [ -76.476407232601787, 3.45750135177488 ], [ -76.476407142170189, 3.458269762076651 ], [ -76.476784915343842, 3.459499515088839 ], [ -76.477207706572514, 3.460494181368098 ], [ -76.477252602363194, 3.46130523460853 ] ] ] } },
{ "type": "Feature", "properties": { "OBJECTID": 86, "suelo": "Urbano", "barrio": "Porvenir", "comuna": "04", "cod_bar": "0403" }, "geometry": { "type": "Polygon", "coordinates": [ [ [ -76.511362791446132, 3.459478892754181 ], [ -76.511658395061374, 3.460414475075751 ], [ -76.512319052855162, 3.460201990018716 ], [ -76.512927539561204, 3.462146970705442 ], [ -76.515467385806701, 3.461356898466818 ], [ -76.516540498187425, 3.460819859384584 ], [ -76.515244472344349, 3.455754577070056 ], [ -76.512630102858239, 3.456581541017461 ], [ -76.513158065941795, 3.458353247466895 ], [ -76.511872456381923, 3.458764921538666 ], [ -76.511727867923426, 3.458288539253058 ], [ -76.511067957175456, 3.458509522425943 ], [ -76.511362791446132, 3.459478892754181 ] ] ] } },
{ "type": "Feature", "properties": { "OBJECTID": 87, "suelo": "Urbano", "barrio": "San Marino", "comuna": "07", "cod_bar": "0709" }, "geometry": { "type": "Polygon", "coordinates": [ [ [ -76.486432022456441, 3.459952276329151 ], [ -76.487087445669545, 3.462056300383589 ], [ -76.488026782119078, 3.461750106923839 ], [ -76.490441644353226, 3.46096095087879 ], [ -76.490015950994561, 3.458806398439482 ], [ -76.486432022456441, 3.459952276329151 ] ] ] } },
{ "type": "Feature", "properties": { "OBJECTID": 88, "suelo": "Urbano", "barrio": "La Esmeralda", "comuna": "04", "cod_bar": "0416" }, "geometry": { "type": "Polygon", "coordinates": [ [ [ -76.504343868000262, 3.459187013608159 ], [ -76.505300834888303, 3.461413122607984 ], [ -76.511362791446132, 3.459478892754181 ], [ -76.511067957175456, 3.458509522425943 ], [ -76.511727867923426, 3.458288539253058 ], [ -76.511872456381923, 3.458764921538666 ], [ -76.513158065941795, 3.458353247466895 ], [ -76.512630102858239, 3.456581541017461 ], [ -76.510321666719918, 3.457319758089541 ], [ -76.506676331794935, 3.458442482963182 ], [ -76.504343868000262, 3.459187013608159 ] ] ] } },
{ "type": "Feature", "properties": { "OBJECTID": 89, "suelo": "Urbano", "barrio": "Jorge Isaacs", "comuna": "04", "cod_bar": "0401" }, "geometry": { "type": "Polygon", "coordinates": [ [ [ -76.516540498187425, 3.460819859384584 ], [ -76.518455271569323, 3.459885176690164 ], [ -76.518352514028834, 3.459484018118573 ], [ -76.519780472297143, 3.45915958289287 ], [ -76.520465429066363, 3.461088087107365 ], [ -76.520847491483735, 3.460862825212045 ], [ -76.520039177796718, 3.458308105365426 ], [ -76.519052017918554, 3.454634955326568 ], [ -76.518789096847755, 3.45410043786138 ], [ -76.518524922956601, 3.453845483550428 ], [ -76.518102400796607, 3.453675349402146 ], [ -76.51764137404723, 3.453702126706293 ], [ -76.517115586795114, 3.454042292682011 ], [ -76.516291416374131, 3.45533205248735 ], [ -76.515972094668911, 3.455525663351687 ], [ -76.515244472344349, 3.455754577070056 ], [ -76.516540498187425, 3.460819859384584 ] ] ] } },
{ "type": "Feature", "properties": { "OBJECTID": 90, "suelo": "Urbano", "barrio": "San Nicolás", "comuna": "03", "cod_bar": "0312" }, "geometry": { "type": "Polygon", "coordinates": [ [ [ -76.519052017918554, 3.454634955326568 ], [ -76.520039177796718, 3.458308105365426 ], [ -76.520847491483735, 3.460862825212045 ], [ -76.524969510354282, 3.458916255282023 ], [ -76.525994409115683, 3.458304778817479 ], [ -76.525565722277307, 3.457537395320046 ], [ -76.528982847410276, 3.455580031621869 ], [ -76.52949576074694, 3.455164133851945 ], [ -76.530283613312633, 3.454912241168104 ], [ -76.529378921520305, 3.452985011971319 ], [ -76.528252484771443, 3.450116625352882 ], [ -76.523089406962256, 3.451812992547355 ], [ -76.522079224550282, 3.45215620595342 ], [ -76.518556741611775, 3.452986997505036 ], [ -76.519052017918554, 3.454634955326568 ] ] ] } },
{ "type": "Feature", "properties": { "OBJECTID": 91, "suelo": "Urbano", "barrio": "Los Pinos", "comuna": "07", "cod_bar": "0708" }, "geometry": { "type": "Polygon", "coordinates": [ [ [ -76.483206345565037, 3.458654222382007 ], [ -76.484468597220328, 3.458801983040351 ], [ -76.484729825559839, 3.46049352204514 ], [ -76.486432022456441, 3.459952276329151 ], [ -76.486295077530812, 3.459507140295478 ], [ -76.486026484043748, 3.459593387963941 ], [ -76.485476908307916, 3.457419479224318 ], [ -76.486957016616728, 3.457546889382777 ], [ -76.48709257152278, 3.456037223793081 ], [ -76.486018612236236, 3.455947173726806 ], [ -76.485849651547838, 3.456265341689691 ], [ -76.484713599793992, 3.455667138971005 ], [ -76.483878974551374, 3.457281193803253 ], [ -76.483206345565037, 3.458654222382007 ] ] ] } },
{ "type": "Feature", "properties": { "OBJECTID": 92, "suelo": "Urbano", "barrio": "Vista Hermosa", "comuna": "01", "cod_bar": "0102" }, "geometry": { "type": "Polygon", "coordinates": [ [ [ -76.570794376126059, 3.456306368993598 ], [ -76.571219800993788, 3.455869541112811 ], [ -76.571470055239942, 3.456023823921518 ], [ -76.571387941756981, 3.456387549409071 ], [ -76.571684803142162, 3.456558857447793 ], [ -76.572272914920958, 3.45615084874236 ], [ -76.572469747269366, 3.45612111262628 ], [ -76.572664538996136, 3.456209345871996 ], [ -76.572725905771861, 3.456332119393733 ], [ -76.572670852632456, 3.456996067569688 ], [ -76.572989926593763, 3.457243243998224 ], [ -76.57305269953757, 3.45739272007927 ], [ -76.572837926827816, 3.458328346695606 ], [ -76.573172258397108, 3.458413474377688 ], [ -76.573797551789269, 3.458367709017116 ], [ -76.574666290285009, 3.458006255380148 ], [ -76.574974191038166, 3.458058322078588 ], [ -76.575233227251189, 3.458692817224301 ], [ -76.575647339148063, 3.459274898944364 ], [ -76.575508635827816, 3.459875835234444 ], [ -76.575776182911952, 3.460115733136418 ], [ -76.576118953059463, 3.460096593060483 ], [ -76.576444363542421, 3.459728632101756 ], [ -76.576713603071184, 3.459719170106736 ], [ -76.577419391306577, 3.459378904316684 ], [ -76.577409621865897, 3.45920809541595 ], [ -76.576856455982366, 3.458973845362814 ], [ -76.576715723419781, 3.458778170735005 ], [ -76.57673822064227, 3.4586161215592 ], [ -76.57759858763734, 3.458605112352422 ], [ -76.577748251681015, 3.458513564557543 ], [ -76.577903957701679, 3.458703800305562 ], [ -76.578015090352864, 3.459328968711958 ], [ -76.578659426503577, 3.46012318440059 ], [ -76.578971967439387, 3.460232255335951 ], [ -76.579453013445161, 3.459985018982085 ], [ -76.579699687269226, 3.460011511910875 ], [ -76.58285155109175, 3.457500908834495 ], [ -76.583029764524056, 3.457262207085487 ], [ -76.583218390661486, 3.457233711644048 ], [ -76.58383873757694, 3.456781866460096 ], [ -76.584647366143145, 3.456141303795146 ], [ -76.584424036572301, 3.455291994015387 ], [ -76.584855383594174, 3.45420074467784 ], [ -76.584864101121624, 3.453883992260438 ], [ -76.584772153983096, 3.453663947492948 ], [ -76.584478806389882, 3.453461562542793 ], [ -76.583918330457323, 3.453377922365047 ], [ -76.58367306439574, 3.453457108115793 ], [ -76.582998772640892, 3.454191975800229 ], [ -76.582674704626825, 3.454187593624656 ], [ -76.582451373161504, 3.454024766476416 ], [ -76.58148149610146, 3.452810311242423 ], [ -76.580603563942262, 3.452418673914052 ], [ -76.580410881560695, 3.452247016701663 ], [ -76.580196342469407, 3.451529803601023 ], [ -76.579399399253091, 3.45046934402334 ], [ -76.579057836977583, 3.449686079919148 ], [ -76.578396627438778, 3.449664104193984 ], [ -76.57781864765883, 3.449787294962471 ], [ -76.577332621252935, 3.449576074575955 ], [ -76.576467756729301, 3.450011702365193 ], [ -76.575994870574633, 3.45008650421749 ], [ -76.575758393864405, 3.450024902592645 ], [ -76.575574501300181, 3.449809234956568 ], [ -76.575355599498977, 3.449716834460461 ], [ -76.574057222902795, 3.449637627844955 ], [ -76.57359509611949, 3.44946238027133 ], [ -76.573595054138934, 3.452145846406054 ], [ -76.573829000418982, 3.452245311836458 ], [ -76.573846992064631, 3.45250752980794 ], [ -76.573604044790073, 3.452597945630603 ], [ -76.57311815792653, 3.452380930812511 ], [ -76.572803228244666, 3.452380925582971 ], [ -76.570697685452387, 3.45320370553603 ], [ -76.570490728451162, 3.45337549974093 ], [ -76.570535713092326, 3.453619633379244 ], [ -76.57079633518677, 3.453743158755755 ], [ -76.570794376126059, 3.456306368993598 ] ] ] } },
{ "type": "Feature", "properties": { "OBJECTID": 93, "suelo": "Urbano", "barrio": "Las Ceibas", "comuna": "07", "cod_bar": "0710" }, "geometry": { "type": "Polygon", "coordinates": [ [ [ -76.484713599793992, 3.455667138971005 ], [ -76.485849651547838, 3.456265341689691 ], [ -76.486018612236236, 3.455947173726806 ], [ -76.48709257152278, 3.456037223793081 ], [ -76.486957016616728, 3.457546889382777 ], [ -76.485476908307916, 3.457419479224318 ], [ -76.486026484043748, 3.459593387963941 ], [ -76.486295077530812, 3.459507140295478 ], [ -76.486432022456441, 3.459952276329151 ], [ -76.490015950994561, 3.458806398439482 ], [ -76.489706449433697, 3.456191589514543 ], [ -76.49006885047082, 3.452659425124524 ], [ -76.487918697207817, 3.452362913642142 ], [ -76.486398713921176, 3.452294232758702 ], [ -76.484713599793992, 3.455667138971005 ] ] ] } },
{ "type": "Feature", "properties": { "OBJECTID": 94, "suelo": "Urbano", "barrio": "El Hoyo", "comuna": "03", "cod_bar": "0313" }, "geometry": { "type": "Polygon", "coordinates": [ [ [ -76.525994409115683, 3.458304778817479 ], [ -76.526770584651842, 3.459818019618946 ], [ -76.527479970862572, 3.458826001751167 ], [ -76.527677962911767, 3.458274453687503 ], [ -76.528253859562867, 3.45793089615735 ], [ -76.528870671477264, 3.457783463934401 ], [ -76.529315639996994, 3.457732040231793 ], [ -76.52972054390186, 3.457867695355931 ], [ -76.530062470162818, 3.457849632530006 ], [ -76.531107011257589, 3.457118908860196 ], [ -76.530815085803638, 3.456753704472828 ], [ -76.530283613312633, 3.454912241168104 ], [ -76.52949576074694, 3.455164133851945 ], [ -76.528982847410276, 3.455580031621869 ], [ -76.525565722277307, 3.457537395320046 ], [ -76.525994409115683, 3.458304778817479 ] ] ] } },
{ "type": "Feature", "properties": { "OBJECTID": 95, "suelo": "Urbano", "barrio": "Juanambú", "comuna": "02", "cod_bar": "0205" }, "geometry": { "type": "Polygon", "coordinates": [ [ [ -76.536708521951525, 3.454690512207907 ], [ -76.536757157941139, 3.455119349809676 ], [ -76.53629822283385, 3.455788430360795 ], [ -76.53497544782887, 3.456972853301789 ], [ -76.534522529987726, 3.457561774294695 ], [ -76.535918766712371, 3.458599441976705 ], [ -76.536404544442405, 3.457980282617979 ], [ -76.536725981460975, 3.458241489813899 ], [ -76.536811447755127, 3.458687626729659 ], [ -76.536919798119939, 3.458725642611722 ], [ -76.53718135522773, 3.458611895887658 ], [ -76.537572936811571, 3.458924969753019 ], [ -76.537797535220562, 3.458651536526218 ], [ -76.538159972191551, 3.45865983309359 ], [ -76.538168224928725, 3.458353569765453 ], [ -76.539092924199892, 3.45694232049784 ], [ -76.539142386072612, 3.456193217386102 ], [ -76.539412192958423, 3.455419293414836 ], [ -76.540118581472029, 3.454413626399043 ], [ -76.540200989364706, 3.453705912034688 ], [ -76.540582013653435, 3.452609174594671 ], [ -76.540759775126716, 3.452454417119256 ], [ -76.540552028311893, 3.451809816168496 ], [ -76.540507872264513, 3.451361166871636 ], [ -76.540041609250224, 3.451638367174004 ], [ -76.539033763154094, 3.453030777391216 ], [ -76.538187906871059, 3.453898761861815 ], [ -76.537279079200374, 3.454450273355371 ], [ -76.536708521951525, 3.454690512207907 ] ] ] } },
{ "type": "Feature", "properties": { "OBJECTID": 96, "suelo": "Urbano", "barrio": "Parque de la Caña", "comuna": "07", "cod_bar": "0797" }, "geometry": { "type": "Polygon", "coordinates": [ [ [ -76.505258203525074, 3.453355111138176 ], [ -76.506676331794935, 3.458442482963182 ], [ -76.510321666719918, 3.457319758089541 ], [ -76.50977296600955, 3.455262878786763 ], [ -76.509528696094975, 3.453983028217656 ], [ -76.505258203525074, 3.453355111138176 ] ] ] } },
{ "type": "Feature", "properties": { "OBJECTID": 97, "suelo": "Urbano", "barrio": "Puerto Nuevo", "comuna": "07", "cod_bar": "0704" }, "geometry": { "type": "Polygon", "coordinates": [ [ [ -76.476485789551418, 3.450423924059413 ], [ -76.476548044573562, 3.450833988884121 ], [ -76.476174813677119, 3.452723009154308 ], [ -76.476105606086776, 3.453587526623129 ], [ -76.476739247639756, 3.454970871664548 ], [ -76.477097554553055, 3.457407789590669 ], [ -76.477625662654646, 3.457340006294434 ], [ -76.477544249202367, 3.456868252035353 ], [ -76.477182600170963, 3.454495461373988 ], [ -76.477459379804941, 3.45190553677229 ], [ -76.477260679251401, 3.450363843462004 ], [ -76.476485789551418, 3.450423924059413 ] ] ] } },
{ "type": "Feature", "properties": { "OBJECTID": 98, "suelo": "Urbano", "barrio": "Industrial", "comuna": "08", "cod_bar": "0809" }, "geometry": { "type": "Polygon", "coordinates": [ [ [ -76.509528696094975, 3.453983028217656 ], [ -76.50977296600955, 3.455262878786763 ], [ -76.510321666719918, 3.457319758089541 ], [ -76.512630102858239, 3.456581541017461 ], [ -76.515244472344349, 3.455754577070056 ], [ -76.515972094668911, 3.455525663351687 ], [ -76.516291416374131, 3.45533205248735 ], [ -76.517115586795114, 3.454042292682011 ], [ -76.51764137404723, 3.453702126706293 ], [ -76.518102400796607, 3.453675349402146 ], [ -76.518524922956601, 3.453845483550428 ], [ -76.518789096847755, 3.45410043786138 ], [ -76.519052017918554, 3.454634955326568 ], [ -76.518556741611775, 3.452986997505036 ], [ -76.518127117888056, 3.451341022493332 ], [ -76.517980832198958, 3.450203550544086 ], [ -76.5179730825934, 3.448753669978255 ], [ -76.515918233968264, 3.448960397074646 ], [ -76.513902655909689, 3.449430422205653 ], [ -76.512148024257442, 3.449801002147959 ], [ -76.510518516763298, 3.449818952647926 ], [ -76.511883372053305, 3.454192295811164 ], [ -76.509528696094975, 3.453983028217656 ] ] ] } },
{ "type": "Feature", "properties": { "OBJECTID": 99, "suelo": "Urbano", "barrio": "Alfonso Lopez III", "comuna": "07", "cod_bar": "0703" }, "geometry": { "type": "Polygon", "coordinates": [ [ [ -76.477544249202367, 3.456868252035353 ], [ -76.4782609017021, 3.45676900643423 ], [ -76.483878974551374, 3.457281193803253 ], [ -76.484713599793992, 3.455667138971005 ], [ -76.486398713921176, 3.452294232758702 ], [ -76.485504810730816, 3.452158422790428 ], [ -76.482845896366641, 3.451498658028405 ], [ -76.479053470047106, 3.450313135836631 ], [ -76.477260679251401, 3.450363843462004 ], [ -76.477459379804941, 3.45190553677229 ], [ -76.477182600170963, 3.454495461373988 ], [ -76.477544249202367, 3.456868252035353 ] ] ] } },
{ "type": "Feature", "properties": { "OBJECTID": 100, "suelo": "Urbano", "barrio": "San Pedro", "comuna": "03", "cod_bar": "0311" }, "geometry": { "type": "Polygon", "coordinates": [ [ [ -76.530283613312633, 3.454912241168104 ], [ -76.530815085803638, 3.456753704472828 ], [ -76.531107011257589, 3.457118908860196 ], [ -76.531520212829705, 3.456837021695274 ], [ -76.531826167694504, 3.456466319362023 ], [ -76.532186200715714, 3.454576570307166 ], [ -76.532447172787627, 3.454061193662468 ], [ -76.532720116377931, 3.453898834936871 ], [ -76.533814906364043, 3.45341025261252 ], [ -76.534970986726037, 3.453042391563569 ], [ -76.53374719800135, 3.448615997112733 ], [ -76.53200488480995, 3.448995829115646 ], [ -76.530485896160997, 3.449359252631119 ], [ -76.528252484771443, 3.450116625352882 ], [ -76.529378921520305, 3.452985011971319 ], [ -76.530283613312633, 3.454912241168104 ] ] ] } },
{ "type": "Feature", "properties": { "OBJECTID": 101, "suelo": "Urbano", "barrio": "Normandia", "comuna": "02", "cod_bar": "0204" }, "geometry": { "type": "Polygon", "coordinates": [ [ [ -76.543858215298584, 3.455613146192963 ], [ -76.544157862194893, 3.455509732454345 ], [ -76.545324281927904, 3.455918087416173 ], [ -76.546674299979074, 3.456731572707475 ], [ -76.54650055397812, 3.454515082347175 ], [ -76.547759583472327, 3.455870655499806 ], [ -76.547870878557177, 3.456207967312746 ], [ -76.548543862276503, 3.455894438337201 ], [ -76.547964342996835, 3.455061403194356 ], [ -76.547974528212109, 3.454918190321232 ], [ -76.54818067702189, 3.454713473012898 ], [ -76.547696104048057, 3.454464468329153 ], [ -76.547503026574489, 3.454605764992619 ], [ -76.547265237891196, 3.454580602563191 ], [ -76.546789669341536, 3.454358399283085 ], [ -76.546539378275554, 3.454043979018835 ], [ -76.545809452599343, 3.451163954466671 ], [ -76.545659282878432, 3.450883075093659 ], [ -76.545233771566274, 3.450778253083099 ], [ -76.544478019386332, 3.451175987582314 ], [ -76.5432449163402, 3.45105984155972 ], [ -76.541750692152661, 3.451553675416708 ], [ -76.541682199662262, 3.451877867572479 ], [ -76.541844936328388, 3.452221638508228 ], [ -76.541813218481991, 3.453232527235053 ], [ -76.54210021699916, 3.45371452128761 ], [ -76.542715711172931, 3.454223585546308 ], [ -76.542921737657167, 3.454517459147897 ], [ -76.543066594908382, 3.455034695397995 ], [ -76.543311293847452, 3.455126892041463 ], [ -76.543755783128958, 3.455098939886844 ], [ -76.543858215298584, 3.455613146192963 ] ] ] } },
{ "type": "Feature", "properties": { "OBJECTID": 102, "suelo": "Urbano", "barrio": "Terron Colorado", "comuna": "01", "cod_bar": "0101" }, "geometry": { "type": "Polygon", "coordinates": [ [ [ -76.570021200231778, 3.456513624622143 ], [ -76.570562931081412, 3.456662819013387 ], [ -76.570794376126059, 3.456306368993598 ], [ -76.57079633518677, 3.453743158755755 ], [ -76.570535713092326, 3.453619633379244 ], [ -76.570490728451162, 3.45337549974093 ], [ -76.570697685452387, 3.45320370553603 ], [ -76.572803228244666, 3.452380925582971 ], [ -76.57311815792653, 3.452380930812511 ], [ -76.573604044790073, 3.452597945630603 ], [ -76.573846992064631, 3.45250752980794 ], [ -76.573829000418982, 3.452245311836458 ], [ -76.573595054138934, 3.452145846406054 ], [ -76.57359509611949, 3.44946238027133 ], [ -76.573093959039525, 3.449091986051126 ], [ -76.572826833465882, 3.449070012598633 ], [ -76.572450253469825, 3.449131604340056 ], [ -76.571992687201444, 3.449505566806931 ], [ -76.570801581661357, 3.449593563431278 ], [ -76.57008786500738, 3.449382335079173 ], [ -76.569750726645935, 3.449171112983099 ], [ -76.569443467326025, 3.44894923782434 ], [ -76.568898180526872, 3.448745982119285 ], [ -76.568043366222696, 3.449161894816091 ], [ -76.567017598920074, 3.449179955281735 ], [ -76.5656678902333, 3.449858070019105 ], [ -76.565298972724918, 3.449894229008069 ], [ -76.564777098589346, 3.449586789502135 ], [ -76.564597160020995, 3.448754924890068 ], [ -76.564426206209077, 3.448492702970343 ], [ -76.564138276369306, 3.448320898563432 ], [ -76.563850341886948, 3.448302807054068 ], [ -76.563652385353762, 3.448375138015515 ], [ -76.563517410388727, 3.448601182690567 ], [ -76.563289816129725, 3.448708084062504 ], [ -76.563203749839531, 3.449027093912808 ], [ -76.562489287162649, 3.448909528055881 ], [ -76.562088712754857, 3.44897294050703 ], [ -76.560680822986612, 3.448880723501799 ], [ -76.56042330806585, 3.449000798652988 ], [ -76.560234794302616, 3.449329753237602 ], [ -76.559702941640623, 3.449375402744593 ], [ -76.559251025926358, 3.449671367583484 ], [ -76.558508786561347, 3.449733922546873 ], [ -76.558126735448269, 3.449518268471551 ], [ -76.557922241509218, 3.449505577132786 ], [ -76.55760749915062, 3.449717825500592 ], [ -76.557412251315313, 3.450051852315993 ], [ -76.55729969827442, 3.450063103945956 ], [ -76.556984846949234, 3.450210456297922 ], [ -76.556453949752111, 3.450725830032973 ], [ -76.554888289049742, 3.451141706851751 ], [ -76.554726319171593, 3.451331581683051 ], [ -76.554528344668029, 3.4518469667204 ], [ -76.55320559097872, 3.453230338642882 ], [ -76.551342980203728, 3.453881288522902 ], [ -76.55068612525362, 3.453917430327266 ], [ -76.549885313769138, 3.453673265134463 ], [ -76.549615362898535, 3.453944512650599 ], [ -76.54818067702189, 3.454713473012898 ], [ -76.548936911015915, 3.455530221842963 ], [ -76.548973824950536, 3.455881831053546 ], [ -76.555976572504917, 3.455655334756134 ], [ -76.558767094234767, 3.455660757556879 ], [ -76.559288170672389, 3.455255946870794 ], [ -76.559396156045921, 3.454957564762015 ], [ -76.559522130509862, 3.454867149241925 ], [ -76.560754848087427, 3.455174613357912 ], [ -76.56151969115237, 3.454740621800637 ], [ -76.562131551986695, 3.454894352507048 ], [ -76.56252747643029, 3.454451307147717 ], [ -76.562842410890369, 3.45427951801522 ], [ -76.563184334060907, 3.454315694906279 ], [ -76.563625240103747, 3.454143909798608 ], [ -76.563994155090569, 3.454252422504423 ], [ -76.565289871819161, 3.454098742513928 ], [ -76.565838740582407, 3.454478518686583 ], [ -76.567224428773343, 3.454632264062004 ], [ -76.56757535161762, 3.454587062371733 ], [ -76.568295181152024, 3.455102469505355 ], [ -76.569105006358569, 3.454849311999559 ], [ -76.570058789696247, 3.455147715518785 ], [ -76.570229749153768, 3.45529239120099 ], [ -76.570310726318127, 3.455563651500426 ], [ -76.569887809767692, 3.456051908495803 ], [ -76.570021200231778, 3.456513624622143 ] ] ] } },
{ "type": "Feature", "properties": { "OBJECTID": 103, "suelo": "Urbano", "barrio": "Centenario", "comuna": "02", "cod_bar": "0206" }, "geometry": { "type": "Polygon", "coordinates": [ [ [ -76.532720116377931, 3.453898834936871 ], [ -76.533850757132896, 3.455878710843057 ], [ -76.536708521951525, 3.454690512207907 ], [ -76.537279079200374, 3.454450273355371 ], [ -76.538187906871059, 3.453898761861815 ], [ -76.539033763154094, 3.453030777391216 ], [ -76.540041609250224, 3.451638367174004 ], [ -76.540507872264513, 3.451361166871636 ], [ -76.540837420048263, 3.451165890151745 ], [ -76.540095642788117, 3.450752257727451 ], [ -76.539681739427778, 3.450688941825719 ], [ -76.538538992400191, 3.450770261132395 ], [ -76.53795607602666, 3.45099696608799 ], [ -76.537207257791053, 3.451430252104309 ], [ -76.535884492650979, 3.452560424669945 ], [ -76.534970986726037, 3.453042391563569 ], [ -76.533814906364043, 3.45341025261252 ], [ -76.532720116377931, 3.453898834936871 ] ] ] } },
{ "type": "Feature", "properties": { "OBJECTID": 104, "suelo": "Urbano", "barrio": "Santa Rita", "comuna": "02", "cod_bar": "0201" }, "geometry": { "type": "Polygon", "coordinates": [ [ [ -76.54818067702189, 3.454713473012898 ], [ -76.549615362898535, 3.453944512650599 ], [ -76.549885313769138, 3.453673265134463 ], [ -76.55068612525362, 3.453917430327266 ], [ -76.551342980203728, 3.453881288522902 ], [ -76.55320559097872, 3.453230338642882 ], [ -76.554528344668029, 3.4518469667204 ], [ -76.554726319171593, 3.451331581683051 ], [ -76.554888289049742, 3.451141706851751 ], [ -76.556453949752111, 3.450725830032973 ], [ -76.556984846949234, 3.450210456297922 ], [ -76.55729969827442, 3.450063103945956 ], [ -76.557299736842566, 3.448888027854551 ], [ -76.556308542402022, 3.44832825745649 ], [ -76.555681900816566, 3.449705490404298 ], [ -76.555181274934483, 3.450269313544919 ], [ -76.554369870773087, 3.450369895480359 ], [ -76.551712418593638, 3.451983763828314 ], [ -76.550282911486676, 3.452386766419157 ], [ -76.548706888177804, 3.453089668860865 ], [ -76.547696104048057, 3.454464468329153 ], [ -76.54818067702189, 3.454713473012898 ] ] ] } },
{ "type": "Feature", "properties": { "OBJECTID": 105, "suelo": "Urbano", "barrio": "Santa Teresita", "comuna": "02", "cod_bar": "0202" }, "geometry": { "type": "Polygon", "coordinates": [ [ [ -76.544478019386332, 3.451175987582314 ], [ -76.545233771566274, 3.450778253083099 ], [ -76.545659282878432, 3.450883075093659 ], [ -76.545809452599343, 3.451163954466671 ], [ -76.546539378275554, 3.454043979018835 ], [ -76.546789669341536, 3.454358399283085 ], [ -76.547265237891196, 3.454580602563191 ], [ -76.547503026574489, 3.454605764992619 ], [ -76.547696104048057, 3.454464468329153 ], [ -76.548706888177804, 3.453089668860865 ], [ -76.550282911486676, 3.452386766419157 ], [ -76.551712418593638, 3.451983763828314 ], [ -76.554369870773087, 3.450369895480359 ], [ -76.555181274934483, 3.450269313544919 ], [ -76.555681900816566, 3.449705490404298 ], [ -76.556308542402022, 3.44832825745649 ], [ -76.556202089896445, 3.448284491232818 ], [ -76.556649592875146, 3.447857333980161 ], [ -76.556247101263779, 3.44766059747269 ], [ -76.555475549741317, 3.448090763002518 ], [ -76.55516732849388, 3.448239244750744 ], [ -76.554807395478491, 3.448673247421089 ], [ -76.554285511450786, 3.448736521701503 ], [ -76.553961587912255, 3.448664174117144 ], [ -76.55300780079989, 3.448790726529585 ], [ -76.552881824731159, 3.44890826700645 ], [ -76.55267484942101, 3.44951407046209 ], [ -76.55177502489704, 3.450255477173284 ], [ -76.551730151713997, 3.450463216320319 ], [ -76.551802002312627, 3.450689493035671 ], [ -76.549588457209481, 3.451783482517274 ], [ -76.548292738951289, 3.452018518548653 ], [ -76.547953856410558, 3.451972994980201 ], [ -76.547240007126504, 3.451277030936906 ], [ -76.547186044429139, 3.450689301813307 ], [ -76.547069081021135, 3.450463247536504 ], [ -76.545593448867166, 3.449694614149537 ], [ -76.544774647236707, 3.449414275552225 ], [ -76.544540724618599, 3.448889830868167 ], [ -76.544810690219705, 3.448311157016894 ], [ -76.544567722340616, 3.448149378464816 ], [ -76.544235303372531, 3.448128669915417 ], [ -76.542534386335589, 3.448928085218821 ], [ -76.542561396402405, 3.44900952444526 ], [ -76.543705762758009, 3.448607542314916 ], [ -76.543894035115983, 3.448631200465976 ], [ -76.544061693460307, 3.449104193790169 ], [ -76.544464695922755, 3.449547635746881 ], [ -76.544478019386332, 3.451175987582314 ] ] ] } },
{ "type": "Feature", "properties": { "OBJECTID": 106, "suelo": "Urbano", "barrio": "El Troncal", "comuna": "08", "cod_bar": "0810" }, "geometry": { "type": "Polygon", "coordinates": [ [ [ -76.509528696094975, 3.453983028217656 ], [ -76.511883372053305, 3.454192295811164 ], [ -76.510518516763298, 3.449818952647926 ], [ -76.510054800352748, 3.448290821751489 ], [ -76.508854332339212, 3.448268080793912 ], [ -76.504326543448244, 3.449692970618647 ], [ -76.503416864509859, 3.446115280399819 ], [ -76.502322718747067, 3.445992372814727 ], [ -76.501542497281022, 3.452854108748262 ], [ -76.504013559096535, 3.453281466267327 ], [ -76.505258203525074, 3.453355111138176 ], [ -76.509528696094975, 3.453983028217656 ] ] ] } },
{ "type": "Feature", "properties": { "OBJECTID": 107, "suelo": "Urbano", "barrio": "La Merced", "comuna": "03", "cod_bar": "0308" }, "geometry": { "type": "Polygon", "coordinates": [ [ [ -76.53374719800135, 3.448615997112733 ], [ -76.534970986726037, 3.453042391563569 ], [ -76.535884492650979, 3.452560424669945 ], [ -76.537207257791053, 3.451430252104309 ], [ -76.53795607602666, 3.45099696608799 ], [ -76.537557868951836, 3.449831930145802 ], [ -76.53667301492203, 3.447207052228139 ], [ -76.53586774649861, 3.447270681021815 ], [ -76.53596873611329, 3.44786665627601 ], [ -76.535254254285206, 3.448102908178982 ], [ -76.53529654240559, 3.448257020161954 ], [ -76.53374719800135, 3.448615997112733 ] ] ] } },
{ "type": "Feature", "properties": { "OBJECTID": 108, "suelo": "Urbano", "barrio": "Barrio Obrero", "comuna": "09", "cod_bar": "0910" }, "geometry": { "type": "Polygon", "coordinates": [ [ [ -76.5179730825934, 3.448753669978255 ], [ -76.517980832198958, 3.450203550544086 ], [ -76.518127117888056, 3.451341022493332 ], [ -76.518556741611775, 3.452986997505036 ], [ -76.522079224550282, 3.45215620595342 ], [ -76.523089406962256, 3.451812992547355 ], [ -76.523089465016568, 3.450968238428736 ], [ -76.522909562446387, 3.450145406051857 ], [ -76.5217400984709, 3.446266320913066 ], [ -76.521632209495166, 3.445045647352045 ], [ -76.5212821005466, 3.443972212044074 ], [ -76.518381358105131, 3.44489615324324 ], [ -76.5179730825934, 3.448753669978255 ] ] ] } },
{ "type": "Feature", "properties": { "OBJECTID": 109, "suelo": "Urbano", "barrio": "Villa Colombia", "comuna": "08", "cod_bar": "0815" }, "geometry": { "type": "Polygon", "coordinates": [ [ [ -76.496361475890808, 3.452584173934218 ], [ -76.501542497281022, 3.452854108748262 ], [ -76.502322718747067, 3.445992372814727 ], [ -76.49785629984963, 3.445501389595206 ], [ -76.497806817881425, 3.445985979444484 ], [ -76.497278765493036, 3.450627766934628 ], [ -76.496361475890808, 3.452584173934218 ] ] ] } },
{ "type": "Feature", "properties": { "OBJECTID": 110, "suelo": "Urbano", "barrio": "Urbanización La Nueva Base", "comuna": "08", "cod_bar": "0818" }, "geometry": { "type": "Polygon", "coordinates": [ [ [ -76.49006885047082, 3.452659425124524 ], [ -76.491270374209023, 3.452809471444399 ], [ -76.492792919587799, 3.452719789489288 ], [ -76.494277272272157, 3.445278153950863 ], [ -76.494562717718708, 3.443364973147765 ], [ -76.493283894913816, 3.44320493200621 ], [ -76.49325289885374, 3.443084437315294 ], [ -76.490863490093744, 3.443920505462751 ], [ -76.48973945714387, 3.446381076359729 ], [ -76.487733645530227, 3.449753830987219 ], [ -76.486398713921176, 3.452294232758702 ], [ -76.487918697207817, 3.452362913642142 ], [ -76.49006885047082, 3.452659425124524 ] ] ] } },
{ "type": "Feature", "properties": { "OBJECTID": 111, "suelo": "Urbano", "barrio": "La Base", "comuna": "08", "cod_bar": "0817" }, "geometry": { "type": "Polygon", "coordinates": [ [ [ -76.494277272272157, 3.445278153950863 ], [ -76.492792919587799, 3.452719789489288 ], [ -76.496361475890808, 3.452584173934218 ], [ -76.497278765493036, 3.450627766934628 ], [ -76.497806817881425, 3.445985979444484 ], [ -76.496536945420488, 3.44583922822075 ], [ -76.496401990183898, 3.445703585747081 ], [ -76.494277272272157, 3.445278153950863 ] ] ] } },
{ "type": "Feature", "properties": { "OBJECTID": 112, "suelo": "Urbano", "barrio": "Siete de Agosto", "comuna": "07", "cod_bar": "0707" }, "geometry": { "type": "Polygon", "coordinates": [ [ [ -76.482845896366641, 3.451498658028405 ], [ -76.485504810730816, 3.452158422790428 ], [ -76.486398713921176, 3.452294232758702 ], [ -76.487733645530227, 3.449753830987219 ], [ -76.48973945714387, 3.446381076359729 ], [ -76.490863490093744, 3.443920505462751 ], [ -76.49082160634083, 3.443933225257804 ], [ -76.489660323066062, 3.44434990950726 ], [ -76.489371380253942, 3.44437382684383 ], [ -76.486863381825003, 3.443283982108546 ], [ -76.48411244926001, 3.44425430675002 ], [ -76.484086917201736, 3.444481489944101 ], [ -76.483805519328769, 3.447168590933094 ], [ -76.482946814506363, 3.450864291256225 ], [ -76.482845896366641, 3.451498658028405 ] ] ] } },
{ "type": "Feature", "properties": { "OBJECTID": 113, "suelo": "Urbano", "barrio": "Arboledas", "comuna": "02", "cod_bar": "0203" }, "geometry": { "type": "Polygon", "coordinates": [ [ [ -76.544810690219705, 3.448311157016894 ], [ -76.544540724618599, 3.448889830868167 ], [ -76.544774647236707, 3.449414275552225 ], [ -76.545593448867166, 3.449694614149537 ], [ -76.547069081021135, 3.450463247536504 ], [ -76.547186044429139, 3.450689301813307 ], [ -76.547240007126504, 3.451277030936906 ], [ -76.547953856410558, 3.451972994980201 ], [ -76.548292738951289, 3.452018518548653 ], [ -76.549588457209481, 3.451783482517274 ], [ -76.551802002312627, 3.450689493035671 ], [ -76.551730151713997, 3.450463216320319 ], [ -76.55177502489704, 3.450255477173284 ], [ -76.55267484942101, 3.44951407046209 ], [ -76.552881824731159, 3.44890826700645 ], [ -76.55300780079989, 3.448790726529585 ], [ -76.553961587912255, 3.448664174117144 ], [ -76.554285511450786, 3.448736521701503 ], [ -76.554807395478491, 3.448673247421089 ], [ -76.55516732849388, 3.448239244750744 ], [ -76.555475549741317, 3.448090763002518 ], [ -76.555275634069986, 3.447923206902094 ], [ -76.55460354467499, 3.447889073492159 ], [ -76.554372731435294, 3.447752624391557 ], [ -76.554589997274419, 3.447049965645614 ], [ -76.554413502745447, 3.446681571659719 ], [ -76.553856819622098, 3.446749771185023 ], [ -76.553300153020544, 3.446408650789654 ], [ -76.55301501863606, 3.446551902089217 ], [ -76.552886017461333, 3.446927107224932 ], [ -76.552370059820689, 3.447193145761505 ], [ -76.552193552866072, 3.447159029182465 ], [ -76.551915223313614, 3.446892959427195 ], [ -76.551453585116832, 3.446913407531591 ], [ -76.5505099171653, 3.44760239201225 ], [ -76.550218009881547, 3.447329500947922 ], [ -76.549931608335569, 3.447517719642767 ], [ -76.549515166522966, 3.447603539538461 ], [ -76.54924970634174, 3.44736534219888 ], [ -76.548701633169458, 3.447086792691977 ], [ -76.548353173931957, 3.447160279567523 ], [ -76.547258304450679, 3.446954037191519 ], [ -76.546701447414819, 3.446971512667789 ], [ -76.546106365909594, 3.446602600517506 ], [ -76.545890504126888, 3.446972995818696 ], [ -76.545899490505036, 3.447217128870191 ], [ -76.546070441646734, 3.447443186363469 ], [ -76.546574315534102, 3.447687341251254 ], [ -76.546592297485873, 3.448003811380245 ], [ -76.546421331106387, 3.448121349519556 ], [ -76.545692496282769, 3.448148442462118 ], [ -76.544810690219705, 3.448311157016894 ] ] ] } },
{ "type": "Feature", "properties": { "OBJECTID": 114, "suelo": "Urbano", "barrio": "Sucre", "comuna": "09", "cod_bar": "0909" }, "geometry": { "type": "Polygon", "coordinates": [ [ [ -76.5212821005466, 3.443972212044074 ], [ -76.521632209495166, 3.445045647352045 ], [ -76.5217400984709, 3.446266320913066 ], [ -76.522909562446387, 3.450145406051857 ], [ -76.523089465016568, 3.450968238428736 ], [ -76.523089406962256, 3.451812992547355 ], [ -76.528252484771443, 3.450116625352882 ], [ -76.52722213901059, 3.447112915051733 ], [ -76.52690309644106, 3.445908584141058 ], [ -76.526608986555757, 3.444643617713466 ], [ -76.526037296167885, 3.44301711808807 ], [ -76.526003776565517, 3.442574872461955 ], [ -76.525536234631375, 3.442603030723378 ], [ -76.5212821005466, 3.443972212044074 ] ] ] } },
{ "type": "Feature", "properties": { "OBJECTID": 115, "suelo": "Urbano", "barrio": "El Peñón", "comuna": "03", "cod_bar": "0302" }, "geometry": { "type": "Polygon", "coordinates": [ [ [ -76.540837420048263, 3.451165890151745 ], [ -76.541301331648981, 3.451520885697299 ], [ -76.541750692152661, 3.451553675416708 ], [ -76.5432449163402, 3.45105984155972 ], [ -76.544478019386332, 3.451175987582314 ], [ -76.544464695922755, 3.449547635746881 ], [ -76.544061693460307, 3.449104193790169 ], [ -76.543894035115983, 3.448631200465976 ], [ -76.543705762758009, 3.448607542314916 ], [ -76.542561396402405, 3.44900952444526 ], [ -76.542534386335589, 3.448928085218821 ], [ -76.54187731768701, 3.44917000374161 ], [ -76.540671605603549, 3.448889642181658 ], [ -76.53938488700355, 3.449124666773592 ], [ -76.538701041619419, 3.449142715134513 ], [ -76.538080158940332, 3.449585737556762 ], [ -76.537557868951836, 3.449831930145802 ], [ -76.53795607602666, 3.45099696608799 ], [ -76.538538992400191, 3.450770261132395 ], [ -76.539681739427778, 3.450688941825719 ], [ -76.540095642788117, 3.450752257727451 ], [ -76.540837420048263, 3.451165890151745 ] ] ] } },
{ "type": "Feature", "properties": { "OBJECTID": 116, "suelo": "Urbano", "barrio": "Urbanización El Angel del Hogar", "comuna": "07", "cod_bar": "0706" }, "geometry": { "type": "Polygon", "coordinates": [ [ [ -76.480160578221756, 3.447157617856675 ], [ -76.480295489676152, 3.447663983091779 ], [ -76.481462238681885, 3.450321342352134 ], [ -76.481662861750564, 3.450467149164897 ], [ -76.482946814506363, 3.450864291256225 ], [ -76.483805519328769, 3.447168590933094 ], [ -76.484086917201736, 3.444481489944101 ], [ -76.482626298583995, 3.444571895526698 ], [ -76.481492538648951, 3.444779732810499 ], [ -76.48094351806283, 3.446099797177154 ], [ -76.480160578221756, 3.447157617856675 ] ] ] } },
{ "type": "Feature", "properties": { "OBJECTID": 117, "suelo": "Urbano", "barrio": "El Calvario", "comuna": "03", "cod_bar": "0310" }, "geometry": { "type": "Polygon", "coordinates": [ [ [ -76.52690309644106, 3.445908584141058 ], [ -76.52722213901059, 3.447112915051733 ], [ -76.528252484771443, 3.450116625352882 ], [ -76.530485896160997, 3.449359252631119 ], [ -76.53200488480995, 3.448995829115646 ], [ -76.531016779512072, 3.445456919127272 ], [ -76.53022629330637, 3.44554741290856 ], [ -76.52690309644106, 3.445908584141058 ] ] ] } },
{ "type": "Feature", "properties": { "OBJECTID": 118, "suelo": "Urbano", "barrio": "Sector Bosque Municipal", "comuna": "19", "cod_bar": "1997" }, "geometry": { "type": "Polygon", "coordinates": [ [ [ -76.556308542402022, 3.44832825745649 ], [ -76.557299736842566, 3.448888027854551 ], [ -76.55729969827442, 3.450063103945956 ], [ -76.557412251315313, 3.450051852315993 ], [ -76.55760749915062, 3.449717825500592 ], [ -76.557922241509218, 3.449505577132786 ], [ -76.558126735448269, 3.449518268471551 ], [ -76.558508786561347, 3.449733922546873 ], [ -76.559251025926358, 3.449671367583484 ], [ -76.559702941640623, 3.449375402744593 ], [ -76.560234794302616, 3.449329753237602 ], [ -76.56042330806585, 3.449000798652988 ], [ -76.560680822986612, 3.448880723501799 ], [ -76.562088712754857, 3.44897294050703 ], [ -76.562489287162649, 3.448909528055881 ], [ -76.563203749839531, 3.449027093912808 ], [ -76.563289816129725, 3.448708084062504 ], [ -76.563517410388727, 3.448601182690567 ], [ -76.563652385353762, 3.448375138015515 ], [ -76.563850341886948, 3.448302807054068 ], [ -76.564138276369306, 3.448320898563432 ], [ -76.564426206209077, 3.448492702970343 ], [ -76.564597160020995, 3.448754924890068 ], [ -76.564777098589346, 3.449586789502135 ], [ -76.565298972724918, 3.449894229008069 ], [ -76.5656678902333, 3.449858070019105 ], [ -76.567017598920074, 3.449179955281735 ], [ -76.568043366222696, 3.449161894816091 ], [ -76.568898180526872, 3.448745982119285 ], [ -76.569443467326025, 3.44894923782434 ], [ -76.569445228510119, 3.448637771825369 ], [ -76.558662974876142, 3.447056624986369 ], [ -76.558270041184088, 3.447281634885188 ], [ -76.557048909682337, 3.447568692756197 ], [ -76.556649592875146, 3.447857333980161 ], [ -76.556202089896445, 3.448284491232818 ], [ -76.556308542402022, 3.44832825745649 ] ] ] } },
{ "type": "Feature", "properties": { "OBJECTID": 119, "suelo": "Urbano", "barrio": "Municipal", "comuna": "08", "cod_bar": "0808" }, "geometry": { "type": "Polygon", "coordinates": [ [ [ -76.510518516763298, 3.449818952647926 ], [ -76.512148024257442, 3.449801002147959 ], [ -76.513902655909689, 3.449430422205653 ], [ -76.513740781173468, 3.448300164057941 ], [ -76.513930774482105, 3.446440308820656 ], [ -76.512193307816005, 3.446139008607624 ], [ -76.510447698031271, 3.44628353788573 ], [ -76.510699542578294, 3.447477098348753 ], [ -76.50981141526924, 3.447504144003747 ], [ -76.510054800352748, 3.448290821751489 ], [ -76.510518516763298, 3.449818952647926 ] ] ] } },
{ "type": "Feature", "properties": { "OBJECTID": 120, "suelo": "Urbano", "barrio": "San Antonio", "comuna": "03", "cod_bar": "0303" }, "geometry": { "type": "Polygon", "coordinates": [ [ [ -76.53667301492203, 3.447207052228139 ], [ -76.537557868951836, 3.449831930145802 ], [ -76.538080158940332, 3.449585737556762 ], [ -76.538701041619419, 3.449142715134513 ], [ -76.53938488700355, 3.449124666773592 ], [ -76.540671605603549, 3.448889642181658 ], [ -76.54187731768701, 3.44917000374161 ], [ -76.542534386335589, 3.448928085218821 ], [ -76.544235303372531, 3.448128669915417 ], [ -76.544567722340616, 3.448149378464816 ], [ -76.544810690219705, 3.448311157016894 ], [ -76.545692496282769, 3.448148442462118 ], [ -76.546421331106387, 3.448121349519556 ], [ -76.546592297485873, 3.448003811380245 ], [ -76.546574315534102, 3.447687341251254 ], [ -76.546070441646734, 3.447443186363469 ], [ -76.545899490505036, 3.447217128870191 ], [ -76.545890504126888, 3.446972995818696 ], [ -76.546106365909594, 3.446602600517506 ], [ -76.546178484016011, 3.44592414110865 ], [ -76.546277469607801, 3.44574330595778 ], [ -76.546565409367915, 3.445598646965805 ], [ -76.548238991838488, 3.445404796529648 ], [ -76.548592449045131, 3.44527885996559 ], [ -76.548905899617807, 3.444906525263324 ], [ -76.548930573542691, 3.444355957167363 ], [ -76.548590019744793, 3.44374513267508 ], [ -76.548414069267253, 3.443203019281123 ], [ -76.548158134813931, 3.443401518137487 ], [ -76.547933339142133, 3.443407954366497 ], [ -76.54796916561196, 3.443708936919708 ], [ -76.548284076431258, 3.444088713683973 ], [ -76.548278069070179, 3.444293664806611 ], [ -76.547726187973907, 3.444513662116541 ], [ -76.547402261949259, 3.444540773638013 ], [ -76.547024356809345, 3.444378001288132 ], [ -76.545719672075805, 3.444115726440894 ], [ -76.545062811858116, 3.444395996743501 ], [ -76.544540948353969, 3.444061420297294 ], [ -76.54407305914215, 3.444025230779209 ], [ -76.543136353280929, 3.443729500682072 ], [ -76.542999372330456, 3.44411961120701 ], [ -76.543088165298769, 3.444158511148887 ], [ -76.543092274277541, 3.444296442233279 ], [ -76.542925750385479, 3.446456966254667 ], [ -76.542471314855973, 3.446430316685869 ], [ -76.542408344074332, 3.446122886742524 ], [ -76.54111264427037, 3.446104738650639 ], [ -76.539214110592582, 3.445562123076975 ], [ -76.536523734792937, 3.445521567462169 ], [ -76.536505697415024, 3.446267250248651 ], [ -76.53667301492203, 3.447207052228139 ] ] ] } },
{ "type": "Feature", "properties": { "OBJECTID": 121, "suelo": "Urbano", "barrio": "Las Américas", "comuna": "08", "cod_bar": "0811" }, "geometry": { "type": "Polygon", "coordinates": [ [ [ -76.503416864509859, 3.446115280399819 ], [ -76.504326543448244, 3.449692970618647 ], [ -76.508854332339212, 3.448268080793912 ], [ -76.508315181916558, 3.446373779373139 ], [ -76.507883270845156, 3.446491288185789 ], [ -76.506633425757485, 3.446327866541293 ], [ -76.506632095394423, 3.446545923761354 ], [ -76.505849723701701, 3.44647372111225 ], [ -76.503416864509859, 3.446115280399819 ] ] ] } },
{ "type": "Feature", "properties": { "OBJECTID": 122, "suelo": "Urbano", "barrio": "Benjamín Herrera", "comuna": "08", "cod_bar": "0807" }, "geometry": { "type": "Polygon", "coordinates": [ [ [ -76.513930774482105, 3.446440308820656 ], [ -76.513740781173468, 3.448300164057941 ], [ -76.513902655909689, 3.449430422205653 ], [ -76.515918233968264, 3.448960397074646 ], [ -76.5179730825934, 3.448753669978255 ], [ -76.518381358105131, 3.44489615324324 ], [ -76.516871209658959, 3.445431784072964 ], [ -76.516564508084556, 3.44544604739631 ], [ -76.515199367991173, 3.445339090790634 ], [ -76.515000620053428, 3.446672708020285 ], [ -76.513930774482105, 3.446440308820656 ] ] ] } },
{ "type": "Feature", "properties": { "OBJECTID": 123, "suelo": "Urbano", "barrio": "Planta de Tratamiento", "comuna": "21", "cod_bar": "2199" }, "geometry": { "type": "Polygon", "coordinates": [ [ [ -76.476961976214412, 3.44906091152013 ], [ -76.476977689426533, 3.449058275611593 ], [ -76.477191013851026, 3.44872939926733 ], [ -76.477686564155903, 3.448366468340125 ], [ -76.479260956056621, 3.447672586376726 ], [ -76.480160578221756, 3.447157617856675 ], [ -76.48094351806283, 3.446099797177154 ], [ -76.481492538648951, 3.444779732810499 ], [ -76.482626298583995, 3.444571895526698 ], [ -76.484086917201736, 3.444481489944101 ], [ -76.48411244926001, 3.44425430675002 ], [ -76.484063150455171, 3.440502884313476 ], [ -76.484039666696688, 3.44017879857085 ], [ -76.483636657278396, 3.440300649353426 ], [ -76.483362715745756, 3.440489862059176 ], [ -76.482643610732637, 3.441040310559807 ], [ -76.48226406165206, 3.441481198420965 ], [ -76.481690572172724, 3.441212242499821 ], [ -76.481490371985672, 3.441158142685126 ], [ -76.477263795292302, 3.438513393498315 ], [ -76.474343056187024, 3.440970888665918 ], [ -76.47489970705918, 3.441628492508295 ], [ -76.47511045768708, 3.442047143548511 ], [ -76.475915234359064, 3.443319207306228 ], [ -76.476105316325089, 3.443533682908797 ], [ -76.476157924319963, 3.443978721532467 ], [ -76.476116453500225, 3.444493130041759 ], [ -76.475944031691441, 3.445028221269577 ], [ -76.475629727263481, 3.446520668208439 ], [ -76.475706989523573, 3.447406323581104 ], [ -76.475948122124336, 3.448196162889245 ], [ -76.476961976214412, 3.44906091152013 ] ] ] } },
{ "type": "Feature", "properties": { "OBJECTID": 124, "suelo": "Urbano", "barrio": "Santa Rosa", "comuna": "03", "cod_bar": "0307" }, "geometry": { "type": "Polygon", "coordinates": [ [ [ -76.531016779512072, 3.445456919127272 ], [ -76.53200488480995, 3.448995829115646 ], [ -76.53374719800135, 3.448615997112733 ], [ -76.53529654240559, 3.448257020161954 ], [ -76.535254254285206, 3.448102908178982 ], [ -76.53596873611329, 3.44786665627601 ], [ -76.53586774649861, 3.447270681021815 ], [ -76.53667301492203, 3.447207052228139 ], [ -76.536505697415024, 3.446267250248651 ], [ -76.536523734792937, 3.445521567462169 ], [ -76.53479163082919, 3.445462333212495 ], [ -76.534774296890035, 3.445254452936226 ], [ -76.534112307894503, 3.445245372749211 ], [ -76.532267730555887, 3.445308558844513 ], [ -76.531016779512072, 3.445456919127272 ] ] ] } },
{ "type": "Feature", "properties": { "OBJECTID": 125, "suelo": "Urbano", "barrio": "Atanasio Girardot", "comuna": "08", "cod_bar": "0812" }, "geometry": { "type": "Polygon", "coordinates": [ [ [ -76.508854332339212, 3.448268080793912 ], [ -76.510054800352748, 3.448290821751489 ], [ -76.50981141526924, 3.447504144003747 ], [ -76.510699542578294, 3.447477098348753 ], [ -76.510447698031271, 3.44628353788573 ], [ -76.509315441193763, 3.441273877938509 ], [ -76.50742477330131, 3.441834634800467 ], [ -76.502986677072244, 3.443381078413589 ], [ -76.50590397636968, 3.443606728852528 ], [ -76.505849723701701, 3.44647372111225 ], [ -76.506632095394423, 3.446545923761354 ], [ -76.506633425757485, 3.446327866541293 ], [ -76.507883270845156, 3.446491288185789 ], [ -76.508315181916558, 3.446373779373139 ], [ -76.508854332339212, 3.448268080793912 ] ] ] } },
{ "type": "Feature", "properties": { "OBJECTID": 126, "suelo": "Urbano", "barrio": "Bellavista", "comuna": "19", "cod_bar": "1909" }, "geometry": { "type": "Polygon", "coordinates": [ [ [ -76.546106365909594, 3.446602600517506 ], [ -76.546701447414819, 3.446971512667789 ], [ -76.547258304450679, 3.446954037191519 ], [ -76.548353173931957, 3.447160279567523 ], [ -76.548701633169458, 3.447086792691977 ], [ -76.54924970634174, 3.44736534219888 ], [ -76.549515166522966, 3.447603539538461 ], [ -76.549931608335569, 3.447517719642767 ], [ -76.550218009881547, 3.447329500947922 ], [ -76.5505099171653, 3.44760239201225 ], [ -76.551453585116832, 3.446913407531591 ], [ -76.551915223313614, 3.446892959427195 ], [ -76.552193552866072, 3.447159029182465 ], [ -76.552370059820689, 3.447193145761505 ], [ -76.552886017461333, 3.446927107224932 ], [ -76.55301501863606, 3.446551902089217 ], [ -76.553300153020544, 3.446408650789654 ], [ -76.553856819622098, 3.446749771185023 ], [ -76.554413502745447, 3.446681571659719 ], [ -76.554589997274419, 3.447049965645614 ], [ -76.554372731435294, 3.447752624391557 ], [ -76.55460354467499, 3.447889073492159 ], [ -76.555275634069986, 3.447923206902094 ], [ -76.555475549741317, 3.448090763002518 ], [ -76.556247101263779, 3.44766059747269 ], [ -76.556649592875146, 3.447857333980161 ], [ -76.557048909682337, 3.447568692756197 ], [ -76.558270041184088, 3.447281634885188 ], [ -76.558662974876142, 3.447056624986369 ], [ -76.55688036010271, 3.446795203723988 ], [ -76.5549663934557, 3.443062712315219 ], [ -76.555045137212645, 3.442729998608637 ], [ -76.55496866234266, 3.442525633640017 ], [ -76.554073536080182, 3.441858969032026 ], [ -76.55342106163539, 3.441530183481679 ], [ -76.553021930515314, 3.440856466866942 ], [ -76.552543461871622, 3.441087262349515 ], [ -76.552160205518945, 3.440166188094968 ], [ -76.55190071710436, 3.439991536245554 ], [ -76.551464625856028, 3.440615206610665 ], [ -76.55159530728956, 3.440621132053878 ], [ -76.551791408268841, 3.440950800192896 ], [ -76.552134767512015, 3.441828262124603 ], [ -76.552441922451763, 3.442077456779351 ], [ -76.552528799523969, 3.442561912880659 ], [ -76.552112173577541, 3.442667160530129 ], [ -76.551856130029478, 3.442555407907284 ], [ -76.551537535734283, 3.443214152634149 ], [ -76.549594851348871, 3.444075324093626 ], [ -76.549185360051808, 3.444341336842977 ], [ -76.548930573542691, 3.444355957167363 ], [ -76.548905899617807, 3.444906525263324 ], [ -76.548592449045131, 3.44527885996559 ], [ -76.548238991838488, 3.445404796529648 ], [ -76.546565409367915, 3.445598646965805 ], [ -76.546277469607801, 3.44574330595778 ], [ -76.546178484016011, 3.44592414110865 ], [ -76.546106365909594, 3.446602600517506 ] ] ] } },
{ "type": "Feature", "properties": { "OBJECTID": 127, "suelo": "Urbano", "barrio": "La Floresta", "comuna": "08", "cod_bar": "0806" }, "geometry": { "type": "Polygon", "coordinates": [ [ [ -76.513930774482105, 3.446440308820656 ], [ -76.515000620053428, 3.446672708020285 ], [ -76.515199367991173, 3.445339090790634 ], [ -76.516564508084556, 3.44544604739631 ], [ -76.516593427267921, 3.444376170787492 ], [ -76.516539448557751, 3.444249578875853 ], [ -76.516008598148176, 3.443905943868796 ], [ -76.515288787743557, 3.443625587553377 ], [ -76.511129318324421, 3.442629270968696 ], [ -76.511570515896651, 3.441345548493579 ], [ -76.510035381116893, 3.44066505076145 ], [ -76.50905989417771, 3.440270806331455 ], [ -76.509315441193763, 3.441273877938509 ], [ -76.510447698031271, 3.44628353788573 ], [ -76.512193307816005, 3.446139008607624 ], [ -76.513930774482105, 3.446440308820656 ] ] ] } },
{ "type": "Feature", "properties": { "OBJECTID": 128, "suelo": "Urbano", "barrio": "Chapinero", "comuna": "08", "cod_bar": "0814" }, "geometry": { "type": "Polygon", "coordinates": [ [ [ -76.503416864509859, 3.446115280399819 ], [ -76.505849723701701, 3.44647372111225 ], [ -76.50590397636968, 3.443606728852528 ], [ -76.502986677072244, 3.443381078413589 ], [ -76.502683192842326, 3.4433389291693 ], [ -76.498162255117151, 3.44278275577933 ], [ -76.498149818571548, 3.442961639423589 ], [ -76.497468009297705, 3.442873153128144 ], [ -76.497377742202218, 3.443708394734974 ], [ -76.498054138390714, 3.443781697740837 ], [ -76.49785629984963, 3.445501389595206 ], [ -76.502322718747067, 3.445992372814727 ], [ -76.503416864509859, 3.446115280399819 ] ] ] } },
{ "type": "Feature", "properties": { "OBJECTID": 129, "suelo": "Urbano", "barrio": "San Cayetano", "comuna": "03", "cod_bar": "0304" }, "geometry": { "type": "Polygon", "coordinates": [ [ [ -76.536523734792937, 3.445521567462169 ], [ -76.539214110592582, 3.445562123076975 ], [ -76.54111264427037, 3.446104738650639 ], [ -76.542408344074332, 3.446122886742524 ], [ -76.542471314855973, 3.446430316685869 ], [ -76.542925750385479, 3.446456966254667 ], [ -76.543092274277541, 3.444296442233279 ], [ -76.543088165298769, 3.444158511148887 ], [ -76.542999372330456, 3.44411961120701 ], [ -76.543136353280929, 3.443729500682072 ], [ -76.542075607064319, 3.443445164419519 ], [ -76.542165564325572, 3.442768305334682 ], [ -76.541616699078574, 3.442632647868599 ], [ -76.539774180882901, 3.442890716777546 ], [ -76.53974399904881, 3.443102655042068 ], [ -76.537464708015037, 3.442803896576399 ], [ -76.537489018969282, 3.442628065669009 ], [ -76.536631991434248, 3.442742856234078 ], [ -76.536640764503915, 3.444467906381745 ], [ -76.536523734792937, 3.445521567462169 ] ] ] } },
{ "type": "Feature", "properties": { "OBJECTID": 130, "suelo": "Urbano", "barrio": "El Trébol", "comuna": "08", "cod_bar": "0816" }, "geometry": { "type": "Polygon", "coordinates": [ [ [ -76.494277272272157, 3.445278153950863 ], [ -76.496401990183898, 3.445703585747081 ], [ -76.496536945420488, 3.44583922822075 ], [ -76.497806817881425, 3.445985979444484 ], [ -76.49785629984963, 3.445501389595206 ], [ -76.498054138390714, 3.443781697740837 ], [ -76.497377742202218, 3.443708394734974 ], [ -76.497468009297705, 3.442873153128144 ], [ -76.497748216166926, 3.440396831063548 ], [ -76.497502649599568, 3.439680179031662 ], [ -76.495315633591588, 3.440451004877167 ], [ -76.495656260786134, 3.441387963230019 ], [ -76.493020213484002, 3.442310027292754 ], [ -76.49325289885374, 3.443084437315294 ], [ -76.493283894913816, 3.44320493200621 ], [ -76.494562717718708, 3.443364973147765 ], [ -76.494277272272157, 3.445278153950863 ] ] ] } },
{ "type": "Feature", "properties": { "OBJECTID": 131, "suelo": "Urbano", "barrio": "San Pascual", "comuna": "03", "cod_bar": "0309" }, "geometry": { "type": "Polygon", "coordinates": [ [ [ -76.526003776565517, 3.442574872461955 ], [ -76.526037296167885, 3.44301711808807 ], [ -76.526608986555757, 3.444643617713466 ], [ -76.52690309644106, 3.445908584141058 ], [ -76.53022629330637, 3.44554741290856 ], [ -76.529681966855037, 3.442686021249966 ], [ -76.526003776565517, 3.442574872461955 ] ] ] } },
{ "type": "Feature", "properties": { "OBJECTID": 132, "suelo": "Urbano", "barrio": "San Juan Bosco", "comuna": "03", "cod_bar": "0306" }, "geometry": { "type": "Polygon", "coordinates": [ [ [ -76.529681966855037, 3.442686021249966 ], [ -76.53022629330637, 3.44554741290856 ], [ -76.531016779512072, 3.445456919127272 ], [ -76.532267730555887, 3.445308558844513 ], [ -76.534112307894503, 3.445245372749211 ], [ -76.534774296890035, 3.445254452936226 ], [ -76.53479163082919, 3.445462333212495 ], [ -76.536523734792937, 3.445521567462169 ], [ -76.536640764503915, 3.444467906381745 ], [ -76.536631991434248, 3.442742856234078 ], [ -76.536559940061068, 3.441610640158804 ], [ -76.536676966515685, 3.440606988237122 ], [ -76.537512468233402, 3.439057959123101 ], [ -76.536891594561581, 3.43978578199415 ], [ -76.536047830271272, 3.440554106970167 ], [ -76.534256218969446, 3.44150049651138 ], [ -76.532973233024933, 3.442090714135483 ], [ -76.531372229429437, 3.44254684986308 ], [ -76.530868469791756, 3.442608846101555 ], [ -76.529681966855037, 3.442686021249966 ] ] ] } },
{ "type": "Feature", "properties": { "OBJECTID": 133, "suelo": "Urbano", "barrio": "Saavedra Galindo", "comuna": "08", "cod_bar": "0803" }, "geometry": { "type": "Polygon", "coordinates": [ [ [ -76.516564508084556, 3.44544604739631 ], [ -76.516871209658959, 3.445431784072964 ], [ -76.518381358105131, 3.44489615324324 ], [ -76.518392121772351, 3.44472599118589 ], [ -76.517045366564432, 3.443019672661952 ], [ -76.515838618577618, 3.440905508082035 ], [ -76.515424027818497, 3.440081146811288 ], [ -76.513884671494665, 3.437840417852888 ], [ -76.511570515896651, 3.441345548493579 ], [ -76.511129318324421, 3.442629270968696 ], [ -76.515288787743557, 3.443625587553377 ], [ -76.516008598148176, 3.443905943868796 ], [ -76.516539448557751, 3.444249578875853 ], [ -76.516593427267921, 3.444376170787492 ], [ -76.516564508084556, 3.44544604739631 ] ] ] } },
{ "type": "Feature", "properties": { "OBJECTID": 134, "suelo": "Urbano", "barrio": "Belalcázar", "comuna": "09", "cod_bar": "0908" }, "geometry": { "type": "Polygon", "coordinates": [ [ [ -76.518392121772351, 3.44472599118589 ], [ -76.518381358105131, 3.44489615324324 ], [ -76.5212821005466, 3.443972212044074 ], [ -76.525536234631375, 3.442603030723378 ], [ -76.524952654292576, 3.441845020623128 ], [ -76.524727742251443, 3.441320571017628 ], [ -76.524556810810566, 3.440895586092923 ], [ -76.524232910062679, 3.440561012101562 ], [ -76.523072228364228, 3.43990991028146 ], [ -76.522082481745755, 3.439638581838168 ], [ -76.521128747588477, 3.439086954003152 ], [ -76.52072593945131, 3.438971144987139 ], [ -76.519680120864066, 3.438679961564156 ], [ -76.519081851558894, 3.438392374676555 ], [ -76.518849050391523, 3.4405275986374 ], [ -76.518392121772351, 3.44472599118589 ] ] ] } },
{ "type": "Feature", "properties": { "OBJECTID": 135, "suelo": "Urbano", "barrio": "Simón Bolívar", "comuna": "08", "cod_bar": "0802" }, "geometry": { "type": "Polygon", "coordinates": [ [ [ -76.515838618577618, 3.440905508082035 ], [ -76.517045366564432, 3.443019672661952 ], [ -76.518392121772351, 3.44472599118589 ], [ -76.518849050391523, 3.4405275986374 ], [ -76.516683705694163, 3.440397712023977 ], [ -76.515838618577618, 3.440905508082035 ] ] ] } },
{ "type": "Feature", "properties": { "OBJECTID": 136, "suelo": "Urbano", "barrio": "El Nacional", "comuna": "03", "cod_bar": "0301" }, "geometry": { "type": "Polygon", "coordinates": [ [ [ -76.543136353280929, 3.443729500682072 ], [ -76.54407305914215, 3.444025230779209 ], [ -76.544540948353969, 3.444061420297294 ], [ -76.545062811858116, 3.444395996743501 ], [ -76.545719672075805, 3.444115726440894 ], [ -76.547024356809345, 3.444378001288132 ], [ -76.547402261949259, 3.444540773638013 ], [ -76.547726187973907, 3.444513662116541 ], [ -76.548278069070179, 3.444293664806611 ], [ -76.548149106843269, 3.444106791548477 ], [ -76.547897166763278, 3.444070612988362 ], [ -76.547114370352702, 3.443582312553901 ], [ -76.546988409311652, 3.443365299554793 ], [ -76.54662849066105, 3.443437619706103 ], [ -76.544747948201874, 3.443021603673118 ], [ -76.544217065316857, 3.443166250112329 ], [ -76.543228858707849, 3.443119895387551 ], [ -76.542165564325572, 3.442768305334682 ], [ -76.542075607064319, 3.443445164419519 ], [ -76.543136353280929, 3.443729500682072 ] ] ] } },
{ "type": "Feature", "properties": { "OBJECTID": 137, "suelo": "Urbano", "barrio": "Ulpiano Lloreda", "comuna": "13", "cod_bar": "1301" }, "geometry": { "type": "Polygon", "coordinates": [ [ [ -76.486863381825003, 3.443283982108546 ], [ -76.489371380253942, 3.44437382684383 ], [ -76.489660323066062, 3.44434990950726 ], [ -76.49082160634083, 3.443933225257804 ], [ -76.49358366909216, 3.43853573144551 ], [ -76.4916720128696, 3.438371586604581 ], [ -76.491309859326165, 3.438894473636439 ], [ -76.490931916387112, 3.439228987487863 ], [ -76.48992413053594, 3.439473015561775 ], [ -76.489627124988601, 3.44020538410677 ], [ -76.489096171994575, 3.44096485438167 ], [ -76.48861026334346, 3.441181810364756 ], [ -76.488106378364037, 3.441217923967222 ], [ -76.487296483641529, 3.442022573471332 ], [ -76.485920000759236, 3.442765725634516 ], [ -76.485973106503877, 3.442857523156133 ], [ -76.486362553913921, 3.442870006096048 ], [ -76.486863381825003, 3.443283982108546 ] ] ] } },
{ "type": "Feature", "properties": { "OBJECTID": 138, "suelo": "Urbano", "barrio": "Navarro - La Chanca", "comuna": "03", "cod_bar": "0315" }, "geometry": { "type": "Polygon", "coordinates": [ [ [ -76.543228858707849, 3.443119895387551 ], [ -76.544217065316857, 3.443166250112329 ], [ -76.544747948201874, 3.443021603673118 ], [ -76.54662849066105, 3.443437619706103 ], [ -76.546988409311652, 3.443365299554793 ], [ -76.547114370352702, 3.443582312553901 ], [ -76.547897166763278, 3.444070612988362 ], [ -76.548149106843269, 3.444106791548477 ], [ -76.548278069070179, 3.444293664806611 ], [ -76.548284076431258, 3.444088713683973 ], [ -76.54796916561196, 3.443708936919708 ], [ -76.547933339142133, 3.443407954366497 ], [ -76.548158134813931, 3.443401518137487 ], [ -76.548414069267253, 3.443203019281123 ], [ -76.548372771837663, 3.443052596964773 ], [ -76.548248133596843, 3.442940381990002 ], [ -76.546817484231553, 3.442560557145238 ], [ -76.545701778089168, 3.441855233712176 ], [ -76.545529021186695, 3.44159141796174 ], [ -76.544505088361504, 3.441222241110483 ], [ -76.543767279819505, 3.440842443682024 ], [ -76.54341633857679, 3.441348776433218 ], [ -76.542290926422979, 3.441581652702473 ], [ -76.542211300639522, 3.442295214607634 ], [ -76.543218335718535, 3.442397635396965 ], [ -76.543228858707849, 3.443119895387551 ] ] ] } },
{ "type": "Feature", "properties": { "OBJECTID": 139, "suelo": "Urbano", "barrio": "Charco Azul", "comuna": "13", "cod_bar": "1313" }, "geometry": { "type": "Polygon", "coordinates": [ [ [ -76.484063150455171, 3.440502884313476 ], [ -76.48411244926001, 3.44425430675002 ], [ -76.486863381825003, 3.443283982108546 ], [ -76.486362553913921, 3.442870006096048 ], [ -76.485973106503877, 3.442857523156133 ], [ -76.485920000759236, 3.442765725634516 ], [ -76.4857274354531, 3.442393875126725 ], [ -76.486036615464272, 3.442078573163599 ], [ -76.486393037224516, 3.442002886930318 ], [ -76.486630683711951, 3.441615612873874 ], [ -76.487557710476736, 3.440693727505387 ], [ -76.486837897390629, 3.439156219736468 ], [ -76.486478020569422, 3.438803544996797 ], [ -76.485893059097549, 3.439734803885209 ], [ -76.485211924539868, 3.44035311547746 ], [ -76.484913161842329, 3.440493371928996 ], [ -76.484063150455171, 3.440502884313476 ] ] ] } },
{ "type": "Feature", "properties": { "OBJECTID": 140, "suelo": "Urbano", "barrio": "Nueva Floresta", "comuna": "12", "cod_bar": "1207" }, "geometry": { "type": "Polygon", "coordinates": [ [ [ -76.49358366909216, 3.43853573144551 ], [ -76.49082160634083, 3.443933225257804 ], [ -76.490863490093744, 3.443920505462751 ], [ -76.49325289885374, 3.443084437315294 ], [ -76.493020213484002, 3.442310027292754 ], [ -76.495656260786134, 3.441387963230019 ], [ -76.495315633591588, 3.440451004877167 ], [ -76.497502649599568, 3.439680179031662 ], [ -76.497748216166926, 3.440396831063548 ], [ -76.497468009297705, 3.442873153128144 ], [ -76.498149818571548, 3.442961639423589 ], [ -76.498162255117151, 3.44278275577933 ], [ -76.502683192842326, 3.4433389291693 ], [ -76.501589799996694, 3.440161880287925 ], [ -76.501165481853306, 3.439104039754358 ], [ -76.50089495889118, 3.439201062347256 ], [ -76.500993501327216, 3.439427759388031 ], [ -76.500783259775403, 3.439502444171733 ], [ -76.50073843697875, 3.439373490701989 ], [ -76.500297055457381, 3.439521709529402 ], [ -76.500047441192336, 3.43879039023374 ], [ -76.499247371459589, 3.439074643982015 ], [ -76.499077149436829, 3.438551244721887 ], [ -76.498245796657628, 3.438843052363426 ], [ -76.497856006996813, 3.437727870793433 ], [ -76.498711178269744, 3.437422828449334 ], [ -76.498614408071091, 3.43712508145451 ], [ -76.499069445031708, 3.436963846036916 ], [ -76.499190044147483, 3.437025443359835 ], [ -76.499402984581053, 3.43695278709619 ], [ -76.499470177597431, 3.437157927610487 ], [ -76.500335148433834, 3.436845288791876 ], [ -76.500163985948575, 3.436363592039188 ], [ -76.500217996003343, 3.436119464427575 ], [ -76.501711031114056, 3.433128324652488 ], [ -76.502196003690074, 3.432275718973841 ], [ -76.49794505550129, 3.430053857059376 ], [ -76.495883976295133, 3.4339535502646 ], [ -76.495304279689606, 3.435062229708285 ], [ -76.49358366909216, 3.43853573144551 ] ] ] } },
{ "type": "Feature", "properties": { "OBJECTID": 141, "suelo": "Urbano", "barrio": "El Mortiñal", "comuna": "19", "cod_bar": "1917" }, "geometry": { "type": "Polygon", "coordinates": [ [ [ -76.548414069267253, 3.443203019281123 ], [ -76.548590019744793, 3.44374513267508 ], [ -76.548930573542691, 3.444355957167363 ], [ -76.549185360051808, 3.444341336842977 ], [ -76.549594851348871, 3.444075324093626 ], [ -76.551537535734283, 3.443214152634149 ], [ -76.551856130029478, 3.442555407907284 ], [ -76.552112173577541, 3.442667160530129 ], [ -76.552528799523969, 3.442561912880659 ], [ -76.552441922451763, 3.442077456779351 ], [ -76.552134767512015, 3.441828262124603 ], [ -76.551791408268841, 3.440950800192896 ], [ -76.55159530728956, 3.440621132053878 ], [ -76.551464625856028, 3.440615206610665 ], [ -76.549405697830437, 3.440457828589086 ], [ -76.549058696041755, 3.440138687507425 ], [ -76.548137706533666, 3.441260225426439 ], [ -76.548113223399469, 3.441575039371056 ], [ -76.548028204844584, 3.441653918295295 ], [ -76.548372771837663, 3.443052596964773 ], [ -76.548414069267253, 3.443203019281123 ] ] ] } },
{ "type": "Feature", "properties": { "OBJECTID": 142, "suelo": "Urbano", "barrio": "Santa Fé", "comuna": "08", "cod_bar": "0813" }, "geometry": { "type": "Polygon", "coordinates": [ [ [ -76.502683192842326, 3.4433389291693 ], [ -76.502986677072244, 3.443381078413589 ], [ -76.50742477330131, 3.441834634800467 ], [ -76.509315441193763, 3.441273877938509 ], [ -76.50905989417771, 3.440270806331455 ], [ -76.508414023337352, 3.43782738392388 ], [ -76.505006448781472, 3.438976109113615 ], [ -76.501589799996694, 3.440161880287925 ], [ -76.502683192842326, 3.4433389291693 ] ] ] } },
{ "type": "Feature", "properties": { "OBJECTID": 143, "suelo": "Urbano", "barrio": "Los Libertadores", "comuna": "03", "cod_bar": "0305" }, "geometry": { "type": "Polygon", "coordinates": [ [ [ -76.542165564325572, 3.442768305334682 ], [ -76.543228858707849, 3.443119895387551 ], [ -76.543218335718535, 3.442397635396965 ], [ -76.542211300639522, 3.442295214607634 ], [ -76.542290926422979, 3.441581652702473 ], [ -76.540851921034644, 3.441773623226554 ], [ -76.540833972205277, 3.440842298338206 ], [ -76.539664280870127, 3.440227385653393 ], [ -76.537775343602348, 3.438749800550093 ], [ -76.537512468233402, 3.439057959123101 ], [ -76.536676966515685, 3.440606988237122 ], [ -76.536559940061068, 3.441610640158804 ], [ -76.536631991434248, 3.442742856234078 ], [ -76.537489018969282, 3.442628065669009 ], [ -76.537464708015037, 3.442803896576399 ], [ -76.53974399904881, 3.443102655042068 ], [ -76.539774180882901, 3.442890716777546 ], [ -76.541616699078574, 3.442632647868599 ], [ -76.542165564325572, 3.442768305334682 ] ] ] } },
{ "type": "Feature", "properties": { "OBJECTID": 144, "suelo": "Urbano", "barrio": "Santa Bárbara", "comuna": "19", "cod_bar": "1982" }, "geometry": { "type": "Polygon", "coordinates": [ [ [ -76.545529021186695, 3.44159141796174 ], [ -76.545701778089168, 3.441855233712176 ], [ -76.546817484231553, 3.442560557145238 ], [ -76.548248133596843, 3.442940381990002 ], [ -76.548372771837663, 3.443052596964773 ], [ -76.548028204844584, 3.441653918295295 ], [ -76.547906288060418, 3.441204309525507 ], [ -76.547141453770024, 3.441529786836338 ], [ -76.545795961073551, 3.441327728940665 ], [ -76.545576693263826, 3.441437887274284 ], [ -76.545529021186695, 3.44159141796174 ] ] ] } },
{ "type": "Feature", "properties": { "OBJECTID": 145, "suelo": "Urbano", "barrio": "Lleras Restrepo II", "comuna": "13", "cod_bar": "1393" }, "geometry": { "type": "Polygon", "coordinates": [ [ [ -76.487557710476736, 3.440693727505387 ], [ -76.486630683711951, 3.441615612873874 ], [ -76.486393037224516, 3.442002886930318 ], [ -76.486036615464272, 3.442078573163599 ], [ -76.4857274354531, 3.442393875126725 ], [ -76.485920000759236, 3.442765725634516 ], [ -76.487296483641529, 3.442022573471332 ], [ -76.488106378364037, 3.441217923967222 ], [ -76.48861026334346, 3.441181810364756 ], [ -76.489096171994575, 3.44096485438167 ], [ -76.489627124988601, 3.44020538410677 ], [ -76.48992413053594, 3.439473015561775 ], [ -76.490931916387112, 3.439228987487863 ], [ -76.491309859326165, 3.438894473636439 ], [ -76.4916720128696, 3.438371586604581 ], [ -76.491885790465957, 3.438225427406897 ], [ -76.492083783368841, 3.437827600652021 ], [ -76.492362833983293, 3.436661214960826 ], [ -76.4929297479474, 3.436154922755206 ], [ -76.493316717737642, 3.43552202433926 ], [ -76.49439649943011, 3.435097159463491 ], [ -76.495304279689606, 3.435062229708285 ], [ -76.495883976295133, 3.4339535502646 ], [ -76.495717222669342, 3.433614758882308 ], [ -76.493091836807196, 3.434880022018629 ], [ -76.492542920988313, 3.435359189935554 ], [ -76.49212226657653, 3.435869557887215 ], [ -76.49191298835126, 3.436200029088316 ], [ -76.491570938294572, 3.437511079249457 ], [ -76.490689035807563, 3.438623149989119 ], [ -76.489555266517755, 3.43900279557069 ], [ -76.489375290061048, 3.439192657764274 ], [ -76.488988297923143, 3.439997352342916 ], [ -76.488583352672904, 3.44039515613512 ], [ -76.487557710476736, 3.440693727505387 ] ] ] } },
{ "type": "Feature", "properties": { "OBJECTID": 146, "suelo": "Urbano", "barrio": "Guayaquil", "comuna": "09", "cod_bar": "0904" }, "geometry": { "type": "Polygon", "coordinates": [ [ [ -76.526003776565517, 3.442574872461955 ], [ -76.529681966855037, 3.442686021249966 ], [ -76.530868469791756, 3.442608846101555 ], [ -76.530423626582703, 3.437613732201171 ], [ -76.530882618235339, 3.435931953562907 ], [ -76.524268389075729, 3.436021945298023 ], [ -76.524694823007749, 3.438890390580266 ], [ -76.524727742251443, 3.441320571017628 ], [ -76.524952654292576, 3.441845020623128 ], [ -76.525536234631375, 3.442603030723378 ], [ -76.526003776565517, 3.442574872461955 ] ] ] } },
{ "type": "Feature", "properties": { "OBJECTID": 147, "suelo": "Urbano", "barrio": "Bretaña", "comuna": "09", "cod_bar": "0902" }, "geometry": { "type": "Polygon", "coordinates": [ [ [ -76.530882618235339, 3.435931953562907 ], [ -76.530423626582703, 3.437613732201171 ], [ -76.530868469791756, 3.442608846101555 ], [ -76.531372229429437, 3.44254684986308 ], [ -76.532973233024933, 3.442090714135483 ], [ -76.534256218969446, 3.44150049651138 ], [ -76.534562507821931, 3.439883511923709 ], [ -76.534355629748603, 3.438599540446614 ], [ -76.532897977539307, 3.438590413671744 ], [ -76.534331616075818, 3.433811334315052 ], [ -76.534328692643811, 3.433807860443987 ], [ -76.529859603520848, 3.432343039915866 ], [ -76.530324855652879, 3.434250113363297 ], [ -76.530882618235339, 3.435931953562907 ] ] ] } },
{ "type": "Feature", "properties": { "OBJECTID": 148, "suelo": "Urbano", "barrio": "Miraflores", "comuna": "19", "cod_bar": "1911" }, "geometry": { "type": "Polygon", "coordinates": [ [ [ -76.537775343602348, 3.438749800550093 ], [ -76.539664280870127, 3.440227385653393 ], [ -76.540833972205277, 3.440842298338206 ], [ -76.540851921034644, 3.441773623226554 ], [ -76.542290926422979, 3.441581652702473 ], [ -76.54341633857679, 3.441348776433218 ], [ -76.543767279819505, 3.440842443682024 ], [ -76.543074475722747, 3.440164262394544 ], [ -76.542894532675049, 3.439874910087566 ], [ -76.542885563235728, 3.43927814043303 ], [ -76.543083546113209, 3.438654254539637 ], [ -76.542966589828126, 3.438319695570252 ], [ -76.542795639888411, 3.43812076333913 ], [ -76.542246765837447, 3.438238283277304 ], [ -76.541904850896842, 3.438156888242899 ], [ -76.540113960714294, 3.435968111771758 ], [ -76.538634990592044, 3.43774207028488 ], [ -76.538600826592557, 3.437782119496182 ], [ -76.537775343602348, 3.438749800550093 ] ] ] } },
{ "type": "Feature", "properties": { "OBJECTID": 149, "suelo": "Urbano", "barrio": "Tejares - Cristales", "comuna": "19", "cod_bar": "1983" }, "geometry": { "type": "Polygon", "coordinates": [ [ [ -76.547906288060418, 3.441204309525507 ], [ -76.548028204844584, 3.441653918295295 ], [ -76.548113223399469, 3.441575039371056 ], [ -76.548137706533666, 3.441260225426439 ], [ -76.549058696041755, 3.440138687507425 ], [ -76.549405697830437, 3.440457828589086 ], [ -76.551464625856028, 3.440615206610665 ], [ -76.55190071710436, 3.439991536245554 ], [ -76.552160205518945, 3.440166188094968 ], [ -76.552543461871622, 3.441087262349515 ], [ -76.553021930515314, 3.440856466866942 ], [ -76.552664098231929, 3.440100182211909 ], [ -76.553073947487803, 3.439433140719801 ], [ -76.553095479240099, 3.438873104807385 ], [ -76.553200721464023, 3.438632224811932 ], [ -76.553406551192836, 3.438519137402553 ], [ -76.553862840472917, 3.438521132440263 ], [ -76.554215588602062, 3.438410028015254 ], [ -76.554770029554945, 3.437899954164506 ], [ -76.555744578196496, 3.436722695915359 ], [ -76.557176167769086, 3.436151193889805 ], [ -76.557612508954662, 3.435833667426362 ], [ -76.557260446416109, 3.435720229158911 ], [ -76.556860552536264, 3.435774072102013 ], [ -76.556083454017298, 3.435457120898187 ], [ -76.555211525642463, 3.435469518867877 ], [ -76.55446223803861, 3.435628989675946 ], [ -76.553927332645955, 3.435599970427895 ], [ -76.553381097369595, 3.435363810364856 ], [ -76.552281395074374, 3.435351340014779 ], [ -76.550867351070309, 3.435202141732427 ], [ -76.55032226901038, 3.434924621134349 ], [ -76.550053158267687, 3.434367440757006 ], [ -76.549686699286781, 3.434088966635259 ], [ -76.549586099316841, 3.434322727379843 ], [ -76.549344709233011, 3.434235247624949 ], [ -76.549163982369507, 3.434693656851429 ], [ -76.548084146401123, 3.434341289083089 ], [ -76.547652419845235, 3.434064137997261 ], [ -76.546934794048212, 3.434865847362496 ], [ -76.547051741322051, 3.435426454349988 ], [ -76.546853757197098, 3.436149803317885 ], [ -76.545998929306833, 3.436909290807388 ], [ -76.545674965323911, 3.437831556539106 ], [ -76.545998833776608, 3.439043195040512 ], [ -76.546862598452336, 3.439730423170483 ], [ -76.547636375123801, 3.44064369526169 ], [ -76.547906288060418, 3.441204309525507 ] ] ] } },
{ "type": "Feature", "properties": { "OBJECTID": 150, "suelo": "Urbano", "barrio": "San Fernando Viejo", "comuna": "19", "cod_bar": "1910" }, "geometry": { "type": "Polygon", "coordinates": [ [ [ -76.543767279819505, 3.440842443682024 ], [ -76.544505088361504, 3.441222241110483 ], [ -76.545529021186695, 3.44159141796174 ], [ -76.545576693263826, 3.441437887274284 ], [ -76.545795961073551, 3.441327728940665 ], [ -76.547141453770024, 3.441529786836338 ], [ -76.547906288060418, 3.441204309525507 ], [ -76.547636375123801, 3.44064369526169 ], [ -76.546862598452336, 3.439730423170483 ], [ -76.545998833776608, 3.439043195040512 ], [ -76.545674965323911, 3.437831556539106 ], [ -76.545998929306833, 3.436909290807388 ], [ -76.546853757197098, 3.436149803317885 ], [ -76.547051741322051, 3.435426454349988 ], [ -76.546934794048212, 3.434865847362496 ], [ -76.547652419845235, 3.434064137997261 ], [ -76.547246931076444, 3.433591770488101 ], [ -76.547501880936494, 3.433374573172631 ], [ -76.547537720974603, 3.433184067515954 ], [ -76.547141837827425, 3.43271386794633 ], [ -76.547087859153152, 3.432514942248837 ], [ -76.547645784040697, 3.431095377144431 ], [ -76.547627793946276, 3.430968789589471 ], [ -76.547510828462151, 3.430842196710125 ], [ -76.546629055701899, 3.43060706577339 ], [ -76.546620060725758, 3.430543771534229 ], [ -76.546953046133609, 3.428997609542963 ], [ -76.546521141194859, 3.429277892660775 ], [ -76.545981274723303, 3.429286910324032 ], [ -76.54566636885572, 3.428943300557402 ], [ -76.545414460834891, 3.428283224747582 ], [ -76.545087663609507, 3.428273911907059 ], [ -76.543416807968896, 3.431465904977209 ], [ -76.542625400453687, 3.432732019569047 ], [ -76.540113960714294, 3.435968111771758 ], [ -76.541904850896842, 3.438156888242899 ], [ -76.542246765837447, 3.438238283277304 ], [ -76.542795639888411, 3.43812076333913 ], [ -76.542966589828126, 3.438319695570252 ], [ -76.543083546113209, 3.438654254539637 ], [ -76.542885563235728, 3.43927814043303 ], [ -76.542894532675049, 3.439874910087566 ], [ -76.543074475722747, 3.440164262394544 ], [ -76.543767279819505, 3.440842443682024 ] ] ] } },
{ "type": "Feature", "properties": { "OBJECTID": 151, "suelo": "Urbano", "barrio": "Alameda", "comuna": "09", "cod_bar": "0901" }, "geometry": { "type": "Polygon", "coordinates": [ [ [ -76.534331616075818, 3.433811334315052 ], [ -76.532897977539307, 3.438590413671744 ], [ -76.534355629748603, 3.438599540446614 ], [ -76.534562507821931, 3.439883511923709 ], [ -76.534256218969446, 3.44150049651138 ], [ -76.536047830271272, 3.440554106970167 ], [ -76.536891594561581, 3.43978578199415 ], [ -76.537512468233402, 3.439057959123101 ], [ -76.537775343602348, 3.438749800550093 ], [ -76.538600826592557, 3.437782119496182 ], [ -76.534897498285531, 3.434377279066408 ], [ -76.534331616075818, 3.433811334315052 ] ] ] } },
{ "type": "Feature", "properties": { "OBJECTID": 152, "suelo": "Urbano", "barrio": "José Manuel Marroquín II", "comuna": "14", "cod_bar": "1405" }, "geometry": { "type": "Polygon", "coordinates": [ [ [ -76.481690572172724, 3.441212242499821 ], [ -76.48226406165206, 3.441481198420965 ], [ -76.482643610732637, 3.441040310559807 ], [ -76.483362715745756, 3.440489862059176 ], [ -76.483636657278396, 3.440300649353426 ], [ -76.484039666696688, 3.44017879857085 ], [ -76.483914844722477, 3.434619617197514 ], [ -76.483861787750953, 3.431758330223303 ], [ -76.483801312516874, 3.428138939561234 ], [ -76.484123657804247, 3.427390461073224 ], [ -76.477613650470616, 3.427484417744492 ], [ -76.477648835009973, 3.42882116170086 ], [ -76.477741315363161, 3.429251813598168 ], [ -76.477991753633702, 3.429996713459885 ], [ -76.478464082963754, 3.43066929754163 ], [ -76.480391950235941, 3.432012600152578 ], [ -76.481708867505233, 3.432404680922658 ], [ -76.482080017458031, 3.432659039485049 ], [ -76.482484879876154, 3.433179023429709 ], [ -76.482709743200715, 3.434009819453629 ], [ -76.482341813258984, 3.435600982760769 ], [ -76.482265129255978, 3.436937247334892 ], [ -76.48173064515467, 3.438830440647059 ], [ -76.481516734814534, 3.440627592552839 ], [ -76.481690572172724, 3.441212242499821 ] ] ] } },
{ "type": "Feature", "properties": { "OBJECTID": 153, "suelo": "Urbano", "barrio": "Rafael Uribe Uribe", "comuna": "08", "cod_bar": "0804" }, "geometry": { "type": "Polygon", "coordinates": [ [ [ -76.510035381116893, 3.44066505076145 ], [ -76.511570515896651, 3.441345548493579 ], [ -76.513884671494665, 3.437840417852888 ], [ -76.513021870236798, 3.436626924239497 ], [ -76.512617585825737, 3.436721685902418 ], [ -76.510035381116893, 3.44066505076145 ] ] ] } },
{ "type": "Feature", "properties": { "OBJECTID": 154, "suelo": "Urbano", "barrio": "Manuel Maria Buenaventura", "comuna": "09", "cod_bar": "0906" }, "geometry": { "type": "Polygon", "coordinates": [ [ [ -76.52072593945131, 3.438971144987139 ], [ -76.521128747588477, 3.439086954003152 ], [ -76.522082481745755, 3.439638581838168 ], [ -76.523072228364228, 3.43990991028146 ], [ -76.524232910062679, 3.440561012101562 ], [ -76.524556810810566, 3.440895586092923 ], [ -76.524727742251443, 3.441320571017628 ], [ -76.524694823007749, 3.438890390580266 ], [ -76.522685533627225, 3.43682657162222 ], [ -76.521956726105131, 3.436573345297286 ], [ -76.52153372137046, 3.438083324528895 ], [ -76.520836495586295, 3.437864791236209 ], [ -76.52072593945131, 3.438971144987139 ] ] ] } },
{ "type": "Feature", "properties": { "OBJECTID": 155, "suelo": "Urbano", "barrio": "Alirio Mora Beltrán", "comuna": "14", "cod_bar": "1402" }, "geometry": { "type": "Polygon", "coordinates": [ [ [ -76.477263795292302, 3.438513393498315 ], [ -76.481490371985672, 3.441158142685126 ], [ -76.481690572172724, 3.441212242499821 ], [ -76.481516734814534, 3.440627592552839 ], [ -76.48173064515467, 3.438830440647059 ], [ -76.482265129255978, 3.436937247334892 ], [ -76.482341813258984, 3.435600982760769 ], [ -76.47937930125542, 3.433648830595481 ], [ -76.479190363802772, 3.433504136871985 ], [ -76.479046354901257, 3.433883883036862 ], [ -76.47865469671838, 3.434473446454049 ], [ -76.477119129219403, 3.433474590261646 ], [ -76.475176166075528, 3.436288955207983 ], [ -76.476372271545614, 3.437874035717056 ], [ -76.477263795292302, 3.438513393498315 ] ] ] } },
{ "type": "Feature", "properties": { "OBJECTID": 156, "suelo": "Urbano", "barrio": "Valle Grande", "comuna": "21", "cod_bar": "2198" }, "geometry": { "type": "Polygon", "coordinates": [ [ [ -76.473041944615332, 3.440074917363714 ], [ -76.473729391009343, 3.440353728998758 ], [ -76.474343056187024, 3.440970888665918 ], [ -76.477263795292302, 3.438513393498315 ], [ -76.476372271545614, 3.437874035717056 ], [ -76.475176166075528, 3.436288955207983 ], [ -76.473645491098921, 3.434283037588503 ], [ -76.473114478949569, 3.43368271498343 ], [ -76.464886128986748, 3.436663402275123 ], [ -76.465371742201128, 3.437037493881493 ], [ -76.468088438770508, 3.43995592596239 ], [ -76.468529083894865, 3.440275064692996 ], [ -76.469218273742882, 3.440605456724824 ], [ -76.471563139694283, 3.440203014432718 ], [ -76.472808807243979, 3.439992336479285 ], [ -76.473041944615332, 3.440074917363714 ] ] ] } },
{ "type": "Feature", "properties": { "OBJECTID": 157, "suelo": "Urbano", "barrio": "Primitivo Crespo", "comuna": "08", "cod_bar": "0801" }, "geometry": { "type": "Polygon", "coordinates": [ [ [ -76.513884671494665, 3.437840417852888 ], [ -76.515424027818497, 3.440081146811288 ], [ -76.515838618577618, 3.440905508082035 ], [ -76.516683705694163, 3.440397712023977 ], [ -76.518849050391523, 3.4405275986374 ], [ -76.519081851558894, 3.438392374676555 ], [ -76.519380734155945, 3.435669299847956 ], [ -76.519380929410872, 3.435667259986478 ], [ -76.515855783679442, 3.436156632319826 ], [ -76.513015051766075, 3.436617354195769 ], [ -76.513021870236798, 3.436626924239497 ], [ -76.513884671494665, 3.437840417852888 ] ] ] } },
{ "type": "Feature", "properties": { "OBJECTID": 158, "suelo": "Urbano", "barrio": "Villa del Lago", "comuna": "13", "cod_bar": "1310" }, "geometry": { "type": "Polygon", "coordinates": [ [ [ -76.486478020569422, 3.438803544996797 ], [ -76.486837897390629, 3.439156219736468 ], [ -76.487557710476736, 3.440693727505387 ], [ -76.488583352672904, 3.44039515613512 ], [ -76.488988297923143, 3.439997352342916 ], [ -76.489375290061048, 3.439192657764274 ], [ -76.489555266517755, 3.43900279557069 ], [ -76.490689035807563, 3.438623149989119 ], [ -76.491570938294572, 3.437511079249457 ], [ -76.49191298835126, 3.436200029088316 ], [ -76.49212226657653, 3.435869557887215 ], [ -76.490769623625567, 3.433384590501573 ], [ -76.49035662823168, 3.43363195047404 ], [ -76.490779445343975, 3.434409602337397 ], [ -76.490833404836664, 3.434680867661096 ], [ -76.490734371156492, 3.435241458522649 ], [ -76.490491388014149, 3.435648322800368 ], [ -76.489294573089737, 3.436651856333464 ], [ -76.486928031495665, 3.437691430418527 ], [ -76.486613064682899, 3.438089243786576 ], [ -76.486433038452105, 3.438731203338245 ], [ -76.486478020569422, 3.438803544996797 ] ] ] } },
{ "type": "Feature", "properties": { "OBJECTID": 159, "suelo": "Urbano", "barrio": "Santa Mónica Popular", "comuna": "08", "cod_bar": "0805" }, "geometry": { "type": "Polygon", "coordinates": [ [ [ -76.50905989417771, 3.440270806331455 ], [ -76.510035381116893, 3.44066505076145 ], [ -76.512617585825737, 3.436721685902418 ], [ -76.513021870236798, 3.436626924239497 ], [ -76.513015051766075, 3.436617354195769 ], [ -76.51194225000738, 3.435125870689805 ], [ -76.511260853173638, 3.434422933878912 ], [ -76.509547531485339, 3.434889083632557 ], [ -76.509696231155345, 3.435506949153185 ], [ -76.507929150338143, 3.435966440502537 ], [ -76.508414023337352, 3.43782738392388 ], [ -76.50905989417771, 3.440270806331455 ] ] ] } },
{ "type": "Feature", "properties": { "OBJECTID": 160, "suelo": "Urbano", "barrio": "Sector Laguna del Pondaje", "comuna": "13", "cod_bar": "1397" }, "geometry": { "type": "Polygon", "coordinates": [ [ [ -76.484039666696688, 3.44017879857085 ], [ -76.484063150455171, 3.440502884313476 ], [ -76.484913161842329, 3.440493371928996 ], [ -76.485211924539868, 3.44035311547746 ], [ -76.485893059097549, 3.439734803885209 ], [ -76.486478020569422, 3.438803544996797 ], [ -76.486433038452105, 3.438731203338245 ], [ -76.486613064682899, 3.438089243786576 ], [ -76.486928031495665, 3.437691430418527 ], [ -76.489294573089737, 3.436651856333464 ], [ -76.490491388014149, 3.435648322800368 ], [ -76.490734371156492, 3.435241458522649 ], [ -76.490833404836664, 3.434680867661096 ], [ -76.490779445343975, 3.434409602337397 ], [ -76.49035662823168, 3.43363195047404 ], [ -76.490769623625567, 3.433384590501573 ], [ -76.493362068757278, 3.431887156612691 ], [ -76.492681345729522, 3.430556242834449 ], [ -76.493264683232539, 3.430489429896523 ], [ -76.494244942988757, 3.430072286857056 ], [ -76.494587404950749, 3.429799178150728 ], [ -76.494878532188366, 3.429209907450848 ], [ -76.494912804534906, 3.428908809958095 ], [ -76.494809311856429, 3.428393610059968 ], [ -76.494378510246491, 3.428713600683376 ], [ -76.49105925431202, 3.425810718648948 ], [ -76.490438343859168, 3.426461676358006 ], [ -76.489844404718951, 3.427320601872565 ], [ -76.489682397497717, 3.427781724721524 ], [ -76.489536536547703, 3.428829623879631 ], [ -76.48814338104161, 3.431597273665044 ], [ -76.487765422054949, 3.432085500144326 ], [ -76.487180514972096, 3.432564662814043 ], [ -76.487195396910863, 3.432705503311169 ], [ -76.487333423729552, 3.433071028585868 ], [ -76.487575207822616, 3.433355400611137 ], [ -76.48746786520482, 3.433457717280944 ], [ -76.487052294834541, 3.433493625432714 ], [ -76.487050895212505, 3.433713490106981 ], [ -76.486622943589069, 3.433728655422936 ], [ -76.486622931683044, 3.433836513111148 ], [ -76.486477068557605, 3.433860005177309 ], [ -76.48570372641079, 3.433884120895139 ], [ -76.485720203859259, 3.434212538333143 ], [ -76.485018415580754, 3.434258093651597 ], [ -76.485028018830178, 3.434528431749416 ], [ -76.48496471760491, 3.434550549581429 ], [ -76.483914844722477, 3.434619617197514 ], [ -76.484039666696688, 3.44017879857085 ] ] ] } },
{ "type": "Feature", "properties": { "OBJECTID": 161, "suelo": "Urbano", "barrio": "Fenalco Kennedy", "comuna": "12", "cod_bar": "1206" }, "geometry": { "type": "Polygon", "coordinates": [ [ [ -76.500335148433834, 3.436845288791876 ], [ -76.499470177597431, 3.437157927610487 ], [ -76.499402984581053, 3.43695278709619 ], [ -76.499190044147483, 3.437025443359835 ], [ -76.499069445031708, 3.436963846036916 ], [ -76.498614408071091, 3.43712508145451 ], [ -76.498711178269744, 3.437422828449334 ], [ -76.497856006996813, 3.437727870793433 ], [ -76.498245796657628, 3.438843052363426 ], [ -76.499077149436829, 3.438551244721887 ], [ -76.499247371459589, 3.439074643982015 ], [ -76.500047441192336, 3.43879039023374 ], [ -76.500297055457381, 3.439521709529402 ], [ -76.50073843697875, 3.439373490701989 ], [ -76.500783259775403, 3.439502444171733 ], [ -76.500993501327216, 3.439427759388031 ], [ -76.50089495889118, 3.439201062347256 ], [ -76.501165481853306, 3.439104039754358 ], [ -76.500550146134444, 3.437439875062541 ], [ -76.500335148433834, 3.436845288791876 ] ] ] } },
{ "type": "Feature", "properties": { "OBJECTID": 162, "suelo": "Urbano", "barrio": "Asturias", "comuna": "12", "cod_bar": "1202" }, "geometry": { "type": "Polygon", "coordinates": [ [ [ -76.501165481853306, 3.439104039754358 ], [ -76.501589799996694, 3.440161880287925 ], [ -76.505006448781472, 3.438976109113615 ], [ -76.50411406144417, 3.436065568556854 ], [ -76.500550146134444, 3.437439875062541 ], [ -76.501165481853306, 3.439104039754358 ] ] ] } },
{ "type": "Feature", "properties": { "OBJECTID": 163, "suelo": "Urbano", "barrio": "El Rodeo", "comuna": "12", "cod_bar": "1210" }, "geometry": { "type": "Polygon", "coordinates": [ [ [ -76.500550146134444, 3.437439875062541 ], [ -76.50411406144417, 3.436065568556854 ], [ -76.505006448781472, 3.438976109113615 ], [ -76.508414023337352, 3.43782738392388 ], [ -76.507929150338143, 3.435966440502537 ], [ -76.507173572234521, 3.433154322533834 ], [ -76.504906930785651, 3.433737116874934 ], [ -76.503601362856088, 3.434058205400543 ], [ -76.502183184373465, 3.43336808095336 ], [ -76.501711031114056, 3.433128324652488 ], [ -76.500217996003343, 3.436119464427575 ], [ -76.500163985948575, 3.436363592039188 ], [ -76.500335148433834, 3.436845288791876 ], [ -76.500550146134444, 3.437439875062541 ] ] ] } },
{ "type": "Feature", "properties": { "OBJECTID": 164, "suelo": "Urbano", "barrio": "Santa Mónica Belalcázar", "comuna": "09", "cod_bar": "0907" }, "geometry": { "type": "Polygon", "coordinates": [ [ [ -76.519081851558894, 3.438392374676555 ], [ -76.519680120864066, 3.438679961564156 ], [ -76.52072593945131, 3.438971144987139 ], [ -76.520836495586295, 3.437864791236209 ], [ -76.521063092042283, 3.435433464948845 ], [ -76.519380734155945, 3.435669299847956 ], [ -76.519081851558894, 3.438392374676555 ] ] ] } },
{ "type": "Feature", "properties": { "OBJECTID": 165, "suelo": "Urbano", "barrio": "Aranjuez", "comuna": "09", "cod_bar": "0905" }, "geometry": { "type": "Polygon", "coordinates": [ [ [ -76.520836495586295, 3.437864791236209 ], [ -76.52153372137046, 3.438083324528895 ], [ -76.521956726105131, 3.436573345297286 ], [ -76.522685533627225, 3.43682657162222 ], [ -76.524694823007749, 3.438890390580266 ], [ -76.524268389075729, 3.436021945298023 ], [ -76.524233337526979, 3.434223021582403 ], [ -76.523324518728302, 3.43480121514667 ], [ -76.522235752355201, 3.43522611112027 ], [ -76.521063092042283, 3.435433464948845 ], [ -76.520836495586295, 3.437864791236209 ] ] ] } },
{ "type": "Feature", "properties": { "OBJECTID": 166, "suelo": "Urbano", "barrio": "Lleras Restrepo", "comuna": "13", "cod_bar": "1309" }, "geometry": { "type": "Polygon", "coordinates": [ [ [ -76.4916720128696, 3.438371586604581 ], [ -76.49358366909216, 3.43853573144551 ], [ -76.495304279689606, 3.435062229708285 ], [ -76.49439649943011, 3.435097159463491 ], [ -76.493316717737642, 3.43552202433926 ], [ -76.4929297479474, 3.436154922755206 ], [ -76.492362833983293, 3.436661214960826 ], [ -76.492083783368841, 3.437827600652021 ], [ -76.491885790465957, 3.438225427406897 ], [ -76.4916720128696, 3.438371586604581 ] ] ] } },
{ "type": "Feature", "properties": { "OBJECTID": 167, "suelo": "Urbano", "barrio": "El Cedro", "comuna": "19", "cod_bar": "1913" }, "geometry": { "type": "Polygon", "coordinates": [ [ [ -76.534897498285531, 3.434377279066408 ], [ -76.538600826592557, 3.437782119496182 ], [ -76.538634990592044, 3.43774207028488 ], [ -76.539109980908876, 3.428386750730551 ], [ -76.537507114311111, 3.426178198163897 ], [ -76.537208588780103, 3.426745678326475 ], [ -76.534897498285531, 3.434377279066408 ] ] ] } },
{ "type": "Feature", "properties": { "OBJECTID": 168, "suelo": "Urbano", "barrio": "3 de Julio", "comuna": "19", "cod_bar": "1912" }, "geometry": { "type": "Polygon", "coordinates": [ [ [ -76.539109980908876, 3.428386750730551 ], [ -76.538634990592044, 3.43774207028488 ], [ -76.540113960714294, 3.435968111771758 ], [ -76.542625400453687, 3.432732019569047 ], [ -76.541887148893338, 3.432171103393661 ], [ -76.539109980908876, 3.428386750730551 ] ] ] } },
{ "type": "Feature", "properties": { "OBJECTID": 169, "suelo": "Urbano", "barrio": "Ciudad Talanga", "comuna": "21", "cod_bar": "2108" }, "geometry": { "type": "Polygon", "coordinates": [ [ [ -76.462653140592352, 3.433632468223989 ], [ -76.462870867454598, 3.434649238618643 ], [ -76.463247907210743, 3.435380133235985 ], [ -76.463869868146361, 3.436016827146545 ], [ -76.464886128986748, 3.436663402275123 ], [ -76.473114478949569, 3.43368271498343 ], [ -76.471541882666685, 3.4316605453189 ], [ -76.470737057573018, 3.432227757695555 ], [ -76.47060420016129, 3.432120922904061 ], [ -76.462653140592352, 3.433632468223989 ] ] ] } },
{ "type": "Feature", "properties": { "OBJECTID": 170, "suelo": "Urbano", "barrio": "20 de Julio", "comuna": "11", "cod_bar": "1111" }, "geometry": { "type": "Polygon", "coordinates": [ [ [ -76.511260853173638, 3.434422933878912 ], [ -76.51194225000738, 3.435125870689805 ], [ -76.513015051766075, 3.436617354195769 ], [ -76.515855783679442, 3.436156632319826 ], [ -76.514360062208837, 3.435001517670141 ], [ -76.511727524140383, 3.432927773945 ], [ -76.510868987947333, 3.434015072448359 ], [ -76.511260853173638, 3.434422933878912 ] ] ] } },
{ "type": "Feature", "properties": { "OBJECTID": 171, "suelo": "Urbano", "barrio": "Los Naranjos II", "comuna": "14", "cod_bar": "1499" }, "geometry": { "type": "Polygon", "coordinates": [ [ [ -76.473645491098921, 3.434283037588503 ], [ -76.475176166075528, 3.436288955207983 ], [ -76.477119129219403, 3.433474590261646 ], [ -76.47865469671838, 3.434473446454049 ], [ -76.479046354901257, 3.433883883036862 ], [ -76.479190363802772, 3.433504136871985 ], [ -76.47937930125542, 3.433648830595481 ], [ -76.480391950235941, 3.432012600152578 ], [ -76.478464082963754, 3.43066929754163 ], [ -76.477991753633702, 3.429996713459885 ], [ -76.477741315363161, 3.429251813598168 ], [ -76.47731029348121, 3.429453115578212 ], [ -76.476126819296582, 3.430371373053374 ], [ -76.474438178851742, 3.431657441633953 ], [ -76.474969315273526, 3.432344687293504 ], [ -76.475229421021695, 3.432463351702288 ], [ -76.47435984703759, 3.433753206773031 ], [ -76.47378089569365, 3.434256907635624 ], [ -76.473645491098921, 3.434283037588503 ] ] ] } },
{ "type": "Feature", "properties": { "OBJECTID": 172, "suelo": "Urbano", "barrio": "El Prado", "comuna": "11", "cod_bar": "1110" }, "geometry": { "type": "Polygon", "coordinates": [ [ [ -76.514360062208837, 3.435001517670141 ], [ -76.515855783679442, 3.436156632319826 ], [ -76.519380929410872, 3.435667259986478 ], [ -76.519442059382982, 3.435099390949114 ], [ -76.518686188371689, 3.434984546264994 ], [ -76.517670028363156, 3.433938237513456 ], [ -76.517307100370829, 3.433745948628926 ], [ -76.516243325580206, 3.433598116801272 ], [ -76.516225913278248, 3.433749000483119 ], [ -76.515337887416308, 3.433536194853248 ], [ -76.514360062208837, 3.435001517670141 ] ] ] } },
{ "type": "Feature", "properties": { "OBJECTID": 173, "suelo": "Urbano", "barrio": "Junín", "comuna": "09", "cod_bar": "0903" }, "geometry": { "type": "Polygon", "coordinates": [ [ [ -76.524268389075729, 3.436021945298023 ], [ -76.530882618235339, 3.435931953562907 ], [ -76.530324855652879, 3.434250113363297 ], [ -76.529859603520848, 3.432343039915866 ], [ -76.529794118772912, 3.432080006895924 ], [ -76.528084535491587, 3.432107024825934 ], [ -76.527437170827781, 3.431988242146903 ], [ -76.525355256956985, 3.433440466492636 ], [ -76.524233337526979, 3.434223021582403 ], [ -76.524268389075729, 3.436021945298023 ] ] ] } },
{ "type": "Feature", "properties": { "OBJECTID": 174, "suelo": "Urbano", "barrio": "Alfonso Barberena A.", "comuna": "12", "cod_bar": "1204" }, "geometry": { "type": "Polygon", "coordinates": [ [ [ -76.507173572234521, 3.433154322533834 ], [ -76.507929150338143, 3.435966440502537 ], [ -76.509696231155345, 3.435506949153185 ], [ -76.509547531485339, 3.434889083632557 ], [ -76.511260853173638, 3.434422933878912 ], [ -76.510868987947333, 3.434015072448359 ], [ -76.509427574079183, 3.432526097735393 ], [ -76.507173572234521, 3.433154322533834 ] ] ] } },
{ "type": "Feature", "properties": { "OBJECTID": 175, "suelo": "Urbano", "barrio": "Ricardo Balcázar", "comuna": "13", "cod_bar": "1306" }, "geometry": { "type": "Polygon", "coordinates": [ [ [ -76.490769623625567, 3.433384590501573 ], [ -76.49212226657653, 3.435869557887215 ], [ -76.492542920988313, 3.435359189935554 ], [ -76.493091836807196, 3.434880022018629 ], [ -76.495717222669342, 3.433614758882308 ], [ -76.494557511159812, 3.431351154042662 ], [ -76.493362068757278, 3.431887156612691 ], [ -76.490769623625567, 3.433384590501573 ] ] ] } },
{ "type": "Feature", "properties": { "OBJECTID": 176, "suelo": "Urbano", "barrio": "Sector Altos de Santa Isabel", "comuna": "19", "cod_bar": "1981" }, "geometry": { "type": "Polygon", "coordinates": [ [ [ -76.549686699286781, 3.434088966635259 ], [ -76.550053158267687, 3.434367440757006 ], [ -76.55032226901038, 3.434924621134349 ], [ -76.550867351070309, 3.435202141732427 ], [ -76.552281395074374, 3.435351340014779 ], [ -76.553381097369595, 3.435363810364856 ], [ -76.553927332645955, 3.435599970427895 ], [ -76.55446223803861, 3.435628989675946 ], [ -76.555211525642463, 3.435469518867877 ], [ -76.556083454017298, 3.435457120898187 ], [ -76.556860552536264, 3.435774072102013 ], [ -76.557260446416109, 3.435720229158911 ], [ -76.557612508954662, 3.435833667426362 ], [ -76.557563373362484, 3.435590886916489 ], [ -76.557287687590787, 3.435210409154281 ], [ -76.557054403556208, 3.434410823093664 ], [ -76.556733943820376, 3.433895065900853 ], [ -76.556845438040185, 3.433725109338506 ], [ -76.55621590430043, 3.428657488244272 ], [ -76.556216004173393, 3.428657434893075 ], [ -76.556169850941515, 3.428651744723277 ], [ -76.555095301570901, 3.428519262111403 ], [ -76.554961098394557, 3.42720767839069 ], [ -76.554150995508323, 3.427117669555532 ], [ -76.553836021062793, 3.427795717659965 ], [ -76.554357816952631, 3.428338695777471 ], [ -76.55412357180046, 3.428964022972471 ], [ -76.553682946790559, 3.429016014226912 ], [ -76.552530581146826, 3.428473701864574 ], [ -76.552606626578452, 3.429234304604031 ], [ -76.552422232049679, 3.429259133646593 ], [ -76.552261612617485, 3.429513315195801 ], [ -76.551878610148307, 3.429328522398277 ], [ -76.551490152454321, 3.430458524486889 ], [ -76.551135061199162, 3.432126644663167 ], [ -76.55080398464932, 3.433105334985282 ], [ -76.550567287271775, 3.433455665234994 ], [ -76.549815637075753, 3.433921684064936 ], [ -76.549686699286781, 3.434088966635259 ] ] ] } },
{ "type": "Feature", "properties": { "OBJECTID": 177, "suelo": "Urbano", "barrio": "Las Acacias", "comuna": "10", "cod_bar": "1005" }, "geometry": { "type": "Polygon", "coordinates": [ [ [ -76.519380929410872, 3.435667259986478 ], [ -76.519380734155945, 3.435669299847956 ], [ -76.521063092042283, 3.435433464948845 ], [ -76.522235752355201, 3.43522611112027 ], [ -76.522226957359138, 3.432314596428137 ], [ -76.519758881445625, 3.432441458681059 ], [ -76.519442059382982, 3.435099390949114 ], [ -76.519380929410872, 3.435667259986478 ] ] ] } },
{ "type": "Feature", "properties": { "OBJECTID": 178, "suelo": "Urbano", "barrio": "Los Naranjos", "comuna": "14", "cod_bar": "1496" }, "geometry": { "type": "Polygon", "coordinates": [ [ [ -76.47937930125542, 3.433648830595481 ], [ -76.482341813258984, 3.435600982760769 ], [ -76.482709743200715, 3.434009819453629 ], [ -76.482484879876154, 3.433179023429709 ], [ -76.482080017458031, 3.432659039485049 ], [ -76.481708867505233, 3.432404680922658 ], [ -76.480391950235941, 3.432012600152578 ], [ -76.47937930125542, 3.433648830595481 ] ] ] } },
{ "type": "Feature", "properties": { "OBJECTID": 179, "suelo": "Urbano", "barrio": "San Cristóbal", "comuna": "10", "cod_bar": "1015" }, "geometry": { "type": "Polygon", "coordinates": [ [ [ -76.519758881445625, 3.432441458681059 ], [ -76.522226957359138, 3.432314596428137 ], [ -76.522235752355201, 3.43522611112027 ], [ -76.523324518728302, 3.43480121514667 ], [ -76.524233337526979, 3.434223021582403 ], [ -76.525355256956985, 3.433440466492636 ], [ -76.52259606442243, 3.429457359769242 ], [ -76.522407117793776, 3.429366927189601 ], [ -76.520128718614046, 3.429124004498377 ], [ -76.520127648779976, 3.42912830213209 ], [ -76.519758881445625, 3.432441458681059 ] ] ] } },
{ "type": "Feature", "properties": { "OBJECTID": 180, "suelo": "Urbano", "barrio": "Aguablanca", "comuna": "11", "cod_bar": "1109" }, "geometry": { "type": "Polygon", "coordinates": [ [ [ -76.515337887416308, 3.433536194853248 ], [ -76.516225913278248, 3.433749000483119 ], [ -76.516243325580206, 3.433598116801272 ], [ -76.517307100370829, 3.433745948628926 ], [ -76.517670028363156, 3.433938237513456 ], [ -76.518686188371689, 3.434984546264994 ], [ -76.519442059382982, 3.435099390949114 ], [ -76.519758881445625, 3.432441458681059 ], [ -76.520127648779976, 3.42912830213209 ], [ -76.516743102692232, 3.428756749471734 ], [ -76.516401559645132, 3.431761554771289 ], [ -76.5163175173696, 3.432257257977261 ], [ -76.515337887416308, 3.433536194853248 ] ] ] } },
{ "type": "Feature", "properties": { "OBJECTID": 181, "suelo": "Urbano", "barrio": "Prados de Oriente", "comuna": "11", "cod_bar": "1112" }, "geometry": { "type": "Polygon", "coordinates": [ [ [ -76.511727524140383, 3.432927773945 ], [ -76.514360062208837, 3.435001517670141 ], [ -76.515337887416308, 3.433536194853248 ], [ -76.5163175173696, 3.432257257977261 ], [ -76.516401559645132, 3.431761554771289 ], [ -76.514204947728999, 3.43180706787166 ], [ -76.514513922494714, 3.428471935760264 ], [ -76.511676567626196, 3.428183033405324 ], [ -76.510407216094762, 3.430751288868695 ], [ -76.509737204033101, 3.432029897718023 ], [ -76.510808749137425, 3.432367977527838 ], [ -76.511727524140383, 3.432927773945 ] ] ] } },
{ "type": "Feature", "properties": { "OBJECTID": 182, "suelo": "Urbano", "barrio": "Santa Isabel", "comuna": "19", "cod_bar": "1908" }, "geometry": { "type": "Polygon", "coordinates": [ [ [ -76.547652419845235, 3.434064137997261 ], [ -76.548084146401123, 3.434341289083089 ], [ -76.549163982369507, 3.434693656851429 ], [ -76.549344709233011, 3.434235247624949 ], [ -76.549586099316841, 3.434322727379843 ], [ -76.549686699286781, 3.434088966635259 ], [ -76.549815637075753, 3.433921684064936 ], [ -76.550567287271775, 3.433455665234994 ], [ -76.55080398464932, 3.433105334985282 ], [ -76.551135061199162, 3.432126644663167 ], [ -76.551490152454321, 3.430458524486889 ], [ -76.551878610148307, 3.429328522398277 ], [ -76.551136962022738, 3.428970690078368 ], [ -76.551119540605001, 3.428432621049573 ], [ -76.551197393757832, 3.428156182918499 ], [ -76.551031595464949, 3.428052753880956 ], [ -76.550432838840976, 3.427952445341765 ], [ -76.550273456216175, 3.42709606738284 ], [ -76.550921139334704, 3.426999502485978 ], [ -76.552027902609836, 3.425941635402223 ], [ -76.552234870661252, 3.425417209549876 ], [ -76.546642349135524, 3.424432210476655 ], [ -76.545810431071786, 3.426755149908168 ], [ -76.545087663609507, 3.428273911907059 ], [ -76.545414460834891, 3.428283224747582 ], [ -76.54566636885572, 3.428943300557402 ], [ -76.545981274723303, 3.429286910324032 ], [ -76.546521141194859, 3.429277892660775 ], [ -76.546953046133609, 3.428997609542963 ], [ -76.546620060725758, 3.430543771534229 ], [ -76.546629055701899, 3.43060706577339 ], [ -76.547510828462151, 3.430842196710125 ], [ -76.547627793946276, 3.430968789589471 ], [ -76.547645784040697, 3.431095377144431 ], [ -76.547087859153152, 3.432514942248837 ], [ -76.547141837827425, 3.43271386794633 ], [ -76.547537720974603, 3.433184067515954 ], [ -76.547501880936494, 3.433374573172631 ], [ -76.547246931076444, 3.433591770488101 ], [ -76.547652419845235, 3.434064137997261 ] ] ] } },
{ "type": "Feature", "properties": { "OBJECTID": 183, "suelo": "Urbano", "barrio": "Marroquín III", "comuna": "13", "cod_bar": "1394" }, "geometry": { "type": "Polygon", "coordinates": [ [ [ -76.483914844722477, 3.434619617197514 ], [ -76.48496471760491, 3.434550549581429 ], [ -76.485028018830178, 3.434528431749416 ], [ -76.485018415580754, 3.434258093651597 ], [ -76.485720203859259, 3.434212538333143 ], [ -76.48570372641079, 3.433884120895139 ], [ -76.486477068557605, 3.433860005177309 ], [ -76.486622931683044, 3.433836513111148 ], [ -76.486622943589069, 3.433728655422936 ], [ -76.487050895212505, 3.433713490106981 ], [ -76.487052294834541, 3.433493625432714 ], [ -76.48746786520482, 3.433457717280944 ], [ -76.487575207822616, 3.433355400611137 ], [ -76.487333423729552, 3.433071028585868 ], [ -76.487195396910863, 3.432705503311169 ], [ -76.486766707598051, 3.431705631302222 ], [ -76.483861787750953, 3.431758330223303 ], [ -76.483914844722477, 3.434619617197514 ] ] ] } },
{ "type": "Feature", "properties": { "OBJECTID": 184, "suelo": "Urbano", "barrio": "Champagnat", "comuna": "19", "cod_bar": "1914" }, "geometry": { "type": "Polygon", "coordinates": [ [ [ -76.534331616075818, 3.433811334315052 ], [ -76.534897498285531, 3.434377279066408 ], [ -76.537208588780103, 3.426745678326475 ], [ -76.537507114311111, 3.426178198163897 ], [ -76.538108486309625, 3.424421940444936 ], [ -76.538072566568502, 3.423083726716472 ], [ -76.538531162785603, 3.421448026636782 ], [ -76.53528200933863, 3.420787076034677 ], [ -76.534011227140979, 3.424659677419062 ], [ -76.533248511530289, 3.426989158460771 ], [ -76.533445922054483, 3.42708568213218 ], [ -76.533018184907988, 3.428789709294108 ], [ -76.532946061456187, 3.428981224861267 ], [ -76.532875816782081, 3.428967702648798 ], [ -76.532833106611847, 3.429205239493062 ], [ -76.533636274265206, 3.430389390205811 ], [ -76.534400913845559, 3.433400410578402 ], [ -76.534328692643811, 3.433807860443987 ], [ -76.534331616075818, 3.433811334315052 ] ] ] } },
{ "type": "Feature", "properties": { "OBJECTID": 185, "suelo": "Urbano", "barrio": "Puerta del Sol", "comuna": "14", "cod_bar": "1495" }, "geometry": { "type": "Polygon", "coordinates": [ [ [ -76.473114478949569, 3.43368271498343 ], [ -76.473645491098921, 3.434283037588503 ], [ -76.47378089569365, 3.434256907635624 ], [ -76.47435984703759, 3.433753206773031 ], [ -76.475229421021695, 3.432463351702288 ], [ -76.474969315273526, 3.432344687293504 ], [ -76.474438178851742, 3.431657441633953 ], [ -76.476126819296582, 3.430371373053374 ], [ -76.474156537833679, 3.427775874858279 ], [ -76.470793880736053, 3.430411110094583 ], [ -76.470752078882327, 3.430360209916994 ], [ -76.470628791030819, 3.430457752415268 ], [ -76.471541882666685, 3.4316605453189 ], [ -76.473114478949569, 3.43368271498343 ] ] ] } },
{ "type": "Feature", "properties": { "OBJECTID": 186, "suelo": "Urbano", "barrio": "Bello Horizonte", "comuna": "12", "cod_bar": "1212" }, "geometry": { "type": "Polygon", "coordinates": [ [ [ -76.502183184373465, 3.43336808095336 ], [ -76.503601362856088, 3.434058205400543 ], [ -76.504906930785651, 3.433737116874934 ], [ -76.504366358315892, 3.4320057462393 ], [ -76.503853438452936, 3.43252109268433 ], [ -76.503455455236903, 3.432102999844172 ], [ -76.502183184373465, 3.43336808095336 ] ] ] } },
{ "type": "Feature", "properties": { "OBJECTID": 187, "suelo": "Urbano", "barrio": "Villanueva", "comuna": "12", "cod_bar": "1201" }, "geometry": { "type": "Polygon", "coordinates": [ [ [ -76.509427574079183, 3.432526097735393 ], [ -76.510868987947333, 3.434015072448359 ], [ -76.511727524140383, 3.432927773945 ], [ -76.510808749137425, 3.432367977527838 ], [ -76.509737204033101, 3.432029897718023 ], [ -76.510407216094762, 3.430751288868695 ], [ -76.509810162752956, 3.430315367644276 ], [ -76.508793493370874, 3.42936587591029 ], [ -76.507705041155546, 3.428076684561111 ], [ -76.507400921966408, 3.42729896322144 ], [ -76.505928492257027, 3.427995097833422 ], [ -76.506715021789176, 3.429211983893358 ], [ -76.507456731180412, 3.430148865112105 ], [ -76.509427574079183, 3.432526097735393 ] ] ] } },
{ "type": "Feature", "properties": { "OBJECTID": 188, "suelo": "Urbano", "barrio": "El Pondaje", "comuna": "13", "cod_bar": "1398" }, "geometry": { "type": "Polygon", "coordinates": [ [ [ -76.495717222669342, 3.433614758882308 ], [ -76.495883976295133, 3.4339535502646 ], [ -76.49794505550129, 3.430053857059376 ], [ -76.498674659364312, 3.428741833468038 ], [ -76.498015512540988, 3.42835882496721 ], [ -76.496977496002657, 3.427198363472173 ], [ -76.494846772981717, 3.43119107346293 ], [ -76.494557511159812, 3.431351154042662 ], [ -76.495717222669342, 3.433614758882308 ] ] ] } },
{ "type": "Feature", "properties": { "OBJECTID": 189, "suelo": "Urbano", "barrio": "Urbanización Colseguros", "comuna": "19", "cod_bar": "1915" }, "geometry": { "type": "Polygon", "coordinates": [ [ [ -76.529859603520848, 3.432343039915866 ], [ -76.534328692643811, 3.433807860443987 ], [ -76.534400913845559, 3.433400410578402 ], [ -76.533636274265206, 3.430389390205811 ], [ -76.532833106611847, 3.429205239493062 ], [ -76.532875816782081, 3.428967702648798 ], [ -76.532946061456187, 3.428981224861267 ], [ -76.533018184907988, 3.428789709294108 ], [ -76.533445922054483, 3.42708568213218 ], [ -76.533248511530289, 3.426989158460771 ], [ -76.534011227140979, 3.424659677419062 ], [ -76.533276708140619, 3.424430710346078 ], [ -76.533042726601721, 3.425135970322555 ], [ -76.531567127312599, 3.4246566590396 ], [ -76.530667186947198, 3.427423446699248 ], [ -76.530640190722281, 3.427477696819245 ], [ -76.530199309419856, 3.427332997800373 ], [ -76.529812334540921, 3.428499388432047 ], [ -76.529767335693791, 3.428662140177061 ], [ -76.530289190327053, 3.428924391027452 ], [ -76.528948465123207, 3.429855629622841 ], [ -76.5294522956371, 3.430579019140852 ], [ -76.527514346143548, 3.431934272052117 ], [ -76.527437170827781, 3.431988242146903 ], [ -76.528084535491587, 3.432107024825934 ], [ -76.529794118772912, 3.432080006895924 ], [ -76.529859603520848, 3.432343039915866 ] ] ] } },
{ "type": "Feature", "properties": { "OBJECTID": 190, "suelo": "Urbano", "barrio": "El Paraíso", "comuna": "12", "cod_bar": "1205" }, "geometry": { "type": "Polygon", "coordinates": [ [ [ -76.503455455236903, 3.432102999844172 ], [ -76.503853438452936, 3.43252109268433 ], [ -76.504366358315892, 3.4320057462393 ], [ -76.504906930785651, 3.433737116874934 ], [ -76.507173572234521, 3.433154322533834 ], [ -76.509427574079183, 3.432526097735393 ], [ -76.507456731180412, 3.430148865112105 ], [ -76.507092833480826, 3.430315136780841 ], [ -76.506193060271698, 3.430260807753472 ], [ -76.505644188453275, 3.430351178907994 ], [ -76.504631243300224, 3.430948427819229 ], [ -76.503455455236903, 3.432102999844172 ] ] ] } },
{ "type": "Feature", "properties": { "OBJECTID": 191, "suelo": "Urbano", "barrio": "Compartir", "comuna": "21", "cod_bar": "2107" }, "geometry": { "type": "Polygon", "coordinates": [ [ [ -76.461847740259813, 3.430126395574672 ], [ -76.462653140592352, 3.433632468223989 ], [ -76.47060420016129, 3.432120922904061 ], [ -76.470737057573018, 3.432227757695555 ], [ -76.471541882666685, 3.4316605453189 ], [ -76.470628791030819, 3.430457752415268 ], [ -76.470110304157515, 3.42977083593485 ], [ -76.469307572751063, 3.430421467248028 ], [ -76.46854959652957, 3.430197447230162 ], [ -76.467711604450187, 3.430187771298156 ], [ -76.467624759736594, 3.430076229606835 ], [ -76.467322843855627, 3.430055964208161 ], [ -76.465050345052674, 3.430031881991647 ], [ -76.464878713103786, 3.430121065259372 ], [ -76.464305145381132, 3.429942235224063 ], [ -76.464094754820692, 3.430089804382716 ], [ -76.463934352134018, 3.429595176284852 ], [ -76.463267901636797, 3.429861236997224 ], [ -76.461847740259813, 3.430126395574672 ] ] ] } },
{ "type": "Feature", "properties": { "OBJECTID": 192, "suelo": "Urbano", "barrio": "Santa Elena", "comuna": "10", "cod_bar": "1004" }, "geometry": { "type": "Polygon", "coordinates": [ [ [ -76.520128718614046, 3.429124004498377 ], [ -76.522407117793776, 3.429366927189601 ], [ -76.52259606442243, 3.429457359769242 ], [ -76.525355256956985, 3.433440466492636 ], [ -76.527437170827781, 3.431988242146903 ], [ -76.527514346143548, 3.431934272052117 ], [ -76.525457382002756, 3.429050667272421 ], [ -76.52606026421293, 3.428562440792898 ], [ -76.526124588549038, 3.428160894181052 ], [ -76.525979477606043, 3.425614753363293 ], [ -76.52338812446132, 3.425704996843395 ], [ -76.523397167869547, 3.425026850393274 ], [ -76.522514794123808, 3.425058094329109 ], [ -76.521384338946092, 3.424935692522441 ], [ -76.521405828002017, 3.424741461680834 ], [ -76.520636480932694, 3.424655497613832 ], [ -76.520506842839197, 3.425607626582433 ], [ -76.520128718614046, 3.429124004498377 ] ] ] } },
{ "type": "Feature", "properties": { "OBJECTID": 193, "suelo": "Urbano", "barrio": "Sindical", "comuna": "12", "cod_bar": "1211" }, "geometry": { "type": "Polygon", "coordinates": [ [ [ -76.501711031114056, 3.433128324652488 ], [ -76.502183184373465, 3.43336808095336 ], [ -76.503455455236903, 3.432102999844172 ], [ -76.504631243300224, 3.430948427819229 ], [ -76.503191429304579, 3.430343657717779 ], [ -76.500996199034176, 3.429210117395963 ], [ -76.499010073547879, 3.428183537496179 ], [ -76.498674659364312, 3.428741833468038 ], [ -76.49794505550129, 3.430053857059376 ], [ -76.502196003690074, 3.432275718973841 ], [ -76.501711031114056, 3.433128324652488 ] ] ] } },
{ "type": "Feature", "properties": { "OBJECTID": 194, "suelo": "Urbano", "barrio": "San Fernando Nuevo", "comuna": "19", "cod_bar": "1906" }, "geometry": { "type": "Polygon", "coordinates": [ [ [ -76.539109980908876, 3.428386750730551 ], [ -76.541887148893338, 3.432171103393661 ], [ -76.542625400453687, 3.432732019569047 ], [ -76.543416807968896, 3.431465904977209 ], [ -76.545087663609507, 3.428273911907059 ], [ -76.545810431071786, 3.426755149908168 ], [ -76.546642349135524, 3.424432210476655 ], [ -76.543659645145013, 3.42298586298782 ], [ -76.543534160644214, 3.423400473351691 ], [ -76.543831053894053, 3.424069593211833 ], [ -76.539800229754121, 3.426980689971593 ], [ -76.539702301414522, 3.426856023486428 ], [ -76.539161029312993, 3.42809303586587 ], [ -76.539109980908876, 3.428386750730551 ] ] ] } },
{ "type": "Feature", "properties": { "OBJECTID": 195, "suelo": "Urbano", "barrio": "Los Lagos", "comuna": "13", "cod_bar": "1395" }, "geometry": { "type": "Polygon", "coordinates": [ [ [ -76.483861787750953, 3.431758330223303 ], [ -76.486766707598051, 3.431705631302222 ], [ -76.487195396910863, 3.432705503311169 ], [ -76.487180514972096, 3.432564662814043 ], [ -76.487765422054949, 3.432085500144326 ], [ -76.48814338104161, 3.431597273665044 ], [ -76.489536536547703, 3.428829623879631 ], [ -76.487278658020344, 3.427680458781561 ], [ -76.484614333458168, 3.426265399284087 ], [ -76.484585127014341, 3.426333492126028 ], [ -76.484123657804247, 3.427390461073224 ], [ -76.483801312516874, 3.428138939561234 ], [ -76.483861787750953, 3.431758330223303 ] ] ] } },
{ "type": "Feature", "properties": { "OBJECTID": 196, "suelo": "Urbano", "barrio": "Colseguros Andes", "comuna": "10", "cod_bar": "1014" }, "geometry": { "type": "Polygon", "coordinates": [ [ [ -76.526124588549038, 3.428160894181052 ], [ -76.52606026421293, 3.428562440792898 ], [ -76.525457382002756, 3.429050667272421 ], [ -76.527514346143548, 3.431934272052117 ], [ -76.5294522956371, 3.430579019140852 ], [ -76.528948465123207, 3.429855629622841 ], [ -76.530289190327053, 3.428924391027452 ], [ -76.529767335693791, 3.428662140177061 ], [ -76.529812334540921, 3.428499388432047 ], [ -76.530199309419856, 3.427332997800373 ], [ -76.530640190722281, 3.427477696819245 ], [ -76.530667186947198, 3.427423446699248 ], [ -76.531567127312599, 3.4246566590396 ], [ -76.533042726601721, 3.425135970322555 ], [ -76.533276708140619, 3.424430710346078 ], [ -76.532071036459499, 3.424041834584572 ], [ -76.531765125168462, 3.42386097683255 ], [ -76.52977279958813, 3.423251457543333 ], [ -76.527536534747995, 3.422379048717847 ], [ -76.527814859711953, 3.428065246175157 ], [ -76.526124588549038, 3.428160894181052 ] ] ] } },
{ "type": "Feature", "properties": { "OBJECTID": 197, "suelo": "Urbano", "barrio": "Villablanca", "comuna": "13", "cod_bar": "1314" }, "geometry": { "type": "Polygon", "coordinates": [ [ [ -76.494809311856429, 3.428393610059968 ], [ -76.494912804534906, 3.428908809958095 ], [ -76.494878532188366, 3.429209907450848 ], [ -76.494587404950749, 3.429799178150728 ], [ -76.494244942988757, 3.430072286857056 ], [ -76.493264683232539, 3.430489429896523 ], [ -76.492681345729522, 3.430556242834449 ], [ -76.493362068757278, 3.431887156612691 ], [ -76.494557511159812, 3.431351154042662 ], [ -76.494846772981717, 3.43119107346293 ], [ -76.496977496002657, 3.427198363472173 ], [ -76.496927096637876, 3.427140718041639 ], [ -76.49664407086091, 3.42708542582022 ], [ -76.496132436065082, 3.427321401107791 ], [ -76.494809311856429, 3.428393610059968 ] ] ] } },
{ "type": "Feature", "properties": { "OBJECTID": 198, "suelo": "Urbano", "barrio": "El Recuerdo", "comuna": "11", "cod_bar": "1108" }, "geometry": { "type": "Polygon", "coordinates": [ [ [ -76.514513922494714, 3.428471935760264 ], [ -76.514204947728999, 3.43180706787166 ], [ -76.516401559645132, 3.431761554771289 ], [ -76.516743102692232, 3.428756749471734 ], [ -76.515146789770682, 3.42856654268847 ], [ -76.514513922494714, 3.428471935760264 ] ] ] } },
{ "type": "Feature", "properties": { "OBJECTID": 199, "suelo": "Urbano", "barrio": "Eduardo Santos", "comuna": "12", "cod_bar": "1203" }, "geometry": { "type": "Polygon", "coordinates": [ [ [ -76.503191429304579, 3.430343657717779 ], [ -76.504631243300224, 3.430948427819229 ], [ -76.505644188453275, 3.430351178907994 ], [ -76.506193060271698, 3.430260807753472 ], [ -76.507092833480826, 3.430315136780841 ], [ -76.507456731180412, 3.430148865112105 ], [ -76.506715021789176, 3.429211983893358 ], [ -76.505928492257027, 3.427995097833422 ], [ -76.505752394523398, 3.427665723441655 ], [ -76.504977967121434, 3.426867663072467 ], [ -76.503191429304579, 3.430343657717779 ] ] ] } },
{ "type": "Feature", "properties": { "OBJECTID": 200, "suelo": "Urbano", "barrio": "San Benito", "comuna": "11", "cod_bar": "1121" }, "geometry": { "type": "Polygon", "coordinates": [ [ [ -76.507400921966408, 3.42729896322144 ], [ -76.507705041155546, 3.428076684561111 ], [ -76.508793493370874, 3.42936587591029 ], [ -76.509810162752956, 3.430315367644276 ], [ -76.510407216094762, 3.430751288868695 ], [ -76.511676567626196, 3.428183033405324 ], [ -76.5102968144665, 3.42805020152836 ], [ -76.509792350484574, 3.428091042002187 ], [ -76.508595664567366, 3.427901059224594 ], [ -76.50763633568944, 3.427044615771317 ], [ -76.507400921966408, 3.42729896322144 ] ] ] } },
{ "type": "Feature", "properties": { "OBJECTID": 201, "suelo": "Urbano", "barrio": "Promociones Populares B", "comuna": "14", "cod_bar": "1498" }, "geometry": { "type": "Polygon", "coordinates": [ [ [ -76.470110304157515, 3.42977083593485 ], [ -76.470628791030819, 3.430457752415268 ], [ -76.470752078882327, 3.430360209916994 ], [ -76.470793880736053, 3.430411110094583 ], [ -76.474156537833679, 3.427775874858279 ], [ -76.476126819296582, 3.430371373053374 ], [ -76.47731029348121, 3.429453115578212 ], [ -76.477741315363161, 3.429251813598168 ], [ -76.477648835009973, 3.42882116170086 ], [ -76.477613650470616, 3.427484417744492 ], [ -76.477497331033533, 3.425882362403776 ], [ -76.476996937102982, 3.424774608765093 ], [ -76.476472158353104, 3.423911645275628 ], [ -76.472119132648842, 3.424922464986078 ], [ -76.469816430793699, 3.425681377641989 ], [ -76.46766702418067, 3.421894568101168 ], [ -76.467516418250682, 3.421814032180459 ], [ -76.466783573717862, 3.423068930896239 ], [ -76.466490666151586, 3.423765069521702 ], [ -76.466412045065084, 3.424231569483686 ], [ -76.466511948206787, 3.424891873714354 ], [ -76.466768989861322, 3.425430187565069 ], [ -76.470110304157515, 3.42977083593485 ] ] ] } },
{ "type": "Feature", "properties": { "OBJECTID": 202, "suelo": "Urbano", "barrio": "Ciudadela del Rio - CVC", "comuna": "21", "cod_bar": "2197" }, "geometry": { "type": "Polygon", "coordinates": [ [ [ -76.463934352134018, 3.429595176284852 ], [ -76.464094754820692, 3.430089804382716 ], [ -76.464305145381132, 3.429942235224063 ], [ -76.464878713103786, 3.430121065259372 ], [ -76.465050345052674, 3.430031881991647 ], [ -76.467322843855627, 3.430055964208161 ], [ -76.467624759736594, 3.430076229606835 ], [ -76.467711604450187, 3.430187771298156 ], [ -76.46854959652957, 3.430197447230162 ], [ -76.469307572751063, 3.430421467248028 ], [ -76.470110304157515, 3.42977083593485 ], [ -76.466768989861322, 3.425430187565069 ], [ -76.466511948206787, 3.424891873714354 ], [ -76.466412045065084, 3.424231569483686 ], [ -76.466490666151586, 3.423765069521702 ], [ -76.466783573717862, 3.423068930896239 ], [ -76.467516418250682, 3.421814032180459 ], [ -76.467894057340288, 3.421167372726412 ], [ -76.466913233659227, 3.420648944291103 ], [ -76.464940287537388, 3.420423090606979 ], [ -76.464700431243998, 3.420906940591142 ], [ -76.464897535445161, 3.421010316009518 ], [ -76.464817522284946, 3.421189733249761 ], [ -76.464756173803949, 3.422567864208524 ], [ -76.464640184245482, 3.422884935626305 ], [ -76.464215756720392, 3.427152133093657 ], [ -76.464011928064821, 3.429319225410923 ], [ -76.464075852462074, 3.429489748454528 ], [ -76.463934352134018, 3.429595176284852 ] ] ] } },
{ "type": "Feature", "properties": { "OBJECTID": 203, "suelo": "Urbano", "barrio": "Doce de Octubre", "comuna": "12", "cod_bar": "1209" }, "geometry": { "type": "Polygon", "coordinates": [ [ [ -76.500996199034176, 3.429210117395963 ], [ -76.503191429304579, 3.430343657717779 ], [ -76.504977967121434, 3.426867663072467 ], [ -76.504979132528959, 3.426855176172098 ], [ -76.503418735098066, 3.42514231555457 ], [ -76.502639318984279, 3.426028848939449 ], [ -76.500996199034176, 3.429210117395963 ] ] ] } },
{ "type": "Feature", "properties": { "OBJECTID": 204, "suelo": "Urbano", "barrio": "Desepaz Invicali", "comuna": "21", "cod_bar": "2106" }, "geometry": { "type": "Polygon", "coordinates": [ [ [ -76.462923402743954, 3.420234118561864 ], [ -76.462782731326996, 3.421693925847463 ], [ -76.461259571422161, 3.426604074806194 ], [ -76.461670693860341, 3.429498125283534 ], [ -76.461847740259813, 3.430126395574672 ], [ -76.463267901636797, 3.429861236997224 ], [ -76.463934352134018, 3.429595176284852 ], [ -76.464075852462074, 3.429489748454528 ], [ -76.464011928064821, 3.429319225410923 ], [ -76.464215756720392, 3.427152133093657 ], [ -76.464640184245482, 3.422884935626305 ], [ -76.464756173803949, 3.422567864208524 ], [ -76.464817522284946, 3.421189733249761 ], [ -76.464897535445161, 3.421010316009518 ], [ -76.464700431243998, 3.420906940591142 ], [ -76.464940287537388, 3.420423090606979 ], [ -76.464432340230786, 3.420365981663916 ], [ -76.462923402743954, 3.420234118561864 ] ] ] } },
{ "type": "Feature", "properties": { "OBJECTID": 205, "suelo": "Urbano", "barrio": "Belén", "comuna": "20", "cod_bar": "2005" }, "geometry": { "type": "Polygon", "coordinates": [ [ [ -76.551878610148307, 3.429328522398277 ], [ -76.552261612617485, 3.429513315195801 ], [ -76.552422232049679, 3.429259133646593 ], [ -76.552606626578452, 3.429234304604031 ], [ -76.552530581146826, 3.428473701864574 ], [ -76.553682946790559, 3.429016014226912 ], [ -76.55412357180046, 3.428964022972471 ], [ -76.554357816952631, 3.428338695777471 ], [ -76.553836021062793, 3.427795717659965 ], [ -76.554150995508323, 3.427117669555532 ], [ -76.554961098394557, 3.42720767839069 ], [ -76.555095301570901, 3.428519262111403 ], [ -76.556169850941515, 3.428651744723277 ], [ -76.556171210157061, 3.428447839877386 ], [ -76.556071017425552, 3.428369523246505 ], [ -76.556095039337336, 3.427094574411223 ], [ -76.555952894833851, 3.426721938755811 ], [ -76.555752510849317, 3.426520555066628 ], [ -76.555165685932337, 3.426452688838349 ], [ -76.55494621687798, 3.425917193322768 ], [ -76.554003811539346, 3.425665277831327 ], [ -76.553922462847538, 3.425551129813364 ], [ -76.553920938600569, 3.425264221868781 ], [ -76.553629301668551, 3.425094535645851 ], [ -76.553440516254057, 3.42469964630977 ], [ -76.552948267531789, 3.424686629267202 ], [ -76.5526675917245, 3.424321073152539 ], [ -76.552449476278511, 3.424718556961649 ], [ -76.552234870661252, 3.425417209549876 ], [ -76.552027902609836, 3.425941635402223 ], [ -76.550921139334704, 3.426999502485978 ], [ -76.550273456216175, 3.42709606738284 ], [ -76.550432838840976, 3.427952445341765 ], [ -76.551031595464949, 3.428052753880956 ], [ -76.551197393757832, 3.428156182918499 ], [ -76.551119540605001, 3.428432621049573 ], [ -76.551136962022738, 3.428970690078368 ], [ -76.551878610148307, 3.429328522398277 ] ] ] } },
{ "type": "Feature", "properties": { "OBJECTID": 206, "suelo": "Urbano", "barrio": "El Jardín", "comuna": "11", "cod_bar": "1106" }, "geometry": { "type": "Polygon", "coordinates": [ [ [ -76.516743102692232, 3.428756749471734 ], [ -76.520127648779976, 3.42912830213209 ], [ -76.520128718614046, 3.429124004498377 ], [ -76.520506842839197, 3.425607626582433 ], [ -76.520238933242481, 3.425478724628697 ], [ -76.51862445132862, 3.425366565575182 ], [ -76.51905683595254, 3.421028419743609 ], [ -76.518628738667047, 3.420017256077309 ], [ -76.518665019339338, 3.419407255214237 ], [ -76.518061909926502, 3.419447987758514 ], [ -76.516033003486868, 3.419560058714982 ], [ -76.515461165795074, 3.425107646934127 ], [ -76.515146789770682, 3.42856654268847 ], [ -76.516743102692232, 3.428756749471734 ] ] ] } },
{ "type": "Feature", "properties": { "OBJECTID": 207, "suelo": "Urbano", "barrio": "Julio Rincón", "comuna": "12", "cod_bar": "1208" }, "geometry": { "type": "Polygon", "coordinates": [ [ [ -76.499010073547879, 3.428183537496179 ], [ -76.500996199034176, 3.429210117395963 ], [ -76.502639318984279, 3.426028848939449 ], [ -76.503418735098066, 3.42514231555457 ], [ -76.50273302487831, 3.424566721041649 ], [ -76.502433539051623, 3.42485012685134 ], [ -76.499763966759275, 3.427363546169414 ], [ -76.499010073547879, 3.428183537496179 ] ] ] } },
{ "type": "Feature", "properties": { "OBJECTID": 208, "suelo": "Urbano", "barrio": "Rodrigo Lara Bonilla", "comuna": "13", "cod_bar": "1312" }, "geometry": { "type": "Polygon", "coordinates": [ [ [ -76.487278658020344, 3.427680458781561 ], [ -76.489536536547703, 3.428829623879631 ], [ -76.489682397497717, 3.427781724721524 ], [ -76.489844404718951, 3.427320601872565 ], [ -76.490438343859168, 3.426461676358006 ], [ -76.49105925431202, 3.425810718648948 ], [ -76.489071568875246, 3.42407496306076 ], [ -76.489029255135932, 3.424302842964555 ], [ -76.487278658020344, 3.427680458781561 ] ] ] } },
{ "type": "Feature", "properties": { "OBJECTID": 209, "suelo": "Urbano", "barrio": "Yira Castro", "comuna": "13", "cod_bar": "1390" }, "geometry": { "type": "Polygon", "coordinates": [ [ [ -76.496977496002657, 3.427198363472173 ], [ -76.498015512540988, 3.42835882496721 ], [ -76.498674659364312, 3.428741833468038 ], [ -76.499010073547879, 3.428183537496179 ], [ -76.499763966759275, 3.427363546169414 ], [ -76.496310264400421, 3.424894938607896 ], [ -76.495643002514583, 3.425834072404384 ], [ -76.496927096637876, 3.427140718041639 ], [ -76.496977496002657, 3.427198363472173 ] ] ] } },
{ "type": "Feature", "properties": { "OBJECTID": 210, "suelo": "Urbano", "barrio": "Los Comuneros II", "comuna": "13", "cod_bar": "1305" }, "geometry": { "type": "Polygon", "coordinates": [ [ [ -76.49105925431202, 3.425810718648948 ], [ -76.494378510246491, 3.428713600683376 ], [ -76.494809311856429, 3.428393610059968 ], [ -76.496132436065082, 3.427321401107791 ], [ -76.49664407086091, 3.42708542582022 ], [ -76.496927096637876, 3.427140718041639 ], [ -76.495643002514583, 3.425834072404384 ], [ -76.496310264400421, 3.424894938607896 ], [ -76.49562590237727, 3.424337908430209 ], [ -76.495703029414273, 3.424247501900033 ], [ -76.494619090929604, 3.42343682498675 ], [ -76.494669986774539, 3.422819161490517 ], [ -76.494111489312303, 3.422792165853383 ], [ -76.493560908419781, 3.422944668902574 ], [ -76.492401229079533, 3.422004810525781 ], [ -76.491704787685578, 3.422403190164803 ], [ -76.491134800177463, 3.421915038103206 ], [ -76.489520887005213, 3.423432520872362 ], [ -76.489071568875246, 3.42407496306076 ], [ -76.49105925431202, 3.425810718648948 ] ] ] } },
{ "type": "Feature", "properties": { "OBJECTID": 211, "suelo": "Urbano", "barrio": "Siloé", "comuna": "20", "cod_bar": "2003" }, "geometry": { "type": "Polygon", "coordinates": [ [ [ -76.556216004173393, 3.428657434893075 ], [ -76.558278430775133, 3.428657698818088 ], [ -76.557838855685532, 3.424953867990808 ], [ -76.559741426329154, 3.424994826442964 ], [ -76.55967991970688, 3.424482780284292 ], [ -76.559389711203139, 3.424188225672155 ], [ -76.558849251817406, 3.424100608609024 ], [ -76.5584003261948, 3.423877212916492 ], [ -76.558192963454658, 3.423646912086929 ], [ -76.559253176974423, 3.42296708104363 ], [ -76.559703086580868, 3.422189485582473 ], [ -76.560018013791833, 3.421909195007004 ], [ -76.559953992515958, 3.421885066534539 ], [ -76.559523145996977, 3.421755466285941 ], [ -76.558821326556966, 3.421719275519151 ], [ -76.558506416976684, 3.421402796735222 ], [ -76.558546222102038, 3.42111358145097 ], [ -76.558268485325584, 3.420900529142764 ], [ -76.558166076805136, 3.421022730505074 ], [ -76.557839668142691, 3.420739719793046 ], [ -76.55843491507494, 3.420231624192425 ], [ -76.558818951093116, 3.41974281778407 ], [ -76.559514263219214, 3.418003047876233 ], [ -76.559505275309348, 3.417686578527081 ], [ -76.559181382800006, 3.416945127334417 ], [ -76.558425604748564, 3.416158451096703 ], [ -76.558344600607697, 3.415552109946363 ], [ -76.558056720114337, 3.415579752621387 ], [ -76.557489860787854, 3.415832910280116 ], [ -76.554503273229571, 3.41726056053411 ], [ -76.55426510526506, 3.417993156962733 ], [ -76.553327780155755, 3.420030827171297 ], [ -76.552816000259455, 3.423930675119333 ], [ -76.5526675917245, 3.424321073152539 ], [ -76.552948267531789, 3.424686629267202 ], [ -76.553440516254057, 3.42469964630977 ], [ -76.553629301668551, 3.425094535645851 ], [ -76.553920938600569, 3.425264221868781 ], [ -76.553922462847538, 3.425551129813364 ], [ -76.554003811539346, 3.425665277831327 ], [ -76.55494621687798, 3.425917193322768 ], [ -76.555165685932337, 3.426452688838349 ], [ -76.555752510849317, 3.426520555066628 ], [ -76.555952894833851, 3.426721938755811 ], [ -76.556095039337336, 3.427094574411223 ], [ -76.556071017425552, 3.428369523246505 ], [ -76.556171210157061, 3.428447839877386 ], [ -76.556169850941515, 3.428651744723277 ], [ -76.556216004173393, 3.428657434893075 ] ] ] } },
{ "type": "Feature", "properties": { "OBJECTID": 212, "suelo": "Urbano", "barrio": "La Fortaleza", "comuna": "11", "cod_bar": "1107" }, "geometry": { "type": "Polygon", "coordinates": [ [ [ -76.514513922494714, 3.428471935760264 ], [ -76.515146789770682, 3.42856654268847 ], [ -76.515461165795074, 3.425107646934127 ], [ -76.510665286117217, 3.424641939193212 ], [ -76.5102968144665, 3.42805020152836 ], [ -76.511676567626196, 3.428183033405324 ], [ -76.514513922494714, 3.428471935760264 ] ] ] } },
{ "type": "Feature", "properties": { "OBJECTID": 213, "suelo": "Urbano", "barrio": "Eucaristico", "comuna": "19", "cod_bar": "1905" }, "geometry": { "type": "Polygon", "coordinates": [ [ [ -76.537507114311111, 3.426178198163897 ], [ -76.539109980908876, 3.428386750730551 ], [ -76.539161029312993, 3.42809303586587 ], [ -76.539702301414522, 3.426856023486428 ], [ -76.539800229754121, 3.426980689971593 ], [ -76.543831053894053, 3.424069593211833 ], [ -76.543534160644214, 3.423400473351691 ], [ -76.543659645145013, 3.42298586298782 ], [ -76.541775015218491, 3.422089182475619 ], [ -76.538531162785603, 3.421448026636782 ], [ -76.538072566568502, 3.423083726716472 ], [ -76.538108486309625, 3.424421940444936 ], [ -76.537507114311111, 3.426178198163897 ] ] ] } },
{ "type": "Feature", "properties": { "OBJECTID": 214, "suelo": "Urbano", "barrio": "Cristóbal Colón", "comuna": "10", "cod_bar": "1009" }, "geometry": { "type": "Polygon", "coordinates": [ [ [ -76.523397167869547, 3.425026850393274 ], [ -76.52338812446132, 3.425704996843395 ], [ -76.525979477606043, 3.425614753363293 ], [ -76.526124588549038, 3.428160894181052 ], [ -76.527814859711953, 3.428065246175157 ], [ -76.527536534747995, 3.422379048717847 ], [ -76.527359010564339, 3.418180243305275 ], [ -76.52125341642828, 3.41925669589462 ], [ -76.521063877271189, 3.421073044588388 ], [ -76.520636480932694, 3.424655497613832 ], [ -76.521405828002017, 3.424741461680834 ], [ -76.521384338946092, 3.424935692522441 ], [ -76.522514794123808, 3.425058094329109 ], [ -76.522578473275274, 3.42360720366661 ], [ -76.522524558749055, 3.422558331476634 ], [ -76.525007933871876, 3.422440956001764 ], [ -76.525052865110581, 3.423299946443781 ], [ -76.524243068419707, 3.423338824845453 ], [ -76.524243063286647, 3.423408394437974 ], [ -76.524293878028502, 3.424174772820032 ], [ -76.525097798102266, 3.424131810158712 ], [ -76.525133735178017, 3.424945590938549 ], [ -76.523397167869547, 3.425026850393274 ] ] ] } },
{ "type": "Feature", "properties": { "OBJECTID": 215, "suelo": "Urbano", "barrio": "León XIII", "comuna": "11", "cod_bar": "1116" }, "geometry": { "type": "Polygon", "coordinates": [ [ [ -76.50763633568944, 3.427044615771317 ], [ -76.508595664567366, 3.427901059224594 ], [ -76.509792350484574, 3.428091042002187 ], [ -76.5102968144665, 3.42805020152836 ], [ -76.510665286117217, 3.424641939193212 ], [ -76.50976639126462, 3.424544614613557 ], [ -76.508261884550549, 3.424378545606334 ], [ -76.508037939258614, 3.426291541457941 ], [ -76.507866942179703, 3.426761709230293 ], [ -76.50763633568944, 3.427044615771317 ] ] ] } },
{ "type": "Feature", "properties": { "OBJECTID": 216, "suelo": "Urbano", "barrio": "Los Conquistadores", "comuna": "11", "cod_bar": "1119" }, "geometry": { "type": "Polygon", "coordinates": [ [ [ -76.504977967121434, 3.426867663072467 ], [ -76.505752394523398, 3.427665723441655 ], [ -76.505928492257027, 3.427995097833422 ], [ -76.507400921966408, 3.42729896322144 ], [ -76.50763633568944, 3.427044615771317 ], [ -76.507866942179703, 3.426761709230293 ], [ -76.508037939258614, 3.426291541457941 ], [ -76.508261884550549, 3.424378545606334 ], [ -76.507156335031894, 3.424247980397175 ], [ -76.506470583579912, 3.423921650462027 ], [ -76.504979132528959, 3.426855176172098 ], [ -76.504977967121434, 3.426867663072467 ] ] ] } },
{ "type": "Feature", "properties": { "OBJECTID": 217, "suelo": "Urbano", "barrio": "Omar Torrijos", "comuna": "13", "cod_bar": "1307" }, "geometry": { "type": "Polygon", "coordinates": [ [ [ -76.484614333458168, 3.426265399284087 ], [ -76.487278658020344, 3.427680458781561 ], [ -76.489029255135932, 3.424302842964555 ], [ -76.488477092068422, 3.424011097117484 ], [ -76.487433044246742, 3.423088243558714 ], [ -76.486992513163798, 3.42359500804378 ], [ -76.486092311097181, 3.422807312486956 ], [ -76.484614333458168, 3.426265399284087 ] ] ] } },
{ "type": "Feature", "properties": { "OBJECTID": 218, "suelo": "Urbano", "barrio": "José Manuel Marroquín I", "comuna": "14", "cod_bar": "1406" }, "geometry": { "type": "Polygon", "coordinates": [ [ [ -76.476472158353104, 3.423911645275628 ], [ -76.476996937102982, 3.424774608765093 ], [ -76.477497331033533, 3.425882362403776 ], [ -76.477613650470616, 3.427484417744492 ], [ -76.484123657804247, 3.427390461073224 ], [ -76.484585127014341, 3.426333492126028 ], [ -76.483351361516, 3.425559376737139 ], [ -76.482279519531744, 3.424520676509423 ], [ -76.481505696506147, 3.42362692515666 ], [ -76.480313751321603, 3.422003704246771 ], [ -76.47944871877948, 3.420061698936598 ], [ -76.478517033558077, 3.419188752847047 ], [ -76.478697801857649, 3.418150565251408 ], [ -76.478166436892195, 3.417680572365354 ], [ -76.477327607021635, 3.417210690012537 ], [ -76.477128078472006, 3.417583646476739 ], [ -76.475634635319537, 3.419549064242585 ], [ -76.474756614683287, 3.420903634250732 ], [ -76.474619681038433, 3.421298357155443 ], [ -76.474661290845631, 3.421731978072076 ], [ -76.47547715934391, 3.422550262115804 ], [ -76.476472158353104, 3.423911645275628 ] ] ] } },
{ "type": "Feature", "properties": { "OBJECTID": 219, "suelo": "Urbano", "barrio": "Calipso", "comuna": "13", "cod_bar": "1315" }, "geometry": { "type": "Polygon", "coordinates": [ [ [ -76.496310264400421, 3.424894938607896 ], [ -76.499763966759275, 3.427363546169414 ], [ -76.502433539051623, 3.42485012685134 ], [ -76.50191599176361, 3.424528334069004 ], [ -76.501343786741757, 3.424464469383618 ], [ -76.499460819751818, 3.423869573724122 ], [ -76.497936359625285, 3.423714148362627 ], [ -76.496731515843038, 3.423096444061193 ], [ -76.495703029414273, 3.424247501900033 ], [ -76.49562590237727, 3.424337908430209 ], [ -76.496310264400421, 3.424894938607896 ] ] ] } },
{ "type": "Feature", "properties": { "OBJECTID": 220, "suelo": "Urbano", "barrio": "San Pedro Claver", "comuna": "11", "cod_bar": "1118" }, "geometry": { "type": "Polygon", "coordinates": [ [ [ -76.503418735098066, 3.42514231555457 ], [ -76.504979132528959, 3.426855176172098 ], [ -76.506470583579912, 3.423921650462027 ], [ -76.505716761617435, 3.423524497068766 ], [ -76.504791316200908, 3.422596448145532 ], [ -76.50273302487831, 3.424566721041649 ], [ -76.503418735098066, 3.42514231555457 ] ] ] } },
{ "type": "Feature", "properties": { "OBJECTID": 221, "suelo": "Urbano", "barrio": "Alfonso Bonilla Aragón", "comuna": "14", "cod_bar": "1401" }, "geometry": { "type": "Polygon", "coordinates": [ [ [ -76.478697801857649, 3.418150565251408 ], [ -76.478517033558077, 3.419188752847047 ], [ -76.47944871877948, 3.420061698936598 ], [ -76.480313751321603, 3.422003704246771 ], [ -76.481505696506147, 3.42362692515666 ], [ -76.482279519531744, 3.424520676509423 ], [ -76.483351361516, 3.425559376737139 ], [ -76.484585127014341, 3.426333492126028 ], [ -76.484614333458168, 3.426265399284087 ], [ -76.486092311097181, 3.422807312486956 ], [ -76.487490014211545, 3.419565509234451 ], [ -76.487722380399333, 3.419410509507999 ], [ -76.488088459099885, 3.419435701187849 ], [ -76.486512405122369, 3.418266283498507 ], [ -76.485552093648252, 3.417395976297425 ], [ -76.48405975019007, 3.415389598556625 ], [ -76.48288936178777, 3.415151690142101 ], [ -76.482676247466287, 3.415115237219386 ], [ -76.482374607422543, 3.41507862065078 ], [ -76.481611845973134, 3.414995407438152 ], [ -76.481553164936713, 3.41498275445086 ], [ -76.481298706039937, 3.41489518091046 ], [ -76.481193680598338, 3.414848257934265 ], [ -76.481036252229316, 3.414755783992689 ], [ -76.480687049833051, 3.414528817597458 ], [ -76.479754091370481, 3.41343646817871 ], [ -76.479584678333907, 3.413349433112649 ], [ -76.478697801857649, 3.418150565251408 ] ] ] } },
{ "type": "Feature", "properties": { "OBJECTID": 222, "suelo": "Urbano", "barrio": "La Sultana", "comuna": "20", "cod_bar": "2099" }, "geometry": { "type": "Polygon", "coordinates": [ [ [ -76.563560143189193, 3.425747665870888 ], [ -76.564224119558702, 3.426042200289745 ], [ -76.564853092726139, 3.424227253020382 ], [ -76.568182909750789, 3.419705218459324 ], [ -76.568251458296629, 3.418773840919498 ], [ -76.568034517957074, 3.419070929257525 ], [ -76.567710503977978, 3.419191947356577 ], [ -76.566326644135231, 3.418909177736321 ], [ -76.566077772006139, 3.419219175439483 ], [ -76.566232645852992, 3.419692888817891 ], [ -76.565916137115636, 3.419848528437216 ], [ -76.565524708292315, 3.420196187048963 ], [ -76.565081939365612, 3.42017249089956 ], [ -76.564650109974465, 3.420290060789763 ], [ -76.564457269594882, 3.420572888051518 ], [ -76.564163721145761, 3.420403489973086 ], [ -76.564390618467485, 3.41999814381329 ], [ -76.564062862150408, 3.419372826431702 ], [ -76.563694397231487, 3.419833587963481 ], [ -76.563879384084686, 3.420021942147609 ], [ -76.563879380576111, 3.420144246144462 ], [ -76.563415662298041, 3.420947773779868 ], [ -76.563545877446998, 3.421330589179003 ], [ -76.563180733941422, 3.422392180962695 ], [ -76.563531003202684, 3.423123962860337 ], [ -76.5635850137364, 3.423428560777932 ], [ -76.563511219507632, 3.424002143216024 ], [ -76.563754426618942, 3.424829935380594 ], [ -76.563642520258497, 3.425633275263792 ], [ -76.563560143189193, 3.425747665870888 ] ] ] } },
{ "type": "Feature", "properties": { "OBJECTID": 223, "suelo": "Urbano", "barrio": "Lleras Camargo", "comuna": "20", "cod_bar": "2004" }, "geometry": { "type": "Polygon", "coordinates": [ [ [ -76.559741426329154, 3.424994826442964 ], [ -76.561972886222463, 3.42504356728111 ], [ -76.563560143189193, 3.425747665870888 ], [ -76.563642520258497, 3.425633275263792 ], [ -76.563754426618942, 3.424829935380594 ], [ -76.563511219507632, 3.424002143216024 ], [ -76.5635850137364, 3.423428560777932 ], [ -76.563531003202684, 3.423123962860337 ], [ -76.563180733941422, 3.422392180962695 ], [ -76.563545877446998, 3.421330589179003 ], [ -76.563415662298041, 3.420947773779868 ], [ -76.563879380576111, 3.420144246144462 ], [ -76.563879384084686, 3.420021942147609 ], [ -76.563694397231487, 3.419833587963481 ], [ -76.564062862150408, 3.419372826431702 ], [ -76.56382080494663, 3.418820346003812 ], [ -76.563387204639895, 3.41874121070244 ], [ -76.563142913210527, 3.418275795045429 ], [ -76.562669305691529, 3.417816396986054 ], [ -76.562499200083153, 3.417530972159461 ], [ -76.562317846479445, 3.417491805944488 ], [ -76.562143981323942, 3.417675554841469 ], [ -76.56196412658926, 3.417654463331915 ], [ -76.561189265764128, 3.417027870444078 ], [ -76.560836697889556, 3.416982852078187 ], [ -76.560532340994456, 3.416650944351668 ], [ -76.560408037442016, 3.416816144015649 ], [ -76.560239037931836, 3.416670492667317 ], [ -76.56013512140872, 3.417324920088905 ], [ -76.560058304023627, 3.417939559122693 ], [ -76.560225057048839, 3.418699302108111 ], [ -76.560386996545333, 3.419305118891785 ], [ -76.560324002816159, 3.419648711644804 ], [ -76.560027060763034, 3.420254515041018 ], [ -76.559676143788224, 3.420543847234403 ], [ -76.55980631669172, 3.420921353720578 ], [ -76.559680532173303, 3.421348341934475 ], [ -76.560099006243263, 3.421466140182197 ], [ -76.559953992515958, 3.421885066534539 ], [ -76.560018013791833, 3.421909195007004 ], [ -76.559703086580868, 3.422189485582473 ], [ -76.559253176974423, 3.42296708104363 ], [ -76.558192963454658, 3.423646912086929 ], [ -76.5584003261948, 3.423877212916492 ], [ -76.558849251817406, 3.424100608609024 ], [ -76.559389711203139, 3.424188225672155 ], [ -76.55967991970688, 3.424482780284292 ], [ -76.559741426329154, 3.424994826442964 ] ] ] } },
{ "type": "Feature", "properties": { "OBJECTID": 224, "suelo": "Urbano", "barrio": "Urbanización Boyaca", "comuna": "11", "cod_bar": "1105" }, "geometry": { "type": "Polygon", "coordinates": [ [ [ -76.51905683595254, 3.421028419743609 ], [ -76.51862445132862, 3.425366565575182 ], [ -76.520238933242481, 3.425478724628697 ], [ -76.520506842839197, 3.425607626582433 ], [ -76.520636480932694, 3.424655497613832 ], [ -76.521063877271189, 3.421073044588388 ], [ -76.520136878604816, 3.421124137012956 ], [ -76.51905683595254, 3.421028419743609 ] ] ] } },
{ "type": "Feature", "properties": { "OBJECTID": 225, "suelo": "Urbano", "barrio": "Manuela Beltrán", "comuna": "14", "cod_bar": "1403" }, "geometry": { "type": "Polygon", "coordinates": [ [ [ -76.467516418250682, 3.421814032180459 ], [ -76.46766702418067, 3.421894568101168 ], [ -76.469816430793699, 3.425681377641989 ], [ -76.472119132648842, 3.424922464986078 ], [ -76.476472158353104, 3.423911645275628 ], [ -76.47547715934391, 3.422550262115804 ], [ -76.474661290845631, 3.421731978072076 ], [ -76.474619681038433, 3.421298357155443 ], [ -76.474756614683287, 3.420903634250732 ], [ -76.475634635319537, 3.419549064242585 ], [ -76.477128078472006, 3.417583646476739 ], [ -76.477327607021635, 3.417210690012537 ], [ -76.471901344315626, 3.414135952576418 ], [ -76.468960503275653, 3.419258859422972 ], [ -76.468648166350917, 3.419818916456428 ], [ -76.467894057340288, 3.421167372726412 ], [ -76.467516418250682, 3.421814032180459 ] ] ] } },
{ "type": "Feature", "properties": { "OBJECTID": 226, "suelo": "Urbano", "barrio": "Urbanización Nueva Granada", "comuna": "19", "cod_bar": "1907" }, "geometry": { "type": "Polygon", "coordinates": [ [ [ -76.546642349135524, 3.424432210476655 ], [ -76.552234870661252, 3.425417209549876 ], [ -76.552449476278511, 3.424718556961649 ], [ -76.5526675917245, 3.424321073152539 ], [ -76.552816000259455, 3.423930675119333 ], [ -76.547444014926668, 3.422242013185346 ], [ -76.546642349135524, 3.424432210476655 ] ] ] } },
{ "type": "Feature", "properties": { "OBJECTID": 227, "suelo": "Urbano", "barrio": "San Carlos", "comuna": "11", "cod_bar": "1101" }, "geometry": { "type": "Polygon", "coordinates": [ [ [ -76.510665286117217, 3.424641939193212 ], [ -76.515461165795074, 3.425107646934127 ], [ -76.516033003486868, 3.419560058714982 ], [ -76.51125323450502, 3.419831434905154 ], [ -76.511151664321758, 3.420025715361708 ], [ -76.510665286117217, 3.424641939193212 ] ] ] } },
{ "type": "Feature", "properties": { "OBJECTID": 228, "suelo": "Urbano", "barrio": "La Libertad", "comuna": "10", "cod_bar": "1003" }, "geometry": { "type": "Polygon", "coordinates": [ [ [ -76.522514794123808, 3.425058094329109 ], [ -76.523397167869547, 3.425026850393274 ], [ -76.525133735178017, 3.424945590938549 ], [ -76.525097798102266, 3.424131810158712 ], [ -76.524293878028502, 3.424174772820032 ], [ -76.524243063286647, 3.423408394437974 ], [ -76.524243068419707, 3.423338824845453 ], [ -76.525052865110581, 3.423299946443781 ], [ -76.525007933871876, 3.422440956001764 ], [ -76.522524558749055, 3.422558331476634 ], [ -76.522578473275274, 3.42360720366661 ], [ -76.522514794123808, 3.425058094329109 ] ] ] } },
{ "type": "Feature", "properties": { "OBJECTID": 229, "suelo": "Urbano", "barrio": "Sector Asprosocial - Diamante", "comuna": "13", "cod_bar": "1399" }, "geometry": { "type": "Polygon", "coordinates": [ [ [ -76.496731515843038, 3.423096444061193 ], [ -76.497936359625285, 3.423714148362627 ], [ -76.499460819751818, 3.423869573724122 ], [ -76.501343786741757, 3.424464469383618 ], [ -76.50191599176361, 3.424528334069004 ], [ -76.502433539051623, 3.42485012685134 ], [ -76.50273302487831, 3.424566721041649 ], [ -76.502171614720595, 3.424057656332683 ], [ -76.501955663306887, 3.424120930336599 ], [ -76.501127890402685, 3.423930972430898 ], [ -76.500075234934016, 3.423099014040933 ], [ -76.498383709365712, 3.422637714119444 ], [ -76.4979078376616, 3.422150850463686 ], [ -76.496731515843038, 3.423096444061193 ] ] ] } },
{ "type": "Feature", "properties": { "OBJECTID": 230, "suelo": "Urbano", "barrio": "Olímpico", "comuna": "10", "cod_bar": "1008" }, "geometry": { "type": "Polygon", "coordinates": [ [ [ -76.534011227140979, 3.424659677419062 ], [ -76.53528200933863, 3.420787076034677 ], [ -76.535289129757672, 3.420765034386526 ], [ -76.532991090245631, 3.420015774312158 ], [ -76.531027453248385, 3.419367489960546 ], [ -76.52977279958813, 3.423251457543333 ], [ -76.531765125168462, 3.42386097683255 ], [ -76.532071036459499, 3.424041834584572 ], [ -76.533276708140619, 3.424430710346078 ], [ -76.534011227140979, 3.424659677419062 ] ] ] } },
{ "type": "Feature", "properties": { "OBJECTID": 231, "suelo": "Urbano", "barrio": "José María Córdoba", "comuna": "11", "cod_bar": "1117" }, "geometry": { "type": "Polygon", "coordinates": [ [ [ -76.50976639126462, 3.424544614613557 ], [ -76.510665286117217, 3.424641939193212 ], [ -76.511151664321758, 3.420025715361708 ], [ -76.51125323450502, 3.419831434905154 ], [ -76.510248203299568, 3.41989182829895 ], [ -76.50976639126462, 3.424544614613557 ] ] ] } },
{ "type": "Feature", "properties": { "OBJECTID": 232, "suelo": "Urbano", "barrio": "El Diamante", "comuna": "13", "cod_bar": "1308" }, "geometry": { "type": "Polygon", "coordinates": [ [ [ -76.4979078376616, 3.422150850463686 ], [ -76.498383709365712, 3.422637714119444 ], [ -76.500075234934016, 3.423099014040933 ], [ -76.501127890402685, 3.423930972430898 ], [ -76.501955663306887, 3.424120930336599 ], [ -76.502171614720595, 3.424057656332683 ], [ -76.50273302487831, 3.424566721041649 ], [ -76.504791316200908, 3.422596448145532 ], [ -76.506547913382136, 3.420888615029518 ], [ -76.503050487590286, 3.417212434098982 ], [ -76.500684344556788, 3.419379729747853 ], [ -76.4979078376616, 3.422150850463686 ] ] ] } },
{ "type": "Feature", "properties": { "OBJECTID": 233, "suelo": "Urbano", "barrio": "Primavera", "comuna": "11", "cod_bar": "1122" }, "geometry": { "type": "Polygon", "coordinates": [ [ [ -76.508261884550549, 3.424378545606334 ], [ -76.50976639126462, 3.424544614613557 ], [ -76.510248203299568, 3.41989182829895 ], [ -76.50855874169055, 3.420005738702432 ], [ -76.508119391722445, 3.420667441223287 ], [ -76.506470583579912, 3.423921650462027 ], [ -76.507156335031894, 3.424247980397175 ], [ -76.508261884550549, 3.424378545606334 ] ] ] } },
{ "type": "Feature", "properties": { "OBJECTID": 234, "suelo": "Urbano", "barrio": "Urbanización Tequendama", "comuna": "19", "cod_bar": "1904" }, "geometry": { "type": "Polygon", "coordinates": [ [ [ -76.543659645145013, 3.42298586298782 ], [ -76.546642349135524, 3.424432210476655 ], [ -76.547444014926668, 3.422242013185346 ], [ -76.548204111500993, 3.420145575923295 ], [ -76.548312107192743, 3.419594019843012 ], [ -76.548323813457969, 3.418853924031836 ], [ -76.544076799682372, 3.416782922595039 ], [ -76.543638573491251, 3.417794496794422 ], [ -76.541775015218491, 3.422089182475619 ], [ -76.543659645145013, 3.42298586298782 ] ] ] } },
{ "type": "Feature", "properties": { "OBJECTID": 235, "suelo": "Urbano", "barrio": "El Poblado II", "comuna": "13", "cod_bar": "1304" }, "geometry": { "type": "Polygon", "coordinates": [ [ [ -76.486092311097181, 3.422807312486956 ], [ -76.486992513163798, 3.42359500804378 ], [ -76.487433044246742, 3.423088243558714 ], [ -76.488477092068422, 3.424011097117484 ], [ -76.489029255135932, 3.424302842964555 ], [ -76.489071568875246, 3.42407496306076 ], [ -76.489520887005213, 3.423432520872362 ], [ -76.491134800177463, 3.421915038103206 ], [ -76.491704787685578, 3.422403190164803 ], [ -76.492401229079533, 3.422004810525781 ], [ -76.492889770512193, 3.421605127726469 ], [ -76.494140741715398, 3.42088610124769 ], [ -76.494015874040272, 3.420682893720945 ], [ -76.494757868907158, 3.420232196055557 ], [ -76.495261821318906, 3.419391342626551 ], [ -76.494290163675799, 3.418459924060417 ], [ -76.493885318616393, 3.417953532472702 ], [ -76.494453995804434, 3.416686023774353 ], [ -76.493459714398128, 3.416685685779849 ], [ -76.493079773643629, 3.416892652106574 ], [ -76.492194086970855, 3.417848359147597 ], [ -76.491548018073701, 3.418221813353969 ], [ -76.490242638057836, 3.418646334166443 ], [ -76.488887937411548, 3.419446996255831 ], [ -76.488088459099885, 3.419435701187849 ], [ -76.487722380399333, 3.419410509507999 ], [ -76.487490014211545, 3.419565509234451 ], [ -76.486092311097181, 3.422807312486956 ] ] ] } },
{ "type": "Feature", "properties": { "OBJECTID": 236, "suelo": "Urbano", "barrio": "Los Robles", "comuna": "13", "cod_bar": "1311" }, "geometry": { "type": "Polygon", "coordinates": [ [ [ -76.492401229079533, 3.422004810525781 ], [ -76.493560908419781, 3.422944668902574 ], [ -76.494111489312303, 3.422792165853383 ], [ -76.494669986774539, 3.422819161490517 ], [ -76.494619090929604, 3.42343682498675 ], [ -76.495703029414273, 3.424247501900033 ], [ -76.496731515843038, 3.423096444061193 ], [ -76.4979078376616, 3.422150850463686 ], [ -76.495261821318906, 3.419391342626551 ], [ -76.494757868907158, 3.420232196055557 ], [ -76.494015874040272, 3.420682893720945 ], [ -76.494140741715398, 3.42088610124769 ], [ -76.492889770512193, 3.421605127726469 ], [ -76.492401229079533, 3.422004810525781 ] ] ] } },
{ "type": "Feature", "properties": { "OBJECTID": 237, "suelo": "Urbano", "barrio": "El Lido", "comuna": "19", "cod_bar": "1903" }, "geometry": { "type": "Polygon", "coordinates": [ [ [ -76.547444014926668, 3.422242013185346 ], [ -76.552816000259455, 3.423930675119333 ], [ -76.553327780155755, 3.420030827171297 ], [ -76.55426510526506, 3.417993156962733 ], [ -76.554503273229571, 3.41726056053411 ], [ -76.554745622828449, 3.41611798423975 ], [ -76.553278758399713, 3.415627737600665 ], [ -76.548132796250883, 3.413942911864235 ], [ -76.54825832383257, 3.414828898099329 ], [ -76.548323813457969, 3.418853924031836 ], [ -76.548312107192743, 3.419594019843012 ], [ -76.548204111500993, 3.420145575923295 ], [ -76.547444014926668, 3.422242013185346 ] ] ] } },
{ "type": "Feature", "properties": { "OBJECTID": 238, "suelo": "Urbano", "barrio": "La Gran Colombia", "comuna": "11", "cod_bar": "1120" }, "geometry": { "type": "Polygon", "coordinates": [ [ [ -76.504791316200908, 3.422596448145532 ], [ -76.505716761617435, 3.423524497068766 ], [ -76.506470583579912, 3.423921650462027 ], [ -76.508119391722445, 3.420667441223287 ], [ -76.50855874169055, 3.420005738702432 ], [ -76.507950567307063, 3.419517445250123 ], [ -76.506547913382136, 3.420888615029518 ], [ -76.504791316200908, 3.422596448145532 ] ] ] } },
{ "type": "Feature", "properties": { "OBJECTID": 239, "suelo": "Urbano", "barrio": "El Dorado", "comuna": "10", "cod_bar": "1001" }, "geometry": { "type": "Polygon", "coordinates": [ [ [ -76.527536534747995, 3.422379048717847 ], [ -76.52977279958813, 3.423251457543333 ], [ -76.531027453248385, 3.419367489960546 ], [ -76.527359010564339, 3.418180243305275 ], [ -76.527536534747995, 3.422379048717847 ] ] ] } },
{ "type": "Feature", "properties": { "OBJECTID": 240, "suelo": "Urbano", "barrio": "El Poblado I", "comuna": "13", "cod_bar": "1303" }, "geometry": { "type": "Polygon", "coordinates": [ [ [ -76.495261821318906, 3.419391342626551 ], [ -76.4979078376616, 3.422150850463686 ], [ -76.500684344556788, 3.419379729747853 ], [ -76.496762044283798, 3.415059718767462 ], [ -76.495050361127682, 3.41663149899913 ], [ -76.494453995804434, 3.416686023774353 ], [ -76.493885318616393, 3.417953532472702 ], [ -76.494290163675799, 3.418459924060417 ], [ -76.495261821318906, 3.419391342626551 ] ] ] } },
{ "type": "Feature", "properties": { "OBJECTID": 241, "suelo": "Urbano", "barrio": "Los Cámbulos", "comuna": "19", "cod_bar": "1916" }, "geometry": { "type": "Polygon", "coordinates": [ [ [ -76.538531162785603, 3.421448026636782 ], [ -76.541775015218491, 3.422089182475619 ], [ -76.543638573491251, 3.417794496794422 ], [ -76.539962071197365, 3.416701346952442 ], [ -76.536919591388084, 3.415790985733445 ], [ -76.535289129757672, 3.420765034386526 ], [ -76.53528200933863, 3.420787076034677 ], [ -76.538531162785603, 3.421448026636782 ] ] ] } },
{ "type": "Feature", "properties": { "OBJECTID": 242, "suelo": "Urbano", "barrio": "Tierra Blanca", "comuna": "20", "cod_bar": "2007" }, "geometry": { "type": "Polygon", "coordinates": [ [ [ -76.559514263219214, 3.418003047876233 ], [ -76.558818951093116, 3.41974281778407 ], [ -76.55843491507494, 3.420231624192425 ], [ -76.557839668142691, 3.420739719793046 ], [ -76.558166076805136, 3.421022730505074 ], [ -76.558268485325584, 3.420900529142764 ], [ -76.558546222102038, 3.42111358145097 ], [ -76.558506416976684, 3.421402796735222 ], [ -76.558821326556966, 3.421719275519151 ], [ -76.559523145996977, 3.421755466285941 ], [ -76.559953992515958, 3.421885066534539 ], [ -76.560099006243263, 3.421466140182197 ], [ -76.559680532173303, 3.421348341934475 ], [ -76.55980631669172, 3.420921353720578 ], [ -76.559676143788224, 3.420543847234403 ], [ -76.560027060763034, 3.420254515041018 ], [ -76.560324002816159, 3.419648711644804 ], [ -76.560386996545333, 3.419305118891785 ], [ -76.560225057048839, 3.418699302108111 ], [ -76.559514263219214, 3.418003047876233 ] ] ] } },
{ "type": "Feature", "properties": { "OBJECTID": 243, "suelo": "Urbano", "barrio": "Los Lideres", "comuna": "21", "cod_bar": "2105" }, "geometry": { "type": "Polygon", "coordinates": [ [ [ -76.464940287537388, 3.420423090606979 ], [ -76.466913233659227, 3.420648944291103 ], [ -76.467894057340288, 3.421167372726412 ], [ -76.468648166350917, 3.419818916456428 ], [ -76.467830666114381, 3.419338021934963 ], [ -76.46456047526884, 3.418098200982623 ], [ -76.464432340230786, 3.420365981663916 ], [ -76.464940287537388, 3.420423090606979 ] ] ] } },
{ "type": "Feature", "properties": { "OBJECTID": 244, "suelo": "Urbano", "barrio": "La Esperanza", "comuna": "11", "cod_bar": "1104" }, "geometry": { "type": "Polygon", "coordinates": [ [ [ -76.51905683595254, 3.421028419743609 ], [ -76.520136878604816, 3.421124137012956 ], [ -76.521063877271189, 3.421073044588388 ], [ -76.52125341642828, 3.41925669589462 ], [ -76.518665019339338, 3.419407255214237 ], [ -76.518628738667047, 3.420017256077309 ], [ -76.51905683595254, 3.421028419743609 ] ] ] } },
{ "type": "Feature", "properties": { "OBJECTID": 245, "suelo": "Urbano", "barrio": "Antonio Nariño", "comuna": "16", "cod_bar": "1604" }, "geometry": { "type": "Polygon", "coordinates": [ [ [ -76.503050487590286, 3.417212434098982 ], [ -76.506547913382136, 3.420888615029518 ], [ -76.507950567307063, 3.419517445250123 ], [ -76.511554018881213, 3.416092043048563 ], [ -76.50406951277354, 3.408205221383937 ], [ -76.501803532089681, 3.410308730666233 ], [ -76.500494768280987, 3.411457442636493 ], [ -76.504560923246004, 3.415756759004585 ], [ -76.503050487590286, 3.417212434098982 ] ] ] } },
{ "type": "Feature", "properties": { "OBJECTID": 246, "suelo": "Urbano", "barrio": "Departamental", "comuna": "10", "cod_bar": "1011" }, "geometry": { "type": "Polygon", "coordinates": [ [ [ -76.532991090245631, 3.420015774312158 ], [ -76.535289129757672, 3.420765034386526 ], [ -76.536919591388084, 3.415790985733445 ], [ -76.538715161633107, 3.410286821169549 ], [ -76.536484755078334, 3.409553697267943 ], [ -76.533932694277638, 3.417322707324148 ], [ -76.532991090245631, 3.420015774312158 ] ] ] } },
{ "type": "Feature", "properties": { "OBJECTID": 247, "suelo": "Urbano", "barrio": "Brisas de Mayo", "comuna": "20", "cod_bar": "2006" }, "geometry": { "type": "Polygon", "coordinates": [ [ [ -76.564062862150408, 3.419372826431702 ], [ -76.564390618467485, 3.41999814381329 ], [ -76.564163721145761, 3.420403489973086 ], [ -76.564457269594882, 3.420572888051518 ], [ -76.564650109974465, 3.420290060789763 ], [ -76.565081939365612, 3.42017249089956 ], [ -76.565524708292315, 3.420196187048963 ], [ -76.565916137115636, 3.419848528437216 ], [ -76.566232645852992, 3.419692888817891 ], [ -76.566077772006139, 3.419219175439483 ], [ -76.566326644135231, 3.418909177736321 ], [ -76.567089739146368, 3.418248764356524 ], [ -76.566744339460158, 3.417762325733596 ], [ -76.566460429743074, 3.417574012157307 ], [ -76.565972111120729, 3.416969137062036 ], [ -76.565546243511889, 3.416820764623282 ], [ -76.564660428579316, 3.41688351112154 ], [ -76.564524151434284, 3.41682644380871 ], [ -76.564262953863022, 3.416649543069258 ], [ -76.564061382780054, 3.416332841185918 ], [ -76.56375475935431, 3.41620158881343 ], [ -76.563266438316234, 3.415813550713627 ], [ -76.562925742522268, 3.415733652400618 ], [ -76.56248852227813, 3.415471153535398 ], [ -76.562341472873044, 3.415191155539152 ], [ -76.561883792396017, 3.415242885516294 ], [ -76.561259188028657, 3.415037442533866 ], [ -76.56102249931314, 3.414819207335251 ], [ -76.560261160153544, 3.414955926478101 ], [ -76.559511936731155, 3.415332355392162 ], [ -76.559696698107203, 3.415460268646237 ], [ -76.559992211715297, 3.415952503267406 ], [ -76.560273054031612, 3.416027250327396 ], [ -76.560518133411577, 3.416447296041455 ], [ -76.560532340994456, 3.416650944351668 ], [ -76.560836697889556, 3.416982852078187 ], [ -76.561189265764128, 3.417027870444078 ], [ -76.56196412658926, 3.417654463331915 ], [ -76.562143981323942, 3.417675554841469 ], [ -76.562317846479445, 3.417491805944488 ], [ -76.562499200083153, 3.417530972159461 ], [ -76.562669305691529, 3.417816396986054 ], [ -76.563142913210527, 3.418275795045429 ], [ -76.563387204639895, 3.41874121070244 ], [ -76.56382080494663, 3.418820346003812 ], [ -76.564062862150408, 3.419372826431702 ] ] ] } },
{ "type": "Feature", "properties": { "OBJECTID": 248, "suelo": "Urbano", "barrio": "El Remanso", "comuna": "21", "cod_bar": "2104" }, "geometry": { "type": "Polygon", "coordinates": [ [ [ -76.462923402743954, 3.420234118561864 ], [ -76.464432340230786, 3.420365981663916 ], [ -76.46456047526884, 3.418098200982623 ], [ -76.467830666114381, 3.419338021934963 ], [ -76.468648166350917, 3.419818916456428 ], [ -76.468960503275653, 3.419258859422972 ], [ -76.468684947325428, 3.419092664397983 ], [ -76.468182296906818, 3.418497590333313 ], [ -76.464358376116138, 3.416295211683412 ], [ -76.46422142327296, 3.416387055214318 ], [ -76.46344330540316, 3.417046208675192 ], [ -76.463153342071081, 3.417578907952636 ], [ -76.462923402743954, 3.420234118561864 ] ] ] } },
{ "type": "Feature", "properties": { "OBJECTID": 249, "suelo": "Urbano", "barrio": "Pasoancho", "comuna": "10", "cod_bar": "1012" }, "geometry": { "type": "Polygon", "coordinates": [ [ [ -76.531027453248385, 3.419367489960546 ], [ -76.532991090245631, 3.420015774312158 ], [ -76.533932694277638, 3.417322707324148 ], [ -76.531914135557329, 3.416628835210781 ], [ -76.531027453248385, 3.419367489960546 ] ] ] } },
{ "type": "Feature", "properties": { "OBJECTID": 250, "suelo": "Urbano", "barrio": "Los Sauces", "comuna": "11", "cod_bar": "1113" }, "geometry": { "type": "Polygon", "coordinates": [ [ [ -76.507950567307063, 3.419517445250123 ], [ -76.50855874169055, 3.420005738702432 ], [ -76.510248203299568, 3.41989182829895 ], [ -76.51125323450502, 3.419831434905154 ], [ -76.516033003486868, 3.419560058714982 ], [ -76.516189940319109, 3.417642691606627 ], [ -76.515857631269299, 3.417666133961103 ], [ -76.515560728451007, 3.417412935511807 ], [ -76.514474142786412, 3.414609774879885 ], [ -76.513822443378729, 3.413920578420707 ], [ -76.511554018881213, 3.416092043048563 ], [ -76.507950567307063, 3.419517445250123 ] ] ] } },
{ "type": "Feature", "properties": { "OBJECTID": 251, "suelo": "Urbano", "barrio": "Maracaibo", "comuna": "11", "cod_bar": "1102" }, "geometry": { "type": "Polygon", "coordinates": [ [ [ -76.516189940319109, 3.417642691606627 ], [ -76.516033003486868, 3.419560058714982 ], [ -76.518061909926502, 3.419447987758514 ], [ -76.518134048939856, 3.417539718102122 ], [ -76.516189940319109, 3.417642691606627 ] ] ] } },
{ "type": "Feature", "properties": { "OBJECTID": 252, "suelo": "Urbano", "barrio": "La Independencia", "comuna": "11", "cod_bar": "1103" }, "geometry": { "type": "Polygon", "coordinates": [ [ [ -76.516189940319109, 3.417642691606627 ], [ -76.518134048939856, 3.417539718102122 ], [ -76.518061909926502, 3.419447987758514 ], [ -76.518665019339338, 3.419407255214237 ], [ -76.52125341642828, 3.41925669589462 ], [ -76.521455456916371, 3.416278085300906 ], [ -76.521567595982788, 3.414392741184759 ], [ -76.514474142786412, 3.414609774879885 ], [ -76.515560728451007, 3.417412935511807 ], [ -76.515857631269299, 3.417666133961103 ], [ -76.516189940319109, 3.417642691606627 ] ] ] } },
{ "type": "Feature", "properties": { "OBJECTID": 253, "suelo": "Urbano", "barrio": "El Vergel", "comuna": "13", "cod_bar": "1302" }, "geometry": { "type": "Polygon", "coordinates": [ [ [ -76.496762044283798, 3.415059718767462 ], [ -76.500684344556788, 3.419379729747853 ], [ -76.503050487590286, 3.417212434098982 ], [ -76.504560923246004, 3.415756759004585 ], [ -76.500494768280987, 3.411457442636493 ], [ -76.497663409279085, 3.41418469269443 ], [ -76.496762044283798, 3.415059718767462 ] ] ] } },
{ "type": "Feature", "properties": { "OBJECTID": 254, "suelo": "Urbano", "barrio": "El Guabal", "comuna": "10", "cod_bar": "1002" }, "geometry": { "type": "Polygon", "coordinates": [ [ [ -76.527359010564339, 3.418180243305275 ], [ -76.531027453248385, 3.419367489960546 ], [ -76.531914135557329, 3.416628835210781 ], [ -76.532638458276764, 3.4143940845209 ], [ -76.530793017762136, 3.413782024708071 ], [ -76.529534798011952, 3.413371711468001 ], [ -76.529003490925618, 3.413200320032316 ], [ -76.52872560279296, 3.413200302569416 ], [ -76.528495126112006, 3.414017496094652 ], [ -76.526835057776765, 3.413308684592523 ], [ -76.527018117880573, 3.412685827503 ], [ -76.525253867123226, 3.412156224290984 ], [ -76.525198326722261, 3.412138595492825 ], [ -76.524315625809777, 3.414773316799052 ], [ -76.524270620752802, 3.415269641735058 ], [ -76.524432440351276, 3.416203631020435 ], [ -76.523419431570829, 3.416439876093837 ], [ -76.521455456916371, 3.416278085300906 ], [ -76.52125341642828, 3.41925669589462 ], [ -76.527359010564339, 3.418180243305275 ] ] ] } },
{ "type": "Feature", "properties": { "OBJECTID": 255, "suelo": "Urbano", "barrio": "Calimio Desepaz", "comuna": "21", "cod_bar": "2103" }, "geometry": { "type": "Polygon", "coordinates": [ [ [ -76.464358376116138, 3.416295211683412 ], [ -76.468182296906818, 3.418497590333313 ], [ -76.468684947325428, 3.419092664397983 ], [ -76.468960503275653, 3.419258859422972 ], [ -76.471901344315626, 3.414135952576418 ], [ -76.473133640585559, 3.411875635643205 ], [ -76.472241985159073, 3.411389750061193 ], [ -76.470510112674447, 3.411180206525461 ], [ -76.470572024557939, 3.411049830432968 ], [ -76.469942150545492, 3.410746401089966 ], [ -76.467325520962333, 3.410542701325858 ], [ -76.467357412915106, 3.411212760618667 ], [ -76.466112172544726, 3.41441783724253 ], [ -76.465418850943138, 3.415616020695413 ], [ -76.464358376116138, 3.416295211683412 ] ] ] } },
{ "type": "Feature", "properties": { "OBJECTID": 256, "suelo": "Urbano", "barrio": "Mojica", "comuna": "15", "cod_bar": "1598" }, "geometry": { "type": "Polygon", "coordinates": [ [ [ -76.488088459099885, 3.419435701187849 ], [ -76.488887937411548, 3.419446996255831 ], [ -76.490242638057836, 3.418646334166443 ], [ -76.491548018073701, 3.418221813353969 ], [ -76.492194086970855, 3.417848359147597 ], [ -76.493079773643629, 3.416892652106574 ], [ -76.490048014405374, 3.413688755961584 ], [ -76.491230114524399, 3.412606906069264 ], [ -76.48934955577397, 3.410562137013665 ], [ -76.489291655840773, 3.410606831227943 ], [ -76.486770261119375, 3.412150816195828 ], [ -76.483540319988478, 3.413542856185429 ], [ -76.483440564243097, 3.413619278387101 ], [ -76.483434342189668, 3.413952841649649 ], [ -76.482986794054071, 3.414463098711913 ], [ -76.48288936178777, 3.415151690142101 ], [ -76.48405975019007, 3.415389598556625 ], [ -76.485552093648252, 3.417395976297425 ], [ -76.486512405122369, 3.418266283498507 ], [ -76.488088459099885, 3.419435701187849 ] ] ] } },
{ "type": "Feature", "properties": { "OBJECTID": 257, "suelo": "Urbano", "barrio": "Cementerio - Carabineros", "comuna": "20", "cod_bar": "2097" }, "geometry": { "type": "Polygon", "coordinates": [ [ [ -76.566326644135231, 3.418909177736321 ], [ -76.567710503977978, 3.419191947356577 ], [ -76.568034517957074, 3.419070929257525 ], [ -76.568251458296629, 3.418773840919498 ], [ -76.568808180169157, 3.411209588685078 ], [ -76.566349773746381, 3.411925258810594 ], [ -76.56622664634962, 3.41223191581424 ], [ -76.566084221282551, 3.412318542631574 ], [ -76.563939185277789, 3.412627002129895 ], [ -76.563566937954818, 3.41281373874335 ], [ -76.563842402677949, 3.413331006590041 ], [ -76.563765309766723, 3.413418803723659 ], [ -76.564298232486067, 3.414219680039478 ], [ -76.564278815035934, 3.414524515482702 ], [ -76.564011958642098, 3.414968217547235 ], [ -76.564320317451546, 3.415081848823485 ], [ -76.564314034202809, 3.415176521844404 ], [ -76.565720885135207, 3.415421309017014 ], [ -76.566623714646965, 3.4161260532535 ], [ -76.567130477768117, 3.417166030700594 ], [ -76.566975735214214, 3.41755262552829 ], [ -76.567131876288073, 3.418049073752756 ], [ -76.567089739146368, 3.418248764356524 ], [ -76.566326644135231, 3.418909177736321 ] ] ] } },
{ "type": "Feature", "properties": { "OBJECTID": 258, "suelo": "Urbano", "barrio": "Unidad Residencial Santiago de Cali", "comuna": "19", "cod_bar": "1984" }, "geometry": { "type": "Polygon", "coordinates": [ [ [ -76.544076799682372, 3.416782922595039 ], [ -76.548323813457969, 3.418853924031836 ], [ -76.54825832383257, 3.414828898099329 ], [ -76.548132796250883, 3.413942911864235 ], [ -76.547772810176795, 3.411672945857418 ], [ -76.544866188745971, 3.415416473858717 ], [ -76.544076799682372, 3.416782922595039 ] ] ] } },
{ "type": "Feature", "properties": { "OBJECTID": 259, "suelo": "Urbano", "barrio": "El Cortijo", "comuna": "20", "cod_bar": "2001" }, "geometry": { "type": "Polygon", "coordinates": [ [ [ -76.559514263219214, 3.418003047876233 ], [ -76.560225057048839, 3.418699302108111 ], [ -76.560058304023627, 3.417939559122693 ], [ -76.56013512140872, 3.417324920088905 ], [ -76.560239037931836, 3.416670492667317 ], [ -76.560408037442016, 3.416816144015649 ], [ -76.560532340994456, 3.416650944351668 ], [ -76.560518133411577, 3.416447296041455 ], [ -76.560273054031612, 3.416027250327396 ], [ -76.559992211715297, 3.415952503267406 ], [ -76.559696698107203, 3.415460268646237 ], [ -76.559511936731155, 3.415332355392162 ], [ -76.559361381560748, 3.415471291871579 ], [ -76.558344600607697, 3.415552109946363 ], [ -76.558425604748564, 3.416158451096703 ], [ -76.559181382800006, 3.416945127334417 ], [ -76.559505275309348, 3.417686578527081 ], [ -76.559514263219214, 3.418003047876233 ] ] ] } },
{ "type": "Feature", "properties": { "OBJECTID": 260, "suelo": "Urbano", "barrio": "Pueblo Joven", "comuna": "20", "cod_bar": "2008" }, "geometry": { "type": "Polygon", "coordinates": [ [ [ -76.562341472873044, 3.415191155539152 ], [ -76.56248852227813, 3.415471153535398 ], [ -76.562925742522268, 3.415733652400618 ], [ -76.563266438316234, 3.415813550713627 ], [ -76.56375475935431, 3.41620158881343 ], [ -76.564061382780054, 3.416332841185918 ], [ -76.564262953863022, 3.416649543069258 ], [ -76.564524151434284, 3.41682644380871 ], [ -76.564660428579316, 3.41688351112154 ], [ -76.565546243511889, 3.416820764623282 ], [ -76.565972111120729, 3.416969137062036 ], [ -76.566460429743074, 3.417574012157307 ], [ -76.566744339460158, 3.417762325733596 ], [ -76.567089739146368, 3.418248764356524 ], [ -76.567131876288073, 3.418049073752756 ], [ -76.566975735214214, 3.41755262552829 ], [ -76.567130477768117, 3.417166030700594 ], [ -76.566623714646965, 3.4161260532535 ], [ -76.565720885135207, 3.415421309017014 ], [ -76.564314034202809, 3.415176521844404 ], [ -76.562925765066737, 3.414954748922105 ], [ -76.562341472873044, 3.415191155539152 ] ] ] } },
{ "type": "Feature", "properties": { "OBJECTID": 261, "suelo": "Urbano", "barrio": "Las Orquídeas", "comuna": "14", "cod_bar": "1404" }, "geometry": { "type": "Polygon", "coordinates": [ [ [ -76.477327607021635, 3.417210690012537 ], [ -76.478166436892195, 3.417680572365354 ], [ -76.478697801857649, 3.418150565251408 ], [ -76.479584678333907, 3.413349433112649 ], [ -76.479892053698904, 3.411888220856546 ], [ -76.476337936757446, 3.411871743099613 ], [ -76.473725223158695, 3.411739852349341 ], [ -76.473430518762399, 3.411633073250344 ], [ -76.473259109084012, 3.411676115213635 ], [ -76.473133640585559, 3.411875635643205 ], [ -76.471901344315626, 3.414135952576418 ], [ -76.477327607021635, 3.417210690012537 ] ] ] } },
{ "type": "Feature", "properties": { "OBJECTID": 262, "suelo": "Urbano", "barrio": "Nueva Tequendama", "comuna": "19", "cod_bar": "1921" }, "geometry": { "type": "Polygon", "coordinates": [ [ [ -76.539962071197365, 3.416701346952442 ], [ -76.543638573491251, 3.417794496794422 ], [ -76.544076799682372, 3.416782922595039 ], [ -76.544866188745971, 3.415416473858717 ], [ -76.547772810176795, 3.411672945857418 ], [ -76.547400198046319, 3.409251216529046 ], [ -76.547155349095021, 3.409378604463139 ], [ -76.546737130808353, 3.409383780838739 ], [ -76.545917942862218, 3.409096821826763 ], [ -76.545392865076735, 3.40927403150868 ], [ -76.544361078944149, 3.409908446784343 ], [ -76.542688116379253, 3.411807712427998 ], [ -76.542365678885034, 3.411886849521656 ], [ -76.541591253736215, 3.411257008140423 ], [ -76.539962071197365, 3.416701346952442 ] ] ] } },
{ "type": "Feature", "properties": { "OBJECTID": 263, "suelo": "Urbano", "barrio": "Panamericano", "comuna": "10", "cod_bar": "1013" }, "geometry": { "type": "Polygon", "coordinates": [ [ [ -76.531914135557329, 3.416628835210781 ], [ -76.533932694277638, 3.417322707324148 ], [ -76.536484755078334, 3.409553697267943 ], [ -76.534437820291927, 3.408889335749903 ], [ -76.533660294855622, 3.411244807492051 ], [ -76.532638458276764, 3.4143940845209 ], [ -76.531914135557329, 3.416628835210781 ] ] ] } },
{ "type": "Feature", "properties": { "OBJECTID": 264, "suelo": "Urbano", "barrio": "Belisario Caicedo", "comuna": "20", "cod_bar": "2002" }, "geometry": { "type": "Polygon", "coordinates": [ [ [ -76.554745622828449, 3.41611798423975 ], [ -76.554503273229571, 3.41726056053411 ], [ -76.557489860787854, 3.415832910280116 ], [ -76.558011801607094, 3.413427762664182 ], [ -76.558143366082277, 3.41319000868945 ], [ -76.558044119420757, 3.413131937133666 ], [ -76.557523388033189, 3.413181482963081 ], [ -76.557235501028387, 3.413043157863295 ], [ -76.557157514772967, 3.412768828404057 ], [ -76.556837419916576, 3.412384107030989 ], [ -76.556624196663236, 3.411945828798114 ], [ -76.556498027484963, 3.412004608000985 ], [ -76.5563764382442, 3.412287000526505 ], [ -76.556253710251511, 3.412312354226548 ], [ -76.555956648333691, 3.412135413669601 ], [ -76.555829340648842, 3.411940614323905 ], [ -76.555636483354576, 3.411882193352646 ], [ -76.555589581125304, 3.41313531215993 ], [ -76.554745622828449, 3.41611798423975 ] ] ] } },
{ "type": "Feature", "properties": { "OBJECTID": 265, "suelo": "Urbano", "barrio": "Los Comuneros I", "comuna": "15", "cod_bar": "1502" }, "geometry": { "type": "Polygon", "coordinates": [ [ [ -76.48934955577397, 3.410562137013665 ], [ -76.491230114524399, 3.412606906069264 ], [ -76.490048014405374, 3.413688755961584 ], [ -76.493079773643629, 3.416892652106574 ], [ -76.493459714398128, 3.416685685779849 ], [ -76.494453995804434, 3.416686023774353 ], [ -76.495050361127682, 3.41663149899913 ], [ -76.494113903390954, 3.415632530670183 ], [ -76.494408506038965, 3.415339381946516 ], [ -76.494653677844681, 3.415600478308829 ], [ -76.49551420481356, 3.41477091965296 ], [ -76.49433563542469, 3.413541095348922 ], [ -76.495173033898624, 3.412726993560129 ], [ -76.494246242588559, 3.411750230816764 ], [ -76.495088935704857, 3.410930253796139 ], [ -76.494081749734335, 3.409872353593856 ], [ -76.495251920672871, 3.408790869986819 ], [ -76.495946038037189, 3.407981193333513 ], [ -76.494021538149724, 3.405959765116624 ], [ -76.493036987051113, 3.406872651162574 ], [ -76.491616929935148, 3.408850156323128 ], [ -76.48934955577397, 3.410562137013665 ] ] ] } },
{ "type": "Feature", "properties": { "OBJECTID": 266, "suelo": "Urbano", "barrio": "Urbanización Militar", "comuna": "19", "cod_bar": "1918" }, "geometry": { "type": "Polygon", "coordinates": [ [ [ -76.536919591388084, 3.415790985733445 ], [ -76.539962071197365, 3.416701346952442 ], [ -76.541591253736215, 3.411257008140423 ], [ -76.538715340674528, 3.410286274128743 ], [ -76.538715161633107, 3.410286821169549 ], [ -76.536919591388084, 3.415790985733445 ] ] ] } },
{ "type": "Feature", "properties": { "OBJECTID": 267, "suelo": "Urbano", "barrio": "Laureano Gómez", "comuna": "15", "cod_bar": "1503" }, "geometry": { "type": "Polygon", "coordinates": [ [ [ -76.495251920672871, 3.408790869986819 ], [ -76.494081749734335, 3.409872353593856 ], [ -76.495088935704857, 3.410930253796139 ], [ -76.494246242588559, 3.411750230816764 ], [ -76.495173033898624, 3.412726993560129 ], [ -76.49433563542469, 3.413541095348922 ], [ -76.49551420481356, 3.41477091965296 ], [ -76.494653677844681, 3.415600478308829 ], [ -76.494408506038965, 3.415339381946516 ], [ -76.494113903390954, 3.415632530670183 ], [ -76.495050361127682, 3.41663149899913 ], [ -76.496762044283798, 3.415059718767462 ], [ -76.497663409279085, 3.41418469269443 ], [ -76.496989951234539, 3.41336051692474 ], [ -76.49724285181648, 3.413151623606112 ], [ -76.496720785406509, 3.412627395114245 ], [ -76.497466963167895, 3.411904804293985 ], [ -76.497035123960188, 3.411425538308699 ], [ -76.497269083630158, 3.411199511845258 ], [ -76.49720610681527, 3.4111271702554 ], [ -76.497706066550677, 3.41065964719857 ], [ -76.497185563213179, 3.410097751180859 ], [ -76.497440162545743, 3.409888441922292 ], [ -76.496810390398281, 3.409264485483518 ], [ -76.497296305348939, 3.408785308134267 ], [ -76.496647293208767, 3.408178903330144 ], [ -76.495657690728038, 3.408545838708884 ], [ -76.495251920672871, 3.408790869986819 ] ] ] } },
{ "type": "Feature", "properties": { "OBJECTID": 268, "suelo": "Urbano", "barrio": "San Judas Tadeo II", "comuna": "10", "cod_bar": "1018" }, "geometry": { "type": "Polygon", "coordinates": [ [ [ -76.521455456916371, 3.416278085300906 ], [ -76.523419431570829, 3.416439876093837 ], [ -76.524432440351276, 3.416203631020435 ], [ -76.524270620752802, 3.415269641735058 ], [ -76.524315625809777, 3.414773316799052 ], [ -76.525198326722261, 3.412138595492825 ], [ -76.524225843031459, 3.411897962065285 ], [ -76.521832121159676, 3.411614172520485 ], [ -76.521567595982788, 3.414392741184759 ], [ -76.521455456916371, 3.416278085300906 ] ] ] } },
{ "type": "Feature", "properties": { "OBJECTID": 269, "suelo": "Urbano", "barrio": "Unidad Residencial El Coliseo", "comuna": "19", "cod_bar": "1985" }, "geometry": { "type": "Polygon", "coordinates": [ [ [ -76.553278758399713, 3.415627737600665 ], [ -76.554745622828449, 3.41611798423975 ], [ -76.555589581125304, 3.41313531215993 ], [ -76.555636483354576, 3.411882193352646 ], [ -76.555636483313464, 3.411881059493338 ], [ -76.555298411176281, 3.411869119378624 ], [ -76.554421605883718, 3.411574411822885 ], [ -76.553760400361412, 3.411597498444716 ], [ -76.553587466181412, 3.411421102549266 ], [ -76.553278758399713, 3.415627737600665 ] ] ] } },
{ "type": "Feature", "properties": { "OBJECTID": 270, "suelo": "Urbano", "barrio": "Unión de Vivienda Popular", "comuna": "16", "cod_bar": "1603" }, "geometry": { "type": "Polygon", "coordinates": [ [ [ -76.50406951277354, 3.408205221383937 ], [ -76.511554018881213, 3.416092043048563 ], [ -76.513822443378729, 3.413920578420707 ], [ -76.515068722896714, 3.41272078427028 ], [ -76.507689654188752, 3.404908409622523 ], [ -76.50408387038955, 3.408192168688234 ], [ -76.50406951277354, 3.408205221383937 ] ] ] } },
{ "type": "Feature", "properties": { "OBJECTID": 271, "suelo": "Urbano", "barrio": "Venezuela - Urbanización Cañaveralejo", "comuna": "20", "cod_bar": "2098" }, "geometry": { "type": "Polygon", "coordinates": [ [ [ -76.558143366082277, 3.41319000868945 ], [ -76.558011801607094, 3.413427762664182 ], [ -76.557489860787854, 3.415832910280116 ], [ -76.558056720114337, 3.415579752621387 ], [ -76.558344600607697, 3.415552109946363 ], [ -76.559361381560748, 3.415471291871579 ], [ -76.559511936731155, 3.415332355392162 ], [ -76.560261160153544, 3.414955926478101 ], [ -76.56102249931314, 3.414819207335251 ], [ -76.561259188028657, 3.415037442533866 ], [ -76.561883792396017, 3.415242885516294 ], [ -76.562341472873044, 3.415191155539152 ], [ -76.562925765066737, 3.414954748922105 ], [ -76.564314034202809, 3.415176521844404 ], [ -76.564320317451546, 3.415081848823485 ], [ -76.564011958642098, 3.414968217547235 ], [ -76.564278815035934, 3.414524515482702 ], [ -76.564298232486067, 3.414219680039478 ], [ -76.563765309766723, 3.413418803723659 ], [ -76.563842402677949, 3.413331006590041 ], [ -76.563566937954818, 3.41281373874335 ], [ -76.563939185277789, 3.412627002129895 ], [ -76.566084221282551, 3.412318542631574 ], [ -76.56622664634962, 3.41223191581424 ], [ -76.566349773746381, 3.411925258810594 ], [ -76.566299205304759, 3.41193995892133 ], [ -76.566296921062772, 3.410593501100361 ], [ -76.566296920129219, 3.41059278588293 ], [ -76.566096765027041, 3.410774199427975 ], [ -76.565583186166037, 3.410833903433021 ], [ -76.564859283120768, 3.410708880208439 ], [ -76.563686535604901, 3.411315973890093 ], [ -76.563268020192695, 3.411415006569926 ], [ -76.56262568309576, 3.411731889238951 ], [ -76.562305716969405, 3.412100065847883 ], [ -76.562105743880252, 3.412144558250528 ], [ -76.561888149032413, 3.41233737627045 ], [ -76.561373230040076, 3.413138668159404 ], [ -76.561286060731945, 3.413082186900614 ], [ -76.560952859666742, 3.413205797220704 ], [ -76.56034494579508, 3.413662221146329 ], [ -76.560125871233154, 3.413683538534926 ], [ -76.55982192649212, 3.413542908289064 ], [ -76.558974298162994, 3.41385351642114 ], [ -76.558630203818851, 3.413834487046495 ], [ -76.558143366082277, 3.41319000868945 ] ] ] } },
{ "type": "Feature", "properties": { "OBJECTID": 272, "suelo": "Urbano", "barrio": "U. D. A. Galindo Plaza de Toros", "comuna": "19", "cod_bar": "1999" }, "geometry": { "type": "Polygon", "coordinates": [ [ [ -76.548132796250883, 3.413942911864235 ], [ -76.553278758399713, 3.415627737600665 ], [ -76.553587466181412, 3.411421102549266 ], [ -76.55281175130331, 3.410636877424323 ], [ -76.549579589780564, 3.410228609687812 ], [ -76.549691723831728, 3.409302419517414 ], [ -76.547356215770975, 3.408976872644804 ], [ -76.547400198046319, 3.409251216529046 ], [ -76.547772810176795, 3.411672945857418 ], [ -76.548132796250883, 3.413942911864235 ] ] ] } },
{ "type": "Feature", "properties": { "OBJECTID": 273, "suelo": "Urbano", "barrio": "Villa del Sur", "comuna": "11", "cod_bar": "1114" }, "geometry": { "type": "Polygon", "coordinates": [ [ [ -76.513822443378729, 3.413920578420707 ], [ -76.514474142786412, 3.414609774879885 ], [ -76.521567595982788, 3.414392741184759 ], [ -76.521832121159676, 3.411614172520485 ], [ -76.522018912130932, 3.409974325063915 ], [ -76.518339542680707, 3.409596994370232 ], [ -76.518222861989614, 3.409707628558287 ], [ -76.515068722896714, 3.41272078427028 ], [ -76.513822443378729, 3.413920578420707 ] ] ] } },
{ "type": "Feature", "properties": { "OBJECTID": 274, "suelo": "Urbano", "barrio": "Santo Domingo", "comuna": "10", "cod_bar": "1006" }, "geometry": { "type": "Polygon", "coordinates": [ [ [ -76.530793017762136, 3.413782024708071 ], [ -76.532638458276764, 3.4143940845209 ], [ -76.533660294855622, 3.411244807492051 ], [ -76.531837894982161, 3.410605449061584 ], [ -76.530793017762136, 3.413782024708071 ] ] ] } },
{ "type": "Feature", "properties": { "OBJECTID": 275, "suelo": "Urbano", "barrio": "El Retiro", "comuna": "15", "cod_bar": "1501" }, "geometry": { "type": "Polygon", "coordinates": [ [ [ -76.496647293208767, 3.408178903330144 ], [ -76.497296305348939, 3.408785308134267 ], [ -76.496810390398281, 3.409264485483518 ], [ -76.497440162545743, 3.409888441922292 ], [ -76.497185563213179, 3.410097751180859 ], [ -76.497706066550677, 3.41065964719857 ], [ -76.49720610681527, 3.4111271702554 ], [ -76.497269083630158, 3.411199511845258 ], [ -76.497035123960188, 3.411425538308699 ], [ -76.497466963167895, 3.411904804293985 ], [ -76.496720785406509, 3.412627395114245 ], [ -76.49724285181648, 3.413151623606112 ], [ -76.496989951234539, 3.41336051692474 ], [ -76.497663409279085, 3.41418469269443 ], [ -76.500494768280987, 3.411457442636493 ], [ -76.501803532089681, 3.410308730666233 ], [ -76.498381082060305, 3.406755866984169 ], [ -76.497406403282341, 3.407722364741776 ], [ -76.496647293208767, 3.408178903330144 ] ] ] } },
{ "type": "Feature", "properties": { "OBJECTID": 276, "suelo": "Urbano", "barrio": "La Selva", "comuna": "10", "cod_bar": "1010" }, "geometry": { "type": "Polygon", "coordinates": [ [ [ -76.527018117880573, 3.412685827503 ], [ -76.526835057776765, 3.413308684592523 ], [ -76.528495126112006, 3.414017496094652 ], [ -76.52872560279296, 3.413200302569416 ], [ -76.529003490925618, 3.413200320032316 ], [ -76.529534798011952, 3.413371711468001 ], [ -76.529622898332164, 3.413021515381317 ], [ -76.530155201726487, 3.412947217955621 ], [ -76.53166284968556, 3.407999437355413 ], [ -76.530295896263269, 3.407581033852145 ], [ -76.528594531095834, 3.407009877634134 ], [ -76.527018117880573, 3.412685827503 ] ] ] } },
{ "type": "Feature", "properties": { "OBJECTID": 277, "suelo": "Urbano", "barrio": "Sector Cañaveralejo Guadalupe", "comuna": "19", "cod_bar": "1995" }, "geometry": { "type": "Polygon", "coordinates": [ [ [ -76.558143366082277, 3.41319000868945 ], [ -76.558630203818851, 3.413834487046495 ], [ -76.558974298162994, 3.41385351642114 ], [ -76.55982192649212, 3.413542908289064 ], [ -76.560125871233154, 3.413683538534926 ], [ -76.56034494579508, 3.413662221146329 ], [ -76.560952859666742, 3.413205797220704 ], [ -76.561286060731945, 3.413082186900614 ], [ -76.561373230040076, 3.413138668159404 ], [ -76.561888149032413, 3.41233737627045 ], [ -76.562105743880252, 3.412144558250528 ], [ -76.562305716969405, 3.412100065847883 ], [ -76.56262568309576, 3.411731889238951 ], [ -76.563268020192695, 3.411415006569926 ], [ -76.563686535604901, 3.411315973890093 ], [ -76.563516407669695, 3.410690420388008 ], [ -76.563300356126504, 3.410385513305026 ], [ -76.562725740126908, 3.409900428045492 ], [ -76.562794646872504, 3.409462057252171 ], [ -76.563187871425043, 3.408776735658939 ], [ -76.563301436626531, 3.408344763612749 ], [ -76.562096701617719, 3.409069798934984 ], [ -76.559235451403183, 3.412019938677388 ], [ -76.55844372316524, 3.410091359994 ], [ -76.556041167562441, 3.409765131881339 ], [ -76.558025550418606, 3.394762021881976 ], [ -76.558220868092832, 3.394777991264869 ], [ -76.558164466140525, 3.394597600462227 ], [ -76.55758052655311, 3.394801283163468 ], [ -76.557005725634554, 3.394866899248048 ], [ -76.557142949288519, 3.396261016489877 ], [ -76.557071442559007, 3.397374277394379 ], [ -76.556764081757763, 3.398588081031106 ], [ -76.55669722038192, 3.39937723428565 ], [ -76.556803079377502, 3.400176987155554 ], [ -76.556755047681236, 3.400912707253571 ], [ -76.556370906051214, 3.403463599644834 ], [ -76.55583143740219, 3.405155136287938 ], [ -76.555722322798559, 3.407689147710211 ], [ -76.555636483313464, 3.411881059493338 ], [ -76.555636483354576, 3.411882193352646 ], [ -76.555829340648842, 3.411940614323905 ], [ -76.555956648333691, 3.412135413669601 ], [ -76.556253710251511, 3.412312354226548 ], [ -76.5563764382442, 3.412287000526505 ], [ -76.556498027484963, 3.412004608000985 ], [ -76.556624196663236, 3.411945828798114 ], [ -76.556837419916576, 3.412384107030989 ], [ -76.557157514772967, 3.412768828404057 ], [ -76.557235501028387, 3.413043157863295 ], [ -76.557523388033189, 3.413181482963081 ], [ -76.558044119420757, 3.413131937133666 ], [ -76.558143366082277, 3.41319000868945 ] ] ] } },
{ "type": "Feature", "properties": { "OBJECTID": 278, "suelo": "Urbano", "barrio": "Jorge Zawadsky", "comuna": "10", "cod_bar": "1007" }, "geometry": { "type": "Polygon", "coordinates": [ [ [ -76.529534798011952, 3.413371711468001 ], [ -76.530793017762136, 3.413782024708071 ], [ -76.531837894982161, 3.410605449061584 ], [ -76.533660294855622, 3.411244807492051 ], [ -76.534437820291927, 3.408889335749903 ], [ -76.53166284968556, 3.407999437355413 ], [ -76.530155201726487, 3.412947217955621 ], [ -76.529622898332164, 3.413021515381317 ], [ -76.529534798011952, 3.413371711468001 ] ] ] } },
{ "type": "Feature", "properties": { "OBJECTID": 279, "suelo": "Urbano", "barrio": "República de Israel", "comuna": "16", "cod_bar": "1602" }, "geometry": { "type": "Polygon", "coordinates": [ [ [ -76.507689654188752, 3.404908409622523 ], [ -76.515068722896714, 3.41272078427028 ], [ -76.518222861989614, 3.409707628558287 ], [ -76.51088323034088, 3.401986987605587 ], [ -76.507689654188752, 3.404908409622523 ] ] ] } },
{ "type": "Feature", "properties": { "OBJECTID": 280, "suelo": "Urbano", "barrio": "Las Granjas", "comuna": "10", "cod_bar": "1016" }, "geometry": { "type": "Polygon", "coordinates": [ [ [ -76.525253867123226, 3.412156224290984 ], [ -76.527018117880573, 3.412685827503 ], [ -76.528594531095834, 3.407009877634134 ], [ -76.527058097474054, 3.406470098212005 ], [ -76.527013152877188, 3.406454329374566 ], [ -76.525305562771777, 3.411789531764003 ], [ -76.525253867123226, 3.412156224290984 ] ] ] } },
{ "type": "Feature", "properties": { "OBJECTID": 281, "suelo": "Urbano", "barrio": "San Judas Tadeo I", "comuna": "10", "cod_bar": "1017" }, "geometry": { "type": "Polygon", "coordinates": [ [ [ -76.525198326722261, 3.412138595492825 ], [ -76.525253867123226, 3.412156224290984 ], [ -76.525305562771777, 3.411789531764003 ], [ -76.527013152877188, 3.406454329374566 ], [ -76.524991045451088, 3.405794681685274 ], [ -76.522557599978342, 3.405517519183296 ], [ -76.522018912130932, 3.409974325063915 ], [ -76.521832121159676, 3.411614172520485 ], [ -76.524225843031459, 3.411897962065285 ], [ -76.525198326722261, 3.412138595492825 ] ] ] } },
{ "type": "Feature", "properties": { "OBJECTID": 282, "suelo": "Urbano", "barrio": "Villamercedes I - Villa Luz - Las Garzas", "comuna": "21", "cod_bar": "2194" }, "geometry": { "type": "Polygon", "coordinates": [ [ [ -76.473430518762399, 3.411633073250344 ], [ -76.473725223158695, 3.411739852349341 ], [ -76.476337936757446, 3.411871743099613 ], [ -76.479892053698904, 3.411888220856546 ], [ -76.479955682280703, 3.4114296597703 ], [ -76.479898321452481, 3.411095235729793 ], [ -76.479864161804898, 3.410974928538581 ], [ -76.479452966068521, 3.409600942793485 ], [ -76.479531937875805, 3.40870494960496 ], [ -76.479409553124242, 3.408111697183 ], [ -76.479050820863662, 3.407710276385651 ], [ -76.478310011785538, 3.407267921037421 ], [ -76.478179095399611, 3.407522244186831 ], [ -76.47704978976445, 3.407047468643923 ], [ -76.4761984862932, 3.407032057956742 ], [ -76.476137474015331, 3.40761961575467 ], [ -76.476240224383218, 3.409149105441671 ], [ -76.474921901442784, 3.410167363490071 ], [ -76.473903385537525, 3.411005937678017 ], [ -76.473611421653445, 3.411648182251807 ], [ -76.473430518762399, 3.411633073250344 ] ] ] } },
{ "type": "Feature", "properties": { "OBJECTID": 283, "suelo": "Urbano", "barrio": "Potrero Grande", "comuna": "21", "cod_bar": "2196" }, "geometry": { "type": "Polygon", "coordinates": [ [ [ -76.467325520962333, 3.410542701325858 ], [ -76.469942150545492, 3.410746401089966 ], [ -76.470572024557939, 3.411049830432968 ], [ -76.470510112674447, 3.411180206525461 ], [ -76.472241985159073, 3.411389750061193 ], [ -76.473133640585559, 3.411875635643205 ], [ -76.473259109084012, 3.411676115213635 ], [ -76.473430518762399, 3.411633073250344 ], [ -76.473611421653445, 3.411648182251807 ], [ -76.473903385537525, 3.411005937678017 ], [ -76.474921901442784, 3.410167363490071 ], [ -76.473426110842553, 3.409434613864762 ], [ -76.473551867259545, 3.409208730729777 ], [ -76.470872144838808, 3.402264475483427 ], [ -76.471041232151862, 3.40173458773551 ], [ -76.469662877597699, 3.401665039299834 ], [ -76.469005304200707, 3.401814315194592 ], [ -76.468551077318239, 3.402169688408631 ], [ -76.468529655280363, 3.402503347490125 ], [ -76.468295874315046, 3.402517138077814 ], [ -76.468358519069881, 3.402907907960926 ], [ -76.468223769507773, 3.404013131263528 ], [ -76.466719644509126, 3.405615557482169 ], [ -76.466192184580621, 3.406555360265221 ], [ -76.46616594620717, 3.407256180565791 ], [ -76.466267814716062, 3.407703487564484 ], [ -76.466805755950901, 3.408928885532199 ], [ -76.467325520962333, 3.410542701325858 ] ] ] } },
{ "type": "Feature", "properties": { "OBJECTID": 284, "suelo": "Urbano", "barrio": "Camino Real - Joaquin Borrero Sinisterra", "comuna": "19", "cod_bar": "1922" }, "geometry": { "type": "Polygon", "coordinates": [ [ [ -76.541591253736215, 3.411257008140423 ], [ -76.542365678885034, 3.411886849521656 ], [ -76.542688116379253, 3.411807712427998 ], [ -76.544361078944149, 3.409908446784343 ], [ -76.545392865076735, 3.40927403150868 ], [ -76.545917942862218, 3.409096821826763 ], [ -76.546737130808353, 3.409383780838739 ], [ -76.547155349095021, 3.409378604463139 ], [ -76.547400198046319, 3.409251216529046 ], [ -76.547356215770975, 3.408976872644804 ], [ -76.547135890076987, 3.406591376287881 ], [ -76.546858355901762, 3.404610917892283 ], [ -76.544812686384432, 3.40490065711264 ], [ -76.543407486932225, 3.405212746494783 ], [ -76.541591253736215, 3.411257008140423 ] ] ] } },
{ "type": "Feature", "properties": { "OBJECTID": 285, "suelo": "Urbano", "barrio": "Cuarto de Legua - Guadalupe", "comuna": "19", "cod_bar": "1919" }, "geometry": { "type": "Polygon", "coordinates": [ [ [ -76.553587466181412, 3.411421102549266 ], [ -76.553760400361412, 3.411597498444716 ], [ -76.554421605883718, 3.411574411822885 ], [ -76.555298411176281, 3.411869119378624 ], [ -76.555636483313464, 3.411881059493338 ], [ -76.555722322798559, 3.407689147710211 ], [ -76.552164043658451, 3.407296873376497 ], [ -76.552190590498654, 3.406953501194456 ], [ -76.548141708692256, 3.406501236537169 ], [ -76.547135890076987, 3.406591376287881 ], [ -76.547356215770975, 3.408976872644804 ], [ -76.549691723831728, 3.409302419517414 ], [ -76.549579589780564, 3.410228609687812 ], [ -76.55281175130331, 3.410636877424323 ], [ -76.553587466181412, 3.411421102549266 ] ] ] } },
{ "type": "Feature", "properties": { "OBJECTID": 286, "suelo": "Urbano", "barrio": "Cañaveral", "comuna": "19", "cod_bar": "1992" }, "geometry": { "type": "Polygon", "coordinates": [ [ [ -76.563301436626531, 3.408344763612749 ], [ -76.563187871425043, 3.408776735658939 ], [ -76.562794646872504, 3.409462057252171 ], [ -76.562725740126908, 3.409900428045492 ], [ -76.563300356126504, 3.410385513305026 ], [ -76.563516407669695, 3.410690420388008 ], [ -76.563686535604901, 3.411315973890093 ], [ -76.564859283120768, 3.410708880208439 ], [ -76.565583186166037, 3.410833903433021 ], [ -76.566096765027041, 3.410774199427975 ], [ -76.566296920129219, 3.41059278588293 ], [ -76.566295115334427, 3.409528789211073 ], [ -76.564993774031876, 3.409368333040388 ], [ -76.565578638170763, 3.40849855221914 ], [ -76.565488999289613, 3.406212556848852 ], [ -76.563957049972487, 3.407950200570971 ], [ -76.563301436626531, 3.408344763612749 ] ] ] } },
{ "type": "Feature", "properties": { "OBJECTID": 287, "suelo": "Urbano", "barrio": "Camino Real - Los Fundadores", "comuna": "19", "cod_bar": "1923" }, "geometry": { "type": "Polygon", "coordinates": [ [ [ -76.538715340674528, 3.410286274128743 ], [ -76.541591253736215, 3.411257008140423 ], [ -76.543407486932225, 3.405212746494783 ], [ -76.540199273962358, 3.4057503760699 ], [ -76.538715340674528, 3.410286274128743 ] ] ] } },
{ "type": "Feature", "properties": { "OBJECTID": 288, "suelo": "Urbano", "barrio": "El Vallado", "comuna": "15", "cod_bar": "1504" }, "geometry": { "type": "Polygon", "coordinates": [ [ [ -76.496647293208767, 3.408178903330144 ], [ -76.497406403282341, 3.407722364741776 ], [ -76.498381082060305, 3.406755866984169 ], [ -76.501803532089681, 3.410308730666233 ], [ -76.50406951277354, 3.408205221383937 ], [ -76.50408387038955, 3.408192168688234 ], [ -76.501013296962526, 3.404824797853917 ], [ -76.498803835701182, 3.402395193110846 ], [ -76.497793112070184, 3.403143446030746 ], [ -76.495894191983965, 3.404814684617205 ], [ -76.494021538149724, 3.405959765116624 ], [ -76.495946038037189, 3.407981193333513 ], [ -76.495251920672871, 3.408790869986819 ], [ -76.495657690728038, 3.408545838708884 ], [ -76.496647293208767, 3.408178903330144 ] ] ] } },
{ "type": "Feature", "properties": { "OBJECTID": 289, "suelo": "Urbano", "barrio": "Pizamos III - Las Dalias", "comuna": "21", "cod_bar": "2195" }, "geometry": { "type": "Polygon", "coordinates": [ [ [ -76.473551867259545, 3.409208730729777 ], [ -76.473426110842553, 3.409434613864762 ], [ -76.474921901442784, 3.410167363490071 ], [ -76.476240224383218, 3.409149105441671 ], [ -76.476137474015331, 3.40761961575467 ], [ -76.4761984862932, 3.407032057956742 ], [ -76.47704978976445, 3.407047468643923 ], [ -76.478179095399611, 3.407522244186831 ], [ -76.478310011785538, 3.407267921037421 ], [ -76.477915108147428, 3.406933101132937 ], [ -76.476934786097303, 3.406423385033111 ], [ -76.476229742590661, 3.405739721114942 ], [ -76.475564751905154, 3.405593185087727 ], [ -76.473551867259545, 3.409208730729777 ] ] ] } },
{ "type": "Feature", "properties": { "OBJECTID": 290, "suelo": "Urbano", "barrio": "Santa Anita - La Selva", "comuna": "17", "cod_bar": "1778" }, "geometry": { "type": "Polygon", "coordinates": [ [ [ -76.536484755078334, 3.409553697267943 ], [ -76.538715161633107, 3.410286821169549 ], [ -76.538715340674528, 3.410286274128743 ], [ -76.540199273962358, 3.4057503760699 ], [ -76.541757633103444, 3.40095853377667 ], [ -76.539252231571638, 3.401395601447526 ], [ -76.536629036025133, 3.402093498263251 ], [ -76.534437820291927, 3.408889335749903 ], [ -76.536484755078334, 3.409553697267943 ] ] ] } },
{ "type": "Feature", "properties": { "OBJECTID": 291, "suelo": "Urbano", "barrio": "José Holguín Garcés", "comuna": "11", "cod_bar": "1115" }, "geometry": { "type": "Polygon", "coordinates": [ [ [ -76.518339542680707, 3.409596994370232 ], [ -76.522018912130932, 3.409974325063915 ], [ -76.522557599978342, 3.405517519183296 ], [ -76.522607123377853, 3.405143195410203 ], [ -76.522443190747836, 3.404912524098636 ], [ -76.522305763603626, 3.403967416460112 ], [ -76.522106040710653, 3.403588627323701 ], [ -76.521580858123372, 3.406376661482636 ], [ -76.518339542680707, 3.409596994370232 ] ] ] } },
{ "type": "Feature", "properties": { "OBJECTID": 292, "suelo": "Urbano", "barrio": "Mariano Ramos", "comuna": "16", "cod_bar": "1601" }, "geometry": { "type": "Polygon", "coordinates": [ [ [ -76.51088323034088, 3.401986987605587 ], [ -76.518222861989614, 3.409707628558287 ], [ -76.518339542680707, 3.409596994370232 ], [ -76.521580858123372, 3.406376661482636 ], [ -76.522106040710653, 3.403588627323701 ], [ -76.520051385336942, 3.400840555845034 ], [ -76.519139374232793, 3.399650308260691 ], [ -76.516176975938606, 3.397100269509627 ], [ -76.51088323034088, 3.401986987605587 ] ] ] } },
{ "type": "Feature", "properties": { "OBJECTID": 293, "suelo": "Urbano", "barrio": "Pizamos II", "comuna": "21", "cod_bar": "2102" }, "geometry": { "type": "Polygon", "coordinates": [ [ [ -76.468295874315046, 3.402517138077814 ], [ -76.468529655280363, 3.402503347490125 ], [ -76.468551077318239, 3.402169688408631 ], [ -76.469005304200707, 3.401814315194592 ], [ -76.469662877597699, 3.401665039299834 ], [ -76.471041232151862, 3.40173458773551 ], [ -76.470872144838808, 3.402264475483427 ], [ -76.473551867259545, 3.409208730729777 ], [ -76.475564751905154, 3.405593185087727 ], [ -76.474942600920485, 3.405321809488635 ], [ -76.474398658256504, 3.404055061621332 ], [ -76.473113365701153, 3.402905341785867 ], [ -76.472924861168721, 3.402550044676502 ], [ -76.472949592662758, 3.401045044796426 ], [ -76.472311882788688, 3.401090892317468 ], [ -76.470570756069193, 3.400842235699116 ], [ -76.468404123787849, 3.400782555386051 ], [ -76.46785770766121, 3.400448710344486 ], [ -76.467427515271567, 3.399896531245826 ], [ -76.467365213365014, 3.400073335666383 ], [ -76.468295874315046, 3.402517138077814 ] ] ] } },
{ "type": "Feature", "properties": { "OBJECTID": 294, "suelo": "Urbano", "barrio": "Primero de Mayo", "comuna": "17", "cod_bar": "1702" }, "geometry": { "type": "Polygon", "coordinates": [ [ [ -76.53166284968556, 3.407999437355413 ], [ -76.534437820291927, 3.408889335749903 ], [ -76.536629036025133, 3.402093498263251 ], [ -76.533574872608185, 3.402928915417764 ], [ -76.533419492248413, 3.403285024404963 ], [ -76.532933422618441, 3.403140956585444 ], [ -76.532279322948355, 3.403518110538586 ], [ -76.531450525334265, 3.403259353635737 ], [ -76.530295896263269, 3.407581033852145 ], [ -76.53166284968556, 3.407999437355413 ] ] ] } },
{ "type": "Feature", "properties": { "OBJECTID": 295, "suelo": "Urbano", "barrio": "Ciudad Córdoba", "comuna": "15", "cod_bar": "1596" }, "geometry": { "type": "Polygon", "coordinates": [ [ [ -76.501013296962526, 3.404824797853917 ], [ -76.50408387038955, 3.408192168688234 ], [ -76.507689654188752, 3.404908409622523 ], [ -76.51088323034088, 3.401986987605587 ], [ -76.516176975938606, 3.397100269509627 ], [ -76.515235997789262, 3.396229451707485 ], [ -76.513341882051876, 3.393757215399075 ], [ -76.513216484482086, 3.393592086907615 ], [ -76.512592207343459, 3.39407771001702 ], [ -76.510958804914196, 3.395787725631577 ], [ -76.501013296962526, 3.404824797853917 ] ] ] } },
{ "type": "Feature", "properties": { "OBJECTID": 296, "suelo": "Urbano", "barrio": "El Limonar", "comuna": "17", "cod_bar": "1787" }, "geometry": { "type": "Polygon", "coordinates": [ [ [ -76.528594531095834, 3.407009877634134 ], [ -76.530295896263269, 3.407581033852145 ], [ -76.531450525334265, 3.403259353635737 ], [ -76.532171404437165, 3.400460373610775 ], [ -76.53232206689438, 3.398053895526091 ], [ -76.527863116288444, 3.397537212377478 ], [ -76.527365556673701, 3.404917243186195 ], [ -76.527058097474054, 3.406470098212005 ], [ -76.528594531095834, 3.407009877634134 ] ] ] } },
{ "type": "Feature", "properties": { "OBJECTID": 297, "suelo": "Urbano", "barrio": "Pampa Linda", "comuna": "19", "cod_bar": "1994" }, "geometry": { "type": "Polygon", "coordinates": [ [ [ -76.547135890076987, 3.406591376287881 ], [ -76.548141708692256, 3.406501236537169 ], [ -76.552190590498654, 3.406953501194456 ], [ -76.552164043658451, 3.407296873376497 ], [ -76.555722322798559, 3.407689147710211 ], [ -76.55583143740219, 3.405155136287938 ], [ -76.555133011353774, 3.40501606076136 ], [ -76.555384898103114, 3.40198957671409 ], [ -76.555312920127349, 3.401944364224282 ], [ -76.55217075065103, 3.401645676764557 ], [ -76.552153809194579, 3.401781401372616 ], [ -76.54975247331528, 3.40155534472135 ], [ -76.54694526217871, 3.401274922365571 ], [ -76.54644020616864, 3.401138947289794 ], [ -76.546858355901762, 3.404610917892283 ], [ -76.547135890076987, 3.406591376287881 ] ] ] } },
{ "type": "Feature", "properties": { "OBJECTID": 298, "suelo": "Urbano", "barrio": "Cañaverales - Los Samanes", "comuna": "17", "cod_bar": "1786" }, "geometry": { "type": "Polygon", "coordinates": [ [ [ -76.527013152877188, 3.406454329374566 ], [ -76.527058097474054, 3.406470098212005 ], [ -76.527365556673701, 3.404917243186195 ], [ -76.527863116288444, 3.397537212377478 ], [ -76.52365294286011, 3.397078470872748 ], [ -76.523533406455968, 3.398583382855751 ], [ -76.523246933364746, 3.400148658399215 ], [ -76.522950134696146, 3.402065909490501 ], [ -76.522337543638145, 3.402940238425594 ], [ -76.522106040710653, 3.403588627323701 ], [ -76.522305763603626, 3.403967416460112 ], [ -76.522443190747836, 3.404912524098636 ], [ -76.522607123377853, 3.405143195410203 ], [ -76.522557599978342, 3.405517519183296 ], [ -76.524991045451088, 3.405794681685274 ], [ -76.527013152877188, 3.406454329374566 ] ] ] } },
{ "type": "Feature", "properties": { "OBJECTID": 299, "suelo": "Urbano", "barrio": "Cañaveralejo - Seguros Patria", "comuna": "19", "cod_bar": "1988" }, "geometry": { "type": "Polygon", "coordinates": [ [ [ -76.540199273962358, 3.4057503760699 ], [ -76.543407486932225, 3.405212746494783 ], [ -76.544812686384432, 3.40490065711264 ], [ -76.546858355901762, 3.404610917892283 ], [ -76.54644020616864, 3.401138947289794 ], [ -76.546413412510731, 3.400360310376051 ], [ -76.541757633103444, 3.40095853377667 ], [ -76.540199273962358, 3.4057503760699 ] ] ] } },
{ "type": "Feature", "properties": { "OBJECTID": 300, "suelo": "Urbano", "barrio": "Pizamos I", "comuna": "21", "cod_bar": "2101" }, "geometry": { "type": "Polygon", "coordinates": [ [ [ -76.475564751905154, 3.405593185087727 ], [ -76.476229742590661, 3.405739721114942 ], [ -76.476091516968964, 3.405469074912479 ], [ -76.476136278780103, 3.404997556097899 ], [ -76.476947846030328, 3.403523244776089 ], [ -76.476958857014694, 3.403126671206591 ], [ -76.475458328857243, 3.40056846261345 ], [ -76.47492977085976, 3.399593491959852 ], [ -76.474672376263442, 3.399447729808358 ], [ -76.474400695567212, 3.39943434632351 ], [ -76.473996331698274, 3.399762422425737 ], [ -76.473408420635224, 3.400779785300734 ], [ -76.472949592662758, 3.401045044796426 ], [ -76.472924861168721, 3.402550044676502 ], [ -76.473113365701153, 3.402905341785867 ], [ -76.474398658256504, 3.404055061621332 ], [ -76.474942600920485, 3.405321809488635 ], [ -76.475564751905154, 3.405593185087727 ] ] ] } },
{ "type": "Feature", "properties": { "OBJECTID": 301, "suelo": "Urbano", "barrio": "La Cascada", "comuna": "19", "cod_bar": "1902" }, "geometry": { "type": "Polygon", "coordinates": [ [ [ -76.54975247331528, 3.40155534472135 ], [ -76.552153809194579, 3.401781401372616 ], [ -76.55217075065103, 3.401645676764557 ], [ -76.555312920127349, 3.401944364224282 ], [ -76.555384898103114, 3.40198957671409 ], [ -76.555133011353774, 3.40501606076136 ], [ -76.55583143740219, 3.405155136287938 ], [ -76.556370906051214, 3.403463599644834 ], [ -76.556755047681236, 3.400912707253571 ], [ -76.556803079377502, 3.400176987155554 ], [ -76.55669722038192, 3.39937723428565 ], [ -76.552380527507893, 3.399377938482316 ], [ -76.552321156095417, 3.399218813171466 ], [ -76.550922173441208, 3.400931496449752 ], [ -76.550670241055357, 3.400985738028368 ], [ -76.549761497734053, 3.400895280092254 ], [ -76.54975247331528, 3.40155534472135 ] ] ] } },
{ "type": "Feature", "properties": { "OBJECTID": 302, "suelo": "Urbano", "barrio": "El Morichal", "comuna": "15", "cod_bar": "1599" }, "geometry": { "type": "Polygon", "coordinates": [ [ [ -76.498803835701182, 3.402395193110846 ], [ -76.501013296962526, 3.404824797853917 ], [ -76.510958804914196, 3.395787725631577 ], [ -76.512592207343459, 3.39407771001702 ], [ -76.513216484482086, 3.393592086907615 ], [ -76.510975053541387, 3.390659413062968 ], [ -76.510420918517397, 3.389555329437358 ], [ -76.51017260165591, 3.388795127434439 ], [ -76.510020945514981, 3.388382348531692 ], [ -76.509271718088286, 3.388490611728276 ], [ -76.508275793551078, 3.388800286722322 ], [ -76.504779111123128, 3.392038565255163 ], [ -76.503222572543876, 3.394241559833489 ], [ -76.499462445932267, 3.401500507984665 ], [ -76.498803835701182, 3.402395193110846 ] ] ] } },
{ "type": "Feature", "properties": { "OBJECTID": 303, "suelo": "Urbano", "barrio": "Brisas del Limonar", "comuna": "16", "cod_bar": "1605" }, "geometry": { "type": "Polygon", "coordinates": [ [ [ -76.520051385336942, 3.400840555845034 ], [ -76.522106040710653, 3.403588627323701 ], [ -76.522337543638145, 3.402940238425594 ], [ -76.522950134696146, 3.402065909490501 ], [ -76.523246933364746, 3.400148658399215 ], [ -76.522663250938805, 3.400207274247507 ], [ -76.520051385336942, 3.400840555845034 ] ] ] } },
{ "type": "Feature", "properties": { "OBJECTID": 304, "suelo": "Urbano", "barrio": "Bosques del Limonar", "comuna": "17", "cod_bar": "1788" }, "geometry": { "type": "Polygon", "coordinates": [ [ [ -76.531450525334265, 3.403259353635737 ], [ -76.532279322948355, 3.403518110538586 ], [ -76.532933422618441, 3.403140956585444 ], [ -76.533419492248413, 3.403285024404963 ], [ -76.533574872608185, 3.402928915417764 ], [ -76.536629036025133, 3.402093498263251 ], [ -76.537866940025722, 3.398245413907782 ], [ -76.538050924568509, 3.395895047682972 ], [ -76.535023857376189, 3.396093265385323 ], [ -76.534897780405615, 3.398082493248835 ], [ -76.53232206689438, 3.398053895526091 ], [ -76.532171404437165, 3.400460373610775 ], [ -76.531450525334265, 3.403259353635737 ] ] ] } },
{ "type": "Feature", "properties": { "OBJECTID": 305, "suelo": "Urbano", "barrio": "El Gran Limonar - Cataya", "comuna": "17", "cod_bar": "1789" }, "geometry": { "type": "Polygon", "coordinates": [ [ [ -76.538050924568509, 3.395895047682972 ], [ -76.537866940025722, 3.398245413907782 ], [ -76.536629036025133, 3.402093498263251 ], [ -76.539252231571638, 3.401395601447526 ], [ -76.541757633103444, 3.40095853377667 ], [ -76.543520608824792, 3.39553310982157 ], [ -76.538050924568509, 3.395895047682972 ] ] ] } },
{ "type": "Feature", "properties": { "OBJECTID": 306, "suelo": "Urbano", "barrio": "El Refugio", "comuna": "19", "cod_bar": "1901" }, "geometry": { "type": "Polygon", "coordinates": [ [ [ -76.54644020616864, 3.401138947289794 ], [ -76.54694526217871, 3.401274922365571 ], [ -76.54975247331528, 3.40155534472135 ], [ -76.549761497734053, 3.400895280092254 ], [ -76.550670241055357, 3.400985738028368 ], [ -76.550922173441208, 3.400931496449752 ], [ -76.552321156095417, 3.399218813171466 ], [ -76.552380527507893, 3.399377938482316 ], [ -76.55669722038192, 3.39937723428565 ], [ -76.556764081757763, 3.398588081031106 ], [ -76.557071442559007, 3.397374277394379 ], [ -76.557142949288519, 3.396261016489877 ], [ -76.557005725634554, 3.394866899248048 ], [ -76.553002657151708, 3.395403473818074 ], [ -76.549645987612095, 3.39583288212348 ], [ -76.549570237678921, 3.395212792698287 ], [ -76.548627290074634, 3.39534887330102 ], [ -76.548697004520704, 3.395958084621903 ], [ -76.546252746527827, 3.396285748813844 ], [ -76.546405578469361, 3.397522478650767 ], [ -76.546413412510731, 3.400360310376051 ], [ -76.54644020616864, 3.401138947289794 ] ] ] } },
{ "type": "Feature", "properties": { "OBJECTID": 307, "suelo": "Urbano", "barrio": "El Gran Limonar", "comuna": "17", "cod_bar": "1790" }, "geometry": { "type": "Polygon", "coordinates": [ [ [ -76.543520608824792, 3.39553310982157 ], [ -76.541757633103444, 3.40095853377667 ], [ -76.546413412510731, 3.400360310376051 ], [ -76.546405578469361, 3.397522478650767 ], [ -76.546252746527827, 3.396285748813844 ], [ -76.545950210686996, 3.394441782534141 ], [ -76.54556724743172, 3.392077949211535 ], [ -76.545311774232346, 3.390519059397419 ], [ -76.544440787713668, 3.392729776414714 ], [ -76.543520608824792, 3.39553310982157 ] ] ] } },
{ "type": "Feature", "properties": { "OBJECTID": 308, "suelo": "Urbano", "barrio": "La Alborada", "comuna": "16", "cod_bar": "1698" }, "geometry": { "type": "Polygon", "coordinates": [ [ [ -76.519139374232793, 3.399650308260691 ], [ -76.520051385336942, 3.400840555845034 ], [ -76.522663250938805, 3.400207274247507 ], [ -76.523246933364746, 3.400148658399215 ], [ -76.523533406455968, 3.398583382855751 ], [ -76.519139374232793, 3.399650308260691 ] ] ] } },
{ "type": "Feature", "properties": { "OBJECTID": 309, "suelo": "Urbano", "barrio": "Ciudad 2000", "comuna": "16", "cod_bar": "1697" }, "geometry": { "type": "Polygon", "coordinates": [ [ [ -76.516176975938606, 3.397100269509627 ], [ -76.519139374232793, 3.399650308260691 ], [ -76.523533406455968, 3.398583382855751 ], [ -76.52365294286011, 3.397078470872748 ], [ -76.523769883452886, 3.394578584682219 ], [ -76.524010727869722, 3.39241368835891 ], [ -76.52457208716352, 3.387254518705272 ], [ -76.524191507163195, 3.387294743307189 ], [ -76.523849592108348, 3.387520768645395 ], [ -76.52342671354242, 3.387547865997415 ], [ -76.523345730381308, 3.387647323060039 ], [ -76.523489475446681, 3.387818826533792 ], [ -76.523570636045307, 3.388072310745795 ], [ -76.523894518122091, 3.388424970651868 ], [ -76.523741551655618, 3.388578673310262 ], [ -76.523291681364867, 3.388587684099036 ], [ -76.523120703603993, 3.388994561940291 ], [ -76.523246652144891, 3.389211577200648 ], [ -76.523174658421965, 3.389428580350713 ], [ -76.522301870584499, 3.390007205945672 ], [ -76.522076916623945, 3.390278449167362 ], [ -76.521753009826966, 3.390278426119639 ], [ -76.520862239934942, 3.390658125919836 ], [ -76.520610311229603, 3.390685233702817 ], [ -76.519908555714906, 3.390088412074709 ], [ -76.519503679828773, 3.389988921432589 ], [ -76.519134776115393, 3.39012452473596 ], [ -76.519017798160675, 3.390287271339686 ], [ -76.518553527693584, 3.390260672699523 ], [ -76.518203720138928, 3.389884683606084 ], [ -76.517354675827335, 3.389618749516927 ], [ -76.516649518155049, 3.389548128415459 ], [ -76.516327656815051, 3.389315980643796 ], [ -76.516167072068356, 3.390414380348918 ], [ -76.515907233050811, 3.391140038217278 ], [ -76.514654627893563, 3.392566466948345 ], [ -76.513341882051876, 3.393757215399075 ], [ -76.515235997789262, 3.396229451707485 ], [ -76.516176975938606, 3.397100269509627 ] ] ] } },
{ "type": "Feature", "properties": { "OBJECTID": 310, "suelo": "Urbano", "barrio": "La Hacienda", "comuna": "17", "cod_bar": "1784" }, "geometry": { "type": "Polygon", "coordinates": [ [ [ -76.53232206689438, 3.398053895526091 ], [ -76.534897780405615, 3.398082493248835 ], [ -76.535023857376189, 3.396093265385323 ], [ -76.535374713330768, 3.39189141066409 ], [ -76.532472473973527, 3.391677352820954 ], [ -76.532447176520236, 3.393047026247623 ], [ -76.524010727869722, 3.39241368835891 ], [ -76.523769883452886, 3.394578584682219 ], [ -76.52365294286011, 3.397078470872748 ], [ -76.527863116288444, 3.397537212377478 ], [ -76.53232206689438, 3.398053895526091 ] ] ] } },
{ "type": "Feature", "properties": { "OBJECTID": 311, "suelo": "Urbano", "barrio": "Caldas", "comuna": "18", "cod_bar": "1802" }, "geometry": { "type": "Polygon", "coordinates": [ [ [ -76.545950210686996, 3.394441782534141 ], [ -76.546252746527827, 3.396285748813844 ], [ -76.548697004520704, 3.395958084621903 ], [ -76.548627290074634, 3.39534887330102 ], [ -76.549570237678921, 3.395212792698287 ], [ -76.549645987612095, 3.39583288212348 ], [ -76.553002657151708, 3.395403473818074 ], [ -76.552758396691573, 3.393503033563559 ], [ -76.545950210686996, 3.394441782534141 ] ] ] } },
{ "type": "Feature", "properties": { "OBJECTID": 312, "suelo": "Urbano", "barrio": "Los Portales - Nuevo Rey", "comuna": "17", "cod_bar": "1785" }, "geometry": { "type": "Polygon", "coordinates": [ [ [ -76.535374713330768, 3.39189141066409 ], [ -76.535023857376189, 3.396093265385323 ], [ -76.538050924568509, 3.395895047682972 ], [ -76.543520608824792, 3.39553310982157 ], [ -76.544440787713668, 3.392729776414714 ], [ -76.538358333549553, 3.392147816893173 ], [ -76.538360230957096, 3.392090703441986 ], [ -76.535374713330768, 3.39189141066409 ] ] ] } },
{ "type": "Feature", "properties": { "OBJECTID": 313, "suelo": "Urbano", "barrio": "Los Chorros", "comuna": "18", "cod_bar": "1803" }, "geometry": { "type": "Polygon", "coordinates": [ [ [ -76.552758396691573, 3.393503033563559 ], [ -76.553002657151708, 3.395403473818074 ], [ -76.557005725634554, 3.394866899248048 ], [ -76.55758052655311, 3.394801283163468 ], [ -76.558164466140525, 3.394597600462227 ], [ -76.558543300630632, 3.394473944990442 ], [ -76.558175478135922, 3.393598396003697 ], [ -76.557962546352314, 3.392549907349869 ], [ -76.557625590145548, 3.392486539272356 ], [ -76.553756664831766, 3.393381556893471 ], [ -76.552758396691573, 3.393503033563559 ] ] ] } },
{ "type": "Feature", "properties": { "OBJECTID": 314, "suelo": "Urbano", "barrio": "Sector Alto de los Chorros", "comuna": "18", "cod_bar": "1890" }, "geometry": { "type": "Polygon", "coordinates": [ [ [ -76.558220868092832, 3.394777991264869 ], [ -76.561558163169124, 3.395050839177517 ], [ -76.561558232673434, 3.392643978657118 ], [ -76.561382296591148, 3.392454091927644 ], [ -76.56128748877245, 3.39186523150055 ], [ -76.561406150464094, 3.391595387780725 ], [ -76.561487852701404, 3.390814601870512 ], [ -76.561986436573974, 3.390787561126067 ], [ -76.562435545323567, 3.390378282415579 ], [ -76.562709193096794, 3.390365504898276 ], [ -76.562664352175574, 3.390163330911362 ], [ -76.562153762469137, 3.389704436062735 ], [ -76.562142237272496, 3.389609565817561 ], [ -76.562824017642995, 3.388994730799693 ], [ -76.563024210991443, 3.388952846835287 ], [ -76.563221166882741, 3.38905054702285 ], [ -76.563529334648422, 3.388775976421143 ], [ -76.563219566944781, 3.388450032961002 ], [ -76.563005258835176, 3.387980198029902 ], [ -76.562680443289338, 3.387837282925529 ], [ -76.562517652903651, 3.387623944647031 ], [ -76.562310715701102, 3.387526242039874 ], [ -76.562097448744268, 3.387551595950608 ], [ -76.561902172888935, 3.387725153664963 ], [ -76.561641257820838, 3.387413199060406 ], [ -76.561605275485533, 3.387154583040706 ], [ -76.56175556190982, 3.387068688046809 ], [ -76.562106459273096, 3.387079577340156 ], [ -76.562730857663539, 3.387304725777514 ], [ -76.562446544213358, 3.3866645744144 ], [ -76.562290917273444, 3.386670857276671 ], [ -76.562293154384335, 3.386553383386182 ], [ -76.562004216714485, 3.386926793813578 ], [ -76.56178979052136, 3.386791435355273 ], [ -76.561142953342468, 3.386827035115048 ], [ -76.559170265515462, 3.386306250973558 ], [ -76.558732468018846, 3.386352888012054 ], [ -76.558714468856948, 3.386491744907868 ], [ -76.558516521422078, 3.386645452261825 ], [ -76.55851650163099, 3.387269348853621 ], [ -76.558867374642546, 3.388056011598165 ], [ -76.55892133858255, 3.388707035448439 ], [ -76.558003574864543, 3.389611203715095 ], [ -76.55776963224028, 3.389918622603794 ], [ -76.557683708944836, 3.390199473152186 ], [ -76.557814597967095, 3.390587730749968 ], [ -76.558219465164655, 3.391076010298063 ], [ -76.558264443743766, 3.391347272146519 ], [ -76.558138469172818, 3.391690861827906 ], [ -76.557625590145548, 3.392486539272356 ], [ -76.557962546352314, 3.392549907349869 ], [ -76.558175478135922, 3.393598396003697 ], [ -76.558543300630632, 3.394473944990442 ], [ -76.558164466140525, 3.394597600462227 ], [ -76.558220868092832, 3.394777991264869 ] ] ] } },
{ "type": "Feature", "properties": { "OBJECTID": 315, "suelo": "Urbano", "barrio": "Buenos Aires", "comuna": "18", "cod_bar": "1801" }, "geometry": { "type": "Polygon", "coordinates": [ [ [ -76.54556724743172, 3.392077949211535 ], [ -76.545950210686996, 3.394441782534141 ], [ -76.552758396691573, 3.393503033563559 ], [ -76.553756664831766, 3.393381556893471 ], [ -76.553754122884285, 3.392558793765772 ], [ -76.552901935574056, 3.392676250848131 ], [ -76.552128198557327, 3.391582141530225 ], [ -76.551723328646631, 3.391229488489326 ], [ -76.54556724743172, 3.392077949211535 ] ] ] } },
{ "type": "Feature", "properties": { "OBJECTID": 316, "suelo": "Urbano", "barrio": "No aplica", "comuna": "16", "cod_bar": "1600" }, "geometry": { "type": "Polygon", "coordinates": [ [ [ -76.513216484482086, 3.393592086907615 ], [ -76.513341882051876, 3.393757215399075 ], [ -76.514654627893563, 3.392566466948345 ], [ -76.515907233050811, 3.391140038217278 ], [ -76.516167072068356, 3.390414380348918 ], [ -76.516327656815051, 3.389315980643796 ], [ -76.516117953704295, 3.389193759779046 ], [ -76.515754985966836, 3.389212616785614 ], [ -76.515527030029617, 3.389079912472254 ], [ -76.515269886766418, 3.389095795050318 ], [ -76.51509630887881, 3.389189706371066 ], [ -76.514799073038773, 3.389701048939737 ], [ -76.513933114912888, 3.389410575479451 ], [ -76.513919259877582, 3.389802288509893 ], [ -76.512468850651359, 3.388914010607813 ], [ -76.512271697463106, 3.388707583219364 ], [ -76.511410217776245, 3.388447767812669 ], [ -76.510618988182173, 3.388717479126501 ], [ -76.510272589423167, 3.388712930052716 ], [ -76.51017260165591, 3.388795127434439 ], [ -76.510420918517397, 3.389555329437358 ], [ -76.510975053541387, 3.390659413062968 ], [ -76.513216484482086, 3.393592086907615 ] ] ] } },
{ "type": "Feature", "properties": { "OBJECTID": 317, "suelo": "Urbano", "barrio": "Lourdes", "comuna": "18", "cod_bar": "1811" }, "geometry": { "type": "Polygon", "coordinates": [ [ [ -76.553754122884285, 3.392558793765772 ], [ -76.553756664831766, 3.393381556893471 ], [ -76.557625590145548, 3.392486539272356 ], [ -76.558138469172818, 3.391690861827906 ], [ -76.558264443743766, 3.391347272146519 ], [ -76.558219465164655, 3.391076010298063 ], [ -76.557814597967095, 3.390587730749968 ], [ -76.557683708944836, 3.390199473152186 ], [ -76.556661690487374, 3.390149253833523 ], [ -76.556250989270552, 3.390337712434629 ], [ -76.555455461631126, 3.390479649826683 ], [ -76.553765343262896, 3.390466730720494 ], [ -76.553754122884285, 3.392558793765772 ] ] ] } },
{ "type": "Feature", "properties": { "OBJECTID": 318, "suelo": "Urbano", "barrio": "Prados del Limonar", "comuna": "17", "cod_bar": "1794" }, "geometry": { "type": "Polygon", "coordinates": [ [ [ -76.524010727869722, 3.39241368835891 ], [ -76.532447176520236, 3.393047026247623 ], [ -76.532472473973527, 3.391677352820954 ], [ -76.532519196577823, 3.387721117281688 ], [ -76.532536399185858, 3.387106925189273 ], [ -76.531855953671624, 3.387131359422944 ], [ -76.531516347893387, 3.387243450909286 ], [ -76.530873245893616, 3.387192300620308 ], [ -76.530077562798482, 3.387286228464119 ], [ -76.529447586041442, 3.387218591812555 ], [ -76.529127662344777, 3.387406524246715 ], [ -76.528718334441223, 3.387486460410778 ], [ -76.527460868606582, 3.386954671374828 ], [ -76.527421499233242, 3.386877180423653 ], [ -76.527608542360284, 3.386603507552748 ], [ -76.527432197769443, 3.386335580783854 ], [ -76.527199215445492, 3.386665307642417 ], [ -76.52649130407363, 3.386720492574923 ], [ -76.52594334026513, 3.386918300939794 ], [ -76.525205642066666, 3.387366585243065 ], [ -76.52457208716352, 3.387254518705272 ], [ -76.524010727869722, 3.39241368835891 ] ] ] } },
{ "type": "Feature", "properties": { "OBJECTID": 319, "suelo": "Urbano", "barrio": "Ciudad Capri", "comuna": "17", "cod_bar": "1783" }, "geometry": { "type": "Polygon", "coordinates": [ [ [ -76.538360230957096, 3.392090703441986 ], [ -76.538358333549553, 3.392147816893173 ], [ -76.544440787713668, 3.392729776414714 ], [ -76.545311774232346, 3.390519059397419 ], [ -76.544660793697261, 3.386129929362572 ], [ -76.544636151999939, 3.385957414288432 ], [ -76.538602410936022, 3.386871133972757 ], [ -76.538602804254722, 3.386878390122342 ], [ -76.538560205488636, 3.389465691500091 ], [ -76.538360230957096, 3.392090703441986 ] ] ] } },
{ "type": "Feature", "properties": { "OBJECTID": 320, "suelo": "Urbano", "barrio": "Los Farallones", "comuna": "18", "cod_bar": "1805" }, "geometry": { "type": "Polygon", "coordinates": [ [ [ -76.551723328646631, 3.391229488489326 ], [ -76.552128198557327, 3.391582141530225 ], [ -76.552901935574056, 3.392676250848131 ], [ -76.553754122884285, 3.392558793765772 ], [ -76.553765343262896, 3.390466730720494 ], [ -76.553765775098483, 3.390307286034978 ], [ -76.551403637883837, 3.390098825092698 ], [ -76.551480407714465, 3.390994387898902 ], [ -76.551723328646631, 3.391229488489326 ] ] ] } },
{ "type": "Feature", "properties": { "OBJECTID": 321, "suelo": "Urbano", "barrio": "Las Quintas de Don Simón", "comuna": "17", "cod_bar": "1782" }, "geometry": { "type": "Polygon", "coordinates": [ [ [ -76.535374713330768, 3.39189141066409 ], [ -76.538360230957096, 3.392090703441986 ], [ -76.538560205488636, 3.389465691500091 ], [ -76.538602804254722, 3.386878390122342 ], [ -76.532519196577823, 3.387721117281688 ], [ -76.532472473973527, 3.391677352820954 ], [ -76.535374713330768, 3.39189141066409 ] ] ] } },
{ "type": "Feature", "properties": { "OBJECTID": 322, "suelo": "Urbano", "barrio": "Alférez Real", "comuna": "18", "cod_bar": "1813" }, "geometry": { "type": "Polygon", "coordinates": [ [ [ -76.545311774232346, 3.390519059397419 ], [ -76.54556724743172, 3.392077949211535 ], [ -76.551723328646631, 3.391229488489326 ], [ -76.551480407714465, 3.390994387898902 ], [ -76.551403637883837, 3.390098825092698 ], [ -76.551354502305131, 3.389502456475318 ], [ -76.546208010855167, 3.389068221942073 ], [ -76.545956169357964, 3.387151311153493 ], [ -76.545829820962666, 3.385959308305922 ], [ -76.544660793697261, 3.386129929362572 ], [ -76.545311774232346, 3.390519059397419 ] ] ] } },
{ "type": "Feature", "properties": { "OBJECTID": 323, "suelo": "Urbano", "barrio": "Caney", "comuna": "17", "cod_bar": "1774" }, "geometry": { "type": "Polygon", "coordinates": [ [ [ -76.516327656815051, 3.389315980643796 ], [ -76.516649518155049, 3.389548128415459 ], [ -76.517354675827335, 3.389618749516927 ], [ -76.518203720138928, 3.389884683606084 ], [ -76.518553527693584, 3.390260672699523 ], [ -76.519017798160675, 3.390287271339686 ], [ -76.519134776115393, 3.39012452473596 ], [ -76.519503679828773, 3.389988921432589 ], [ -76.519908555714906, 3.390088412074709 ], [ -76.520610311229603, 3.390685233702817 ], [ -76.520862239934942, 3.390658125919836 ], [ -76.521753009826966, 3.390278426119639 ], [ -76.522076916623945, 3.390278449167362 ], [ -76.522301870584499, 3.390007205945672 ], [ -76.523174658421965, 3.389428580350713 ], [ -76.523246652144891, 3.389211577200648 ], [ -76.523120703603993, 3.388994561940291 ], [ -76.523291681364867, 3.388587684099036 ], [ -76.523741551655618, 3.388578673310262 ], [ -76.523894518122091, 3.388424970651868 ], [ -76.523570636045307, 3.388072310745795 ], [ -76.523489475446681, 3.387818826533792 ], [ -76.521870154169406, 3.38772859700583 ], [ -76.519944665989811, 3.388397564750621 ], [ -76.520214757951564, 3.386010502607299 ], [ -76.520376997073214, 3.381977791874878 ], [ -76.524818803660381, 3.382086763955711 ], [ -76.524872600686052, 3.379302736746209 ], [ -76.524872864245111, 3.379288827528323 ], [ -76.521992325714365, 3.379105409626356 ], [ -76.521393448641973, 3.379194528606592 ], [ -76.51429499761592, 3.379179340431721 ], [ -76.513933114912888, 3.389410575479451 ], [ -76.514799073038773, 3.389701048939737 ], [ -76.51509630887881, 3.389189706371066 ], [ -76.515269886766418, 3.389095795050318 ], [ -76.515527030029617, 3.389079912472254 ], [ -76.515754985966836, 3.389212616785614 ], [ -76.516117953704295, 3.389193759779046 ], [ -76.516327656815051, 3.389315980643796 ] ] ] } },
{ "type": "Feature", "properties": { "OBJECTID": 324, "suelo": "Urbano", "barrio": "Prados del Sur", "comuna": "18", "cod_bar": "1808" }, "geometry": { "type": "Polygon", "coordinates": [ [ [ -76.553765343262896, 3.390466730720494 ], [ -76.555455461631126, 3.390479649826683 ], [ -76.556250989270552, 3.390337712434629 ], [ -76.556661690487374, 3.390149253833523 ], [ -76.55610520617148, 3.387224057053249 ], [ -76.555916269895818, 3.386979917251944 ], [ -76.555961273130748, 3.386491652609459 ], [ -76.555836750200498, 3.385931044288082 ], [ -76.55577850482517, 3.385727426476121 ], [ -76.555475444612213, 3.385677856187422 ], [ -76.553684966703699, 3.385750126550923 ], [ -76.553765775098483, 3.390307286034978 ], [ -76.553765343262896, 3.390466730720494 ] ] ] } },
{ "type": "Feature", "properties": { "OBJECTID": 325, "suelo": "Urbano", "barrio": "Alto Nápoles", "comuna": "18", "cod_bar": "1898" }, "geometry": { "type": "Polygon", "coordinates": [ [ [ -76.551273574728313, 3.388254660489543 ], [ -76.553171967810854, 3.389728577225519 ], [ -76.553765775098483, 3.390307286034978 ], [ -76.553684966703699, 3.385750126550923 ], [ -76.555475444612213, 3.385677856187422 ], [ -76.55577850482517, 3.385727426476121 ], [ -76.555836750200498, 3.385931044288082 ], [ -76.557265896744383, 3.38633798322724 ], [ -76.557463860023191, 3.385696009550612 ], [ -76.557679800583884, 3.385596555162934 ], [ -76.558255627119394, 3.385741245117856 ], [ -76.558732468018846, 3.386352888012054 ], [ -76.559170265515462, 3.386306250973558 ], [ -76.561142953342468, 3.386827035115048 ], [ -76.56178979052136, 3.386791435355273 ], [ -76.562004216714485, 3.386926793813578 ], [ -76.562293154384335, 3.386553383386182 ], [ -76.562157783666819, 3.386697130858361 ], [ -76.562049816411303, 3.38663560065703 ], [ -76.561885120779138, 3.386720575855125 ], [ -76.561444269621717, 3.385997204451792 ], [ -76.561340810429385, 3.385640962783021 ], [ -76.561203181387228, 3.38554785387816 ], [ -76.561557689352242, 3.384650872739862 ], [ -76.561710647087224, 3.384574020482175 ], [ -76.561358843461704, 3.384320834208186 ], [ -76.561328269927841, 3.384198766614981 ], [ -76.561525318709229, 3.383493074481774 ], [ -76.56080630398894, 3.383495030255104 ], [ -76.559549978616801, 3.379612422881589 ], [ -76.559330647513974, 3.37975539126645 ], [ -76.559515404242916, 3.380073711541974 ], [ -76.559519159797546, 3.380572026278974 ], [ -76.558612316536141, 3.379916419301755 ], [ -76.558732276715361, 3.380727338187639 ], [ -76.559076347503634, 3.381450118916006 ], [ -76.559301451714703, 3.381375762405554 ], [ -76.559532526715074, 3.381802578645106 ], [ -76.55968013905246, 3.38231408327447 ], [ -76.559471798381026, 3.38286062829679 ], [ -76.55903856346545, 3.382731850744191 ], [ -76.558422807820946, 3.382824466770913 ], [ -76.557976650453654, 3.383218155162433 ], [ -76.557672457203466, 3.383333013303341 ], [ -76.557471499503393, 3.383575712237426 ], [ -76.557176523259812, 3.383722993354759 ], [ -76.556330321501434, 3.383780398524745 ], [ -76.553748024313137, 3.383679516412175 ], [ -76.553028219162655, 3.384158713493666 ], [ -76.552272372429343, 3.38595803812885 ], [ -76.550381370633417, 3.385874122372257 ], [ -76.550807177631725, 3.387308859573223 ], [ -76.550794899845997, 3.387425183621467 ], [ -76.550493914426994, 3.387413963066471 ], [ -76.550796729524265, 3.387847752311994 ], [ -76.551273574728313, 3.388254660489543 ] ] ] } },
{ "type": "Feature", "properties": { "OBJECTID": 326, "suelo": "Urbano", "barrio": "Colinas del Sur", "comuna": "18", "cod_bar": "1812" }, "geometry": { "type": "Polygon", "coordinates": [ [ [ -76.551403637883837, 3.390098825092698 ], [ -76.553765775098483, 3.390307286034978 ], [ -76.553171967810854, 3.389728577225519 ], [ -76.551273574728313, 3.388254660489543 ], [ -76.551354502305131, 3.389502456475318 ], [ -76.551403637883837, 3.390098825092698 ] ] ] } },
{ "type": "Feature", "properties": { "OBJECTID": 327, "suelo": "Urbano", "barrio": "Mario Correa Rengifo", "comuna": "18", "cod_bar": "1810" }, "geometry": { "type": "Polygon", "coordinates": [ [ [ -76.556661690487374, 3.390149253833523 ], [ -76.557683708944836, 3.390199473152186 ], [ -76.55776963224028, 3.389918622603794 ], [ -76.558003574864543, 3.389611203715095 ], [ -76.55892133858255, 3.388707035448439 ], [ -76.558867374642546, 3.388056011598165 ], [ -76.55851650163099, 3.387269348853621 ], [ -76.558516521422078, 3.386645452261825 ], [ -76.558714468856948, 3.386491744907868 ], [ -76.558732468018846, 3.386352888012054 ], [ -76.558255627119394, 3.385741245117856 ], [ -76.557679800583884, 3.385596555162934 ], [ -76.557463860023191, 3.385696009550612 ], [ -76.557265896744383, 3.38633798322724 ], [ -76.555836750200498, 3.385931044288082 ], [ -76.555961273130748, 3.386491652609459 ], [ -76.555916269895818, 3.386979917251944 ], [ -76.55610520617148, 3.387224057053249 ], [ -76.556661690487374, 3.390149253833523 ] ] ] } },
{ "type": "Feature", "properties": { "OBJECTID": 328, "suelo": "Urbano", "barrio": "Francisco Eladio Ramírez", "comuna": "18", "cod_bar": "1807" }, "geometry": { "type": "Polygon", "coordinates": [ [ [ -76.545956169357964, 3.387151311153493 ], [ -76.546208010855167, 3.389068221942073 ], [ -76.551354502305131, 3.389502456475318 ], [ -76.551273574728313, 3.388254660489543 ], [ -76.550796729524265, 3.387847752311994 ], [ -76.550493914426994, 3.387413963066471 ], [ -76.545956169357964, 3.387151311153493 ] ] ] } },
{ "type": "Feature", "properties": { "OBJECTID": 329, "suelo": "Urbano", "barrio": "Ciudadela Comfandi", "comuna": "17", "cod_bar": "1703" }, "geometry": { "type": "Polygon", "coordinates": [ [ [ -76.524818803660381, 3.382086763955711 ], [ -76.520376997073214, 3.381977791874878 ], [ -76.520214757951564, 3.386010502607299 ], [ -76.519944665989811, 3.388397564750621 ], [ -76.521870154169406, 3.38772859700583 ], [ -76.523489475446681, 3.387818826533792 ], [ -76.523345730381308, 3.387647323060039 ], [ -76.52342671354242, 3.387547865997415 ], [ -76.523849592108348, 3.387520768645395 ], [ -76.524191507163195, 3.387294743307189 ], [ -76.52457208716352, 3.387254518705272 ], [ -76.524714596906065, 3.385702658929143 ], [ -76.524818803660381, 3.382086763955711 ] ] ] } },
{ "type": "Feature", "properties": { "OBJECTID": 330, "suelo": "Urbano", "barrio": "Ciudadela Pasoancho", "comuna": "17", "cod_bar": "1793" }, "geometry": { "type": "Polygon", "coordinates": [ [ [ -76.532536399185858, 3.387106925189273 ], [ -76.532519196577823, 3.387721117281688 ], [ -76.538602804254722, 3.386878390122342 ], [ -76.538602410936022, 3.386871133972757 ], [ -76.53825284301729, 3.383498639696497 ], [ -76.537623944010576, 3.383933431997312 ], [ -76.537146795253136, 3.383628317463944 ], [ -76.536856101593557, 3.383574597095723 ], [ -76.536538859853323, 3.383868241304334 ], [ -76.536436133880088, 3.384151233152234 ], [ -76.535684559826706, 3.384316875679947 ], [ -76.535043248672892, 3.384963579710303 ], [ -76.534646438210686, 3.38483824720692 ], [ -76.534424697448841, 3.385244637761967 ], [ -76.533227755669131, 3.386036806207614 ], [ -76.533233037821105, 3.386437496102751 ], [ -76.533486566570531, 3.386882764842269 ], [ -76.533410371533705, 3.38715280703871 ], [ -76.533089728961727, 3.387210682453028 ], [ -76.532536399185858, 3.387106925189273 ] ] ] } },
{ "type": "Feature", "properties": { "OBJECTID": 331, "suelo": "Urbano", "barrio": "El Ingenio", "comuna": "17", "cod_bar": "1780" }, "geometry": { "type": "Polygon", "coordinates": [ [ [ -76.52457208716352, 3.387254518705272 ], [ -76.525205642066666, 3.387366585243065 ], [ -76.52594334026513, 3.386918300939794 ], [ -76.52649130407363, 3.386720492574923 ], [ -76.527199215445492, 3.386665307642417 ], [ -76.527432197769443, 3.386335580783854 ], [ -76.527608542360284, 3.386603507552748 ], [ -76.527421499233242, 3.386877180423653 ], [ -76.527460868606582, 3.386954671374828 ], [ -76.528718334441223, 3.387486460410778 ], [ -76.529127662344777, 3.387406524246715 ], [ -76.529447586041442, 3.387218591812555 ], [ -76.530077562798482, 3.387286228464119 ], [ -76.530873245893616, 3.387192300620308 ], [ -76.531516347893387, 3.387243450909286 ], [ -76.531855953671624, 3.387131359422944 ], [ -76.532536399185858, 3.387106925189273 ], [ -76.533089728961727, 3.387210682453028 ], [ -76.533410371533705, 3.38715280703871 ], [ -76.533486566570531, 3.386882764842269 ], [ -76.533233037821105, 3.386437496102751 ], [ -76.533227755669131, 3.386036806207614 ], [ -76.534424697448841, 3.385244637761967 ], [ -76.534646438210686, 3.38483824720692 ], [ -76.535043248672892, 3.384963579710303 ], [ -76.535684559826706, 3.384316875679947 ], [ -76.536436133880088, 3.384151233152234 ], [ -76.536538859853323, 3.383868241304334 ], [ -76.536856101593557, 3.383574597095723 ], [ -76.537146795253136, 3.383628317463944 ], [ -76.537623944010576, 3.383933431997312 ], [ -76.53825284301729, 3.383498639696497 ], [ -76.537755292373518, 3.380305740808246 ], [ -76.532406545151773, 3.379944140455549 ], [ -76.532091646580881, 3.379817533658434 ], [ -76.528808345786786, 3.379603605700939 ], [ -76.524872600686052, 3.379302736746209 ], [ -76.524818803660381, 3.382086763955711 ], [ -76.524714596906065, 3.385702658929143 ], [ -76.52457208716352, 3.387254518705272 ] ] ] } },
{ "type": "Feature", "properties": { "OBJECTID": 332, "suelo": "Urbano", "barrio": "Nápoles", "comuna": "18", "cod_bar": "1814" }, "geometry": { "type": "Polygon", "coordinates": [ [ [ -76.550493914426994, 3.387413963066471 ], [ -76.550794899845997, 3.387425183621467 ], [ -76.550807177631725, 3.387308859573223 ], [ -76.550381370633417, 3.385874122372257 ], [ -76.547404806133812, 3.385786037791795 ], [ -76.545829820962666, 3.385959308305922 ], [ -76.545956169357964, 3.387151311153493 ], [ -76.550493914426994, 3.387413963066471 ] ] ] } },
{ "type": "Feature", "properties": { "OBJECTID": 333, "suelo": "Urbano", "barrio": "Mayapan - Las Vegas", "comuna": "17", "cod_bar": "1781" }, "geometry": { "type": "Polygon", "coordinates": [ [ [ -76.53825284301729, 3.383498639696497 ], [ -76.538602410936022, 3.386871133972757 ], [ -76.544636151999939, 3.385957414288432 ], [ -76.54434578838368, 3.383950376700871 ], [ -76.543620846883798, 3.38072096615641 ], [ -76.542627802704772, 3.376665420041607 ], [ -76.542390750659848, 3.37548218908055 ], [ -76.542363571990734, 3.375492170198586 ], [ -76.541780707690563, 3.375825203486418 ], [ -76.540913407151905, 3.375975936242946 ], [ -76.540569864484411, 3.376170747625343 ], [ -76.541320448185928, 3.376520162720427 ], [ -76.54158821068539, 3.376876587401676 ], [ -76.541587536837568, 3.377046102095763 ], [ -76.540866510577146, 3.377483109334081 ], [ -76.540889820678061, 3.378390434084981 ], [ -76.540643560309263, 3.379026821930271 ], [ -76.540630163576466, 3.380044793686002 ], [ -76.54051538339624, 3.38018024889075 ], [ -76.540146368938892, 3.380250643556814 ], [ -76.539720573152394, 3.381546222131507 ], [ -76.539424933726551, 3.382122253896049 ], [ -76.539436934605348, 3.382322093195973 ], [ -76.538928455150582, 3.382421314951886 ], [ -76.539063889257548, 3.382908849220443 ], [ -76.539026513718156, 3.383063085556423 ], [ -76.538920412446259, 3.383090575111933 ], [ -76.53872824592203, 3.382850489072123 ], [ -76.538561404522312, 3.383211263856997 ], [ -76.53825284301729, 3.383498639696497 ] ] ] } },
{ "type": "Feature", "properties": { "OBJECTID": 334, "suelo": "Urbano", "barrio": "Cuarteles de Nápoles", "comuna": "18", "cod_bar": "1816" }, "geometry": { "type": "Polygon", "coordinates": [ [ [ -76.544636151999939, 3.385957414288432 ], [ -76.544660793697261, 3.386129929362572 ], [ -76.545829820962666, 3.385959308305922 ], [ -76.547404806133812, 3.385786037791795 ], [ -76.550381370633417, 3.385874122372257 ], [ -76.552272372429343, 3.38595803812885 ], [ -76.553028219162655, 3.384158713493666 ], [ -76.553748024313137, 3.383679516412175 ], [ -76.556330321501434, 3.383780398524745 ], [ -76.557176523259812, 3.383722993354759 ], [ -76.557471499503393, 3.383575712237426 ], [ -76.557672457203466, 3.383333013303341 ], [ -76.557976650453654, 3.383218155162433 ], [ -76.558422807820946, 3.382824466770913 ], [ -76.55903856346545, 3.382731850744191 ], [ -76.559471798381026, 3.38286062829679 ], [ -76.55968013905246, 3.38231408327447 ], [ -76.559532526715074, 3.381802578645106 ], [ -76.559301451714703, 3.381375762405554 ], [ -76.559076347503634, 3.381450118916006 ], [ -76.558732276715361, 3.380727338187639 ], [ -76.558461418412222, 3.380471099545166 ], [ -76.558200890134714, 3.380007100137769 ], [ -76.557545721578236, 3.379360187713211 ], [ -76.557230632771152, 3.379496620206435 ], [ -76.557158602161294, 3.380141396511987 ], [ -76.554197281795766, 3.378988927183292 ], [ -76.554267385462779, 3.378454151799384 ], [ -76.552707872001875, 3.378422241710013 ], [ -76.552128713110562, 3.378208917462927 ], [ -76.551431022588275, 3.37805212241275 ], [ -76.550775376082768, 3.378055103831157 ], [ -76.549903399532838, 3.377831646962349 ], [ -76.54993543413498, 3.377526229122215 ], [ -76.549618491528847, 3.37766643686953 ], [ -76.547036300758535, 3.376952008305327 ], [ -76.546547616956246, 3.378807227214074 ], [ -76.546262124428836, 3.380865305365433 ], [ -76.543620846883798, 3.38072096615641 ], [ -76.54434578838368, 3.383950376700871 ], [ -76.544636151999939, 3.385957414288432 ] ] ] } },
{ "type": "Feature", "properties": { "OBJECTID": 335, "suelo": "Urbano", "barrio": "Unicentro Cali", "comuna": "17", "cod_bar": "1791" }, "geometry": { "type": "Polygon", "coordinates": [ [ [ -76.537755292373518, 3.380305740808246 ], [ -76.53825284301729, 3.383498639696497 ], [ -76.538561404522312, 3.383211263856997 ], [ -76.53872824592203, 3.382850489072123 ], [ -76.538920412446259, 3.383090575111933 ], [ -76.539026513718156, 3.383063085556423 ], [ -76.539063889257548, 3.382908849220443 ], [ -76.538928455150582, 3.382421314951886 ], [ -76.539436934605348, 3.382322093195973 ], [ -76.539424933726551, 3.382122253896049 ], [ -76.539720573152394, 3.381546222131507 ], [ -76.540146368938892, 3.380250643556814 ], [ -76.54051538339624, 3.38018024889075 ], [ -76.540630163576466, 3.380044793686002 ], [ -76.540643560309263, 3.379026821930271 ], [ -76.540889820678061, 3.378390434084981 ], [ -76.540866510577146, 3.377483109334081 ], [ -76.541587536837568, 3.377046102095763 ], [ -76.54158821068539, 3.376876587401676 ], [ -76.541320448185928, 3.376520162720427 ], [ -76.540569864484411, 3.376170747625343 ], [ -76.540398781730232, 3.375863625438301 ], [ -76.540685337617091, 3.375672859787017 ], [ -76.540488365086929, 3.37513290458602 ], [ -76.540506282885246, 3.374945725196218 ], [ -76.54112952799386, 3.374801771446377 ], [ -76.542063137736903, 3.374432937256562 ], [ -76.541665079416902, 3.373778019465249 ], [ -76.541368185561083, 3.373461534598755 ], [ -76.540290432213041, 3.372824967031205 ], [ -76.537143301347427, 3.371203516161513 ], [ -76.537409159035406, 3.377891897078554 ], [ -76.537755292373518, 3.380305740808246 ] ] ] } },
{ "type": "Feature", "properties": { "OBJECTID": 336, "suelo": "Urbano", "barrio": "Meléndez", "comuna": "18", "cod_bar": "1804" }, "geometry": { "type": "Polygon", "coordinates": [ [ [ -76.543620846883798, 3.38072096615641 ], [ -76.546262124428836, 3.380865305365433 ], [ -76.546547616956246, 3.378807227214074 ], [ -76.547036300758535, 3.376952008305327 ], [ -76.547162285715416, 3.376418537542781 ], [ -76.547225337965529, 3.374781941874831 ], [ -76.546325600099365, 3.375053160722149 ], [ -76.544544101063408, 3.375921108871396 ], [ -76.542627802704772, 3.376665420041607 ], [ -76.543620846883798, 3.38072096615641 ] ] ] } },
{ "type": "Feature", "properties": { "OBJECTID": 337, "suelo": "Urbano", "barrio": "Sector Alto Jordán", "comuna": "18", "cod_bar": "1897" }, "geometry": { "type": "Polygon", "coordinates": [ [ [ -76.552128713110562, 3.378208917462927 ], [ -76.552707872001875, 3.378422241710013 ], [ -76.554267385462779, 3.378454151799384 ], [ -76.554197281795766, 3.378988927183292 ], [ -76.557158602161294, 3.380141396511987 ], [ -76.557230632771152, 3.379496620206435 ], [ -76.557545721578236, 3.379360187713211 ], [ -76.558200890134714, 3.380007100137769 ], [ -76.558461418412222, 3.380471099545166 ], [ -76.558732276715361, 3.380727338187639 ], [ -76.558612316536141, 3.379916419301755 ], [ -76.559519159797546, 3.380572026278974 ], [ -76.559515404242916, 3.380073711541974 ], [ -76.559330647513974, 3.37975539126645 ], [ -76.559549978616801, 3.379612422881589 ], [ -76.559459082229424, 3.379331512513181 ], [ -76.559863140195858, 3.3785659229315 ], [ -76.560109244269896, 3.377403147225519 ], [ -76.559614079141284, 3.37635403048495 ], [ -76.559367905622111, 3.375458435489312 ], [ -76.558566643279732, 3.374493563569547 ], [ -76.558285779770841, 3.373787044789959 ], [ -76.557775973536934, 3.373372730652044 ], [ -76.556990543813299, 3.3734850321678 ], [ -76.556242846779227, 3.373284155877977 ], [ -76.555778556704681, 3.373416154795593 ], [ -76.555240136977389, 3.373205822008469 ], [ -76.554702624665723, 3.373157781765054 ], [ -76.55431524708726, 3.372919583888903 ], [ -76.5541802805771, 3.373154669177474 ], [ -76.553685428869784, 3.373217944886158 ], [ -76.553181568825153, 3.373597689459856 ], [ -76.552965620235113, 3.373986486721851 ], [ -76.552983607802986, 3.374185409697856 ], [ -76.552695690763628, 3.374293902875424 ], [ -76.552848623337624, 3.374845469606873 ], [ -76.552722654672465, 3.375035345585128 ], [ -76.55238070019908, 3.376563427829615 ], [ -76.552128713110562, 3.378208917462927 ] ] ] } },
{ "type": "Feature", "properties": { "OBJECTID": 338, "suelo": "Urbano", "barrio": "Ciudad Universitaria", "comuna": "17", "cod_bar": "1705" }, "geometry": { "type": "Polygon", "coordinates": [ [ [ -76.528808345786786, 3.379603605700939 ], [ -76.532091646580881, 3.379817533658434 ], [ -76.532406545151773, 3.379944140455549 ], [ -76.537755292373518, 3.380305740808246 ], [ -76.537409159035406, 3.377891897078554 ], [ -76.537143301347427, 3.371203516161513 ], [ -76.537139596264538, 3.371201643640375 ], [ -76.529807519348125, 3.367370495121568 ], [ -76.529581956173629, 3.370748274115012 ], [ -76.529446976907124, 3.371091860075224 ], [ -76.529428945605758, 3.371688630108893 ], [ -76.529302951493534, 3.372213057482343 ], [ -76.528808345786786, 3.379603605700939 ] ] ] } },
{ "type": "Feature", "properties": { "OBJECTID": 339, "suelo": "Urbano", "barrio": "Urbanización San Joaquin", "comuna": "17", "cod_bar": "1796" }, "geometry": { "type": "Polygon", "coordinates": [ [ [ -76.524872600686052, 3.379302736746209 ], [ -76.528808345786786, 3.379603605700939 ], [ -76.529302951493534, 3.372213057482343 ], [ -76.529428945605758, 3.371688630108893 ], [ -76.529446976907124, 3.371091860075224 ], [ -76.529581956173629, 3.370748274115012 ], [ -76.529807519348125, 3.367370495121568 ], [ -76.528160660808766, 3.366516535542514 ], [ -76.527197987314466, 3.366118626859375 ], [ -76.525506583834698, 3.365105813276969 ], [ -76.525020772825599, 3.364563261290854 ], [ -76.524741890722623, 3.364102101905724 ], [ -76.524561975816312, 3.363686158057624 ], [ -76.524278644146861, 3.362499378328895 ], [ -76.524390999506238, 3.364138245828897 ], [ -76.525133109807797, 3.366767557394934 ], [ -76.524872864245111, 3.379288827528323 ], [ -76.524872600686052, 3.379302736746209 ] ] ] } },
{ "type": "Feature", "properties": { "OBJECTID": 340, "suelo": "Urbano", "barrio": "Lili", "comuna": "17", "cod_bar": "1775" }, "geometry": { "type": "Polygon", "coordinates": [ [ [ -76.51429499761592, 3.379179340431721 ], [ -76.521393448641973, 3.379194528606592 ], [ -76.521992325714365, 3.379105409626356 ], [ -76.524872864245111, 3.379288827528323 ], [ -76.525133109807797, 3.366767557394934 ], [ -76.524390999506238, 3.364138245828897 ], [ -76.524278644146861, 3.362499378328895 ], [ -76.524271346227764, 3.362407619843546 ], [ -76.524119788971475, 3.362487853176062 ], [ -76.523526553964629, 3.363307453749673 ], [ -76.52317718879894, 3.363642548177541 ], [ -76.52235977360391, 3.363776355420995 ], [ -76.521308481268747, 3.36420563379271 ], [ -76.52083774788457, 3.36418928260109 ], [ -76.520414335035994, 3.363961435681185 ], [ -76.520110915513001, 3.363626083584291 ], [ -76.519617549217784, 3.363611990453408 ], [ -76.519290722205369, 3.36328977510584 ], [ -76.519153863979255, 3.363336034383205 ], [ -76.518568325173007, 3.363612972592684 ], [ -76.518297302590838, 3.364356302659471 ], [ -76.517957214991398, 3.36466716550156 ], [ -76.517641968603272, 3.364579336601836 ], [ -76.517410172372323, 3.364290046215765 ], [ -76.517170141582454, 3.364148040812702 ], [ -76.517080503073743, 3.364386939400043 ], [ -76.516920583710032, 3.364511326059633 ], [ -76.516306595701735, 3.364529504135501 ], [ -76.515622724177277, 3.363820221192254 ], [ -76.515490108693569, 3.363530584541938 ], [ -76.515272569348994, 3.363400660619643 ], [ -76.515186408428221, 3.363203990701672 ], [ -76.51457817104172, 3.363408164924438 ], [ -76.51429499761592, 3.379179340431721 ] ] ] } },
{ "type": "Feature", "properties": { "OBJECTID": 341, "suelo": "Urbano", "barrio": "El Jordán", "comuna": "18", "cod_bar": "1815" }, "geometry": { "type": "Polygon", "coordinates": [ [ [ -76.549618491528847, 3.37766643686953 ], [ -76.54993543413498, 3.377526229122215 ], [ -76.549903399532838, 3.377831646962349 ], [ -76.550775376082768, 3.378055103831157 ], [ -76.551431022588275, 3.37805212241275 ], [ -76.552128713110562, 3.378208917462927 ], [ -76.55238070019908, 3.376563427829615 ], [ -76.552722654672465, 3.375035345585128 ], [ -76.552848623337624, 3.374845469606873 ], [ -76.552695690763628, 3.374293902875424 ], [ -76.552983607802986, 3.374185409697856 ], [ -76.552965620235113, 3.373986486721851 ], [ -76.553181568825153, 3.373597689459856 ], [ -76.553685428869784, 3.373217944886158 ], [ -76.5541802805771, 3.373154669177474 ], [ -76.55431524708726, 3.372919583888903 ], [ -76.553885282068208, 3.372729235489679 ], [ -76.553462690204256, 3.372986867762311 ], [ -76.553325812622717, 3.372984679824404 ], [ -76.552946155732812, 3.3725490639206 ], [ -76.55240571224401, 3.372407118310583 ], [ -76.549042897266403, 3.372096553100783 ], [ -76.548835936307981, 3.37266618886333 ], [ -76.548997842660398, 3.37373314925502 ], [ -76.548908164710184, 3.37411186908309 ], [ -76.54954664332358, 3.374492699045561 ], [ -76.550266383491916, 3.375487347196857 ], [ -76.550284366091716, 3.375776690530925 ], [ -76.550113388602142, 3.37649100010588 ], [ -76.549618491528847, 3.37766643686953 ] ] ] } },
{ "type": "Feature", "properties": { "OBJECTID": 342, "suelo": "Urbano", "barrio": "Horizontes", "comuna": "18", "cod_bar": "1809" }, "geometry": { "type": "Polygon", "coordinates": [ [ [ -76.547036300758535, 3.376952008305327 ], [ -76.549618491528847, 3.37766643686953 ], [ -76.550113388602142, 3.37649100010588 ], [ -76.550284366091716, 3.375776690530925 ], [ -76.550266383491916, 3.375487347196857 ], [ -76.54954664332358, 3.374492699045561 ], [ -76.548908164710184, 3.37411186908309 ], [ -76.547180374368253, 3.374257505176057 ], [ -76.547225337965529, 3.374781941874831 ], [ -76.547162285715416, 3.376418537542781 ], [ -76.547036300758535, 3.376952008305327 ] ] ] } },
{ "type": "Feature", "properties": { "OBJECTID": 343, "suelo": "Urbano", "barrio": "Polvorines", "comuna": "18", "cod_bar": "1891" }, "geometry": { "type": "Polygon", "coordinates": [ [ [ -76.55431524708726, 3.372919583888903 ], [ -76.554702624665723, 3.373157781765054 ], [ -76.555240136977389, 3.373205822008469 ], [ -76.555778556704681, 3.373416154795593 ], [ -76.556242846779227, 3.373284155877977 ], [ -76.556990543813299, 3.3734850321678 ], [ -76.557775973536934, 3.373372730652044 ], [ -76.558285779770841, 3.373787044789959 ], [ -76.558566643279732, 3.374493563569547 ], [ -76.559367905622111, 3.375458435489312 ], [ -76.559614079141284, 3.37635403048495 ], [ -76.560109244269896, 3.377403147225519 ], [ -76.560582380023277, 3.37558025687366 ], [ -76.561114901274536, 3.375734198631672 ], [ -76.561004022992634, 3.37432590669638 ], [ -76.561059148433671, 3.373745243601674 ], [ -76.561649617554991, 3.372899342011347 ], [ -76.561333035607333, 3.372593106044126 ], [ -76.561245821769049, 3.372026496597769 ], [ -76.561500514587237, 3.371026517584879 ], [ -76.560693802535198, 3.370481713635142 ], [ -76.560370199796736, 3.369942647681793 ], [ -76.560084600295454, 3.370219548236042 ], [ -76.559780238941855, 3.370321119928291 ], [ -76.559414236578576, 3.370258662400262 ], [ -76.55906939720856, 3.370029140463842 ], [ -76.558949699311285, 3.369798142724565 ], [ -76.558859887068479, 3.369189006206586 ], [ -76.559005556912282, 3.368315259548392 ], [ -76.558524704181593, 3.368151498613217 ], [ -76.55788999445997, 3.367681577068413 ], [ -76.556681129031745, 3.367922915229448 ], [ -76.555772838491833, 3.367772278068163 ], [ -76.555315018525917, 3.36829598964714 ], [ -76.554851518375898, 3.368389076997001 ], [ -76.554536973630178, 3.368219528414264 ], [ -76.554264118931201, 3.367858051311972 ], [ -76.553895806023348, 3.367597374324536 ], [ -76.553338754836389, 3.367544725318049 ], [ -76.552145304892093, 3.367164563025134 ], [ -76.551121684253374, 3.366656193536119 ], [ -76.550785172406108, 3.367423123595449 ], [ -76.550368191070405, 3.367865739751453 ], [ -76.549825393970352, 3.3681987866653 ], [ -76.549529852393647, 3.369161886239508 ], [ -76.549288596068195, 3.369614187695985 ], [ -76.549365972113279, 3.369956301628935 ], [ -76.549330873016217, 3.370534069112729 ], [ -76.549257719672497, 3.370848771536008 ], [ -76.549369944555423, 3.371399970241486 ], [ -76.549042897266403, 3.372096553100783 ], [ -76.55240571224401, 3.372407118310583 ], [ -76.552946155732812, 3.3725490639206 ], [ -76.553325812622717, 3.372984679824404 ], [ -76.553462690204256, 3.372986867762311 ], [ -76.553885282068208, 3.372729235489679 ], [ -76.55431524708726, 3.372919583888903 ] ] ] } },
{ "type": "Feature", "properties": { "OBJECTID": 344, "suelo": "Urbano", "barrio": "Sector Meléndez", "comuna": "18", "cod_bar": "1896" }, "geometry": { "type": "Polygon", "coordinates": [ [ [ -76.542390750659848, 3.37548218908055 ], [ -76.542627802704772, 3.376665420041607 ], [ -76.544544101063408, 3.375921108871396 ], [ -76.546325600099365, 3.375053160722149 ], [ -76.547225337965529, 3.374781941874831 ], [ -76.547180374368253, 3.374257505176057 ], [ -76.548908164710184, 3.37411186908309 ], [ -76.548997842660398, 3.37373314925502 ], [ -76.548835936307981, 3.37266618886333 ], [ -76.549042897266403, 3.372096553100783 ], [ -76.549369944555423, 3.371399970241486 ], [ -76.549257719672497, 3.370848771536008 ], [ -76.549330873016217, 3.370534069112729 ], [ -76.549026138161167, 3.370208944591534 ], [ -76.548988968299923, 3.370776421492537 ], [ -76.548728045618205, 3.370866829682293 ], [ -76.547837349107098, 3.370188643254132 ], [ -76.547549438427495, 3.370179588743591 ], [ -76.547477455301873, 3.370306173429321 ], [ -76.547522434746568, 3.370459889658722 ], [ -76.547999268351134, 3.370902967241283 ], [ -76.548044244145473, 3.371147102848681 ], [ -76.547477415620946, 3.371219413917674 ], [ -76.547225509726871, 3.370848680677287 ], [ -76.546514741359559, 3.370550263897278 ], [ -76.544148431645183, 3.37140914176625 ], [ -76.54407645050388, 3.371490516492792 ], [ -76.544121431763926, 3.371589980337479 ], [ -76.544841194222357, 3.371942651224756 ], [ -76.544994138155602, 3.372132539801892 ], [ -76.545201048939276, 3.372702194775876 ], [ -76.545093056487858, 3.373253750502451 ], [ -76.545120029822414, 3.373669682673937 ], [ -76.544931081860867, 3.373787220106311 ], [ -76.54454420397991, 3.373696781619064 ], [ -76.54434625892948, 3.373823360198311 ], [ -76.544463200035949, 3.374320674826644 ], [ -76.543914339520725, 3.374917418563742 ], [ -76.542924650476238, 3.374709405424944 ], [ -76.542627114456963, 3.375271800272789 ], [ -76.542390750659848, 3.37548218908055 ] ] ] } },
{ "type": "Feature", "properties": { "OBJECTID": 345, "suelo": "Urbano", "barrio": "La Playa", "comuna": "17", "cod_bar": "1701" }, "geometry": { "type": "Polygon", "coordinates": [ [ [ -76.542063137736903, 3.374432937256562 ], [ -76.54112952799386, 3.374801771446377 ], [ -76.540506282885246, 3.374945725196218 ], [ -76.540488365086929, 3.37513290458602 ], [ -76.540685337617091, 3.375672859787017 ], [ -76.540398781730232, 3.375863625438301 ], [ -76.540569864484411, 3.376170747625343 ], [ -76.540913407151905, 3.375975936242946 ], [ -76.541780707690563, 3.375825203486418 ], [ -76.542363571990734, 3.375492170198586 ], [ -76.542063137736903, 3.374432937256562 ] ] ] } },
{ "type": "Feature", "properties": { "OBJECTID": 346, "suelo": "Urbano", "barrio": "Club Campestre", "comuna": "22", "cod_bar": "2299" }, "geometry": { "type": "Polygon", "coordinates": [ [ [ -76.542063137736903, 3.374432937256562 ], [ -76.542363571990734, 3.375492170198586 ], [ -76.542390750659848, 3.37548218908055 ], [ -76.542627114456963, 3.375271800272789 ], [ -76.542924650476238, 3.374709405424944 ], [ -76.543914339520725, 3.374917418563742 ], [ -76.544463200035949, 3.374320674826644 ], [ -76.54434625892948, 3.373823360198311 ], [ -76.54454420397991, 3.373696781619064 ], [ -76.544931081860867, 3.373787220106311 ], [ -76.545120029822414, 3.373669682673937 ], [ -76.545093056487858, 3.373253750502451 ], [ -76.545201048939276, 3.372702194775876 ], [ -76.544994138155602, 3.372132539801892 ], [ -76.544841194222357, 3.371942651224756 ], [ -76.544121431763926, 3.371589980337479 ], [ -76.54407645050388, 3.371490516492792 ], [ -76.544148431645183, 3.37140914176625 ], [ -76.546514741359559, 3.370550263897278 ], [ -76.547225509726871, 3.370848680677287 ], [ -76.547477415620946, 3.371219413917674 ], [ -76.548044244145473, 3.371147102848681 ], [ -76.547999268351134, 3.370902967241283 ], [ -76.547522434746568, 3.370459889658722 ], [ -76.547477455301873, 3.370306173429321 ], [ -76.547549438427495, 3.370179588743591 ], [ -76.547837349107098, 3.370188643254132 ], [ -76.548728045618205, 3.370866829682293 ], [ -76.548988968299923, 3.370776421492537 ], [ -76.549026138161167, 3.370208944591534 ], [ -76.544472967763809, 3.364454066873556 ], [ -76.54416867338827, 3.364565292160742 ], [ -76.543481921970127, 3.364106963991652 ], [ -76.542759516111218, 3.364231385592881 ], [ -76.542340809459191, 3.364426940809371 ], [ -76.541370692542998, 3.365175114401328 ], [ -76.541565267543788, 3.365797408092832 ], [ -76.541299862024204, 3.366474499730013 ], [ -76.541470849355676, 3.367096793051518 ], [ -76.541417769854149, 3.36719161433369 ], [ -76.540748424483283, 3.367553098444371 ], [ -76.540052554481818, 3.367665666150488 ], [ -76.53979602918281, 3.367641946234084 ], [ -76.539439266377826, 3.367339675001255 ], [ -76.538999918050152, 3.367526338214759 ], [ -76.538171360931699, 3.367630008031758 ], [ -76.537213620434912, 3.367950455396536 ], [ -76.537182119219153, 3.36851710168551 ], [ -76.537778566117751, 3.368162746462216 ], [ -76.539164142049543, 3.368018148747235 ], [ -76.539829924215411, 3.368235190863934 ], [ -76.540666660992642, 3.368262360823076 ], [ -76.541656329466207, 3.368759719307837 ], [ -76.541755253506338, 3.369672964825662 ], [ -76.54170125153253, 3.370052724807592 ], [ -76.540290432213041, 3.372824967031205 ], [ -76.541368185561083, 3.373461534598755 ], [ -76.541665079416902, 3.373778019465249 ], [ -76.542063137736903, 3.374432937256562 ] ] ] } },
{ "type": "Feature", "properties": { "OBJECTID": 347, "suelo": "Urbano", "barrio": "Ciudad Campestre", "comuna": "22", "cod_bar": "2298" }, "geometry": { "type": "Polygon", "coordinates": [ [ [ -76.537143301347427, 3.371203516161513 ], [ -76.540290432213041, 3.372824967031205 ], [ -76.54170125153253, 3.370052724807592 ], [ -76.541755253506338, 3.369672964825662 ], [ -76.541656329466207, 3.368759719307837 ], [ -76.540666660992642, 3.368262360823076 ], [ -76.539829924215411, 3.368235190863934 ], [ -76.539164142049543, 3.368018148747235 ], [ -76.537778566117751, 3.368162746462216 ], [ -76.537182119219153, 3.36851710168551 ], [ -76.537139596264538, 3.371201643640375 ], [ -76.537143301347427, 3.371203516161513 ] ] ] } },
{ "type": "Feature", "properties": { "OBJECTID": 348, "suelo": "Urbano", "barrio": "Urbanización Ciudad Jardín", "comuna": "22", "cod_bar": "2201" }, "geometry": { "type": "Polygon", "coordinates": [ [ [ -76.529807519348125, 3.367370495121568 ], [ -76.537139596264538, 3.371201643640375 ], [ -76.537182119219153, 3.36851710168551 ], [ -76.537213620434912, 3.367950455396536 ], [ -76.538171360931699, 3.367630008031758 ], [ -76.538999918050152, 3.367526338214759 ], [ -76.539439266377826, 3.367339675001255 ], [ -76.53979602918281, 3.367641946234084 ], [ -76.540052554481818, 3.367665666150488 ], [ -76.540748424483283, 3.367553098444371 ], [ -76.541417769854149, 3.36719161433369 ], [ -76.541470849355676, 3.367096793051518 ], [ -76.541299862024204, 3.366474499730013 ], [ -76.541565267543788, 3.365797408092832 ], [ -76.541370692542998, 3.365175114401328 ], [ -76.542340809459191, 3.364426940809371 ], [ -76.542759516111218, 3.364231385592881 ], [ -76.543481921970127, 3.364106963991652 ], [ -76.54416867338827, 3.364565292160742 ], [ -76.544472967763809, 3.364454066873556 ], [ -76.542051722956799, 3.361383955641755 ], [ -76.544362401598519, 3.35921151923425 ], [ -76.544525913606137, 3.357313204974232 ], [ -76.543260344405397, 3.357316111406923 ], [ -76.543351950453314, 3.357257833907782 ], [ -76.541926813151136, 3.357158870455326 ], [ -76.54205856959581, 3.356563639267139 ], [ -76.541336781416447, 3.356499598611447 ], [ -76.540928119285113, 3.356515578243436 ], [ -76.540201577761138, 3.357337583678336 ], [ -76.539857488588353, 3.357005050774926 ], [ -76.539524601730434, 3.356896529784659 ], [ -76.537383274582993, 3.357221927172559 ], [ -76.53669951063938, 3.356941588256262 ], [ -76.536339622321677, 3.357013903604638 ], [ -76.53467511517087, 3.357791419119197 ], [ -76.534621097484091, 3.358415312893894 ], [ -76.53400029924893, 3.358370067875529 ], [ -76.533413639464939, 3.358724507395917 ], [ -76.532609261132492, 3.35959065353643 ], [ -76.532013725780985, 3.360674710876782 ], [ -76.53157455943753, 3.35961961387158 ], [ -76.531347249694647, 3.359973947514242 ], [ -76.53091888509087, 3.36017012983544 ], [ -76.530351795497438, 3.361252403656311 ], [ -76.529994576458634, 3.361332911282709 ], [ -76.529614911987991, 3.361775945637304 ], [ -76.529302920654317, 3.361790282748275 ], [ -76.528957184760571, 3.362127623478952 ], [ -76.528644958860241, 3.362078790668613 ], [ -76.528462340316835, 3.362157401929856 ], [ -76.528246397161141, 3.362335543487764 ], [ -76.52826254409861, 3.362652931735354 ], [ -76.52789640862818, 3.362547089681212 ], [ -76.527681373770079, 3.362818334154007 ], [ -76.527640440607684, 3.363094973526253 ], [ -76.52821360763501, 3.36309361098145 ], [ -76.528615537675392, 3.363433717527839 ], [ -76.529015772450151, 3.363404395557864 ], [ -76.529472683464263, 3.363539076505571 ], [ -76.529659903398482, 3.363760054324955 ], [ -76.530001730511401, 3.363811864018704 ], [ -76.530445045487326, 3.364405137376159 ], [ -76.53060809991986, 3.364934458985365 ], [ -76.531102140423954, 3.365236910148513 ], [ -76.529870091916578, 3.367077247208174 ], [ -76.529807519348125, 3.367370495121568 ] ] ] } },
{ "type": "Feature", "properties": { "OBJECTID": 349, "suelo": "Urbano", "barrio": "Urbanización Rio Lili", "comuna": "22", "cod_bar": "2297" }, "geometry": { "type": "Polygon", "coordinates": [ [ [ -76.524278644146861, 3.362499378328895 ], [ -76.524561975816312, 3.363686158057624 ], [ -76.524741890722623, 3.364102101905724 ], [ -76.525020772825599, 3.364563261290854 ], [ -76.525506583834698, 3.365105813276969 ], [ -76.527197987314466, 3.366118626859375 ], [ -76.528160660808766, 3.366516535542514 ], [ -76.529807519348125, 3.367370495121568 ], [ -76.529870091916578, 3.367077247208174 ], [ -76.531102140423954, 3.365236910148513 ], [ -76.53060809991986, 3.364934458985365 ], [ -76.530445045487326, 3.364405137376159 ], [ -76.530001730511401, 3.363811864018704 ], [ -76.529659903398482, 3.363760054324955 ], [ -76.529472683464263, 3.363539076505571 ], [ -76.529015772450151, 3.363404395557864 ], [ -76.528615537675392, 3.363433717527839 ], [ -76.52821360763501, 3.36309361098145 ], [ -76.527640440607684, 3.363094973526253 ], [ -76.526914185559036, 3.363103509732655 ], [ -76.526359178368111, 3.36295671828717 ], [ -76.526109952306086, 3.362791187167303 ], [ -76.525754795113869, 3.362306759088971 ], [ -76.525181134872142, 3.361983415939753 ], [ -76.524804129442217, 3.362035973072208 ], [ -76.524860447380092, 3.36233899355428 ], [ -76.524281682119721, 3.362404858394566 ], [ -76.524271346227764, 3.362407619843546 ], [ -76.524278644146861, 3.362499378328895 ] ] ] } },
{ "type": "Feature", "properties": { "OBJECTID": 350, "suelo": "Urbano", "barrio": "Parcelaciones Pance", "comuna": "22", "cod_bar": "2296" }, "geometry": { "type": "Polygon", "coordinates": [ [ [ -76.524804129442217, 3.362035973072208 ], [ -76.525181134872142, 3.361983415939753 ], [ -76.525754795113869, 3.362306759088971 ], [ -76.526109952306086, 3.362791187167303 ], [ -76.526359178368111, 3.36295671828717 ], [ -76.526914185559036, 3.363103509732655 ], [ -76.527640440607684, 3.363094973526253 ], [ -76.527681373770079, 3.362818334154007 ], [ -76.52789640862818, 3.362547089681212 ], [ -76.52826254409861, 3.362652931735354 ], [ -76.528246397161141, 3.362335543487764 ], [ -76.528462340316835, 3.362157401929856 ], [ -76.528644958860241, 3.362078790668613 ], [ -76.528957184760571, 3.362127623478952 ], [ -76.529302920654317, 3.361790282748275 ], [ -76.529614911987991, 3.361775945637304 ], [ -76.529994576458634, 3.361332911282709 ], [ -76.530351795497438, 3.361252403656311 ], [ -76.53091888509087, 3.36017012983544 ], [ -76.531347249694647, 3.359973947514242 ], [ -76.53157455943753, 3.35961961387158 ], [ -76.532013725780985, 3.360674710876782 ], [ -76.532609261132492, 3.35959065353643 ], [ -76.533413639464939, 3.358724507395917 ], [ -76.53400029924893, 3.358370067875529 ], [ -76.534621097484091, 3.358415312893894 ], [ -76.53467511517087, 3.357791419119197 ], [ -76.536339622321677, 3.357013903604638 ], [ -76.53669951063938, 3.356941588256262 ], [ -76.537383274582993, 3.357221927172559 ], [ -76.539524601730434, 3.356896529784659 ], [ -76.539857488588353, 3.357005050774926 ], [ -76.540201577761138, 3.357337583678336 ], [ -76.540928119285113, 3.356515578243436 ], [ -76.541336781416447, 3.356499598611447 ], [ -76.54205856959581, 3.356563639267139 ], [ -76.541926813151136, 3.357158870455326 ], [ -76.543351950453314, 3.357257833907782 ], [ -76.546948134477944, 3.354970030440322 ], [ -76.546593801972733, 3.353426732018513 ], [ -76.548750698975908, 3.350306071709337 ], [ -76.550398570569328, 3.345582311940111 ], [ -76.551541217759834, 3.342306928332414 ], [ -76.551665351086541, 3.342213757930245 ], [ -76.551732564004666, 3.341768372353715 ], [ -76.551416431360892, 3.34110801270967 ], [ -76.551342301694049, 3.340491176663502 ], [ -76.550571274049005, 3.33952004994242 ], [ -76.550290496871639, 3.338879045791249 ], [ -76.550121551795883, 3.338183089307035 ], [ -76.55014065479088, 3.336824530858518 ], [ -76.550369136976158, 3.335709975276523 ], [ -76.550887978408539, 3.334624180055778 ], [ -76.551242600410887, 3.334167362607848 ], [ -76.551352123016088, 3.333822924432225 ], [ -76.551328305075245, 3.333574197703165 ], [ -76.550785790193643, 3.332593544370048 ], [ -76.550512120539977, 3.331801864261551 ], [ -76.54695067574724, 3.332267443579922 ], [ -76.532839096733454, 3.333210534013619 ], [ -76.532111110772405, 3.333417891112673 ], [ -76.529178875701945, 3.334944322022211 ], [ -76.528514146518305, 3.335145394351355 ], [ -76.52742095671438, 3.335084925859689 ], [ -76.526285895598278, 3.334718792668256 ], [ -76.525652457852047, 3.334711826747674 ], [ -76.525081707499297, 3.334868328441852 ], [ -76.524895643397386, 3.334945172238452 ], [ -76.524926143516964, 3.335103974791243 ], [ -76.52396319584463, 3.357065548659474 ], [ -76.524134044793072, 3.358492428593541 ], [ -76.524804129442217, 3.362035973072208 ] ] ] } },
{ "type": "Feature", "properties": { "OBJECTID": 351, "suelo": "Urbano", "barrio": "Villa del Prado - El Guabito", "comuna": "05", "cod_bar": "0599" }, "geometry": { "type": "Polygon", "coordinates": [ [ [ -76.484402912273254, 3.465522910801522 ], [ -76.485926782747654, 3.470369645597426 ], [ -76.491543894497696, 3.468602054036706 ], [ -76.497921752582329, 3.466635076530032 ], [ -76.49627570272375, 3.46174775141739 ], [ -76.488753469135048, 3.464131366293055 ], [ -76.484402912273254, 3.465522910801522 ] ] ] } },
{ "type": "Feature", "properties": { "OBJECTID": 352, "suelo": "Urbano", "barrio": "Puerto Mallarino", "comuna": "07", "cod_bar": "0705" }, "geometry": { "type": "Polygon", "coordinates": [ [ [ -76.477260679251401, 3.450363843462004 ], [ -76.479053470047106, 3.450313135836631 ], [ -76.482845896366641, 3.451498658028405 ], [ -76.482946814506363, 3.450864291256225 ], [ -76.481662861750564, 3.450467149164897 ], [ -76.481462238681885, 3.450321342352134 ], [ -76.480295489676152, 3.447663983091779 ], [ -76.480160578221756, 3.447157617856675 ], [ -76.479260956056621, 3.447672586376726 ], [ -76.477686564155903, 3.448366468340125 ], [ -76.477191013851026, 3.44872939926733 ], [ -76.476977689426533, 3.449058275611593 ], [ -76.476794932884189, 3.449303243207243 ], [ -76.477119486021394, 3.449653910881854 ], [ -76.477236755193047, 3.450291412812549 ], [ -76.475877191513476, 3.450372819507032 ], [ -76.475895176975811, 3.450461309301577 ], [ -76.476485789551418, 3.450423924059413 ], [ -76.477260679251401, 3.450363843462004 ] ] ] } },
{ "type": "Feature", "properties": { "OBJECTID": 353, "suelo": "Urbano", "barrio": "Terron Colorado", "comuna": "01", "cod_bar": "0101" }, "geometry": { "type": "Polygon", "coordinates": [ ] } },
{ "type": "Feature", "properties": { "OBJECTID": 354, "suelo": "Urbano", "barrio": "Altos de Menga", "comuna": "02", "cod_bar": "0296" }, "geometry": { "type": "Polygon", "coordinates": [ ] } },
{ "type": "Feature", "properties": { "OBJECTID": 355, "suelo": "Urbano", "barrio": "Chipichape", "comuna": "02", "cod_bar": "0218" }, "geometry": { "type": "Polygon", "coordinates": [ [ [ -76.530415538846043, 3.474634294746099 ], [ -76.530221884742701, 3.475354602109215 ], [ -76.53041640808317, 3.474635585926149 ], [ -76.530415538846043, 3.474634294746099 ] ] ] } },
{ "type": "Feature", "properties": { "OBJECTID": 356, "suelo": "Urbano", "barrio": "Santa Mónica", "comuna": "02", "cod_bar": "0210" }, "geometry": { "type": "Polygon", "coordinates": [ [ [ -76.530415538846043, 3.474634294746099 ], [ -76.53041640808317, 3.474635585926149 ], [ -76.531114390674929, 3.471919064012029 ], [ -76.530415538846043, 3.474634294746099 ] ] ] } },
{ "type": "Feature", "properties": { "OBJECTID": 357, "suelo": "Urbano", "barrio": "Planta de Tratamiento", "comuna": "21", "cod_bar": "2199" }, "geometry": { "type": "MultiPolygon", "coordinates": [ [ [ [ -76.475629727263481, 3.446520668208439 ], [ -76.475376092096525, 3.447441855378982 ], [ -76.475382011865065, 3.447708006076756 ], [ -76.475697379005638, 3.448362951366083 ], [ -76.476569234779859, 3.449032915836985 ], [ -76.476961976214412, 3.44906091152013 ], [ -76.475948122124336, 3.448196162889245 ], [ -76.475706989523573, 3.447406323581104 ], [ -76.475629727263481, 3.446520668208439 ] ] ], [ [ [ -76.475915234359064, 3.443319207306228 ], [ -76.47598361413354, 3.443697886072839 ], [ -76.475944031691441, 3.445028221269577 ], [ -76.476116453500225, 3.444493130041759 ], [ -76.476157924319963, 3.443978721532467 ], [ -76.476105316325089, 3.443533682908797 ], [ -76.475915234359064, 3.443319207306228 ] ] ], [ [ [ -76.474331273959308, 3.440979862218157 ], [ -76.47511045768708, 3.442047143548511 ], [ -76.47489970705918, 3.441628492508295 ], [ -76.474343056187024, 3.440970888665918 ], [ -76.474331273959308, 3.440979862218157 ] ] ] ] } },
{ "type": "Feature", "properties": { "OBJECTID": 358, "suelo": "Urbano", "barrio": "Valle Grande", "comuna": "21", "cod_bar": "2198" }, "geometry": { "type": "Polygon", "coordinates": [ [ [ -76.473041944615332, 3.440074917363714 ], [ -76.473787806575459, 3.440488870908599 ], [ -76.474331273959308, 3.440979862218157 ], [ -76.474343056187024, 3.440970888665918 ], [ -76.473729391009343, 3.440353728998758 ], [ -76.473041944615332, 3.440074917363714 ] ] ] } },
{ "type": "Feature", "properties": { "OBJECTID": 359, "suelo": "Urbano", "barrio": "Alfonso Bonilla Aragón", "comuna": "14", "cod_bar": "1401" }, "geometry": { "type": "Polygon", "coordinates": [ ] } },
{ "type": "Feature", "properties": { "OBJECTID": 360, "suelo": "Urbano", "barrio": "El Remanso", "comuna": "21", "cod_bar": "2104" }, "geometry": { "type": "Polygon", "coordinates": [ [ [ -76.46422142327296, 3.416387055214318 ], [ -76.463446786539706, 3.416955714433612 ], [ -76.463153342071081, 3.417578907952636 ], [ -76.46344330540316, 3.417046208675192 ], [ -76.46422142327296, 3.416387055214318 ] ] ] } },
{ "type": "Feature", "properties": { "OBJECTID": 361, "suelo": "Urbano", "barrio": "Mojica", "comuna": "15", "cod_bar": "1598" }, "geometry": { "type": "Polygon", "coordinates": [ ] } },
{ "type": "Feature", "properties": { "OBJECTID": 362, "suelo": "Urbano", "barrio": "Villamercedes I - Villa Luz - Las Garzas", "comuna": "21", "cod_bar": "2194" }, "geometry": { "type": "Polygon", "coordinates": [ ] } },
{ "type": "Feature", "properties": { "OBJECTID": 363, "suelo": "Urbano", "barrio": "Puerto Mallarino", "comuna": "07", "cod_bar": "0705" }, "geometry": { "type": "Polygon", "coordinates": [ [ [ -76.476794932884189, 3.449303243207243 ], [ -76.476284946527869, 3.449526364707476 ], [ -76.475680349209242, 3.449943001594121 ], [ -76.475877191513476, 3.450372819507032 ], [ -76.477236755193047, 3.450291412812549 ], [ -76.477119486021394, 3.449653910881854 ], [ -76.476794932884189, 3.449303243207243 ] ] ] } },
{ "type": "Feature", "properties": { "OBJECTID": 364, "suelo": "Urbano", "barrio": "Ciudad de Los Alamos", "comuna": "02", "cod_bar": "0217" }, "geometry": { "type": "Polygon", "coordinates": [ [ [ -76.509052546454825, 3.480990410187391 ], [ -76.50897627833497, 3.481062010576558 ], [ -76.509052633736971, 3.480990470769449 ], [ -76.509052546454825, 3.480990410187391 ] ] ] } },
{ "type": "Feature", "properties": { "OBJECTID": 365, "suelo": "Urbano", "barrio": "Flora Industrial", "comuna": "04", "cod_bar": "0420" }, "geometry": { "type": "Polygon", "coordinates": [ [ [ -76.509052546454825, 3.480990410187391 ], [ -76.50897627833497, 3.481062010576558 ], [ -76.509052633736971, 3.480990470769449 ], [ -76.509052546454825, 3.480990410187391 ] ] ] } },
{ "type": "Feature", "properties": { "OBJECTID": 366, "suelo": "Urbano", "barrio": "Ciudad de Los Alamos", "comuna": "02", "cod_bar": "0217" }, "geometry": { "type": "Polygon", "coordinates": [ [ [ -76.509052546454825, 3.480990410187391 ], [ -76.509052633736971, 3.480990470769449 ], [ -76.509052766014278, 3.480990204033815 ], [ -76.509052546454825, 3.480990410187391 ] ] ] } },
{ "type": "Feature", "properties": { "OBJECTID": 367, "suelo": "Urbano", "barrio": "Olaya Herrera", "comuna": "04", "cod_bar": "0418" }, "geometry": { "type": "Polygon", "coordinates": [ [ [ -76.509052546454825, 3.480990410187391 ], [ -76.509052633736971, 3.480990470769449 ], [ -76.509052766014278, 3.480990204033815 ], [ -76.509052546454825, 3.480990410187391 ] ] ] } },
{ "type": "Feature", "properties": { "OBJECTID": 368, "suelo": "Urbano", "barrio": "Sector Altos de Normandia - Bataclán", "comuna": "02", "cod_bar": "0297" }, "geometry": { "type": "Polygon", "coordinates": [ ] } },
{ "type": "Feature", "properties": { "OBJECTID": 369, "suelo": "Urbano", "barrio": "Granada", "comuna": "02", "cod_bar": "0207" }, "geometry": { "type": "Polygon", "coordinates": [ ] } }
]
}
