{
"type": "FeatureCollection",
"name": "map_u_manzana",
"crs": { "type": "name", "properties": { "name": "urn:ogc:def:crs:EPSG::6249" } },
"features": [
{ "type": "Feature", "properties": { "OBJECTID": 15, "CE": "", "CT": "Sector", "ESTAMPA_CC": "2026-05-25 14:18:43" }, "geometry": { "type": "Point", "coordinates": [ 1063424.180061308201402, 870558.44054999994114 ] } },
{ "type": "Feature", "properties": { "OBJECTID": 25, "CE": "", "CT": "Zona", "ESTAMPA_CC": "2026-05-25 14:18:43" }, "geometry": { "type": "Point", "coordinates": [ 1060430.502629994647577, 877429.39000000001397 ] } },
{ "type": "Feature", "properties": { "OBJECTID": 26, "CE": "", "CT": "Zona", "ESTAMPA_CC": "2026-05-25 14:18:43" }, "geometry": { "type": "Point", "coordinates": [ 1065138.04855, 871956.940249999985099 ] } },
{ "type": "Feature", "properties": { "OBJECTID": 48, "CE": "", "CT": "Zona", "ESTAMPA_CC": "2026-05-25 14:18:43" }, "geometry": { "type": "Point", "coordinates": [ 1059253.850099277915433, 873647.41495 ] } },
{ "type": "Feature", "properties": { "OBJECTID": 57, "CE": "", "CT": "Zona; Sector", "ESTAMPA_CC": "2026-05-25 14:18:43" }, "geometry": { "type": "Point", "coordinates": [ 1065831.180397338699549, 877441.44399999990128 ] } },
{ "type": "Feature", "properties": { "OBJECTID": 77, "CE": "", "CT": "Zona; Sector", "ESTAMPA_CC": "2026-05-25 14:18:43" }, "geometry": { "type": "Point", "coordinates": [ 1066317.579147498589009, 875757.100550000090152 ] } },
{ "type": "Feature", "properties": { "OBJECTID": 101, "CE": "Traslape propio", "CT": "", "ESTAMPA_CC": "2026-05-25 14:18:43" }, "geometry": { "type": "Point", "coordinates": [ 1067460.471330682747066, 871735.157099999953061 ] } },
{ "type": "Feature", "properties": { "OBJECTID": 109, "CE": "Traslape propio", "CT": "", "ESTAMPA_CC": "2026-05-25 14:18:43" }, "geometry": { "type": "Point", "coordinates": [ 1067677.979855464305729, 867984.77515 ] } },
{ "type": "Feature", "properties": { "OBJECTID": 110, "CE": "Traslape propio", "CT": "", "ESTAMPA_CC": "2026-05-25 14:18:43" }, "geometry": { "type": "Point", "coordinates": [ 1064317.885165593354031, 876479.833450000034645 ] } },
{ "type": "Feature", "properties": { "OBJECTID": 120, "CE": "", "CT": "Zona; Sector", "ESTAMPA_CC": "2026-05-25 14:18:43" }, "geometry": { "type": "Point", "coordinates": [ 1066024.312860577600077, 871623.292799999937415 ] } },
{ "type": "Feature", "properties": { "OBJECTID": 125, "CE": "Traslape propio", "CT": "", "ESTAMPA_CC": "2026-05-25 14:18:43" }, "geometry": { "type": "Point", "coordinates": [ 1066872.202180973719805, 872103.492499999934807 ] } },
{ "type": "Feature", "properties": { "OBJECTID": 134, "CE": "", "CT": "Zona", "ESTAMPA_CC": "2026-05-25 14:18:43" }, "geometry": { "type": "Point", "coordinates": [ 1058671.335020351456478, 872943.580500000040047 ] } },
{ "type": "Feature", "properties": { "OBJECTID": 139, "CE": "Traslape propio", "CT": "", "ESTAMPA_CC": "2026-05-25 14:18:43" }, "geometry": { "type": "Point", "coordinates": [ 1060496.857630483806133, 877524.875599999912083 ] } },
{ "type": "Feature", "properties": { "OBJECTID": 140, "CE": "Traslape propio", "CT": "", "ESTAMPA_CC": "2026-05-25 14:18:43" }, "geometry": { "type": "Point", "coordinates": [ 1057709.554322411306202, 873785.483800000045449 ] } },
{ "type": "Feature", "properties": { "OBJECTID": 151, "CE": "", "CT": "Sector", "ESTAMPA_CC": "2026-05-25 14:18:43" }, "geometry": { "type": "Point", "coordinates": [ 1064043.191936784889549, 871583.8319 ] } },
{ "type": "Feature", "properties": { "OBJECTID": 162, "CE": "", "CT": "Zona; Sector", "ESTAMPA_CC": "2026-05-25 14:18:43" }, "geometry": { "type": "Point", "coordinates": [ 1065208.64402154320851, 878113.934649999951944 ] } },
{ "type": "Feature", "properties": { "OBJECTID": 165, "CE": "", "CT": "Zona; Sector", "ESTAMPA_CC": "2026-05-25 14:18:43" }, "geometry": { "type": "Point", "coordinates": [ 1065487.200581604847685, 872655.432849999982864 ] } },
{ "type": "Feature", "properties": { "OBJECTID": 166, "CE": "", "CT": "Sector", "ESTAMPA_CC": "2026-05-25 14:18:43" }, "geometry": { "type": "Point", "coordinates": [ 1058718.995435785269365, 869774.524650000035763 ] } },
{ "type": "Feature", "properties": { "OBJECTID": 174, "CE": "", "CT": "Sector", "ESTAMPA_CC": "2026-05-25 14:18:43" }, "geometry": { "type": "Point", "coordinates": [ 1059118.307240758556873, 867940.895250000059605 ] } },
{ "type": "Feature", "properties": { "OBJECTID": 183, "CE": "Traslape propio", "CT": "", "ESTAMPA_CC": "2026-05-25 14:18:43" }, "geometry": { "type": "Point", "coordinates": [ 1067672.683046538149938, 872041.476099999970756 ] } },
{ "type": "Feature", "properties": { "OBJECTID": 186, "CE": "Traslape propio", "CT": "", "ESTAMPA_CC": "2026-05-25 14:18:43" }, "geometry": { "type": "Point", "coordinates": [ 1067484.676100930664688, 871900.35840000002645 ] } },
{ "type": "Feature", "properties": { "OBJECTID": 187, "CE": "Traslape propio", "CT": "", "ESTAMPA_CC": "2026-05-25 14:18:43" }, "geometry": { "type": "Point", "coordinates": [ 1067459.821395392529666, 868038.957900000037625 ] } },
{ "type": "Feature", "properties": { "OBJECTID": 189, "CE": "Traslape propio", "CT": "", "ESTAMPA_CC": "2026-05-25 14:18:43" }, "geometry": { "type": "Point", "coordinates": [ 1067685.073560277698562, 871657.981549999909475 ] } },
{ "type": "Feature", "properties": { "OBJECTID": 191, "CE": "Traslape propio", "CT": "", "ESTAMPA_CC": "2026-05-25 14:18:43" }, "geometry": { "type": "Point", "coordinates": [ 1057407.648075777571648, 865411.350349999964237 ] } },
{ "type": "Feature", "properties": { "OBJECTID": 197, "CE": "Traslape propio", "CT": "", "ESTAMPA_CC": "2026-05-25 14:18:43" }, "geometry": { "type": "Point", "coordinates": [ 1066773.498666187748313, 872199.158300000010058 ] } },
{ "type": "Feature", "properties": { "OBJECTID": 198, "CE": "", "CT": "Zona", "ESTAMPA_CC": "2026-05-25 14:18:43" }, "geometry": { "type": "Point", "coordinates": [ 1058268.713521281490102, 870235.60725 ] } },
{ "type": "Feature", "properties": { "OBJECTID": 201, "CE": "", "CT": "Departamento; Municipio; Zona; Sector", "ESTAMPA_CC": "2026-05-25 14:18:43" }, "geometry": { "type": "Point", "coordinates": [ 1063337.0156, 867188.5575 ] } },
{ "type": "Feature", "properties": { "OBJECTID": 204, "CE": "", "CT": "Zona; Sector", "ESTAMPA_CC": "2026-05-25 14:18:43" }, "geometry": { "type": "Point", "coordinates": [ 1065476.299657342489809, 870304.023900000029244 ] } },
{ "type": "Feature", "properties": { "OBJECTID": 209, "CE": "Traslape propio", "CT": "", "ESTAMPA_CC": "2026-05-25 14:18:43" }, "geometry": { "type": "Point", "coordinates": [ 1056103.961575508350506, 873606.673650000011548 ] } },
{ "type": "Feature", "properties": { "OBJECTID": 232, "CE": "", "CT": "Sector", "ESTAMPA_CC": "2026-05-25 14:18:43" }, "geometry": { "type": "Point", "coordinates": [ 1058029.804976499639452, 864809.478850000072271 ] } },
{ "type": "Feature", "properties": { "OBJECTID": 233, "CE": "", "CT": "Zona; Sector", "ESTAMPA_CC": "2026-05-25 14:18:43" }, "geometry": { "type": "Point", "coordinates": [ 1062886.462087008869275, 872010.589549999916926 ] } },
{ "type": "Feature", "properties": { "OBJECTID": 237, "CE": "Traslape propio", "CT": "", "ESTAMPA_CC": "2026-05-25 14:18:43" }, "geometry": { "type": "Point", "coordinates": [ 1058665.66936265071854, 874225.814550000010058 ] } },
{ "type": "Feature", "properties": { "OBJECTID": 239, "CE": "Traslape propio", "CT": "", "ESTAMPA_CC": "2026-05-25 14:18:43" }, "geometry": { "type": "Point", "coordinates": [ 1060609.779609298333526, 863251.337399999960326 ] } },
{ "type": "Feature", "properties": { "OBJECTID": 246, "CE": "", "CT": "Zona; Sector", "ESTAMPA_CC": "2026-05-25 14:18:43" }, "geometry": { "type": "Point", "coordinates": [ 1065255.362562460824847, 870342.3959 ] } },
{ "type": "Feature", "properties": { "OBJECTID": 248, "CE": "", "CT": "Sector", "ESTAMPA_CC": "2026-05-25 14:18:43" }, "geometry": { "type": "Point", "coordinates": [ 1058665.041894423775375, 864724.716599999926984 ] } },
{ "type": "Feature", "properties": { "OBJECTID": 258, "CE": "Traslape propio", "CT": "", "ESTAMPA_CC": "2026-05-25 14:18:43" }, "geometry": { "type": "Point", "coordinates": [ 1067737.272150465752929, 871728.76769999996759 ] } },
{ "type": "Feature", "properties": { "OBJECTID": 271, "CE": "Traslape propio", "CT": "", "ESTAMPA_CC": "2026-05-25 14:18:43" }, "geometry": { "type": "Point", "coordinates": [ 1065070.756850715726614, 873033.152299999957904 ] } },
{ "type": "Feature", "properties": { "OBJECTID": 280, "CE": "", "CT": "Sector", "ESTAMPA_CC": "2026-05-25 14:18:43" }, "geometry": { "type": "Point", "coordinates": [ 1058651.746133986394852, 866219.178550000069663 ] } },
{ "type": "Feature", "properties": { "OBJECTID": 281, "CE": "", "CT": "Zona; Sector", "ESTAMPA_CC": "2026-05-25 14:18:43" }, "geometry": { "type": "Point", "coordinates": [ 1064886.71155000012368, 871815.709999999962747 ] } },
{ "type": "Feature", "properties": { "OBJECTID": 284, "CE": "", "CT": "Zona; Sector", "ESTAMPA_CC": "2026-05-25 14:18:43" }, "geometry": { "type": "Point", "coordinates": [ 1065331.570496753323823, 870424.873400000040419 ] } },
{ "type": "Feature", "properties": { "OBJECTID": 292, "CE": "", "CT": "Zona", "ESTAMPA_CC": "2026-05-25 14:18:43" }, "geometry": { "type": "Point", "coordinates": [ 1062679.530670996755362, 871126.683100000023842 ] } },
{ "type": "Feature", "properties": { "OBJECTID": 294, "CE": "Traslape propio", "CT": "", "ESTAMPA_CC": "2026-05-25 14:18:43" }, "geometry": { "type": "Point", "coordinates": [ 1058131.711537748109549, 864485.951349999988452 ] } },
{ "type": "Feature", "properties": { "OBJECTID": 298, "CE": "", "CT": "Zona; Sector", "ESTAMPA_CC": "2026-05-25 14:18:43" }, "geometry": { "type": "Point", "coordinates": [ 1063679.658865732140839, 869852.055699999909848 ] } },
{ "type": "Feature", "properties": { "OBJECTID": 313, "CE": "Traslape propio", "CT": "", "ESTAMPA_CC": "2026-05-25 14:18:43" }, "geometry": { "type": "Point", "coordinates": [ 1066891.767626023851335, 872089.2866 ] } },
{ "type": "Feature", "properties": { "OBJECTID": 323, "CE": "", "CT": "Zona; Sector", "ESTAMPA_CC": "2026-05-25 14:18:43" }, "geometry": { "type": "Point", "coordinates": [ 1064408.972750610671937, 870054.411199999973178 ] } },
{ "type": "Feature", "properties": { "OBJECTID": 327, "CE": "", "CT": "Sector", "ESTAMPA_CC": "2026-05-25 14:18:43" }, "geometry": { "type": "Point", "coordinates": [ 1058599.913742328528315, 864722.536349999951199 ] } },
{ "type": "Feature", "properties": { "OBJECTID": 336, "CE": "", "CT": "Zona; Sector", "ESTAMPA_CC": "2026-05-25 14:18:43" }, "geometry": { "type": "Point", "coordinates": [ 1064675.941131930332631, 875397.593250000034459 ] } },
{ "type": "Feature", "properties": { "OBJECTID": 347, "CE": "Traslape propio", "CT": "", "ESTAMPA_CC": "2026-05-25 14:18:43" }, "geometry": { "type": "Point", "coordinates": [ 1061920.363574688090011, 875645.928850000025705 ] } },
{ "type": "Feature", "properties": { "OBJECTID": 358, "CE": "", "CT": "Zona", "ESTAMPA_CC": "2026-05-25 14:18:43" }, "geometry": { "type": "Point", "coordinates": [ 1062241.567336348351091, 874826.537149999989197 ] } },
{ "type": "Feature", "properties": { "OBJECTID": 369, "CE": "", "CT": "Zona", "ESTAMPA_CC": "2026-05-25 14:18:43" }, "geometry": { "type": "Point", "coordinates": [ 1063321.824080686084926, 870190.2611 ] } },
{ "type": "Feature", "properties": { "OBJECTID": 371, "CE": "Traslape propio", "CT": "", "ESTAMPA_CC": "2026-05-25 14:18:43" }, "geometry": { "type": "Point", "coordinates": [ 1057881.521557357860729, 873523.523749999934807 ] } },
{ "type": "Feature", "properties": { "OBJECTID": 374, "CE": "Traslape propio", "CT": "", "ESTAMPA_CC": "2026-05-25 14:18:43" }, "geometry": { "type": "Point", "coordinates": [ 1067281.395069947931916, 871586.707399999955669 ] } },
{ "type": "Feature", "properties": { "OBJECTID": 384, "CE": "Traslape propio", "CT": "", "ESTAMPA_CC": "2026-05-25 14:18:43" }, "geometry": { "type": "Point", "coordinates": [ 1066124.644570716656744, 877360.651599999982864 ] } },
{ "type": "Feature", "properties": { "OBJECTID": 388, "CE": "Traslape propio", "CT": "", "ESTAMPA_CC": "2026-05-25 14:18:43" }, "geometry": { "type": "Point", "coordinates": [ 1058108.09086270048283, 864512.168399999965914 ] } },
{ "type": "Feature", "properties": { "OBJECTID": 389, "CE": "", "CT": "Zona; Sector", "ESTAMPA_CC": "2026-05-25 14:18:43" }, "geometry": { "type": "Point", "coordinates": [ 1067545.108135739807039, 870505.959550000028685 ] } },
{ "type": "Feature", "properties": { "OBJECTID": 396, "CE": "Traslape propio", "CT": "", "ESTAMPA_CC": "2026-05-25 14:18:43" }, "geometry": { "type": "Point", "coordinates": [ 1064077.373226061463356, 878299.09230000001844 ] } },
{ "type": "Feature", "properties": { "OBJECTID": 407, "CE": "Traslape propio", "CT": "", "ESTAMPA_CC": "2026-05-25 14:18:43" }, "geometry": { "type": "Point", "coordinates": [ 1058990.781512013403699, 864678.914099999936298 ] } },
{ "type": "Feature", "properties": { "OBJECTID": 412, "CE": "Traslape propio", "CT": "", "ESTAMPA_CC": "2026-05-25 14:18:43" }, "geometry": { "type": "Point", "coordinates": [ 1064478.146605397574604, 877648.093850000062957 ] } },
{ "type": "Feature", "properties": { "OBJECTID": 431, "CE": "", "CT": "Zona", "ESTAMPA_CC": "2026-05-25 14:18:43" }, "geometry": { "type": "Point", "coordinates": [ 1062759.50617609731853, 871605.236199999926612 ] } },
{ "type": "Feature", "properties": { "OBJECTID": 433, "CE": "", "CT": "Sector", "ESTAMPA_CC": "2026-05-25 14:18:43" }, "geometry": { "type": "Point", "coordinates": [ 1063582.151191329117864, 871770.936999999918044 ] } },
{ "type": "Feature", "properties": { "OBJECTID": 435, "CE": "Traslape propio", "CT": "", "ESTAMPA_CC": "2026-05-25 14:18:43" }, "geometry": { "type": "Point", "coordinates": [ 1061185.886565316468477, 867391.746249999967404 ] } },
{ "type": "Feature", "properties": { "OBJECTID": 436, "CE": "Traslape propio", "CT": "", "ESTAMPA_CC": "2026-05-25 14:18:43" }, "geometry": { "type": "Point", "coordinates": [ 1061204.603109615854919, 867559.005649999948218 ] } },
{ "type": "Feature", "properties": { "OBJECTID": 451, "CE": "", "CT": "Zona", "ESTAMPA_CC": "2026-05-25 14:18:43" }, "geometry": { "type": "Point", "coordinates": [ 1063534.569825362181291, 871047.45374999998603 ] } },
{ "type": "Feature", "properties": { "OBJECTID": 454, "CE": "", "CT": "Zona; Sector", "ESTAMPA_CC": "2026-05-25 14:18:43" }, "geometry": { "type": "Point", "coordinates": [ 1066471.803146529011428, 869676.389149999944493 ] } },
{ "type": "Feature", "properties": { "OBJECTID": 466, "CE": "Traslape propio", "CT": "", "ESTAMPA_CC": "2026-05-25 14:18:43" }, "geometry": { "type": "Point", "coordinates": [ 1064402.1921446765773, 877623.032099999953061 ] } },
{ "type": "Feature", "properties": { "OBJECTID": 467, "CE": "Traslape propio", "CT": "", "ESTAMPA_CC": "2026-05-25 14:18:43" }, "geometry": { "type": "Point", "coordinates": [ 1064712.199704411439598, 877738.986900000018068 ] } },
{ "type": "Feature", "properties": { "OBJECTID": 468, "CE": "Traslape propio", "CT": "", "ESTAMPA_CC": "2026-05-25 14:18:43" }, "geometry": { "type": "Point", "coordinates": [ 1064651.015038616489619, 877711.305350000038743 ] } },
{ "type": "Feature", "properties": { "OBJECTID": 470, "CE": "Traslape propio", "CT": "", "ESTAMPA_CC": "2026-05-25 14:18:43" }, "geometry": { "type": "Point", "coordinates": [ 1064486.066366665065289, 877659.681150000076741 ] } },
{ "type": "Feature", "properties": { "OBJECTID": 489, "CE": "", "CT": "Sector", "ESTAMPA_CC": "2026-05-25 14:18:43" }, "geometry": { "type": "Point", "coordinates": [ 1060665.471081338590011, 871269.049050000030547 ] } },
{ "type": "Feature", "properties": { "OBJECTID": 498, "CE": "Traslape propio", "CT": "", "ESTAMPA_CC": "2026-05-25 14:18:43" }, "geometry": { "type": "Point", "coordinates": [ 1058050.278349872212857, 864375.02165 ] } },
{ "type": "Feature", "properties": { "OBJECTID": 514, "CE": "Traslape propio", "CT": "", "ESTAMPA_CC": "2026-05-25 14:18:43" }, "geometry": { "type": "Point", "coordinates": [ 1067770.462246991228312, 871870.53865 ] } },
{ "type": "Feature", "properties": { "OBJECTID": 532, "CE": "Traslape propio", "CT": "", "ESTAMPA_CC": "2026-05-25 14:18:43" }, "geometry": { "type": "Point", "coordinates": [ 1067338.915251236176118, 872084.615149999968708 ] } },
{ "type": "Feature", "properties": { "OBJECTID": 537, "CE": "Traslape propio", "CT": "", "ESTAMPA_CC": "2026-05-25 14:18:43" }, "geometry": { "type": "Point", "coordinates": [ 1060101.331433532061055, 866594.714649999979883 ] } },
{ "type": "Feature", "properties": { "OBJECTID": 541, "CE": "", "CT": "Zona; Sector", "ESTAMPA_CC": "2026-05-25 14:18:43" }, "geometry": { "type": "Point", "coordinates": [ 1065207.545223170658574, 870644.286899999948218 ] } },
{ "type": "Feature", "properties": { "OBJECTID": 546, "CE": "", "CT": "Zona", "ESTAMPA_CC": "2026-05-25 14:18:43" }, "geometry": { "type": "Point", "coordinates": [ 1060758.872046877862886, 873985.235600000014529 ] } },
{ "type": "Feature", "properties": { "OBJECTID": 561, "CE": "", "CT": "Sector", "ESTAMPA_CC": "2026-05-25 14:18:43" }, "geometry": { "type": "Point", "coordinates": [ 1060643.991030010860413, 870625.522699999972247 ] } },
{ "type": "Feature", "properties": { "OBJECTID": 565, "CE": "", "CT": "Sector", "ESTAMPA_CC": "2026-05-25 14:18:43" }, "geometry": { "type": "Point", "coordinates": [ 1063774.394819413311779, 870725.467700000037439 ] } },
{ "type": "Feature", "properties": { "OBJECTID": 574, "CE": "Traslape propio", "CT": "", "ESTAMPA_CC": "2026-05-25 14:18:43" }, "geometry": { "type": "Point", "coordinates": [ 1066775.149143753107637, 873546.003749999916181 ] } },
{ "type": "Feature", "properties": { "OBJECTID": 582, "CE": "", "CT": "Zona", "ESTAMPA_CC": "2026-05-25 14:18:43" }, "geometry": { "type": "Point", "coordinates": [ 1060147.650986092165112, 873020.603050000034273 ] } },
{ "type": "Feature", "properties": { "OBJECTID": 593, "CE": "Traslape propio", "CT": "", "ESTAMPA_CC": "2026-05-25 14:18:43" }, "geometry": { "type": "Point", "coordinates": [ 1067359.048573398496956, 871620.382500000065193 ] } },
{ "type": "Feature", "properties": { "OBJECTID": 599, "CE": "Traslape propio", "CT": "", "ESTAMPA_CC": "2026-05-25 14:18:43" }, "geometry": { "type": "Point", "coordinates": [ 1067445.861854296643287, 868266.03975 ] } },
{ "type": "Feature", "properties": { "OBJECTID": 604, "CE": "", "CT": "Zona", "ESTAMPA_CC": "2026-05-25 14:18:43" }, "geometry": { "type": "Point", "coordinates": [ 1062697.505494143813848, 871252.135849999962375 ] } },
{ "type": "Feature", "properties": { "OBJECTID": 607, "CE": "Traslape propio", "CT": "", "ESTAMPA_CC": "2026-05-25 14:18:43" }, "geometry": { "type": "Point", "coordinates": [ 1066580.721971194958314, 868835.070950000081211 ] } },
{ "type": "Feature", "properties": { "OBJECTID": 610, "CE": "Traslape propio", "CT": "", "ESTAMPA_CC": "2026-05-25 14:18:43" }, "geometry": { "type": "Point", "coordinates": [ 1067501.667046203278005, 872087.9388 ] } },
{ "type": "Feature", "properties": { "OBJECTID": 639, "CE": "", "CT": "Zona; Sector", "ESTAMPA_CC": "2026-05-25 14:18:43" }, "geometry": { "type": "Point", "coordinates": [ 1064781.484272643923759, 871328.883300000103191 ] } },
{ "type": "Feature", "properties": { "OBJECTID": 646, "CE": "Traslape propio", "CT": "", "ESTAMPA_CC": "2026-05-25 14:18:43" }, "geometry": { "type": "Point", "coordinates": [ 1067244.80785, 868768.01445000001695 ] } },
{ "type": "Feature", "properties": { "OBJECTID": 668, "CE": "Traslape propio", "CT": "", "ESTAMPA_CC": "2026-05-25 14:18:43" }, "geometry": { "type": "Point", "coordinates": [ 1066739.335845818044618, 874090.865149999968708 ] } },
{ "type": "Feature", "properties": { "OBJECTID": 686, "CE": "Traslape propio", "CT": "", "ESTAMPA_CC": "2026-05-25 14:18:43" }, "geometry": { "type": "Point", "coordinates": [ 1067412.380554630653933, 868567.86815 ] } },
{ "type": "Feature", "properties": { "OBJECTID": 697, "CE": "", "CT": "Departamento; Municipio; Zona; Sector", "ESTAMPA_CC": "2026-05-25 14:18:43" }, "geometry": { "type": "Point", "coordinates": [ 1066297.652957032900304, 873253.92235 ] } },
{ "type": "Feature", "properties": { "OBJECTID": 710, "CE": "Traslape propio", "CT": "", "ESTAMPA_CC": "2026-05-25 14:18:43" }, "geometry": { "type": "Point", "coordinates": [ 1067207.441672739107162, 872039.08765 ] } },
{ "type": "Feature", "properties": { "OBJECTID": 715, "CE": "Traslape propio", "CT": "", "ESTAMPA_CC": "2026-05-25 14:18:43" }, "geometry": { "type": "Point", "coordinates": [ 1066889.13246001699008, 870847.96005 ] } },
{ "type": "Feature", "properties": { "OBJECTID": 726, "CE": "", "CT": "Zona", "ESTAMPA_CC": "2026-05-25 14:18:43" }, "geometry": { "type": "Point", "coordinates": [ 1062621.176145372446626, 871530.4325 ] } },
{ "type": "Feature", "properties": { "OBJECTID": 741, "CE": "Traslape propio", "CT": "", "ESTAMPA_CC": "2026-05-25 14:18:43" }, "geometry": { "type": "Point", "coordinates": [ 1060498.124252738663927, 866747.40495 ] } },
{ "type": "Feature", "properties": { "OBJECTID": 750, "CE": "", "CT": "Sector", "ESTAMPA_CC": "2026-05-25 14:18:43" }, "geometry": { "type": "Point", "coordinates": [ 1060591.78676448808983, 873087.701799999922514 ] } },
{ "type": "Feature", "properties": { "OBJECTID": 764, "CE": "", "CT": "Sector", "ESTAMPA_CC": "2026-05-25 14:18:43" }, "geometry": { "type": "Point", "coordinates": [ 1061482.088955068495125, 874224.485649999929592 ] } },
{ "type": "Feature", "properties": { "OBJECTID": 767, "CE": "", "CT": "Zona; Sector", "ESTAMPA_CC": "2026-05-25 14:18:43" }, "geometry": { "type": "Point", "coordinates": [ 1065461.267719332827255, 872770.62185 ] } },
{ "type": "Feature", "properties": { "OBJECTID": 787, "CE": "", "CT": "Zona; Sector", "ESTAMPA_CC": "2026-05-25 14:18:43" }, "geometry": { "type": "Point", "coordinates": [ 1064496.901938179973513, 872426.951349999988452 ] } },
{ "type": "Feature", "properties": { "OBJECTID": 790, "CE": "", "CT": "Zona; Sector", "ESTAMPA_CC": "2026-05-25 14:18:43" }, "geometry": { "type": "Point", "coordinates": [ 1063639.323059893678874, 873177.021699999924749 ] } },
{ "type": "Feature", "properties": { "OBJECTID": 801, "CE": "Traslape propio", "CT": "", "ESTAMPA_CC": "2026-05-25 14:18:43" }, "geometry": { "type": "Point", "coordinates": [ 1061531.028625531122088, 865338.966250000055879 ] } },
{ "type": "Feature", "properties": { "OBJECTID": 806, "CE": "Traslape propio", "CT": "Zona", "ESTAMPA_CC": "2026-05-25 14:18:43" }, "geometry": { "type": "Point", "coordinates": [ 1067208.421913945581764, 868881.007549999980256 ] } },
{ "type": "Feature", "properties": { "OBJECTID": 824, "CE": "Traslape propio", "CT": "", "ESTAMPA_CC": "2026-05-25 14:18:43" }, "geometry": { "type": "Point", "coordinates": [ 1067452.579984827199951, 871937.088999999919906 ] } },
{ "type": "Feature", "properties": { "OBJECTID": 826, "CE": "Traslape propio", "CT": "", "ESTAMPA_CC": "2026-05-25 14:18:43" }, "geometry": { "type": "Point", "coordinates": [ 1067392.068307747831568, 871948.075199999962933 ] } },
{ "type": "Feature", "properties": { "OBJECTID": 827, "CE": "Traslape propio", "CT": "", "ESTAMPA_CC": "2026-05-25 14:18:43" }, "geometry": { "type": "Point", "coordinates": [ 1058447.846312748268247, 871396.58395 ] } },
{ "type": "Feature", "properties": { "OBJECTID": 831, "CE": "Traslape propio", "CT": "", "ESTAMPA_CC": "2026-05-25 14:18:43" }, "geometry": { "type": "Point", "coordinates": [ 1067020.643150597810745, 872166.610149999964051 ] } },
{ "type": "Feature", "properties": { "OBJECTID": 832, "CE": "", "CT": "Zona; Sector", "ESTAMPA_CC": "2026-05-25 14:18:43" }, "geometry": { "type": "Point", "coordinates": [ 1060542.395981507841498, 869069.463299999944866 ] } },
{ "type": "Feature", "properties": { "OBJECTID": 840, "CE": "Traslape propio", "CT": "", "ESTAMPA_CC": "2026-05-25 14:18:43" }, "geometry": { "type": "Point", "coordinates": [ 1061147.670163465198129, 867314.007899999967776 ] } },
{ "type": "Feature", "properties": { "OBJECTID": 853, "CE": "Traslape propio", "CT": "", "ESTAMPA_CC": "2026-05-25 14:18:43" }, "geometry": { "type": "Point", "coordinates": [ 1067353.998293703887612, 868611.17565 ] } },
{ "type": "Feature", "properties": { "OBJECTID": 862, "CE": "", "CT": "Zona; Sector", "ESTAMPA_CC": "2026-05-25 14:18:43" }, "geometry": { "type": "Point", "coordinates": [ 1065725.204435158520937, 874130.47144999995362 ] } },
{ "type": "Feature", "properties": { "OBJECTID": 866, "CE": "Traslape propio", "CT": "", "ESTAMPA_CC": "2026-05-25 14:18:43" }, "geometry": { "type": "Point", "coordinates": [ 1061309.711514216382056, 866730.82495000003837 ] } },
{ "type": "Feature", "properties": { "OBJECTID": 873, "CE": "Traslape propio", "CT": "", "ESTAMPA_CC": "2026-05-25 14:18:43" }, "geometry": { "type": "Point", "coordinates": [ 1066720.632046561222523, 873947.177450000075623 ] } },
{ "type": "Feature", "properties": { "OBJECTID": 876, "CE": "", "CT": "Sector", "ESTAMPA_CC": "2026-05-25 14:18:43" }, "geometry": { "type": "Point", "coordinates": [ 1060396.572991536464542, 871014.523399999947287 ] } },
{ "type": "Feature", "properties": { "OBJECTID": 878, "CE": "", "CT": "Zona; Sector", "ESTAMPA_CC": "2026-05-25 14:18:43" }, "geometry": { "type": "Point", "coordinates": [ 1065724.295679141534492, 877307.3811 ] } },
{ "type": "Feature", "properties": { "OBJECTID": 899, "CE": "", "CT": "Zona; Sector", "ESTAMPA_CC": "2026-05-25 14:18:43" }, "geometry": { "type": "Point", "coordinates": [ 1066601.093087378423661, 871714.67565 ] } },
{ "type": "Feature", "properties": { "OBJECTID": 907, "CE": "", "CT": "Zona; Sector", "ESTAMPA_CC": "2026-05-25 14:18:43" }, "geometry": { "type": "Point", "coordinates": [ 1066186.630318981595337, 874283.838349999976344 ] } },
{ "type": "Feature", "properties": { "OBJECTID": 909, "CE": "", "CT": "Zona; Sector", "ESTAMPA_CC": "2026-05-25 14:18:43" }, "geometry": { "type": "Point", "coordinates": [ 1067037.218911784701049, 871316.229349999921396 ] } },
{ "type": "Feature", "properties": { "OBJECTID": 916, "CE": "", "CT": "Sector", "ESTAMPA_CC": "2026-05-25 14:18:43" }, "geometry": { "type": "Point", "coordinates": [ 1061839.526063933502883, 873785.95754999993369 ] } },
{ "type": "Feature", "properties": { "OBJECTID": 917, "CE": "", "CT": "Sector", "ESTAMPA_CC": "2026-05-25 14:18:43" }, "geometry": { "type": "Point", "coordinates": [ 1061877.465147559531033, 873679.507749999989755 ] } },
{ "type": "Feature", "properties": { "OBJECTID": 918, "CE": "", "CT": "Zona; Sector", "ESTAMPA_CC": "2026-05-25 14:18:43" }, "geometry": { "type": "Point", "coordinates": [ 1065417.817746958695352, 878330.738700000103563 ] } },
{ "type": "Feature", "properties": { "OBJECTID": 919, "CE": "", "CT": "Zona; Sector", "ESTAMPA_CC": "2026-05-25 14:18:43" }, "geometry": { "type": "Point", "coordinates": [ 1064884.616381788626313, 878752.459999999962747 ] } },
{ "type": "Feature", "properties": { "OBJECTID": 920, "CE": "", "CT": "Zona; Sector", "ESTAMPA_CC": "2026-05-25 14:18:43" }, "geometry": { "type": "Point", "coordinates": [ 1064733.261969405226409, 878696.4177 ] } },
{ "type": "Feature", "properties": { "OBJECTID": 921, "CE": "", "CT": "Zona; Sector", "ESTAMPA_CC": "2026-05-25 14:18:43" }, "geometry": { "type": "Point", "coordinates": [ 1064954.614052823744714, 878640.781650000018999 ] } },
{ "type": "Feature", "properties": { "OBJECTID": 928, "CE": "", "CT": "Zona; Sector", "ESTAMPA_CC": "2026-05-25 14:18:43" }, "geometry": { "type": "Point", "coordinates": [ 1065232.526091725565493, 870667.399749999982305 ] } },
{ "type": "Feature", "properties": { "OBJECTID": 947, "CE": "Traslape propio", "CT": "", "ESTAMPA_CC": "2026-05-25 14:18:43" }, "geometry": { "type": "Point", "coordinates": [ 1060353.237786491401494, 866900.603950000018813 ] } },
{ "type": "Feature", "properties": { "OBJECTID": 952, "CE": "Traslape propio", "CT": "", "ESTAMPA_CC": "2026-05-25 14:18:43" }, "geometry": { "type": "Point", "coordinates": [ 1060653.193989617517218, 866462.31325 ] } },
{ "type": "Feature", "properties": { "OBJECTID": 954, "CE": "", "CT": "Sector", "ESTAMPA_CC": "2026-05-25 14:18:43" }, "geometry": { "type": "Point", "coordinates": [ 1063120.019167114980519, 870319.64269999996759 ] } },
{ "type": "Feature", "properties": { "OBJECTID": 959, "CE": "", "CT": "Zona; Sector", "ESTAMPA_CC": "2026-05-25 14:18:43" }, "geometry": { "type": "Point", "coordinates": [ 1065371.18770161527209, 877694.509100000024773 ] } },
{ "type": "Feature", "properties": { "OBJECTID": 988, "CE": "", "CT": "Zona", "ESTAMPA_CC": "2026-05-25 14:18:43" }, "geometry": { "type": "Point", "coordinates": [ 1061815.784329114481807, 871446.259700000053272 ] } },
{ "type": "Feature", "properties": { "OBJECTID": 990, "CE": "", "CT": "Zona", "ESTAMPA_CC": "2026-05-25 14:18:43" }, "geometry": { "type": "Point", "coordinates": [ 1061465.748190244892612, 869906.3493 ] } },
{ "type": "Feature", "properties": { "OBJECTID": 992, "CE": "", "CT": "Zona", "ESTAMPA_CC": "2026-05-25 14:18:43" }, "geometry": { "type": "Point", "coordinates": [ 1060731.740520899416879, 869008.647250000038184 ] } },
{ "type": "Feature", "properties": { "OBJECTID": 1002, "CE": "", "CT": "Zona; Sector", "ESTAMPA_CC": "2026-05-25 14:18:43" }, "geometry": { "type": "Point", "coordinates": [ 1064936.990615967661142, 877823.493250000057742 ] } },
{ "type": "Feature", "properties": { "OBJECTID": 1009, "CE": "", "CT": "Sector", "ESTAMPA_CC": "2026-05-25 14:18:43" }, "geometry": { "type": "Point", "coordinates": [ 1061936.517491915961727, 873820.672550000017509 ] } },
{ "type": "Feature", "properties": { "OBJECTID": 1012, "CE": "", "CT": "Zona", "ESTAMPA_CC": "2026-05-25 14:18:43" }, "geometry": { "type": "Point", "coordinates": [ 1061363.692341618938372, 870163.550999999977648 ] } },
{ "type": "Feature", "properties": { "OBJECTID": 1013, "CE": "", "CT": "Zona", "ESTAMPA_CC": "2026-05-25 14:18:43" }, "geometry": { "type": "Point", "coordinates": [ 1061743.361425151117146, 870185.121350000030361 ] } },
{ "type": "Feature", "properties": { "OBJECTID": 1015, "CE": "", "CT": "Zona", "ESTAMPA_CC": "2026-05-25 14:18:43" }, "geometry": { "type": "Point", "coordinates": [ 1061368.708174998871982, 870074.19195 ] } },
{ "type": "Feature", "properties": { "OBJECTID": 1024, "CE": "", "CT": "Zona", "ESTAMPA_CC": "2026-05-25 14:18:43" }, "geometry": { "type": "Point", "coordinates": [ 1061934.378731255885214, 871264.844349999912083 ] } },
{ "type": "Feature", "properties": { "OBJECTID": 1027, "CE": "", "CT": "Zona", "ESTAMPA_CC": "2026-05-25 14:18:43" }, "geometry": { "type": "Point", "coordinates": [ 1061439.916542166378349, 870445.208549999981187 ] } },
{ "type": "Feature", "properties": { "OBJECTID": 1030, "CE": "Traslape propio", "CT": "Zona", "ESTAMPA_CC": "2026-05-25 14:18:43" }, "geometry": { "type": "Point", "coordinates": [ 1060031.087319147307426, 860559.815249999985099 ] } },
{ "type": "Feature", "properties": { "OBJECTID": 1033, "CE": "", "CT": "Zona; Sector", "ESTAMPA_CC": "2026-05-25 14:18:43" }, "geometry": { "type": "Point", "coordinates": [ 1061336.874956535641104, 868470.631550000049174 ] } },
{ "type": "Feature", "properties": { "OBJECTID": 1065, "CE": "", "CT": "Zona; Sector", "ESTAMPA_CC": "2026-05-25 14:18:43" }, "geometry": { "type": "Point", "coordinates": [ 1065524.870189488865435, 874374.480549999978393 ] } },
{ "type": "Feature", "properties": { "OBJECTID": 1070, "CE": "", "CT": "Zona", "ESTAMPA_CC": "2026-05-25 14:18:43" }, "geometry": { "type": "Point", "coordinates": [ 1064545.578896901570261, 877864.106900000013411 ] } },
{ "type": "Feature", "properties": { "OBJECTID": 1090, "CE": "", "CT": "Zona", "ESTAMPA_CC": "2026-05-25 14:18:43" }, "geometry": { "type": "Point", "coordinates": [ 1061637.70272243837826, 870978.339350000023842 ] } },
{ "type": "Feature", "properties": { "OBJECTID": 1101, "CE": "", "CT": "Sector", "ESTAMPA_CC": "2026-05-25 14:18:43" }, "geometry": { "type": "Point", "coordinates": [ 1061638.606067636981606, 874213.033999999985099 ] } },
{ "type": "Feature", "properties": { "OBJECTID": 1106, "CE": "", "CT": "Sector", "ESTAMPA_CC": "2026-05-25 14:18:43" }, "geometry": { "type": "Point", "coordinates": [ 1063468.329510491341352, 871667.518099999986589 ] } },
{ "type": "Feature", "properties": { "OBJECTID": 1129, "CE": "", "CT": "Zona; Sector", "ESTAMPA_CC": "2026-05-25 14:18:43" }, "geometry": { "type": "Point", "coordinates": [ 1065839.811195116024464, 873218.570749999955297 ] } },
{ "type": "Feature", "properties": { "OBJECTID": 1141, "CE": "Traslape propio", "CT": "", "ESTAMPA_CC": "2026-05-25 14:18:43" }, "geometry": { "type": "Point", "coordinates": [ 1059417.99753450229764, 866060.701200000010431 ] } },
{ "type": "Feature", "properties": { "OBJECTID": 1143, "CE": "Traslape propio", "CT": "Zona; Sector", "ESTAMPA_CC": "2026-05-25 14:18:43" }, "geometry": { "type": "Point", "coordinates": [ 1065018.197722435696051, 872590.810550000052899 ] } },
{ "type": "Feature", "properties": { "OBJECTID": 1146, "CE": "Traslape propio", "CT": "", "ESTAMPA_CC": "2026-05-25 14:18:43" }, "geometry": { "type": "Point", "coordinates": [ 1062496.127515635220334, 864834.966999999945983 ] } },
{ "type": "Feature", "properties": { "OBJECTID": 1147, "CE": "", "CT": "Zona", "ESTAMPA_CC": "2026-05-25 14:18:43" }, "geometry": { "type": "Point", "coordinates": [ 1062067.089786338619888, 873683.6141 ] } },
{ "type": "Feature", "properties": { "OBJECTID": 1148, "CE": "Traslape propio", "CT": "", "ESTAMPA_CC": "2026-05-25 14:18:43" }, "geometry": { "type": "Point", "coordinates": [ 1061423.644385755760595, 867177.475250000017695 ] } },
{ "type": "Feature", "properties": { "OBJECTID": 1158, "CE": "", "CT": "Zona; Sector", "ESTAMPA_CC": "2026-05-25 14:18:43" }, "geometry": { "type": "Point", "coordinates": [ 1064923.050930632511154, 872431.933450000011362 ] } },
{ "type": "Feature", "properties": { "OBJECTID": 1171, "CE": "Traslape propio", "CT": "", "ESTAMPA_CC": "2026-05-25 14:18:43" }, "geometry": { "type": "Point", "coordinates": [ 1067562.005295054521412, 872051.436800000024959 ] } },
{ "type": "Feature", "properties": { "OBJECTID": 1175, "CE": "Traslape propio", "CT": "", "ESTAMPA_CC": "2026-05-25 14:18:43" }, "geometry": { "type": "Point", "coordinates": [ 1066765.107830467401072, 873597.733800000045449 ] } },
{ "type": "Feature", "properties": { "OBJECTID": 1191, "CE": "", "CT": "Zona; Sector", "ESTAMPA_CC": "2026-05-25 14:18:43" }, "geometry": { "type": "Point", "coordinates": [ 1066179.187352180015296, 871783.845999999903142 ] } },
{ "type": "Feature", "properties": { "OBJECTID": 1197, "CE": "", "CT": "Zona", "ESTAMPA_CC": "2026-05-25 14:18:43" }, "geometry": { "type": "Point", "coordinates": [ 1060274.110448121093214, 873505.742874510469846 ] } },
{ "type": "Feature", "properties": { "OBJECTID": 1211, "CE": "", "CT": "Zona; Sector", "ESTAMPA_CC": "2026-05-25 14:18:43" }, "geometry": { "type": "Point", "coordinates": [ 1064891.448033105116338, 875637.821299999952316 ] } },
{ "type": "Feature", "properties": { "OBJECTID": 1212, "CE": "", "CT": "Zona; Sector", "ESTAMPA_CC": "2026-05-25 14:18:43" }, "geometry": { "type": "Point", "coordinates": [ 1066392.836718546226621, 876383.941349999979138 ] } },
{ "type": "Feature", "properties": { "OBJECTID": 1214, "CE": "", "CT": "Zona; Sector", "ESTAMPA_CC": "2026-05-25 14:18:43" }, "geometry": { "type": "Point", "coordinates": [ 1061564.141590789891779, 873079.798299999907613 ] } },
{ "type": "Feature", "properties": { "OBJECTID": 1215, "CE": "", "CT": "Zona; Sector", "ESTAMPA_CC": "2026-05-25 14:18:43" }, "geometry": { "type": "Point", "coordinates": [ 1064801.819147387053818, 877966.500500000081956 ] } },
{ "type": "Feature", "properties": { "OBJECTID": 1216, "CE": "", "CT": "Zona; Sector", "ESTAMPA_CC": "2026-05-25 14:18:43" }, "geometry": { "type": "Point", "coordinates": [ 1065273.553150807972997, 876647.652 ] } },
{ "type": "Feature", "properties": { "OBJECTID": 1217, "CE": "Traslape propio", "CT": "", "ESTAMPA_CC": "2026-05-25 14:18:43" }, "geometry": { "type": "Point", "coordinates": [ 1062944.618804967030883, 877343.987900000065565 ] } },
{ "type": "Feature", "properties": { "OBJECTID": 1218, "CE": "", "CT": "Sector", "ESTAMPA_CC": "2026-05-25 14:18:43" }, "geometry": { "type": "Point", "coordinates": [ 1060042.382917803479359, 872896.589249999960884 ] } },
{ "type": "Feature", "properties": { "OBJECTID": 1228, "CE": "", "CT": "Zona", "ESTAMPA_CC": "2026-05-25 14:18:43" }, "geometry": { "type": "Point", "coordinates": [ 1063112.830830584745854, 867148.663399999961257 ] } },
{ "type": "Feature", "properties": { "OBJECTID": 1243, "CE": "", "CT": "Zona; Sector", "ESTAMPA_CC": "2026-05-25 14:18:43" }, "geometry": { "type": "Point", "coordinates": [ 1067185.163741718046367, 871136.449999999953434 ] } },
{ "type": "Feature", "properties": { "OBJECTID": 1245, "CE": "", "CT": "Zona", "ESTAMPA_CC": "2026-05-25 14:18:43" }, "geometry": { "type": "Point", "coordinates": [ 1060325.313610065262765, 874904.167549999896437 ] } },
{ "type": "Feature", "properties": { "OBJECTID": 1248, "CE": "Traslape propio", "CT": "", "ESTAMPA_CC": "2026-05-25 14:18:43" }, "geometry": { "type": "Point", "coordinates": [ 1059762.966560325119644, 865164.8038 ] } },
{ "type": "Feature", "properties": { "OBJECTID": 1262, "CE": "", "CT": "Zona; Sector", "ESTAMPA_CC": "2026-05-25 14:18:43" }, "geometry": { "type": "Point", "coordinates": [ 1063749.531203547492623, 872592.365299999946728 ] } },
{ "type": "Feature", "properties": { "OBJECTID": 1263, "CE": "Traslape propio", "CT": "", "ESTAMPA_CC": "2026-05-25 14:18:43" }, "geometry": { "type": "Point", "coordinates": [ 1062915.344195320270956, 867431.258699999889359 ] } },
{ "type": "Feature", "properties": { "OBJECTID": 1281, "CE": "Traslape propio", "CT": "", "ESTAMPA_CC": "2026-05-25 14:18:43" }, "geometry": { "type": "Point", "coordinates": [ 1057698.276511805830523, 870486.394349999958649 ] } },
{ "type": "Feature", "properties": { "OBJECTID": 1282, "CE": "", "CT": "Zona; Sector", "ESTAMPA_CC": "2026-05-25 14:18:43" }, "geometry": { "type": "Point", "coordinates": [ 1064745.934715548530221, 878504.783499999903142 ] } },
{ "type": "Feature", "properties": { "OBJECTID": 1283, "CE": "Traslape propio", "CT": "", "ESTAMPA_CC": "2026-05-25 14:18:43" }, "geometry": { "type": "Point", "coordinates": [ 1067544.697742418153211, 871700.119199999957345 ] } },
{ "type": "Feature", "properties": { "OBJECTID": 1284, "CE": "Traslape propio", "CT": "", "ESTAMPA_CC": "2026-05-25 14:18:43" }, "geometry": { "type": "Point", "coordinates": [ 1067324.928164824843407, 871801.72199999995064 ] } },
{ "type": "Feature", "properties": { "OBJECTID": 1298, "CE": "Traslape propio", "CT": "", "ESTAMPA_CC": "2026-05-25 14:18:43" }, "geometry": { "type": "Point", "coordinates": [ 1067265.669638477265835, 871914.196100000059232 ] } },
{ "type": "Feature", "properties": { "OBJECTID": 1308, "CE": "", "CT": "Zona; Sector", "ESTAMPA_CC": "2026-05-25 14:18:43" }, "geometry": { "type": "Point", "coordinates": [ 1064667.116195161128417, 872597.20754999993369 ] } },
{ "type": "Feature", "properties": { "OBJECTID": 1311, "CE": "", "CT": "Zona; Sector", "ESTAMPA_CC": "2026-05-25 14:18:43" }, "geometry": { "type": "Point", "coordinates": [ 1065824.247737766243517, 878115.202650000108406 ] } },
{ "type": "Feature", "properties": { "OBJECTID": 1313, "CE": "", "CT": "Zona; Sector", "ESTAMPA_CC": "2026-05-25 14:18:43" }, "geometry": { "type": "Point", "coordinates": [ 1065725.925148324342445, 878195.67394999996759 ] } },
{ "type": "Feature", "properties": { "OBJECTID": 1315, "CE": "", "CT": "Zona", "ESTAMPA_CC": "2026-05-25 14:18:43" }, "geometry": { "type": "Point", "coordinates": [ 1063985.380243455991149, 868034.9044 ] } },
{ "type": "Feature", "properties": { "OBJECTID": 1321, "CE": "", "CT": "Zona", "ESTAMPA_CC": "2026-05-25 14:18:43" }, "geometry": { "type": "Point", "coordinates": [ 1063000.279659121064469, 867051.280400000046939 ] } },
{ "type": "Feature", "properties": { "OBJECTID": 1323, "CE": "Traslape propio", "CT": "", "ESTAMPA_CC": "2026-05-25 14:18:43" }, "geometry": { "type": "Point", "coordinates": [ 1062701.670271069509909, 867234.49685 ] } },
{ "type": "Feature", "properties": { "OBJECTID": 1338, "CE": "", "CT": "Zona", "ESTAMPA_CC": "2026-05-25 14:18:43" }, "geometry": { "type": "Point", "coordinates": [ 1061154.916504203807563, 865188.35965 ] } },
{ "type": "Feature", "properties": { "OBJECTID": 1341, "CE": "", "CT": "Sector", "ESTAMPA_CC": "2026-05-25 14:18:43" }, "geometry": { "type": "Point", "coordinates": [ 1061511.118931136559695, 873631.700350000057369 ] } },
{ "type": "Feature", "properties": { "OBJECTID": 1358, "CE": "", "CT": "Sector", "ESTAMPA_CC": "2026-05-25 14:18:43" }, "geometry": { "type": "Point", "coordinates": [ 1061532.350935725960881, 874040.481550000025891 ] } },
{ "type": "Feature", "properties": { "OBJECTID": 1362, "CE": "", "CT": "Sector", "ESTAMPA_CC": "2026-05-25 14:18:43" }, "geometry": { "type": "Point", "coordinates": [ 1061446.167572997976094, 873651.67715 ] } },
{ "type": "Feature", "properties": { "OBJECTID": 1371, "CE": "", "CT": "Zona; Sector", "ESTAMPA_CC": "2026-05-25 14:18:43" }, "geometry": { "type": "Point", "coordinates": [ 1064384.087605159264058, 877890.643350000027567 ] } },
{ "type": "Feature", "properties": { "OBJECTID": 1375, "CE": "", "CT": "Sector", "ESTAMPA_CC": "2026-05-25 14:18:43" }, "geometry": { "type": "Point", "coordinates": [ 1060443.980139890685678, 872595.79235 ] } },
{ "type": "Feature", "properties": { "OBJECTID": 1392, "CE": "", "CT": "Zona", "ESTAMPA_CC": "2026-05-25 14:18:43" }, "geometry": { "type": "Point", "coordinates": [ 1064438.460045247338712, 868337.449550000019372 ] } },
{ "type": "Feature", "properties": { "OBJECTID": 1400, "CE": "", "CT": "Sector", "ESTAMPA_CC": "2026-05-25 14:18:43" }, "geometry": { "type": "Point", "coordinates": [ 1060831.050381017848849, 873870.271750000072643 ] } },
{ "type": "Feature", "properties": { "OBJECTID": 1402, "CE": "", "CT": "Zona; Sector", "ESTAMPA_CC": "2026-05-25 14:18:43" }, "geometry": { "type": "Point", "coordinates": [ 1066268.537904085824266, 875219.260100000072271 ] } },
{ "type": "Feature", "properties": { "OBJECTID": 1415, "CE": "Traslape propio", "CT": "", "ESTAMPA_CC": "2026-05-25 14:18:43" }, "geometry": { "type": "Point", "coordinates": [ 1065630.025185075588524, 872739.788599999970756 ] } },
{ "type": "Feature", "properties": { "OBJECTID": 1430, "CE": "", "CT": "Zona; Sector", "ESTAMPA_CC": "2026-05-25 14:18:43" }, "geometry": { "type": "Point", "coordinates": [ 1066194.154701766325161, 871814.779799999902025 ] } },
{ "type": "Feature", "properties": { "OBJECTID": 1432, "CE": "", "CT": "Sector", "ESTAMPA_CC": "2026-05-25 14:18:43" }, "geometry": { "type": "Point", "coordinates": [ 1059353.105134811485186, 868057.367850000038743 ] } },
{ "type": "Feature", "properties": { "OBJECTID": 1446, "CE": "Traslape propio", "CT": "", "ESTAMPA_CC": "2026-05-25 14:18:43" }, "geometry": { "type": "Point", "coordinates": [ 1060349.382527285022661, 866730.215550000080839 ] } },
{ "type": "Feature", "properties": { "OBJECTID": 1455, "CE": "Traslape propio", "CT": "", "ESTAMPA_CC": "2026-05-25 14:18:43" }, "geometry": { "type": "Point", "coordinates": [ 1062996.438542232848704, 876734.650750000029802 ] } },
{ "type": "Feature", "properties": { "OBJECTID": 1456, "CE": "", "CT": "Zona; Sector", "ESTAMPA_CC": "2026-05-25 14:18:43" }, "geometry": { "type": "Point", "coordinates": [ 1064701.942521506920457, 878197.6605 ] } },
{ "type": "Feature", "properties": { "OBJECTID": 1459, "CE": "", "CT": "Zona; Sector", "ESTAMPA_CC": "2026-05-25 14:18:43" }, "geometry": { "type": "Point", "coordinates": [ 1064446.731648872140795, 878143.26665 ] } },
{ "type": "Feature", "properties": { "OBJECTID": 1463, "CE": "", "CT": "Zona; Sector", "ESTAMPA_CC": "2026-05-25 14:18:43" }, "geometry": { "type": "Point", "coordinates": [ 1064532.667016685707495, 878372.01165 ] } },
{ "type": "Feature", "properties": { "OBJECTID": 1467, "CE": "", "CT": "Sector", "ESTAMPA_CC": "2026-05-25 14:18:43" }, "geometry": { "type": "Point", "coordinates": [ 1064193.397309531457722, 871680.197599999955855 ] } },
{ "type": "Feature", "properties": { "OBJECTID": 1475, "CE": "Traslape propio", "CT": "", "ESTAMPA_CC": "2026-05-25 14:18:43" }, "geometry": { "type": "Point", "coordinates": [ 1064097.994, 878375.23879999993369 ] } },
{ "type": "Feature", "properties": { "OBJECTID": 1480, "CE": "", "CT": "Zona; Sector", "ESTAMPA_CC": "2026-05-25 14:18:43" }, "geometry": { "type": "Point", "coordinates": [ 1065080.414263557177037, 878608.380899999989197 ] } },
{ "type": "Feature", "properties": { "OBJECTID": 1490, "CE": "", "CT": "Zona", "ESTAMPA_CC": "2026-05-25 14:18:43" }, "geometry": { "type": "Point", "coordinates": [ 1063793.756447094958276, 867944.713449999922886 ] } },
{ "type": "Feature", "properties": { "OBJECTID": 1495, "CE": "", "CT": "Zona; Sector", "ESTAMPA_CC": "2026-05-25 14:18:43" }, "geometry": { "type": "Point", "coordinates": [ 1065980.151702352333814, 877219.241549999918789 ] } },
{ "type": "Feature", "properties": { "OBJECTID": 1496, "CE": "", "CT": "Zona; Sector", "ESTAMPA_CC": "2026-05-25 14:18:43" }, "geometry": { "type": "Point", "coordinates": [ 1066064.690847877878696, 876521.119350000051782 ] } },
{ "type": "Feature", "properties": { "OBJECTID": 1501, "CE": "", "CT": "Zona", "ESTAMPA_CC": "2026-05-25 14:18:43" }, "geometry": { "type": "Point", "coordinates": [ 1063332.241967964917421, 866731.0562 ] } },
{ "type": "Feature", "properties": { "OBJECTID": 1512, "CE": "", "CT": "Zona; Sector", "ESTAMPA_CC": "2026-05-25 14:18:43" }, "geometry": { "type": "Point", "coordinates": [ 1060253.936160659883171, 868969.655250000068918 ] } },
{ "type": "Feature", "properties": { "OBJECTID": 1518, "CE": "", "CT": "Zona; Sector", "ESTAMPA_CC": "2026-05-25 14:18:43" }, "geometry": { "type": "Point", "coordinates": [ 1065718.354249789612368, 878253.774899999960326 ] } },
{ "type": "Feature", "properties": { "OBJECTID": 1519, "CE": "", "CT": "Zona; Sector", "ESTAMPA_CC": "2026-05-25 14:18:43" }, "geometry": { "type": "Point", "coordinates": [ 1064247.303212886443362, 877729.314050000044517 ] } },
{ "type": "Feature", "properties": { "OBJECTID": 1520, "CE": "", "CT": "Zona; Sector", "ESTAMPA_CC": "2026-05-25 14:18:43" }, "geometry": { "type": "Point", "coordinates": [ 1065397.69586985418573, 878480.435749999945983 ] } },
{ "type": "Feature", "properties": { "OBJECTID": 1528, "CE": "Traslape propio", "CT": "", "ESTAMPA_CC": "2026-05-25 14:18:43" }, "geometry": { "type": "Point", "coordinates": [ 1067357.924956389004365, 871828.650299999979325 ] } },
{ "type": "Feature", "properties": { "OBJECTID": 1530, "CE": "", "CT": "Zona", "ESTAMPA_CC": "2026-05-25 14:18:43" }, "geometry": { "type": "Point", "coordinates": [ 1059545.527526186779141, 866530.845650000032037 ] } },
{ "type": "Feature", "properties": { "OBJECTID": 1534, "CE": "Traslape propio", "CT": "", "ESTAMPA_CC": "2026-05-25 14:18:43" }, "geometry": { "type": "Point", "coordinates": [ 1067370.525476119015366, 871758.39214999997057 ] } },
{ "type": "Feature", "properties": { "OBJECTID": 1540, "CE": "", "CT": "Zona; Sector", "ESTAMPA_CC": "2026-05-25 14:18:43" }, "geometry": { "type": "Point", "coordinates": [ 1065874.194755591452122, 869707.591250000055879 ] } },
{ "type": "Feature", "properties": { "OBJECTID": 1553, "CE": "", "CT": "Zona; Sector", "ESTAMPA_CC": "2026-05-25 14:18:43" }, "geometry": { "type": "Point", "coordinates": [ 1064837.267668639309704, 875659.929449999937788 ] } },
{ "type": "Feature", "properties": { "OBJECTID": 1554, "CE": "", "CT": "Zona; Sector", "ESTAMPA_CC": "2026-05-25 14:18:43" }, "geometry": { "type": "Point", "coordinates": [ 1065663.177909186808392, 873871.497500000055879 ] } },
{ "type": "Feature", "properties": { "OBJECTID": 1561, "CE": "Traslape propio", "CT": "Zona", "ESTAMPA_CC": "2026-05-25 14:18:43" }, "geometry": { "type": "Point", "coordinates": [ 1062888.550452617229894, 867406.1263 ] } },
{ "type": "Feature", "properties": { "OBJECTID": 1562, "CE": "", "CT": "Zona", "ESTAMPA_CC": "2026-05-25 14:18:43" }, "geometry": { "type": "Point", "coordinates": [ 1065216.525480957468972, 869434.784899999969639 ] } },
{ "type": "Feature", "properties": { "OBJECTID": 1575, "CE": "", "CT": "Zona", "ESTAMPA_CC": "2026-05-25 14:18:43" }, "geometry": { "type": "Point", "coordinates": [ 1064062.607215856667608, 868112.63665 ] } },
{ "type": "Feature", "properties": { "OBJECTID": 1591, "CE": "", "CT": "Zona", "ESTAMPA_CC": "2026-05-25 14:18:43" }, "geometry": { "type": "Point", "coordinates": [ 1063905.770359205780551, 868267.708499999949709 ] } },
{ "type": "Feature", "properties": { "OBJECTID": 1596, "CE": "", "CT": "Zona; Sector", "ESTAMPA_CC": "2026-05-25 14:18:43" }, "geometry": { "type": "Point", "coordinates": [ 1065182.405633762013167, 870672.946800000034273 ] } },
{ "type": "Feature", "properties": { "OBJECTID": 1624, "CE": "", "CT": "Municipio", "ESTAMPA_CC": "2026-05-25 14:18:43" }, "geometry": { "type": "Point", "coordinates": [ 1064623.332999837584794, 870629.535900000017136 ] } },
{ "type": "Feature", "properties": { "OBJECTID": 1642, "CE": "Traslape propio", "CT": "", "ESTAMPA_CC": "2026-05-25 14:18:43" }, "geometry": { "type": "Point", "coordinates": [ 1067545.778709123609588, 868023.140249999938533 ] } },
{ "type": "Feature", "properties": { "OBJECTID": 1660, "CE": "", "CT": "Zona", "ESTAMPA_CC": "2026-05-25 14:18:43" }, "geometry": { "type": "Point", "coordinates": [ 1057573.550202834885567, 869771.122349999961443 ] } },
{ "type": "Feature", "properties": { "OBJECTID": 1672, "CE": "", "CT": "Zona", "ESTAMPA_CC": "2026-05-25 14:18:43" }, "geometry": { "type": "Point", "coordinates": [ 1063601.116924117784947, 867764.97985 ] } },
{ "type": "Feature", "properties": { "OBJECTID": 1673, "CE": "", "CT": "Zona", "ESTAMPA_CC": "2026-05-25 14:18:43" }, "geometry": { "type": "Point", "coordinates": [ 1063038.971517565660179, 867784.144100000034086 ] } },
{ "type": "Feature", "properties": { "OBJECTID": 1674, "CE": "", "CT": "Zona", "ESTAMPA_CC": "2026-05-25 14:18:43" }, "geometry": { "type": "Point", "coordinates": [ 1062758.149462182074785, 867661.08635 ] } },
{ "type": "Feature", "properties": { "OBJECTID": 1677, "CE": "", "CT": "Zona", "ESTAMPA_CC": "2026-05-25 14:18:43" }, "geometry": { "type": "Point", "coordinates": [ 1065657.540023462846875, 874123.064100000075996 ] } },
{ "type": "Feature", "properties": { "OBJECTID": 1681, "CE": "", "CT": "Zona; Sector", "ESTAMPA_CC": "2026-05-25 14:18:43" }, "geometry": { "type": "Point", "coordinates": [ 1064602.771838414948434, 878479.668799999984913 ] } },
{ "type": "Feature", "properties": { "OBJECTID": 1711, "CE": "", "CT": "Zona; Sector", "ESTAMPA_CC": "2026-05-25 14:18:43" }, "geometry": { "type": "Point", "coordinates": [ 1062839.881731401430443, 872270.128400000045076 ] } },
{ "type": "Feature", "properties": { "OBJECTID": 1719, "CE": "", "CT": "Zona; Sector", "ESTAMPA_CC": "2026-05-25 14:18:43" }, "geometry": { "type": "Point", "coordinates": [ 1060642.093353592790663, 869037.651500000036322 ] } },
{ "type": "Feature", "properties": { "OBJECTID": 1721, "CE": "", "CT": "Zona", "ESTAMPA_CC": "2026-05-25 14:18:43" }, "geometry": { "type": "Point", "coordinates": [ 1065247.584614051971585, 869358.10485 ] } },
{ "type": "Feature", "properties": { "OBJECTID": 1723, "CE": "", "CT": "Zona", "ESTAMPA_CC": "2026-05-25 14:18:43" }, "geometry": { "type": "Point", "coordinates": [ 1063536.330310601741076, 866988.266250000102445 ] } },
{ "type": "Feature", "properties": { "OBJECTID": 1725, "CE": "", "CT": "Zona", "ESTAMPA_CC": "2026-05-25 14:18:43" }, "geometry": { "type": "Point", "coordinates": [ 1061679.764722843421623, 867314.790249999961816 ] } },
{ "type": "Feature", "properties": { "OBJECTID": 1731, "CE": "", "CT": "Zona", "ESTAMPA_CC": "2026-05-25 14:18:43" }, "geometry": { "type": "Point", "coordinates": [ 1066854.677044143900275, 870903.788900000043213 ] } },
{ "type": "Feature", "properties": { "OBJECTID": 1750, "CE": "", "CT": "Sector", "ESTAMPA_CC": "2026-05-25 14:18:43" }, "geometry": { "type": "Point", "coordinates": [ 1061602.641970929689705, 874388.616949999937788 ] } },
{ "type": "Feature", "properties": { "OBJECTID": 1753, "CE": "Traslape propio", "CT": "", "ESTAMPA_CC": "2026-05-25 14:18:43" }, "geometry": { "type": "Point", "coordinates": [ 1064461.453823054209352, 877624.041399999987334 ] } },
{ "type": "Feature", "properties": { "OBJECTID": 1759, "CE": "Traslape propio", "CT": "", "ESTAMPA_CC": "2026-05-25 14:18:43" }, "geometry": { "type": "Point", "coordinates": [ 1067372.525743995560333, 872174.917750000022352 ] } },
{ "type": "Feature", "properties": { "OBJECTID": 1769, "CE": "Traslape propio", "CT": "Zona", "ESTAMPA_CC": "2026-05-25 14:18:43" }, "geometry": { "type": "Point", "coordinates": [ 1063112.962627604603767, 867487.699999999953434 ] } },
{ "type": "Feature", "properties": { "OBJECTID": 1770, "CE": "", "CT": "Zona", "ESTAMPA_CC": "2026-05-25 14:18:43" }, "geometry": { "type": "Point", "coordinates": [ 1064953.342093226965517, 868828.551850000047125 ] } },
{ "type": "Feature", "properties": { "OBJECTID": 1773, "CE": "", "CT": "Zona; Sector", "ESTAMPA_CC": "2026-05-25 14:18:43" }, "geometry": { "type": "Point", "coordinates": [ 1064820.161046187859029, 874952.464149999897927 ] } },
{ "type": "Feature", "properties": { "OBJECTID": 1779, "CE": "", "CT": "Zona; Sector", "ESTAMPA_CC": "2026-05-25 14:18:43" }, "geometry": { "type": "Point", "coordinates": [ 1065853.996231335215271, 872625.726400000043213 ] } },
{ "type": "Feature", "properties": { "OBJECTID": 1780, "CE": "", "CT": "Zona; Sector", "ESTAMPA_CC": "2026-05-25 14:18:43" }, "geometry": { "type": "Point", "coordinates": [ 1064708.726567904930562, 878672.108999999938533 ] } },
{ "type": "Feature", "properties": { "OBJECTID": 1781, "CE": "", "CT": "Zona", "ESTAMPA_CC": "2026-05-25 14:18:43" }, "geometry": { "type": "Point", "coordinates": [ 1064328.382324505597353, 868281.479550000047311 ] } },
{ "type": "Feature", "properties": { "OBJECTID": 1782, "CE": "", "CT": "Zona", "ESTAMPA_CC": "2026-05-25 14:18:43" }, "geometry": { "type": "Point", "coordinates": [ 1063305.499750918708742, 868431.548350000055507 ] } },
{ "type": "Feature", "properties": { "OBJECTID": 1785, "CE": "", "CT": "Zona", "ESTAMPA_CC": "2026-05-25 14:18:43" }, "geometry": { "type": "Point", "coordinates": [ 1063800.808600134216249, 867658.516399999964051 ] } },
{ "type": "Feature", "properties": { "OBJECTID": 1788, "CE": "", "CT": "Zona", "ESTAMPA_CC": "2026-05-25 14:18:43" }, "geometry": { "type": "Point", "coordinates": [ 1064967.947537460830063, 869068.059249999932945 ] } },
{ "type": "Feature", "properties": { "OBJECTID": 1815, "CE": "", "CT": "Zona; Sector", "ESTAMPA_CC": "2026-05-25 14:18:43" }, "geometry": { "type": "Point", "coordinates": [ 1066204.371687346836552, 871681.34969999990426 ] } },
{ "type": "Feature", "properties": { "OBJECTID": 1819, "CE": "", "CT": "Zona; Sector", "ESTAMPA_CC": "2026-05-25 14:18:43" }, "geometry": { "type": "Point", "coordinates": [ 1065614.806035406189039, 872776.630200000014156 ] } },
{ "type": "Feature", "properties": { "OBJECTID": 1820, "CE": "", "CT": "Zona; Sector", "ESTAMPA_CC": "2026-05-25 14:18:43" }, "geometry": { "type": "Point", "coordinates": [ 1066205.874441263731569, 875144.400499999988824 ] } },
{ "type": "Feature", "properties": { "OBJECTID": 1821, "CE": "", "CT": "Zona; Sector", "ESTAMPA_CC": "2026-05-25 14:18:43" }, "geometry": { "type": "Point", "coordinates": [ 1066196.670951499370858, 876106.436299999943003 ] } },
{ "type": "Feature", "properties": { "OBJECTID": 1822, "CE": "", "CT": "Zona; Sector", "ESTAMPA_CC": "2026-05-25 14:18:43" }, "geometry": { "type": "Point", "coordinates": [ 1066473.610558458603919, 875843.391300000017509 ] } },
{ "type": "Feature", "properties": { "OBJECTID": 1823, "CE": "", "CT": "Zona; Sector", "ESTAMPA_CC": "2026-05-25 14:18:43" }, "geometry": { "type": "Point", "coordinates": [ 1065526.73186107375659, 877333.141349999932572 ] } },
{ "type": "Feature", "properties": { "OBJECTID": 1824, "CE": "", "CT": "Zona; Sector", "ESTAMPA_CC": "2026-05-25 14:18:43" }, "geometry": { "type": "Point", "coordinates": [ 1063981.574722526129335, 875495.1886 ] } },
{ "type": "Feature", "properties": { "OBJECTID": 1825, "CE": "", "CT": "Zona", "ESTAMPA_CC": "2026-05-25 14:18:43" }, "geometry": { "type": "Point", "coordinates": [ 1063561.224977968959138, 867022.9952 ] } },
{ "type": "Feature", "properties": { "OBJECTID": 1829, "CE": "", "CT": "Zona; Sector", "ESTAMPA_CC": "2026-05-25 14:18:43" }, "geometry": { "type": "Point", "coordinates": [ 1060036.455545916222036, 871821.58144999993965 ] } },
{ "type": "Feature", "properties": { "OBJECTID": 1834, "CE": "", "CT": "Zona; Sector", "ESTAMPA_CC": "2026-05-25 14:18:43" }, "geometry": { "type": "Point", "coordinates": [ 1065552.372844611527398, 876892.100300000049174 ] } },
{ "type": "Feature", "properties": { "OBJECTID": 1845, "CE": "", "CT": "Zona", "ESTAMPA_CC": "2026-05-25 14:18:43" }, "geometry": { "type": "Point", "coordinates": [ 1064242.715722752269357, 868225.205950000090525 ] } },
{ "type": "Feature", "properties": { "OBJECTID": 1847, "CE": "", "CT": "Zona", "ESTAMPA_CC": "2026-05-25 14:18:43" }, "geometry": { "type": "Point", "coordinates": [ 1063731.433545920299366, 870304.87085000006482 ] } },
{ "type": "Feature", "properties": { "OBJECTID": 1848, "CE": "", "CT": "Zona", "ESTAMPA_CC": "2026-05-25 14:18:43" }, "geometry": { "type": "Point", "coordinates": [ 1063027.947470461484045, 867176.168049999978393 ] } },
{ "type": "Feature", "properties": { "OBJECTID": 1854, "CE": "", "CT": "Zona; Sector", "ESTAMPA_CC": "2026-05-25 14:18:43" }, "geometry": { "type": "Point", "coordinates": [ 1064730.155743618495762, 875718.0283 ] } },
{ "type": "Feature", "properties": { "OBJECTID": 1864, "CE": "", "CT": "Sector", "ESTAMPA_CC": "2026-05-25 14:18:43" }, "geometry": { "type": "Point", "coordinates": [ 1058712.935663328971714, 866399.157 ] } },
{ "type": "Feature", "properties": { "OBJECTID": 1871, "CE": "", "CT": "Zona", "ESTAMPA_CC": "2026-05-25 14:18:43" }, "geometry": { "type": "Point", "coordinates": [ 1057780.762778974603862, 873731.1949 ] } },
{ "type": "Feature", "properties": { "OBJECTID": 1872, "CE": "Traslape propio", "CT": "", "ESTAMPA_CC": "2026-05-25 14:18:43" }, "geometry": { "type": "Point", "coordinates": [ 1067477.368124217260629, 871155.224150000023656 ] } },
{ "type": "Feature", "properties": { "OBJECTID": 1903, "CE": "", "CT": "Zona; Sector", "ESTAMPA_CC": "2026-05-25 14:18:43" }, "geometry": { "type": "Point", "coordinates": [ 1060574.472136882366613, 869170.1849 ] } },
{ "type": "Feature", "properties": { "OBJECTID": 1931, "CE": "", "CT": "Zona", "ESTAMPA_CC": "2026-05-25 14:18:43" }, "geometry": { "type": "Point", "coordinates": [ 1064129.821712406352162, 868551.035900000017136 ] } },
{ "type": "Feature", "properties": { "OBJECTID": 1934, "CE": "Traslape propio", "CT": "", "ESTAMPA_CC": "2026-05-25 14:18:43" }, "geometry": { "type": "Point", "coordinates": [ 1067401.939412612002343, 871613.316800000029616 ] } },
{ "type": "Feature", "properties": { "OBJECTID": 1953, "CE": "", "CT": "Zona; Sector", "ESTAMPA_CC": "2026-05-25 14:18:43" }, "geometry": { "type": "Point", "coordinates": [ 1066175.198730481322855, 870245.815300000016578 ] } },
{ "type": "Feature", "properties": { "OBJECTID": 1954, "CE": "", "CT": "Sector", "ESTAMPA_CC": "2026-05-25 14:18:43" }, "geometry": { "type": "Point", "coordinates": [ 1058292.012735398253426, 865050.328899999964051 ] } },
{ "type": "Feature", "properties": { "OBJECTID": 1971, "CE": "Traslape propio", "CT": "", "ESTAMPA_CC": "2026-05-25 14:18:43" }, "geometry": { "type": "Point", "coordinates": [ 1067714.691128189442679, 868431.37804999994114 ] } },
{ "type": "Feature", "properties": { "OBJECTID": 2001, "CE": "", "CT": "Zona; Sector", "ESTAMPA_CC": "2026-05-25 14:18:43" }, "geometry": { "type": "Point", "coordinates": [ 1064789.528654436580837, 870606.797749999910593 ] } },
{ "type": "Feature", "properties": { "OBJECTID": 2005, "CE": "", "CT": "Zona; Sector", "ESTAMPA_CC": "2026-05-25 14:18:43" }, "geometry": { "type": "Point", "coordinates": [ 1066540.643579176161438, 875902.012649999931455 ] } },
{ "type": "Feature", "properties": { "OBJECTID": 2012, "CE": "Traslape propio", "CT": "", "ESTAMPA_CC": "2026-05-25 14:18:43" }, "geometry": { "type": "Point", "coordinates": [ 1067585.178308803588152, 872044.622699999948964 ] } },
{ "type": "Feature", "properties": { "OBJECTID": 2019, "CE": "", "CT": "Zona; Sector", "ESTAMPA_CC": "2026-05-25 14:18:43" }, "geometry": { "type": "Point", "coordinates": [ 1064896.642844265326858, 875422.210399999981746 ] } },
{ "type": "Feature", "properties": { "OBJECTID": 2028, "CE": "", "CT": "Zona; Sector", "ESTAMPA_CC": "2026-05-25 14:18:43" }, "geometry": { "type": "Point", "coordinates": [ 1066792.813502494245768, 869912.577599999960512 ] } },
{ "type": "Feature", "properties": { "OBJECTID": 2031, "CE": "", "CT": "Zona; Sector", "ESTAMPA_CC": "2026-05-25 14:18:43" }, "geometry": { "type": "Point", "coordinates": [ 1065132.847178580705076, 878193.479049999965355 ] } },
{ "type": "Feature", "properties": { "OBJECTID": 2034, "CE": "", "CT": "Zona", "ESTAMPA_CC": "2026-05-25 14:18:43" }, "geometry": { "type": "Point", "coordinates": [ 1059930.419281715992838, 866394.6716 ] } },
{ "type": "Feature", "properties": { "OBJECTID": 2037, "CE": "", "CT": "Zona", "ESTAMPA_CC": "2026-05-25 14:18:43" }, "geometry": { "type": "Point", "coordinates": [ 1055764.48203980945982, 874001.635800000047311 ] } },
{ "type": "Feature", "properties": { "OBJECTID": 2038, "CE": "", "CT": "Zona; Sector", "ESTAMPA_CC": "2026-05-25 14:18:43" }, "geometry": { "type": "Point", "coordinates": [ 1062344.092615524306893, 871913.731600000057369 ] } },
{ "type": "Feature", "properties": { "OBJECTID": 2042, "CE": "", "CT": "Sector", "ESTAMPA_CC": "2026-05-25 14:18:43" }, "geometry": { "type": "Point", "coordinates": [ 1063885.972504438599572, 871665.265399999916553 ] } },
{ "type": "Feature", "properties": { "OBJECTID": 2046, "CE": "Traslape propio", "CT": "", "ESTAMPA_CC": "2026-05-25 14:18:43" }, "geometry": { "type": "Point", "coordinates": [ 1065185.272362673655152, 876067.692350000026636 ] } },
{ "type": "Feature", "properties": { "OBJECTID": 2047, "CE": "Traslape propio", "CT": "", "ESTAMPA_CC": "2026-05-25 14:18:43" }, "geometry": { "type": "Point", "coordinates": [ 1066904.143145537702367, 872069.882549999980256 ] } },
{ "type": "Feature", "properties": { "OBJECTID": 2048, "CE": "", "CT": "Sector", "ESTAMPA_CC": "2026-05-25 14:18:43" }, "geometry": { "type": "Point", "coordinates": [ 1059645.121712819905952, 871527.87815 ] } },
{ "type": "Feature", "properties": { "OBJECTID": 2054, "CE": "", "CT": "Sector", "ESTAMPA_CC": "2026-05-25 14:18:43" }, "geometry": { "type": "Point", "coordinates": [ 1058586.473789071198553, 869819.663850000011735 ] } },
{ "type": "Feature", "properties": { "OBJECTID": 2055, "CE": "", "CT": "Sector", "ESTAMPA_CC": "2026-05-25 14:18:43" }, "geometry": { "type": "Point", "coordinates": [ 1058743.532778835389763, 869929.79300000006333 ] } },
{ "type": "Feature", "properties": { "OBJECTID": 2058, "CE": "Duplicado", "CT": "Departamento; Municipio; Zona; Sector", "ESTAMPA_CC": "2026-05-25 14:18:43" }, "geometry": { "type": "Point", "coordinates": [ 1064873.635895057581365, 873314.481350000016391 ] } },
{ "type": "Feature", "properties": { "OBJECTID": 2083, "CE": "", "CT": "Zona; Sector", "ESTAMPA_CC": "2026-05-25 14:18:43" }, "geometry": { "type": "Point", "coordinates": [ 1065504.028026177082211, 871032.896100000012666 ] } },
{ "type": "Feature", "properties": { "OBJECTID": 2085, "CE": "", "CT": "Zona; Sector", "ESTAMPA_CC": "2026-05-25 14:18:43" }, "geometry": { "type": "Point", "coordinates": [ 1065146.723987469915301, 878221.611150000011548 ] } },
{ "type": "Feature", "properties": { "OBJECTID": 2087, "CE": "", "CT": "Zona", "ESTAMPA_CC": "2026-05-25 14:18:43" }, "geometry": { "type": "Point", "coordinates": [ 1065253.01673317886889, 869625.07435 ] } },
{ "type": "Feature", "properties": { "OBJECTID": 2088, "CE": "", "CT": "Zona", "ESTAMPA_CC": "2026-05-25 14:18:43" }, "geometry": { "type": "Point", "coordinates": [ 1064688.042205793084577, 868522.295799999963492 ] } },
{ "type": "Feature", "properties": { "OBJECTID": 2091, "CE": "Traslape propio", "CT": "", "ESTAMPA_CC": "2026-05-25 14:18:43" }, "geometry": { "type": "Point", "coordinates": [ 1067875.163118547294289, 871882.798500000033528 ] } },
{ "type": "Feature", "properties": { "OBJECTID": 2092, "CE": "Traslape propio", "CT": "", "ESTAMPA_CC": "2026-05-25 14:18:43" }, "geometry": { "type": "Point", "coordinates": [ 1061152.938359803287312, 865393.09115 ] } },
{ "type": "Feature", "properties": { "OBJECTID": 2094, "CE": "Traslape propio", "CT": "", "ESTAMPA_CC": "2026-05-25 14:18:43" }, "geometry": { "type": "Point", "coordinates": [ 1067502.9738, 871608.51390000001993 ] } },
{ "type": "Feature", "properties": { "OBJECTID": 2108, "CE": "Traslape propio", "CT": "", "ESTAMPA_CC": "2026-05-25 14:18:43" }, "geometry": { "type": "Point", "coordinates": [ 1062198.071571539156139, 865901.085899999947287 ] } },
{ "type": "Feature", "properties": { "OBJECTID": 2116, "CE": "Traslape propio", "CT": "", "ESTAMPA_CC": "2026-05-25 14:18:43" }, "geometry": { "type": "Point", "coordinates": [ 1062095.74621786782518, 866025.022300000069663 ] } },
{ "type": "Feature", "properties": { "OBJECTID": 2118, "CE": "", "CT": "Zona; Sector", "ESTAMPA_CC": "2026-05-25 14:18:43" }, "geometry": { "type": "Point", "coordinates": [ 1064556.140649203909561, 877643.158349999925122 ] } },
{ "type": "Feature", "properties": { "OBJECTID": 2126, "CE": "", "CT": "Zona", "ESTAMPA_CC": "2026-05-25 14:18:43" }, "geometry": { "type": "Point", "coordinates": [ 1063955.300457485951483, 868086.29804999998305 ] } },
{ "type": "Feature", "properties": { "OBJECTID": 2128, "CE": "", "CT": "Zona", "ESTAMPA_CC": "2026-05-25 14:18:43" }, "geometry": { "type": "Point", "coordinates": [ 1064807.394303115084767, 869143.584400000050664 ] } },
{ "type": "Feature", "properties": { "OBJECTID": 2138, "CE": "", "CT": "Zona; Sector", "ESTAMPA_CC": "2026-05-25 14:18:43" }, "geometry": { "type": "Point", "coordinates": [ 1066871.75471896585077, 870192.9044 ] } },
{ "type": "Feature", "properties": { "OBJECTID": 2141, "CE": "", "CT": "Zona; Sector", "ESTAMPA_CC": "2026-05-25 14:18:43" }, "geometry": { "type": "Point", "coordinates": [ 1066223.26544780889526, 871710.988600000040606 ] } },
{ "type": "Feature", "properties": { "OBJECTID": 2147, "CE": "", "CT": "Zona; Sector", "ESTAMPA_CC": "2026-05-25 14:18:43" }, "geometry": { "type": "Point", "coordinates": [ 1065466.428843705449253, 877298.069850000087172 ] } },
{ "type": "Feature", "properties": { "OBJECTID": 2150, "CE": "", "CT": "Zona; Sector", "ESTAMPA_CC": "2026-05-25 14:18:43" }, "geometry": { "type": "Point", "coordinates": [ 1065574.497112189885229, 877962.00295 ] } },
{ "type": "Feature", "properties": { "OBJECTID": 2153, "CE": "Traslape propio", "CT": "", "ESTAMPA_CC": "2026-05-25 14:18:43" }, "geometry": { "type": "Point", "coordinates": [ 1060997.029113028664142, 863826.381249999976717 ] } },
{ "type": "Feature", "properties": { "OBJECTID": 2177, "CE": "", "CT": "Zona", "ESTAMPA_CC": "2026-05-25 14:18:43" }, "geometry": { "type": "Point", "coordinates": [ 1066207.517174647189677, 871847.183450000011362 ] } },
{ "type": "Feature", "properties": { "OBJECTID": 2178, "CE": "Traslape propio", "CT": "", "ESTAMPA_CC": "2026-05-25 14:18:43" }, "geometry": { "type": "Point", "coordinates": [ 1062427.997814573580399, 866440.45574999996461 ] } },
{ "type": "Feature", "properties": { "OBJECTID": 2184, "CE": "Traslape propio", "CT": "", "ESTAMPA_CC": "2026-05-25 14:18:43" }, "geometry": { "type": "Point", "coordinates": [ 1065685.526708611752838, 870032.2916 ] } },
{ "type": "Feature", "properties": { "OBJECTID": 2195, "CE": "", "CT": "Zona; Sector", "ESTAMPA_CC": "2026-05-25 14:18:43" }, "geometry": { "type": "Point", "coordinates": [ 1064578.545295490417629, 878450.531750000081956 ] } },
{ "type": "Feature", "properties": { "OBJECTID": 2196, "CE": "", "CT": "Zona; Sector", "ESTAMPA_CC": "2026-05-25 14:18:43" }, "geometry": { "type": "Point", "coordinates": [ 1066682.378709619864821, 875947.756249999976717 ] } },
{ "type": "Feature", "properties": { "OBJECTID": 2197, "CE": "", "CT": "Zona; Sector", "ESTAMPA_CC": "2026-05-25 14:18:43" }, "geometry": { "type": "Point", "coordinates": [ 1061667.515443280339241, 873039.10620000003837 ] } },
{ "type": "Feature", "properties": { "OBJECTID": 2200, "CE": "", "CT": "Sector", "ESTAMPA_CC": "2026-05-25 14:18:43" }, "geometry": { "type": "Point", "coordinates": [ 1061298.757793995551765, 873812.77255 ] } },
{ "type": "Feature", "properties": { "OBJECTID": 2203, "CE": "", "CT": "Zona; Sector", "ESTAMPA_CC": "2026-05-25 14:18:43" }, "geometry": { "type": "Point", "coordinates": [ 1063658.920939280185848, 872172.4007 ] } },
{ "type": "Feature", "properties": { "OBJECTID": 2208, "CE": "Traslape propio", "CT": "", "ESTAMPA_CC": "2026-05-25 14:18:43" }, "geometry": { "type": "Point", "coordinates": [ 1064335.622167386813089, 870765.394300000043586 ] } },
{ "type": "Feature", "properties": { "OBJECTID": 2216, "CE": "", "CT": "Sector", "ESTAMPA_CC": "2026-05-25 14:18:43" }, "geometry": { "type": "Point", "coordinates": [ 1062536.049907615408301, 870921.058650000020862 ] } },
{ "type": "Feature", "properties": { "OBJECTID": 2219, "CE": "", "CT": "Zona; Sector", "ESTAMPA_CC": "2026-05-25 14:18:43" }, "geometry": { "type": "Point", "coordinates": [ 1064277.391066497657448, 877780.776749999960884 ] } },
{ "type": "Feature", "properties": { "OBJECTID": 2220, "CE": "", "CT": "Zona; Sector", "ESTAMPA_CC": "2026-05-25 14:18:43" }, "geometry": { "type": "Point", "coordinates": [ 1065904.22079642326571, 877198.020400000037625 ] } },
{ "type": "Feature", "properties": { "OBJECTID": 2231, "CE": "", "CT": "Zona", "ESTAMPA_CC": "2026-05-25 14:18:43" }, "geometry": { "type": "Point", "coordinates": [ 1064062.677476933225989, 867928.6273499999661 ] } },
{ "type": "Feature", "properties": { "OBJECTID": 2238, "CE": "Traslape propio", "CT": "", "ESTAMPA_CC": "2026-05-25 14:18:43" }, "geometry": { "type": "Point", "coordinates": [ 1060929.83389953058213, 868197.166949999984354 ] } },
{ "type": "Feature", "properties": { "OBJECTID": 2240, "CE": "", "CT": "Zona", "ESTAMPA_CC": "2026-05-25 14:18:43" }, "geometry": { "type": "Point", "coordinates": [ 1061825.99289290048182, 871754.695949999964796 ] } },
{ "type": "Feature", "properties": { "OBJECTID": 2241, "CE": "Traslape propio", "CT": "", "ESTAMPA_CC": "2026-05-25 14:18:43" }, "geometry": { "type": "Point", "coordinates": [ 1065932.787528382614255, 875244.081 ] } },
{ "type": "Feature", "properties": { "OBJECTID": 2253, "CE": "Traslape propio", "CT": "", "ESTAMPA_CC": "2026-05-25 14:18:43" }, "geometry": { "type": "Point", "coordinates": [ 1062519.256763597251847, 866336.891349999932572 ] } },
{ "type": "Feature", "properties": { "OBJECTID": 2263, "CE": "", "CT": "Zona", "ESTAMPA_CC": "2026-05-25 14:18:43" }, "geometry": { "type": "Point", "coordinates": [ 1064866.715536707779393, 868888.081800000043586 ] } },
{ "type": "Feature", "properties": { "OBJECTID": 2266, "CE": "", "CT": "Zona; Sector", "ESTAMPA_CC": "2026-05-25 14:18:43" }, "geometry": { "type": "Point", "coordinates": [ 1065954.33399316854775, 877331.958450000034645 ] } },
{ "type": "Feature", "properties": { "OBJECTID": 2267, "CE": "", "CT": "Zona; Sector", "ESTAMPA_CC": "2026-05-25 14:18:43" }, "geometry": { "type": "Point", "coordinates": [ 1065463.635464391903952, 878241.436699999962002 ] } },
{ "type": "Feature", "properties": { "OBJECTID": 2268, "CE": "", "CT": "Sector", "ESTAMPA_CC": "2026-05-25 14:18:43" }, "geometry": { "type": "Point", "coordinates": [ 1060052.017119159922004, 872612.025549999903888 ] } },
{ "type": "Feature", "properties": { "OBJECTID": 2292, "CE": "Traslape propio", "CT": "", "ESTAMPA_CC": "2026-05-25 14:18:43" }, "geometry": { "type": "Point", "coordinates": [ 1066958.353842433542013, 871960.050899999914691 ] } },
{ "type": "Feature", "properties": { "OBJECTID": 2294, "CE": "Traslape propio", "CT": "", "ESTAMPA_CC": "2026-05-25 14:18:43" }, "geometry": { "type": "Point", "coordinates": [ 1064176.023101259255782, 878311.565200000070035 ] } },
{ "type": "Feature", "properties": { "OBJECTID": 2307, "CE": "Traslape propio", "CT": "", "ESTAMPA_CC": "2026-05-25 14:18:43" }, "geometry": { "type": "Point", "coordinates": [ 1063150.658465415704995, 877431.01175000006333 ] } },
{ "type": "Feature", "properties": { "OBJECTID": 2310, "CE": "", "CT": "Sector", "ESTAMPA_CC": "2026-05-25 14:18:43" }, "geometry": { "type": "Point", "coordinates": [ 1059706.121643724385649, 872000.179400000022724 ] } },
{ "type": "Feature", "properties": { "OBJECTID": 2339, "CE": "Traslape propio", "CT": "", "ESTAMPA_CC": "2026-05-25 14:18:43" }, "geometry": { "type": "Point", "coordinates": [ 1067124.848885572049767, 872049.243550000013784 ] } },
{ "type": "Feature", "properties": { "OBJECTID": 2341, "CE": "Traslape propio", "CT": "", "ESTAMPA_CC": "2026-05-25 14:18:43" }, "geometry": { "type": "Point", "coordinates": [ 1066445.722418496152386, 872200.850899999961257 ] } },
{ "type": "Feature", "properties": { "OBJECTID": 2342, "CE": "Traslape propio", "CT": "", "ESTAMPA_CC": "2026-05-25 14:18:43" }, "geometry": { "type": "Point", "coordinates": [ 1061512.781488989945501, 867640.956 ] } },
{ "type": "Feature", "properties": { "OBJECTID": 2345, "CE": "", "CT": "Zona; Sector", "ESTAMPA_CC": "2026-05-25 14:18:43" }, "geometry": { "type": "Point", "coordinates": [ 1065896.954851149581373, 877507.259700000053272 ] } },
{ "type": "Feature", "properties": { "OBJECTID": 2351, "CE": "", "CT": "Sector", "ESTAMPA_CC": "2026-05-25 14:18:43" }, "geometry": { "type": "Point", "coordinates": [ 1061373.602076553041115, 874162.7903 ] } },
{ "type": "Feature", "properties": { "OBJECTID": 2357, "CE": "Traslape propio", "CT": "", "ESTAMPA_CC": "2026-05-25 14:18:43" }, "geometry": { "type": "Point", "coordinates": [ 1066387.629485382698476, 874342.129100000020117 ] } },
{ "type": "Feature", "properties": { "OBJECTID": 2361, "CE": "", "CT": "Zona", "ESTAMPA_CC": "2026-05-25 14:18:43" }, "geometry": { "type": "Point", "coordinates": [ 1065163.664143497124314, 869489.791500000050291 ] } },
{ "type": "Feature", "properties": { "OBJECTID": 2374, "CE": "Traslape propio", "CT": "", "ESTAMPA_CC": "2026-05-25 14:18:43" }, "geometry": { "type": "Point", "coordinates": [ 1066885.443760913796723, 870814.165249999961816 ] } },
{ "type": "Feature", "properties": { "OBJECTID": 2375, "CE": "Traslape propio", "CT": "", "ESTAMPA_CC": "2026-05-25 14:18:43" }, "geometry": { "type": "Point", "coordinates": [ 1066907.946658628992736, 870862.455700000049546 ] } },
{ "type": "Feature", "properties": { "OBJECTID": 2379, "CE": "", "CT": "Zona", "ESTAMPA_CC": "2026-05-25 14:18:43" }, "geometry": { "type": "Point", "coordinates": [ 1061924.6562, 866992.6213 ] } },
{ "type": "Feature", "properties": { "OBJECTID": 2380, "CE": "Traslape propio", "CT": "Zona", "ESTAMPA_CC": "2026-05-25 14:18:43" }, "geometry": { "type": "Point", "coordinates": [ 1062977.508099999744445, 867363.229000000050291 ] } },
{ "type": "Feature", "properties": { "OBJECTID": 2381, "CE": "", "CT": "Zona", "ESTAMPA_CC": "2026-05-25 14:18:43" }, "geometry": { "type": "Point", "coordinates": [ 1063359.938298784662038, 867782.449349999893457 ] } },
{ "type": "Feature", "properties": { "OBJECTID": 2382, "CE": "", "CT": "Departamento; Municipio; Zona; Sector; Comuna; Barrio; Manzana/Vereda", "ESTAMPA_CC": "2026-05-25 14:18:43" }, "geometry": { "type": "Point", "coordinates": [ 1062002.35268968064338, 866984.373600000049919 ] } },
{ "type": "Feature", "properties": { "OBJECTID": 2383, "CE": "Traslape propio", "CT": "", "ESTAMPA_CC": "2026-05-25 14:18:43" }, "geometry": { "type": "Point", "coordinates": [ 1066849.681299390736967, 873620.62140000006184 ] } },
{ "type": "Feature", "properties": { "OBJECTID": 2385, "CE": "Traslape propio", "CT": "", "ESTAMPA_CC": "2026-05-25 14:18:43" }, "geometry": { "type": "Point", "coordinates": [ 1057831.623224166920409, 869189.399850000045262 ] } },
{ "type": "Feature", "properties": { "OBJECTID": 2393, "CE": "", "CT": "Zona; Sector", "ESTAMPA_CC": "2026-05-25 14:18:43" }, "geometry": { "type": "Point", "coordinates": [ 1065522.853931934107095, 871073.974200000055134 ] } },
{ "type": "Feature", "properties": { "OBJECTID": 2394, "CE": "", "CT": "Zona; Sector", "ESTAMPA_CC": "2026-05-25 14:18:43" }, "geometry": { "type": "Point", "coordinates": [ 1065609.493489624001086, 871028.15385 ] } },
{ "type": "Feature", "properties": { "OBJECTID": 2395, "CE": "", "CT": "Zona; Sector", "ESTAMPA_CC": "2026-05-25 14:18:43" }, "geometry": { "type": "Point", "coordinates": [ 1064606.890043085440993, 869899.476550000021234 ] } },
{ "type": "Feature", "properties": { "OBJECTID": 2398, "CE": "", "CT": "Zona", "ESTAMPA_CC": "2026-05-25 14:18:43" }, "geometry": { "type": "Point", "coordinates": [ 1063771.063017246313393, 868060.036199999973178 ] } },
{ "type": "Feature", "properties": { "OBJECTID": 2399, "CE": "", "CT": "Zona", "ESTAMPA_CC": "2026-05-25 14:18:43" }, "geometry": { "type": "Point", "coordinates": [ 1063718.099897875450552, 868013.666500000050291 ] } },
{ "type": "Feature", "properties": { "OBJECTID": 2412, "CE": "Traslape propio", "CT": "", "ESTAMPA_CC": "2026-05-25 14:18:43" }, "geometry": { "type": "Point", "coordinates": [ 1066978.52773013105616, 872190.699400000041351 ] } },
{ "type": "Feature", "properties": { "OBJECTID": 2415, "CE": "", "CT": "Zona", "ESTAMPA_CC": "2026-05-25 14:18:43" }, "geometry": { "type": "Point", "coordinates": [ 1063301.813100000144914, 866765.246199999935925 ] } },
{ "type": "Feature", "properties": { "OBJECTID": 2436, "CE": "", "CT": "Sector", "ESTAMPA_CC": "2026-05-25 14:18:43" }, "geometry": { "type": "Point", "coordinates": [ 1058441.339849276002496, 870135.925499999895692 ] } },
{ "type": "Feature", "properties": { "OBJECTID": 2441, "CE": "", "CT": "Zona; Sector", "ESTAMPA_CC": "2026-05-25 14:18:43" }, "geometry": { "type": "Point", "coordinates": [ 1066440.633876246865839, 875951.799850000068545 ] } },
{ "type": "Feature", "properties": { "OBJECTID": 2448, "CE": "", "CT": "Zona", "ESTAMPA_CC": "2026-05-25 14:18:43" }, "geometry": { "type": "Point", "coordinates": [ 1063232.746469696750864, 868077.761399999959394 ] } },
{ "type": "Feature", "properties": { "OBJECTID": 2455, "CE": "", "CT": "Zona", "ESTAMPA_CC": "2026-05-25 14:18:43" }, "geometry": { "type": "Point", "coordinates": [ 1063854.195546594914049, 867877.60485 ] } },
{ "type": "Feature", "properties": { "OBJECTID": 2463, "CE": "", "CT": "Zona", "ESTAMPA_CC": "2026-05-25 14:18:43" }, "geometry": { "type": "Point", "coordinates": [ 1063526.55416197492741, 866999.309750000014901 ] } },
{ "type": "Feature", "properties": { "OBJECTID": 2467, "CE": "", "CT": "Zona", "ESTAMPA_CC": "2026-05-25 14:18:43" }, "geometry": { "type": "Point", "coordinates": [ 1062919.43956512119621, 867809.140249999938533 ] } },
{ "type": "Feature", "properties": { "OBJECTID": 2476, "CE": "Traslape propio", "CT": "", "ESTAMPA_CC": "2026-05-25 14:18:43" }, "geometry": { "type": "Point", "coordinates": [ 1060401.101207782514393, 877363.494049999979325 ] } },
{ "type": "Feature", "properties": { "OBJECTID": 2483, "CE": "Traslape propio", "CT": "", "ESTAMPA_CC": "2026-05-25 14:18:43" }, "geometry": { "type": "Point", "coordinates": [ 1066920.169512521941215, 870824.569949999917299 ] } },
{ "type": "Feature", "properties": { "OBJECTID": 2486, "CE": "Traslape propio", "CT": "", "ESTAMPA_CC": "2026-05-25 14:18:43" }, "geometry": { "type": "Point", "coordinates": [ 1067675.864772224565968, 872121.611299999989569 ] } },
{ "type": "Feature", "properties": { "OBJECTID": 2497, "CE": "Traslape propio", "CT": "", "ESTAMPA_CC": "2026-05-25 14:18:43" }, "geometry": { "type": "Point", "coordinates": [ 1067518.373267651535571, 867981.524699999950826 ] } },
{ "type": "Feature", "properties": { "OBJECTID": 2498, "CE": "Traslape propio", "CT": "", "ESTAMPA_CC": "2026-05-25 14:18:43" }, "geometry": { "type": "Point", "coordinates": [ 1067565.222621500957757, 867949.66855000006035 ] } },
{ "type": "Feature", "properties": { "OBJECTID": 2501, "CE": "Traslape propio", "CT": "", "ESTAMPA_CC": "2026-05-25 14:18:43" }, "geometry": { "type": "Point", "coordinates": [ 1067746.008298575878143, 871932.006500000017695 ] } },
{ "type": "Feature", "properties": { "OBJECTID": 2502, "CE": "Traslape propio", "CT": "", "ESTAMPA_CC": "2026-05-25 14:18:43" }, "geometry": { "type": "Point", "coordinates": [ 1067199.644933586940169, 868592.428049999987707 ] } },
{ "type": "Feature", "properties": { "OBJECTID": 2518, "CE": "", "CT": "Zona", "ESTAMPA_CC": "2026-05-25 14:18:43" }, "geometry": { "type": "Point", "coordinates": [ 1065020.889640626031905, 877675.393750000046566 ] } },
{ "type": "Feature", "properties": { "OBJECTID": 2545, "CE": "Traslape propio", "CT": "", "ESTAMPA_CC": "2026-05-25 14:18:43" }, "geometry": { "type": "Point", "coordinates": [ 1058002.805450031068176, 867419.57625000004191 ] } },
{ "type": "Feature", "properties": { "OBJECTID": 2549, "CE": "", "CT": "Zona", "ESTAMPA_CC": "2026-05-25 14:18:43" }, "geometry": { "type": "Point", "coordinates": [ 1063642.407352617941797, 867806.88495000009425 ] } },
{ "type": "Feature", "properties": { "OBJECTID": 2552, "CE": "", "CT": "Zona; Sector", "ESTAMPA_CC": "2026-05-25 14:18:43" }, "geometry": { "type": "Point", "coordinates": [ 1067501.271945586428046, 870167.691149999969639 ] } },
{ "type": "Feature", "properties": { "OBJECTID": 2554, "CE": "", "CT": "Zona", "ESTAMPA_CC": "2026-05-25 14:18:43" }, "geometry": { "type": "Point", "coordinates": [ 1066827.657545778201893, 869081.349799999967217 ] } },
{ "type": "Feature", "properties": { "OBJECTID": 2570, "CE": "", "CT": "Sector", "ESTAMPA_CC": "2026-05-25 14:18:43" }, "geometry": { "type": "Point", "coordinates": [ 1059926.249346565688029, 872975.3469 ] } },
{ "type": "Feature", "properties": { "OBJECTID": 2581, "CE": "", "CT": "Sector", "ESTAMPA_CC": "2026-05-25 14:18:43" }, "geometry": { "type": "Point", "coordinates": [ 1064683.5260000503622, 871869.158250000094995 ] } },
{ "type": "Feature", "properties": { "OBJECTID": 2585, "CE": "", "CT": "Sector", "ESTAMPA_CC": "2026-05-25 14:18:43" }, "geometry": { "type": "Point", "coordinates": [ 1061655.007835460361093, 873526.171850000042468 ] } },
{ "type": "Feature", "properties": { "OBJECTID": 2589, "CE": "", "CT": "Zona; Sector", "ESTAMPA_CC": "2026-05-25 14:18:43" }, "geometry": { "type": "Point", "coordinates": [ 1065030.505603208672255, 876661.016850000014529 ] } },
{ "type": "Feature", "properties": { "OBJECTID": 2592, "CE": "Traslape propio", "CT": "", "ESTAMPA_CC": "2026-05-25 14:18:43" }, "geometry": { "type": "Point", "coordinates": [ 1060797.745597675675526, 868225.29975 ] } },
{ "type": "Feature", "properties": { "OBJECTID": 2597, "CE": "Traslape propio", "CT": "", "ESTAMPA_CC": "2026-05-25 14:18:43" }, "geometry": { "type": "Point", "coordinates": [ 1064127.77870268560946, 878355.989950000075623 ] } },
{ "type": "Feature", "properties": { "OBJECTID": 2598, "CE": "Traslape propio", "CT": "", "ESTAMPA_CC": "2026-05-25 14:18:43" }, "geometry": { "type": "Point", "coordinates": [ 1064032.266651434125379, 878356.073349999962375 ] } },
{ "type": "Feature", "properties": { "OBJECTID": 2599, "CE": "", "CT": "Zona; Sector", "ESTAMPA_CC": "2026-05-25 14:18:43" }, "geometry": { "type": "Point", "coordinates": [ 1064841.462454380933195, 878670.0921 ] } },
{ "type": "Feature", "properties": { "OBJECTID": 2600, "CE": "", "CT": "Zona; Sector", "ESTAMPA_CC": "2026-05-25 14:18:43" }, "geometry": { "type": "Point", "coordinates": [ 1064871.915583566296846, 878724.150399999925867 ] } },
{ "type": "Feature", "properties": { "OBJECTID": 2601, "CE": "", "CT": "Zona; Sector", "ESTAMPA_CC": "2026-05-25 14:18:43" }, "geometry": { "type": "Point", "coordinates": [ 1064926.289734744234011, 878835.919899999978952 ] } },
{ "type": "Feature", "properties": { "OBJECTID": 2602, "CE": "", "CT": "Zona; Sector", "ESTAMPA_CC": "2026-05-25 14:18:43" }, "geometry": { "type": "Point", "coordinates": [ 1065259.298622914822772, 877920.610499999951571 ] } },
{ "type": "Feature", "properties": { "OBJECTID": 2619, "CE": "", "CT": "Zona; Sector", "ESTAMPA_CC": "2026-05-25 14:18:43" }, "geometry": { "type": "Point", "coordinates": [ 1065437.420196569990367, 870200.249400000087917 ] } },
{ "type": "Feature", "properties": { "OBJECTID": 2625, "CE": "", "CT": "Zona; Sector", "ESTAMPA_CC": "2026-05-25 14:18:43" }, "geometry": { "type": "Point", "coordinates": [ 1064780.576425636187196, 878336.072600000072271 ] } },
{ "type": "Feature", "properties": { "OBJECTID": 2635, "CE": "", "CT": "Zona; Sector", "ESTAMPA_CC": "2026-05-25 14:18:43" }, "geometry": { "type": "Point", "coordinates": [ 1062745.462402173085138, 872020.489599999971688 ] } },
{ "type": "Feature", "properties": { "OBJECTID": 2639, "CE": "Traslape propio", "CT": "", "ESTAMPA_CC": "2026-05-25 14:18:43" }, "geometry": { "type": "Point", "coordinates": [ 1066723.896866016322747, 873995.370499999960884 ] } },
{ "type": "Feature", "properties": { "OBJECTID": 2641, "CE": "Traslape propio", "CT": "", "ESTAMPA_CC": "2026-05-25 14:18:43" }, "geometry": { "type": "Point", "coordinates": [ 1062177.289773785043508, 872595.995149999973364 ] } },
{ "type": "Feature", "properties": { "OBJECTID": 2661, "CE": "", "CT": "Zona; Sector", "ESTAMPA_CC": "2026-05-25 14:18:43" }, "geometry": { "type": "Point", "coordinates": [ 1065958.629351232200861, 869960.59505 ] } },
{ "type": "Feature", "properties": { "OBJECTID": 2675, "CE": "", "CT": "Zona; Sector", "ESTAMPA_CC": "2026-05-25 14:18:43" }, "geometry": { "type": "Point", "coordinates": [ 1065232.536350000184029, 877635.436299999943003 ] } },
{ "type": "Feature", "properties": { "OBJECTID": 2692, "CE": "Traslape propio", "CT": "", "ESTAMPA_CC": "2026-05-25 14:18:43" }, "geometry": { "type": "Point", "coordinates": [ 1061970.998407549457625, 877073.63035 ] } },
{ "type": "Feature", "properties": { "OBJECTID": 2725, "CE": "", "CT": "Zona; Sector", "ESTAMPA_CC": "2026-05-25 14:18:43" }, "geometry": { "type": "Point", "coordinates": [ 1067091.459770305780694, 871257.174649999942631 ] } },
{ "type": "Feature", "properties": { "OBJECTID": 2729, "CE": "", "CT": "Zona", "ESTAMPA_CC": "2026-05-25 14:18:43" }, "geometry": { "type": "Point", "coordinates": [ 1065498.565049017313868, 869542.4094 ] } },
{ "type": "Feature", "properties": { "OBJECTID": 2730, "CE": "", "CT": "Zona", "ESTAMPA_CC": "2026-05-25 14:18:43" }, "geometry": { "type": "Point", "coordinates": [ 1065505.805862398818135, 869606.178499999921769 ] } },
{ "type": "Feature", "properties": { "OBJECTID": 2732, "CE": "", "CT": "Zona", "ESTAMPA_CC": "2026-05-25 14:18:43" }, "geometry": { "type": "Point", "coordinates": [ 1065373.516495566815138, 869376.37140000006184 ] } },
{ "type": "Feature", "properties": { "OBJECTID": 2736, "CE": "Traslape propio", "CT": "Zona", "ESTAMPA_CC": "2026-05-25 14:18:43" }, "geometry": { "type": "Point", "coordinates": [ 1062780.012906698975712, 867308.608100000070408 ] } },
{ "type": "Feature", "properties": { "OBJECTID": 2738, "CE": "", "CT": "Zona", "ESTAMPA_CC": "2026-05-25 14:18:43" }, "geometry": { "type": "Point", "coordinates": [ 1063558.398996925447136, 868290.608999999938533 ] } },
{ "type": "Feature", "properties": { "OBJECTID": 2754, "CE": "", "CT": "Sector", "ESTAMPA_CC": "2026-05-25 14:18:43" }, "geometry": { "type": "Point", "coordinates": [ 1060316.403689526487142, 873031.05215 ] } },
{ "type": "Feature", "properties": { "OBJECTID": 2763, "CE": "", "CT": "Zona; Sector", "ESTAMPA_CC": "2026-05-25 14:18:43" }, "geometry": { "type": "Point", "coordinates": [ 1066582.596515854820609, 871685.710549999959767 ] } },
{ "type": "Feature", "properties": { "OBJECTID": 2767, "CE": "", "CT": "Sector", "ESTAMPA_CC": "2026-05-25 14:18:43" }, "geometry": { "type": "Point", "coordinates": [ 1063115.1824495063629, 871196.920200000051409 ] } },
{ "type": "Feature", "properties": { "OBJECTID": 2770, "CE": "", "CT": "Zona; Sector", "ESTAMPA_CC": "2026-05-25 14:18:43" }, "geometry": { "type": "Point", "coordinates": [ 1065629.524006647523493, 878235.856799999950454 ] } },
{ "type": "Feature", "properties": { "OBJECTID": 2775, "CE": "Traslape propio", "CT": "", "ESTAMPA_CC": "2026-05-25 14:18:43" }, "geometry": { "type": "Point", "coordinates": [ 1060172.33547020284459, 866368.35820000001695 ] } },
{ "type": "Feature", "properties": { "OBJECTID": 2829, "CE": "", "CT": "Zona", "ESTAMPA_CC": "2026-05-25 14:18:43" }, "geometry": { "type": "Point", "coordinates": [ 1063499.00838050339371, 866971.920249999966472 ] } },
{ "type": "Feature", "properties": { "OBJECTID": 2830, "CE": "", "CT": "Zona", "ESTAMPA_CC": "2026-05-25 14:18:43" }, "geometry": { "type": "Point", "coordinates": [ 1063543.857933479128405, 867011.62555 ] } },
{ "type": "Feature", "properties": { "OBJECTID": 2831, "CE": "", "CT": "Zona", "ESTAMPA_CC": "2026-05-25 14:18:43" }, "geometry": { "type": "Point", "coordinates": [ 1063522.450752037577331, 868381.34070000005886 ] } },
{ "type": "Feature", "properties": { "OBJECTID": 2836, "CE": "", "CT": "Zona; Sector", "ESTAMPA_CC": "2026-05-25 14:18:43" }, "geometry": { "type": "Point", "coordinates": [ 1061139.615066048689187, 872188.5601 ] } },
{ "type": "Feature", "properties": { "OBJECTID": 2838, "CE": "", "CT": "Sector", "ESTAMPA_CC": "2026-05-25 14:18:43" }, "geometry": { "type": "Point", "coordinates": [ 1059204.269140096846968, 867971.56305 ] } },
{ "type": "Feature", "properties": { "OBJECTID": 2841, "CE": "Traslape propio", "CT": "", "ESTAMPA_CC": "2026-05-25 14:18:43" }, "geometry": { "type": "Point", "coordinates": [ 1064660.713172265095636, 875134.717299999902025 ] } },
{ "type": "Feature", "properties": { "OBJECTID": 2844, "CE": "", "CT": "Zona; Sector", "ESTAMPA_CC": "2026-05-25 14:18:43" }, "geometry": { "type": "Point", "coordinates": [ 1064103.747983288485557, 870453.923750000074506 ] } },
{ "type": "Feature", "properties": { "OBJECTID": 2845, "CE": "", "CT": "Zona; Sector", "ESTAMPA_CC": "2026-05-25 14:18:43" }, "geometry": { "type": "Point", "coordinates": [ 1065950.012430438306183, 870097.01894999993965 ] } },
{ "type": "Feature", "properties": { "OBJECTID": 2848, "CE": "Traslape propio", "CT": "", "ESTAMPA_CC": "2026-05-25 14:18:43" }, "geometry": { "type": "Point", "coordinates": [ 1060524.318305199500173, 877587.275673508527689 ] } },
{ "type": "Feature", "properties": { "OBJECTID": 2863, "CE": "", "CT": "Zona; Sector", "ESTAMPA_CC": "2026-05-25 14:18:43" }, "geometry": { "type": "Point", "coordinates": [ 1066371.038883987814188, 871739.504949999973178 ] } },
{ "type": "Feature", "properties": { "OBJECTID": 2865, "CE": "", "CT": "Zona; Sector", "ESTAMPA_CC": "2026-05-25 14:18:43" }, "geometry": { "type": "Point", "coordinates": [ 1067062.967527668224648, 870704.593349999981001 ] } },
{ "type": "Feature", "properties": { "OBJECTID": 2875, "CE": "", "CT": "Zona; Sector", "ESTAMPA_CC": "2026-05-25 14:18:43" }, "geometry": { "type": "Point", "coordinates": [ 1063653.083357954164967, 873130.974600000074133 ] } },
{ "type": "Feature", "properties": { "OBJECTID": 2897, "CE": "Traslape propio", "CT": "", "ESTAMPA_CC": "2026-05-25 14:18:43" }, "geometry": { "type": "Point", "coordinates": [ 1067735.973607043037191, 872085.704350000014529 ] } },
{ "type": "Feature", "properties": { "OBJECTID": 2899, "CE": "Traslape propio", "CT": "", "ESTAMPA_CC": "2026-05-25 14:18:43" }, "geometry": { "type": "Point", "coordinates": [ 1066930.029300674563274, 872058.442150000017136 ] } },
{ "type": "Feature", "properties": { "OBJECTID": 2908, "CE": "Traslape propio", "CT": "", "ESTAMPA_CC": "2026-05-25 14:18:43" }, "geometry": { "type": "Point", "coordinates": [ 1057107.372469641733915, 869816.153399999951944 ] } },
{ "type": "Feature", "properties": { "OBJECTID": 2914, "CE": "", "CT": "Sector", "ESTAMPA_CC": "2026-05-25 14:18:43" }, "geometry": { "type": "Point", "coordinates": [ 1061157.419935608049855, 873639.358849999960512 ] } },
{ "type": "Feature", "properties": { "OBJECTID": 2925, "CE": "", "CT": "Zona; Sector", "ESTAMPA_CC": "2026-05-25 14:18:43" }, "geometry": { "type": "Point", "coordinates": [ 1064179.478457965422422, 877805.864900000044145 ] } },
{ "type": "Feature", "properties": { "OBJECTID": 2934, "CE": "", "CT": "Zona; Sector", "ESTAMPA_CC": "2026-05-25 14:18:43" }, "geometry": { "type": "Point", "coordinates": [ 1064410.208152345614508, 878163.5599 ] } },
{ "type": "Feature", "properties": { "OBJECTID": 2938, "CE": "", "CT": "Zona", "ESTAMPA_CC": "2026-05-25 14:18:43" }, "geometry": { "type": "Point", "coordinates": [ 1066897.404304053634405, 870966.151649999897927 ] } },
{ "type": "Feature", "properties": { "OBJECTID": 2945, "CE": "", "CT": "Sector", "ESTAMPA_CC": "2026-05-25 14:18:43" }, "geometry": { "type": "Point", "coordinates": [ 1059575.169008950237185, 868214.238499999977648 ] } },
{ "type": "Feature", "properties": { "OBJECTID": 2950, "CE": "", "CT": "Sector", "ESTAMPA_CC": "2026-05-25 14:18:43" }, "geometry": { "type": "Point", "coordinates": [ 1064953.666293186601251, 872344.791549999965355 ] } },
{ "type": "Feature", "properties": { "OBJECTID": 2958, "CE": "", "CT": "Zona; Sector", "ESTAMPA_CC": "2026-05-25 14:18:43" }, "geometry": { "type": "Point", "coordinates": [ 1065578.648491214960814, 872573.205049999989569 ] } },
{ "type": "Feature", "properties": { "OBJECTID": 2959, "CE": "", "CT": "Zona; Sector", "ESTAMPA_CC": "2026-05-25 14:18:43" }, "geometry": { "type": "Point", "coordinates": [ 1065533.431049001170322, 874347.077250000089407 ] } },
{ "type": "Feature", "properties": { "OBJECTID": 2967, "CE": "", "CT": "Zona", "ESTAMPA_CC": "2026-05-25 14:18:43" }, "geometry": { "type": "Point", "coordinates": [ 1062674.441889514448121, 867586.250699999975041 ] } },
{ "type": "Feature", "properties": { "OBJECTID": 2969, "CE": "", "CT": "Zona", "ESTAMPA_CC": "2026-05-25 14:18:43" }, "geometry": { "type": "Point", "coordinates": [ 1063480.641732580028474, 866960.200699999928474 ] } },
{ "type": "Feature", "properties": { "OBJECTID": 2975, "CE": "", "CT": "Zona", "ESTAMPA_CC": "2026-05-25 14:18:43" }, "geometry": { "type": "Point", "coordinates": [ 1065375.019056526245549, 869526.359500000020489 ] } },
{ "type": "Feature", "properties": { "OBJECTID": 3004, "CE": "", "CT": "Zona", "ESTAMPA_CC": "2026-05-25 14:18:43" }, "geometry": { "type": "Point", "coordinates": [ 1065051.070012293756008, 868874.214750000042841 ] } },
{ "type": "Feature", "properties": { "OBJECTID": 3007, "CE": "Traslape propio", "CT": "", "ESTAMPA_CC": "2026-05-25 14:18:43" }, "geometry": { "type": "Point", "coordinates": [ 1067574.723225485533476, 868220.167249999940395 ] } },
{ "type": "Feature", "properties": { "OBJECTID": 3008, "CE": "", "CT": "Zona", "ESTAMPA_CC": "2026-05-25 14:18:43" }, "geometry": { "type": "Point", "coordinates": [ 1065346.146584096131846, 869402.337599999969825 ] } },
{ "type": "Feature", "properties": { "OBJECTID": 3016, "CE": "", "CT": "Zona; Sector", "ESTAMPA_CC": "2026-05-25 14:18:43" }, "geometry": { "type": "Point", "coordinates": [ 1064685.600125418975949, 869767.27515 ] } },
{ "type": "Feature", "properties": { "OBJECTID": 3021, "CE": "Traslape propio", "CT": "", "ESTAMPA_CC": "2026-05-25 14:18:43" }, "geometry": { "type": "Point", "coordinates": [ 1061017.114310675067827, 867327.392250000033528 ] } },
{ "type": "Feature", "properties": { "OBJECTID": 3027, "CE": "", "CT": "Zona", "ESTAMPA_CC": "2026-05-25 14:18:43" }, "geometry": { "type": "Point", "coordinates": [ 1062838.409769099205732, 867731.712199999950826 ] } },
{ "type": "Feature", "properties": { "OBJECTID": 3028, "CE": "", "CT": "Zona", "ESTAMPA_CC": "2026-05-25 14:18:43" }, "geometry": { "type": "Point", "coordinates": [ 1064757.052601970499381, 868562.23754999996163 ] } },
{ "type": "Feature", "properties": { "OBJECTID": 3029, "CE": "", "CT": "Zona", "ESTAMPA_CC": "2026-05-25 14:18:43" }, "geometry": { "type": "Point", "coordinates": [ 1063596.813154225237668, 868034.354000000050291 ] } },
{ "type": "Feature", "properties": { "OBJECTID": 3035, "CE": "", "CT": "Zona; Sector", "ESTAMPA_CC": "2026-05-25 14:18:43" }, "geometry": { "type": "Point", "coordinates": [ 1064905.296955893980339, 877788.538550000055693 ] } },
{ "type": "Feature", "properties": { "OBJECTID": 3036, "CE": "", "CT": "Zona; Sector", "ESTAMPA_CC": "2026-05-25 14:18:43" }, "geometry": { "type": "Point", "coordinates": [ 1064475.624842362944037, 877898.869549999944866 ] } },
{ "type": "Feature", "properties": { "OBJECTID": 3042, "CE": "", "CT": "Zona", "ESTAMPA_CC": "2026-05-25 14:18:43" }, "geometry": { "type": "Point", "coordinates": [ 1063512.625164547003806, 866967.28015 ] } },
{ "type": "Feature", "properties": { "OBJECTID": 3044, "CE": "Traslape propio", "CT": "", "ESTAMPA_CC": "2026-05-25 14:18:43" }, "geometry": { "type": "Point", "coordinates": [ 1067760.262235356261954, 870906.827999999979511 ] } },
{ "type": "Feature", "properties": { "OBJECTID": 3047, "CE": "", "CT": "Zona", "ESTAMPA_CC": "2026-05-25 14:18:43" }, "geometry": { "type": "Point", "coordinates": [ 1064024.065872476901859, 867990.184499999973923 ] } },
{ "type": "Feature", "properties": { "OBJECTID": 3048, "CE": "", "CT": "Zona", "ESTAMPA_CC": "2026-05-25 14:18:43" }, "geometry": { "type": "Point", "coordinates": [ 1063566.306811457732692, 874467.151199999963865 ] } },
{ "type": "Feature", "properties": { "OBJECTID": 3050, "CE": "", "CT": "Zona", "ESTAMPA_CC": "2026-05-25 14:18:43" }, "geometry": { "type": "Point", "coordinates": [ 1063525.727885449305177, 866978.880300000077114 ] } },
{ "type": "Feature", "properties": { "OBJECTID": 3053, "CE": "", "CT": "Zona; Sector", "ESTAMPA_CC": "2026-05-25 14:18:43" }, "geometry": { "type": "Point", "coordinates": [ 1066430.671485455008224, 876391.500050000031479 ] } },
{ "type": "Feature", "properties": { "OBJECTID": 3056, "CE": "Traslape propio", "CT": "", "ESTAMPA_CC": "2026-05-25 14:18:43" }, "geometry": { "type": "Point", "coordinates": [ 1064690.05991723574698, 877690.957399999955669 ] } },
{ "type": "Feature", "properties": { "OBJECTID": 3058, "CE": "Traslape propio", "CT": "", "ESTAMPA_CC": "2026-05-25 14:18:43" }, "geometry": { "type": "Point", "coordinates": [ 1066640.179798104567453, 868726.495849999948405 ] } },
{ "type": "Feature", "properties": { "OBJECTID": 3059, "CE": "", "CT": "Zona", "ESTAMPA_CC": "2026-05-25 14:18:43" }, "geometry": { "type": "Point", "coordinates": [ 1063551.74951684451662, 867018.612100000027567 ] } },
{ "type": "Feature", "properties": { "OBJECTID": 3060, "CE": "", "CT": "Zona", "ESTAMPA_CC": "2026-05-25 14:18:43" }, "geometry": { "type": "Point", "coordinates": [ 1063678.596848499728367, 868425.283550000051036 ] } },
{ "type": "Feature", "properties": { "OBJECTID": 3096, "CE": "", "CT": "Zona; Sector", "ESTAMPA_CC": "2026-05-25 14:18:43" }, "geometry": { "type": "Point", "coordinates": [ 1065160.032448716694489, 878492.866999999969266 ] } },
{ "type": "Feature", "properties": { "OBJECTID": 3097, "CE": "", "CT": "Zona; Sector", "ESTAMPA_CC": "2026-05-25 14:18:43" }, "geometry": { "type": "Point", "coordinates": [ 1064767.518917370587587, 878783.0797 ] } },
{ "type": "Feature", "properties": { "OBJECTID": 3098, "CE": "", "CT": "Zona; Sector", "ESTAMPA_CC": "2026-05-25 14:18:43" }, "geometry": { "type": "Point", "coordinates": [ 1064985.027494552545249, 878696.17394999996759 ] } },
{ "type": "Feature", "properties": { "OBJECTID": 3099, "CE": "", "CT": "Zona; Sector", "ESTAMPA_CC": "2026-05-25 14:18:43" }, "geometry": { "type": "Point", "coordinates": [ 1064917.026347884675488, 878805.063950000097975 ] } },
{ "type": "Feature", "properties": { "OBJECTID": 3105, "CE": "", "CT": "Zona; Sector", "ESTAMPA_CC": "2026-05-25 14:18:43" }, "geometry": { "type": "Point", "coordinates": [ 1064525.423856259789318, 878002.763250000076368 ] } },
{ "type": "Feature", "properties": { "OBJECTID": 3109, "CE": "", "CT": "Zona; Sector", "ESTAMPA_CC": "2026-05-25 14:18:43" }, "geometry": { "type": "Point", "coordinates": [ 1065839.125405253376812, 870286.727749999961816 ] } },
{ "type": "Feature", "properties": { "OBJECTID": 3112, "CE": "", "CT": "Zona; Sector", "ESTAMPA_CC": "2026-05-25 14:18:43" }, "geometry": { "type": "Point", "coordinates": [ 1064814.570674528367817, 875030.367349999956787 ] } },
{ "type": "Feature", "properties": { "OBJECTID": 3113, "CE": "", "CT": "Zona; Sector", "ESTAMPA_CC": "2026-05-25 14:18:43" }, "geometry": { "type": "Point", "coordinates": [ 1064920.974890798330307, 875689.407249999931082 ] } },
{ "type": "Feature", "properties": { "OBJECTID": 3115, "CE": "", "CT": "Zona; Sector", "ESTAMPA_CC": "2026-05-25 14:18:43" }, "geometry": { "type": "Point", "coordinates": [ 1064187.05672010127455, 875556.863099999958649 ] } },
{ "type": "Feature", "properties": { "OBJECTID": 3129, "CE": "", "CT": "Zona", "ESTAMPA_CC": "2026-05-25 14:18:43" }, "geometry": { "type": "Point", "coordinates": [ 1062542.108570283977315, 867464.137150000082329 ] } },
{ "type": "Feature", "properties": { "OBJECTID": 3134, "CE": "", "CT": "Zona", "ESTAMPA_CC": "2026-05-25 14:18:43" }, "geometry": { "type": "Point", "coordinates": [ 1064784.113665262237191, 869169.000100000062957 ] } },
{ "type": "Feature", "properties": { "OBJECTID": 3135, "CE": "", "CT": "Zona", "ESTAMPA_CC": "2026-05-25 14:18:43" }, "geometry": { "type": "Point", "coordinates": [ 1062879.328098810976371, 867639.433500000042841 ] } },
{ "type": "Feature", "properties": { "OBJECTID": 3144, "CE": "", "CT": "Zona", "ESTAMPA_CC": "2026-05-25 14:18:43" }, "geometry": { "type": "Point", "coordinates": [ 1064105.840145131805912, 868006.949999999953434 ] } },
{ "type": "Feature", "properties": { "OBJECTID": 3151, "CE": "", "CT": "Zona; Sector", "ESTAMPA_CC": "2026-05-25 14:18:43" }, "geometry": { "type": "Point", "coordinates": [ 1062796.352209695614874, 871986.624049999983981 ] } },
{ "type": "Feature", "properties": { "OBJECTID": 3152, "CE": "", "CT": "Zona; Sector", "ESTAMPA_CC": "2026-05-25 14:18:43" }, "geometry": { "type": "Point", "coordinates": [ 1066248.047561631537974, 873195.541149999946356 ] } },
{ "type": "Feature", "properties": { "OBJECTID": 3154, "CE": "", "CT": "Zona; Sector", "ESTAMPA_CC": "2026-05-25 14:18:43" }, "geometry": { "type": "Point", "coordinates": [ 1064811.61288862908259, 870781.51894999993965 ] } },
{ "type": "Feature", "properties": { "OBJECTID": 3160, "CE": "", "CT": "Zona; Sector", "ESTAMPA_CC": "2026-05-25 14:18:43" }, "geometry": { "type": "Point", "coordinates": [ 1064723.085453382693231, 875413.148950000060722 ] } },
{ "type": "Feature", "properties": { "OBJECTID": 3170, "CE": "Traslape propio", "CT": "", "ESTAMPA_CC": "2026-05-25 14:18:43" }, "geometry": { "type": "Point", "coordinates": [ 1059320.221809099428356, 867724.738450000062585 ] } },
{ "type": "Feature", "properties": { "OBJECTID": 3187, "CE": "", "CT": "Zona", "ESTAMPA_CC": "2026-05-25 14:18:43" }, "geometry": { "type": "Point", "coordinates": [ 1063534.914734326768667, 868261.606450000079349 ] } },
{ "type": "Feature", "properties": { "OBJECTID": 3188, "CE": "", "CT": "Zona", "ESTAMPA_CC": "2026-05-25 14:18:43" }, "geometry": { "type": "Point", "coordinates": [ 1063850.442817628849298, 867988.89775 ] } },
{ "type": "Feature", "properties": { "OBJECTID": 3206, "CE": "Traslape propio", "CT": "", "ESTAMPA_CC": "2026-05-25 14:18:43" }, "geometry": { "type": "Point", "coordinates": [ 1062167.435982053633779, 872506.315149999922141 ] } },
{ "type": "Feature", "properties": { "OBJECTID": 3208, "CE": "", "CT": "Zona; Sector", "ESTAMPA_CC": "2026-05-25 14:18:43" }, "geometry": { "type": "Point", "coordinates": [ 1063223.456644770456478, 873126.46785000001546 ] } },
{ "type": "Feature", "properties": { "OBJECTID": 3210, "CE": "", "CT": "Zona; Sector", "ESTAMPA_CC": "2026-05-25 14:18:43" }, "geometry": { "type": "Point", "coordinates": [ 1064884.44555971887894, 873368.286550000077114 ] } },
{ "type": "Feature", "properties": { "OBJECTID": 3217, "CE": "Traslape propio", "CT": "", "ESTAMPA_CC": "2026-05-25 14:18:43" }, "geometry": { "type": "Point", "coordinates": [ 1067336.036794300656766, 871910.242650000029244 ] } },
{ "type": "Feature", "properties": { "OBJECTID": 3226, "CE": "", "CT": "Zona; Sector", "ESTAMPA_CC": "2026-05-25 14:18:43" }, "geometry": { "type": "Point", "coordinates": [ 1066276.714206237811595, 876436.125650000059977 ] } },
{ "type": "Feature", "properties": { "OBJECTID": 3230, "CE": "", "CT": "Zona", "ESTAMPA_CC": "2026-05-25 14:18:43" }, "geometry": { "type": "Point", "coordinates": [ 1063911.058566956082359, 868045.461799999931827 ] } },
{ "type": "Feature", "properties": { "OBJECTID": 3241, "CE": "", "CT": "Zona", "ESTAMPA_CC": "2026-05-25 14:18:43" }, "geometry": { "type": "Point", "coordinates": [ 1066648.949993749149144, 870149.900099999969825 ] } },
{ "type": "Feature", "properties": { "OBJECTID": 3243, "CE": "Traslape propio", "CT": "", "ESTAMPA_CC": "2026-05-25 14:18:43" }, "geometry": { "type": "Point", "coordinates": [ 1061084.044112303759903, 863807.644349999958649 ] } },
{ "type": "Feature", "properties": { "OBJECTID": 3255, "CE": "", "CT": "Zona", "ESTAMPA_CC": "2026-05-25 14:18:43" }, "geometry": { "type": "Point", "coordinates": [ 1062463.257287098094821, 866873.6557 ] } },
{ "type": "Feature", "properties": { "OBJECTID": 3262, "CE": "", "CT": "Zona", "ESTAMPA_CC": "2026-05-25 14:18:43" }, "geometry": { "type": "Point", "coordinates": [ 1062926.519859347492456, 867688.638350000022911 ] } },
{ "type": "Feature", "properties": { "OBJECTID": 3263, "CE": "", "CT": "Zona", "ESTAMPA_CC": "2026-05-25 14:18:43" }, "geometry": { "type": "Point", "coordinates": [ 1063431.69353409181349, 867156.60375 ] } },
{ "type": "Feature", "properties": { "OBJECTID": 3272, "CE": "", "CT": "Zona", "ESTAMPA_CC": "2026-05-25 14:18:43" }, "geometry": { "type": "Point", "coordinates": [ 1063552.143881338182837, 867002.26624999998603 ] } },
{ "type": "Feature", "properties": { "OBJECTID": 3281, "CE": "", "CT": "Sector", "ESTAMPA_CC": "2026-05-25 14:18:43" }, "geometry": { "type": "Point", "coordinates": [ 1060425.989325706381351, 872956.713299999944866 ] } },
{ "type": "Feature", "properties": { "OBJECTID": 3282, "CE": "Traslape propio", "CT": "", "ESTAMPA_CC": "2026-05-25 14:18:43" }, "geometry": { "type": "Point", "coordinates": [ 1067513.856170197715983, 871692.173100000014529 ] } },
{ "type": "Feature", "properties": { "OBJECTID": 3299, "CE": "", "CT": "Zona", "ESTAMPA_CC": "2026-05-25 14:18:43" }, "geometry": { "type": "Point", "coordinates": [ 1063384.257876665797085, 870643.634349999949336 ] } },
{ "type": "Feature", "properties": { "OBJECTID": 3308, "CE": "", "CT": "Zona", "ESTAMPA_CC": "2026-05-25 14:18:43" }, "geometry": { "type": "Point", "coordinates": [ 1063812.888387710787356, 867465.74 ] } },
{ "type": "Feature", "properties": { "OBJECTID": 3323, "CE": "", "CT": "Zona", "ESTAMPA_CC": "2026-05-25 14:18:43" }, "geometry": { "type": "Point", "coordinates": [ 1064084.178936542710289, 868043.959999999962747 ] } },
{ "type": "Feature", "properties": { "OBJECTID": 3331, "CE": "", "CT": "Zona", "ESTAMPA_CC": "2026-05-25 14:18:43" }, "geometry": { "type": "Point", "coordinates": [ 1063649.654796387068927, 867321.862299999920651 ] } },
{ "type": "Feature", "properties": { "OBJECTID": 3334, "CE": "Traslape propio", "CT": "", "ESTAMPA_CC": "2026-05-25 14:18:43" }, "geometry": { "type": "Point", "coordinates": [ 1057746.625502349808812, 869111.662650000071153 ] } },
{ "type": "Feature", "properties": { "OBJECTID": 3336, "CE": "Traslape propio", "CT": "", "ESTAMPA_CC": "2026-05-25 14:18:43" }, "geometry": { "type": "Point", "coordinates": [ 1059760.198182251304388, 860539.34175000002142 ] } },
{ "type": "Feature", "properties": { "OBJECTID": 3338, "CE": "Traslape propio", "CT": "", "ESTAMPA_CC": "2026-05-25 14:18:43" }, "geometry": { "type": "Point", "coordinates": [ 1066730.621002782369033, 873704.161850000033155 ] } },
{ "type": "Feature", "properties": { "OBJECTID": 3345, "CE": "", "CT": "Zona; Sector", "ESTAMPA_CC": "2026-05-25 14:18:43" }, "geometry": { "type": "Point", "coordinates": [ 1065657.676527058938518, 874362.781100000021979 ] } },
{ "type": "Feature", "properties": { "OBJECTID": 3347, "CE": "Traslape propio", "CT": "", "ESTAMPA_CC": "2026-05-25 14:18:43" }, "geometry": { "type": "Point", "coordinates": [ 1066753.184190245345235, 872192.833300000056624 ] } },
{ "type": "Feature", "properties": { "OBJECTID": 3348, "CE": "Traslape propio", "CT": "", "ESTAMPA_CC": "2026-05-25 14:18:43" }, "geometry": { "type": "Point", "coordinates": [ 1066661.914824220351875, 872266.050249999971129 ] } },
{ "type": "Feature", "properties": { "OBJECTID": 3367, "CE": "Traslape propio", "CT": "", "ESTAMPA_CC": "2026-05-25 14:18:43" }, "geometry": { "type": "Point", "coordinates": [ 1065716.55993085866794, 871754.897349999984726 ] } },
{ "type": "Feature", "properties": { "OBJECTID": 3374, "CE": "", "CT": "Zona", "ESTAMPA_CC": "2026-05-25 14:18:43" }, "geometry": { "type": "Point", "coordinates": [ 1065345.704864466097206, 869706.564049999928102 ] } },
{ "type": "Feature", "properties": { "OBJECTID": 3379, "CE": "", "CT": "Zona", "ESTAMPA_CC": "2026-05-25 14:18:43" }, "geometry": { "type": "Point", "coordinates": [ 1063504.505186241352931, 866976.452349999919534 ] } },
{ "type": "Feature", "properties": { "OBJECTID": 3382, "CE": "", "CT": "Zona", "ESTAMPA_CC": "2026-05-25 14:18:43" }, "geometry": { "type": "Point", "coordinates": [ 1064859.783045053714886, 869090.906100000021979 ] } },
{ "type": "Feature", "properties": { "OBJECTID": 3390, "CE": "", "CT": "Zona; Sector", "ESTAMPA_CC": "2026-05-25 14:18:43" }, "geometry": { "type": "Point", "coordinates": [ 1067390.941522486740723, 870356.855149999959394 ] } },
{ "type": "Feature", "properties": { "OBJECTID": 3402, "CE": "", "CT": "Zona", "ESTAMPA_CC": "2026-05-25 14:18:43" }, "geometry": { "type": "Point", "coordinates": [ 1062785.814073051791638, 867682.755799999926239 ] } },
{ "type": "Feature", "properties": { "OBJECTID": 3408, "CE": "", "CT": "Zona", "ESTAMPA_CC": "2026-05-25 14:18:43" }, "geometry": { "type": "Point", "coordinates": [ 1063387.698106497293338, 867568.411000000080094 ] } },
{ "type": "Feature", "properties": { "OBJECTID": 3432, "CE": "", "CT": "Zona", "ESTAMPA_CC": "2026-05-25 14:18:43" }, "geometry": { "type": "Point", "coordinates": [ 1065153.509211434517056, 869634.922200000029989 ] } },
{ "type": "Feature", "properties": { "OBJECTID": 3437, "CE": "", "CT": "Zona; Sector", "ESTAMPA_CC": "2026-05-25 14:18:43" }, "geometry": { "type": "Point", "coordinates": [ 1060472.907538643106818, 871944.833450000034645 ] } },
{ "type": "Feature", "properties": { "OBJECTID": 3446, "CE": "", "CT": "Zona", "ESTAMPA_CC": "2026-05-25 14:18:43" }, "geometry": { "type": "Point", "coordinates": [ 1060440.46346980589442, 871400.731399999931455 ] } },
{ "type": "Feature", "properties": { "OBJECTID": 3447, "CE": "Traslape propio", "CT": "Zona", "ESTAMPA_CC": "2026-05-25 14:18:43" }, "geometry": { "type": "Point", "coordinates": [ 1062754.458416253328323, 867281.7661 ] } },
{ "type": "Feature", "properties": { "OBJECTID": 3448, "CE": "Traslape propio", "CT": "", "ESTAMPA_CC": "2026-05-25 14:18:43" }, "geometry": { "type": "Point", "coordinates": [ 1067759.064397398382425, 871841.286399999982677 ] } },
{ "type": "Feature", "properties": { "OBJECTID": 3454, "CE": "Traslape propio", "CT": "", "ESTAMPA_CC": "2026-05-25 14:18:43" }, "geometry": { "type": "Point", "coordinates": [ 1062599.27128990041092, 866332.291100000031292 ] } },
{ "type": "Feature", "properties": { "OBJECTID": 3455, "CE": "Traslape propio", "CT": "", "ESTAMPA_CC": "2026-05-25 14:18:43" }, "geometry": { "type": "Point", "coordinates": [ 1062524.667221698677167, 866283.297999999951571 ] } },
{ "type": "Feature", "properties": { "OBJECTID": 3464, "CE": "Traslape propio", "CT": "", "ESTAMPA_CC": "2026-05-25 14:18:43" }, "geometry": { "type": "Point", "coordinates": [ 1062496.05544999986887, 864698.315249999985099 ] } },
{ "type": "Feature", "properties": { "OBJECTID": 3469, "CE": "Traslape propio", "CT": "", "ESTAMPA_CC": "2026-05-25 14:18:43" }, "geometry": { "type": "Point", "coordinates": [ 1061378.22643706202507, 867333.51879999996163 ] } },
{ "type": "Feature", "properties": { "OBJECTID": 3480, "CE": "Traslape propio", "CT": "", "ESTAMPA_CC": "2026-05-25 14:18:43" }, "geometry": { "type": "Point", "coordinates": [ 1063081.244028404122218, 877389.323250000015832 ] } },
{ "type": "Feature", "properties": { "OBJECTID": 3482, "CE": "Traslape propio", "CT": "", "ESTAMPA_CC": "2026-05-25 14:18:43" }, "geometry": { "type": "Point", "coordinates": [ 1062876.762486493913457, 877237.60675000003539 ] } },
{ "type": "Feature", "properties": { "OBJECTID": 3505, "CE": "Traslape propio", "CT": "", "ESTAMPA_CC": "2026-05-25 14:18:43" }, "geometry": { "type": "Point", "coordinates": [ 1067359.079938663169742, 871786.699799999943934 ] } },
{ "type": "Feature", "properties": { "OBJECTID": 3508, "CE": "", "CT": "Zona", "ESTAMPA_CC": "2026-05-25 14:18:43" }, "geometry": { "type": "Point", "coordinates": [ 1063506.163743379060179, 866979.8589 ] } },
{ "type": "Feature", "properties": { "OBJECTID": 3510, "CE": "", "CT": "Zona", "ESTAMPA_CC": "2026-05-25 14:18:43" }, "geometry": { "type": "Point", "coordinates": [ 1063961.97177495341748, 867550.124049999983981 ] } },
{ "type": "Feature", "properties": { "OBJECTID": 3515, "CE": "", "CT": "Sector", "ESTAMPA_CC": "2026-05-25 14:18:43" }, "geometry": { "type": "Point", "coordinates": [ 1063479.836452314630151, 870615.805200000060722 ] } },
{ "type": "Feature", "properties": { "OBJECTID": 3516, "CE": "", "CT": "Sector", "ESTAMPA_CC": "2026-05-25 14:18:43" }, "geometry": { "type": "Point", "coordinates": [ 1063492.345500118564814, 870528.69960000005085 ] } },
{ "type": "Feature", "properties": { "OBJECTID": 3530, "CE": "Traslape propio", "CT": "", "ESTAMPA_CC": "2026-05-25 14:18:43" }, "geometry": { "type": "Point", "coordinates": [ 1066990.46364120580256, 871900.233499999972992 ] } },
{ "type": "Feature", "properties": { "OBJECTID": 3537, "CE": "", "CT": "Zona; Sector", "ESTAMPA_CC": "2026-05-25 14:18:43" }, "geometry": { "type": "Point", "coordinates": [ 1066506.557714354014024, 876009.025399999925867 ] } },
{ "type": "Feature", "properties": { "OBJECTID": 3551, "CE": "", "CT": "Zona", "ESTAMPA_CC": "2026-05-25 14:18:43" }, "geometry": { "type": "Point", "coordinates": [ 1063490.514190474757925, 866949.041350000072271 ] } },
{ "type": "Feature", "properties": { "OBJECTID": 3552, "CE": "", "CT": "Zona", "ESTAMPA_CC": "2026-05-25 14:18:43" }, "geometry": { "type": "Point", "coordinates": [ 1064915.943054371280596, 869430.500149999978021 ] } },
{ "type": "Feature", "properties": { "OBJECTID": 3565, "CE": "", "CT": "Zona", "ESTAMPA_CC": "2026-05-25 14:18:43" }, "geometry": { "type": "Point", "coordinates": [ 1065452.444960989523679, 869446.664349999977276 ] } },
{ "type": "Feature", "properties": { "OBJECTID": 3566, "CE": "", "CT": "Zona", "ESTAMPA_CC": "2026-05-25 14:18:43" }, "geometry": { "type": "Point", "coordinates": [ 1063514.58245642343536, 866970.34875 ] } },
{ "type": "Feature", "properties": { "OBJECTID": 3568, "CE": "", "CT": "Zona", "ESTAMPA_CC": "2026-05-25 14:18:43" }, "geometry": { "type": "Point", "coordinates": [ 1062945.518239490687847, 867833.494599999976344 ] } },
{ "type": "Feature", "properties": { "OBJECTID": 3583, "CE": "", "CT": "Zona; Sector", "ESTAMPA_CC": "2026-05-25 14:18:43" }, "geometry": { "type": "Point", "coordinates": [ 1065816.10687764454633, 878143.176800000015646 ] } },
{ "type": "Feature", "properties": { "OBJECTID": 3584, "CE": "", "CT": "Zona; Sector", "ESTAMPA_CC": "2026-05-25 14:18:43" }, "geometry": { "type": "Point", "coordinates": [ 1065929.22599461954087, 877395.8051 ] } },
{ "type": "Feature", "properties": { "OBJECTID": 3590, "CE": "", "CT": "Zona", "ESTAMPA_CC": "2026-05-25 14:18:43" }, "geometry": { "type": "Point", "coordinates": [ 1062568.345894537633285, 867487.36945 ] } },
{ "type": "Feature", "properties": { "OBJECTID": 3601, "CE": "", "CT": "Zona", "ESTAMPA_CC": "2026-05-25 14:18:43" }, "geometry": { "type": "Point", "coordinates": [ 1066923.34495, 870928.04480000003241 ] } },
{ "type": "Feature", "properties": { "OBJECTID": 3602, "CE": "Traslape propio", "CT": "", "ESTAMPA_CC": "2026-05-25 14:18:43" }, "geometry": { "type": "Point", "coordinates": [ 1062954.725465175928548, 867336.461949999909848 ] } },
{ "type": "Feature", "properties": { "OBJECTID": 3611, "CE": "", "CT": "Zona", "ESTAMPA_CC": "2026-05-25 14:18:43" }, "geometry": { "type": "Point", "coordinates": [ 1063395.889286988880485, 868257.895750000025146 ] } },
{ "type": "Feature", "properties": { "OBJECTID": 3612, "CE": "", "CT": "Zona", "ESTAMPA_CC": "2026-05-25 14:18:43" }, "geometry": { "type": "Point", "coordinates": [ 1063161.013661049772054, 868050.728600000031292 ] } },
{ "type": "Feature", "properties": { "OBJECTID": 3613, "CE": "Traslape propio", "CT": "", "ESTAMPA_CC": "2026-05-25 14:18:43" }, "geometry": { "type": "Point", "coordinates": [ 1062628.823753004893661, 866729.467900000046939 ] } },
{ "type": "Feature", "properties": { "OBJECTID": 3614, "CE": "", "CT": "Zona", "ESTAMPA_CC": "2026-05-25 14:18:43" }, "geometry": { "type": "Point", "coordinates": [ 1063566.047814499586821, 867014.575049999984913 ] } },
{ "type": "Feature", "properties": { "OBJECTID": 3620, "CE": "", "CT": "Sector", "ESTAMPA_CC": "2026-05-25 14:18:43" }, "geometry": { "type": "Point", "coordinates": [ 1061732.471324406098574, 874535.58129999996163 ] } },
{ "type": "Feature", "properties": { "OBJECTID": 3621, "CE": "Traslape propio", "CT": "", "ESTAMPA_CC": "2026-05-25 14:18:43" }, "geometry": { "type": "Point", "coordinates": [ 1061062.01134733017534, 868356.13535 ] } },
{ "type": "Feature", "properties": { "OBJECTID": 3622, "CE": "Traslape propio", "CT": "", "ESTAMPA_CC": "2026-05-25 14:18:43" }, "geometry": { "type": "Point", "coordinates": [ 1060459.571135383564979, 874953.821299999952316 ] } },
{ "type": "Feature", "properties": { "OBJECTID": 3624, "CE": "Traslape propio", "CT": "", "ESTAMPA_CC": "2026-05-25 14:18:43" }, "geometry": { "type": "Point", "coordinates": [ 1063465.05985798779875, 875488.264699999941513 ] } },
{ "type": "Feature", "properties": { "OBJECTID": 3625, "CE": "", "CT": "Zona", "ESTAMPA_CC": "2026-05-25 14:18:43" }, "geometry": { "type": "Point", "coordinates": [ 1057850.313536448404193, 864998.46855 ] } },
{ "type": "Feature", "properties": { "OBJECTID": 3632, "CE": "", "CT": "Zona; Sector", "ESTAMPA_CC": "2026-05-25 14:18:43" }, "geometry": { "type": "Point", "coordinates": [ 1065372.685972856357694, 878423.10495000006631 ] } },
{ "type": "Feature", "properties": { "OBJECTID": 3633, "CE": "", "CT": "Zona; Sector", "ESTAMPA_CC": "2026-05-25 14:18:43" }, "geometry": { "type": "Point", "coordinates": [ 1065533.925410808995366, 878196.176199999987148 ] } },
{ "type": "Feature", "properties": { "OBJECTID": 3634, "CE": "Traslape propio", "CT": "Zona", "ESTAMPA_CC": "2026-05-25 14:18:43" }, "geometry": { "type": "Point", "coordinates": [ 1062679.595208587590605, 867212.659900000086054 ] } },
{ "type": "Feature", "properties": { "OBJECTID": 3636, "CE": "", "CT": "Zona", "ESTAMPA_CC": "2026-05-25 14:18:43" }, "geometry": { "type": "Point", "coordinates": [ 1063022.592564630322158, 867067.249349999940023 ] } },
{ "type": "Feature", "properties": { "OBJECTID": 3637, "CE": "Traslape propio", "CT": "", "ESTAMPA_CC": "2026-05-25 14:18:43" }, "geometry": { "type": "Point", "coordinates": [ 1061372.395352331921458, 867470.623300000093877 ] } },
{ "type": "Feature", "properties": { "OBJECTID": 3642, "CE": "", "CT": "Zona; Sector", "ESTAMPA_CC": "2026-05-25 14:18:43" }, "geometry": { "type": "Point", "coordinates": [ 1065058.705715376418084, 878549.8491 ] } },
{ "type": "Feature", "properties": { "OBJECTID": 3644, "CE": "", "CT": "Zona; Sector", "ESTAMPA_CC": "2026-05-25 14:18:43" }, "geometry": { "type": "Point", "coordinates": [ 1065967.347789195133373, 877264.106600000057369 ] } },
{ "type": "Feature", "properties": { "OBJECTID": 3645, "CE": "", "CT": "Zona", "ESTAMPA_CC": "2026-05-25 14:18:43" }, "geometry": { "type": "Point", "coordinates": [ 1063230.401247895788401, 866692.650200000032783 ] } },
{ "type": "Feature", "properties": { "OBJECTID": 3646, "CE": "", "CT": "Zona", "ESTAMPA_CC": "2026-05-25 14:18:43" }, "geometry": { "type": "Point", "coordinates": [ 1063787.297776330262423, 867817.719150000018999 ] } },
{ "type": "Feature", "properties": { "OBJECTID": 3651, "CE": "", "CT": "Sector", "ESTAMPA_CC": "2026-05-25 14:18:43" }, "geometry": { "type": "Point", "coordinates": [ 1060499.068750981241465, 871500.2487 ] } },
{ "type": "Feature", "properties": { "OBJECTID": 3663, "CE": "Traslape propio", "CT": "", "ESTAMPA_CC": "2026-05-25 14:18:43" }, "geometry": { "type": "Point", "coordinates": [ 1060655.782978940755129, 866655.061699999962002 ] } },
{ "type": "Feature", "properties": { "OBJECTID": 3665, "CE": "Traslape propio", "CT": "", "ESTAMPA_CC": "2026-05-25 14:18:43" }, "geometry": { "type": "Point", "coordinates": [ 1058279.746906413231045, 870891.385400000028312 ] } },
{ "type": "Feature", "properties": { "OBJECTID": 3670, "CE": "", "CT": "Zona; Sector", "ESTAMPA_CC": "2026-05-25 14:18:43" }, "geometry": { "type": "Point", "coordinates": [ 1065603.5016636881046, 871901.44545 ] } },
{ "type": "Feature", "properties": { "OBJECTID": 3675, "CE": "Traslape propio", "CT": "", "ESTAMPA_CC": "2026-05-25 14:18:43" }, "geometry": { "type": "Point", "coordinates": [ 1061184.418073858367279, 867168.06435 ] } },
{ "type": "Feature", "properties": { "OBJECTID": 3680, "CE": "", "CT": "Zona", "ESTAMPA_CC": "2026-05-25 14:18:43" }, "geometry": { "type": "Point", "coordinates": [ 1062062.393224782776088, 866861.553550000069663 ] } },
{ "type": "Feature", "properties": { "OBJECTID": 3681, "CE": "", "CT": "Zona", "ESTAMPA_CC": "2026-05-25 14:18:43" }, "geometry": { "type": "Point", "coordinates": [ 1063412.174590755719692, 870373.037299999967217 ] } },
{ "type": "Feature", "properties": { "OBJECTID": 3683, "CE": "", "CT": "Zona", "ESTAMPA_CC": "2026-05-25 14:18:43" }, "geometry": { "type": "Point", "coordinates": [ 1058327.139720111852512, 870758.485450000036508 ] } },
{ "type": "Feature", "properties": { "OBJECTID": 3685, "CE": "", "CT": "Zona", "ESTAMPA_CC": "2026-05-25 14:18:43" }, "geometry": { "type": "Point", "coordinates": [ 1059560.417599536012858, 863660.147250000038184 ] } },
{ "type": "Feature", "properties": { "OBJECTID": 3688, "CE": "", "CT": "Sector", "ESTAMPA_CC": "2026-05-25 14:18:43" }, "geometry": { "type": "Point", "coordinates": [ 1058384.512993289157748, 870156.326499999966472 ] } },
{ "type": "Feature", "properties": { "OBJECTID": 3690, "CE": "", "CT": "Sector", "ESTAMPA_CC": "2026-05-25 14:18:43" }, "geometry": { "type": "Point", "coordinates": [ 1060699.961839251685888, 871111.6115 ] } },
{ "type": "Feature", "properties": { "OBJECTID": 3691, "CE": "", "CT": "Zona; Sector", "ESTAMPA_CC": "2026-05-25 14:18:43" }, "geometry": { "type": "Point", "coordinates": [ 1065955.181907915510237, 877308.43155000009574 ] } },
{ "type": "Feature", "properties": { "OBJECTID": 3692, "CE": "", "CT": "Zona; Sector", "ESTAMPA_CC": "2026-05-25 14:18:43" }, "geometry": { "type": "Point", "coordinates": [ 1065986.377066154498607, 877197.893750000046566 ] } },
{ "type": "Feature", "properties": { "OBJECTID": 3696, "CE": "", "CT": "Zona; Sector", "ESTAMPA_CC": "2026-05-25 14:18:43" }, "geometry": { "type": "Point", "coordinates": [ 1065499.05736261093989, 877314.453599999891594 ] } },
{ "type": "Feature", "properties": { "OBJECTID": 3731, "CE": "Traslape propio", "CT": "", "ESTAMPA_CC": "2026-05-25 14:18:43" }, "geometry": { "type": "Point", "coordinates": [ 1060504.823691472876817, 877313.31935 ] } },
{ "type": "Feature", "properties": { "OBJECTID": 3740, "CE": "", "CT": "Zona; Sector", "ESTAMPA_CC": "2026-05-25 14:18:43" }, "geometry": { "type": "Point", "coordinates": [ 1060865.41947055933997, 869415.2894 ] } },
{ "type": "Feature", "properties": { "OBJECTID": 3744, "CE": "Traslape propio", "CT": "", "ESTAMPA_CC": "2026-05-25 14:18:43" }, "geometry": { "type": "Point", "coordinates": [ 1062944.960801696404815, 867456.907 ] } },
{ "type": "Feature", "properties": { "OBJECTID": 3746, "CE": "", "CT": "Zona; Sector", "ESTAMPA_CC": "2026-05-25 14:18:43" }, "geometry": { "type": "Point", "coordinates": [ 1065653.454193397425115, 874200.671550000086427 ] } },
{ "type": "Feature", "properties": { "OBJECTID": 3750, "CE": "", "CT": "Zona; Sector", "ESTAMPA_CC": "2026-05-25 14:18:43" }, "geometry": { "type": "Point", "coordinates": [ 1065560.696229023393244, 873612.123600000049919 ] } },
{ "type": "Feature", "properties": { "OBJECTID": 3751, "CE": "", "CT": "Zona; Sector", "ESTAMPA_CC": "2026-05-25 14:18:43" }, "geometry": { "type": "Point", "coordinates": [ 1065514.255368565674871, 870734.687949999934062 ] } },
{ "type": "Feature", "properties": { "OBJECTID": 3757, "CE": "Traslape propio", "CT": "", "ESTAMPA_CC": "2026-05-25 14:18:43" }, "geometry": { "type": "Point", "coordinates": [ 1065360.547310238005593, 874102.3025 ] } },
{ "type": "Feature", "properties": { "OBJECTID": 3759, "CE": "Traslape propio", "CT": "", "ESTAMPA_CC": "2026-05-25 14:18:43" }, "geometry": { "type": "Point", "coordinates": [ 1059291.472164276754484, 867356.921799999894574 ] } },
{ "type": "Feature", "properties": { "OBJECTID": 3781, "CE": "", "CT": "Zona; Sector", "ESTAMPA_CC": "2026-05-25 14:18:43" }, "geometry": { "type": "Point", "coordinates": [ 1064805.700757179874927, 878832.195100000011735 ] } },
{ "type": "Feature", "properties": { "OBJECTID": 3792, "CE": "", "CT": "Sector", "ESTAMPA_CC": "2026-05-25 14:18:43" }, "geometry": { "type": "Point", "coordinates": [ 1062216.12327817035839, 870689.144850000040606 ] } },
{ "type": "Feature", "properties": { "OBJECTID": 3798, "CE": "", "CT": "Zona", "ESTAMPA_CC": "2026-05-25 14:18:43" }, "geometry": { "type": "Point", "coordinates": [ 1061447.312690051039681, 863602.8763 ] } },
{ "type": "Feature", "properties": { "OBJECTID": 3801, "CE": "", "CT": "Zona", "ESTAMPA_CC": "2026-05-25 14:18:43" }, "geometry": { "type": "Point", "coordinates": [ 1062806.957002632319927, 876101.166399999987334 ] } },
{ "type": "Feature", "properties": { "OBJECTID": 3812, "CE": "", "CT": "Zona", "ESTAMPA_CC": "2026-05-25 14:18:43" }, "geometry": { "type": "Point", "coordinates": [ 1062214.256829293444753, 871580.28235 ] } },
{ "type": "Feature", "properties": { "OBJECTID": 3818, "CE": "", "CT": "Zona", "ESTAMPA_CC": "2026-05-25 14:18:43" }, "geometry": { "type": "Point", "coordinates": [ 1065140.314980289898813, 869513.750100000062957 ] } },
{ "type": "Feature", "properties": { "OBJECTID": 3819, "CE": "Traslape propio", "CT": "", "ESTAMPA_CC": "2026-05-25 14:18:43" }, "geometry": { "type": "Point", "coordinates": [ 1062556.245257577393204, 866506.333899999968708 ] } },
{ "type": "Feature", "properties": { "OBJECTID": 3830, "CE": "", "CT": "Zona; Sector", "ESTAMPA_CC": "2026-05-25 14:18:43" }, "geometry": { "type": "Point", "coordinates": [ 1064702.531079981476068, 878424.969199999934062 ] } },
{ "type": "Feature", "properties": { "OBJECTID": 3831, "CE": "", "CT": "Zona; Sector", "ESTAMPA_CC": "2026-05-25 14:18:43" }, "geometry": { "type": "Point", "coordinates": [ 1064628.092919739196077, 877502.972000000067055 ] } },
{ "type": "Feature", "properties": { "OBJECTID": 3836, "CE": "", "CT": "Zona; Sector", "ESTAMPA_CC": "2026-05-25 14:18:43" }, "geometry": { "type": "Point", "coordinates": [ 1064877.733542548958212, 875779.990149999968708 ] } },
{ "type": "Feature", "properties": { "OBJECTID": 3837, "CE": "", "CT": "Sector", "ESTAMPA_CC": "2026-05-25 14:18:43" }, "geometry": { "type": "Point", "coordinates": [ 1060816.02383108669892, 872593.155599999940023 ] } },
{ "type": "Feature", "properties": { "OBJECTID": 3840, "CE": "", "CT": "Zona; Sector", "ESTAMPA_CC": "2026-05-25 14:18:43" }, "geometry": { "type": "Point", "coordinates": [ 1064738.128, 870717.72225 ] } },
{ "type": "Feature", "properties": { "OBJECTID": 3841, "CE": "", "CT": "Zona; Sector", "ESTAMPA_CC": "2026-05-25 14:18:43" }, "geometry": { "type": "Point", "coordinates": [ 1064713.878181657288224, 870690.705599999986589 ] } },
{ "type": "Feature", "properties": { "OBJECTID": 3856, "CE": "Traslape propio", "CT": "", "ESTAMPA_CC": "2026-05-25 14:18:43" }, "geometry": { "type": "Point", "coordinates": [ 1067655.603501115459949, 872132.825100000016391 ] } },
{ "type": "Feature", "properties": { "OBJECTID": 3861, "CE": "Traslape propio", "CT": "", "ESTAMPA_CC": "2026-05-25 14:18:43" }, "geometry": { "type": "Point", "coordinates": [ 1059289.208509802352637, 866151.54066628171131 ] } },
{ "type": "Feature", "properties": { "OBJECTID": 3864, "CE": "", "CT": "Zona; Sector", "ESTAMPA_CC": "2026-05-25 14:18:43" }, "geometry": { "type": "Point", "coordinates": [ 1064815.803550568874925, 875739.140849999967031 ] } },
{ "type": "Feature", "properties": { "OBJECTID": 3874, "CE": "", "CT": "Zona", "ESTAMPA_CC": "2026-05-25 14:18:43" }, "geometry": { "type": "Point", "coordinates": [ 1059092.337494876468554, 866571.51245000003837 ] } },
{ "type": "Feature", "properties": { "OBJECTID": 3906, "CE": "", "CT": "Zona", "ESTAMPA_CC": "2026-05-25 14:18:43" }, "geometry": { "type": "Point", "coordinates": [ 1063532.161290992284194, 867162.579750000033528 ] } },
{ "type": "Feature", "properties": { "OBJECTID": 3943, "CE": "Traslape propio", "CT": "", "ESTAMPA_CC": "2026-05-25 14:18:43" }, "geometry": { "type": "Point", "coordinates": [ 1060650.124254228780046, 867049.1579 ] } },
{ "type": "Feature", "properties": { "OBJECTID": 3952, "CE": "Traslape propio", "CT": "", "ESTAMPA_CC": "2026-05-25 14:18:43" }, "geometry": { "type": "Point", "coordinates": [ 1058082.604073353111744, 864398.10595 ] } },
{ "type": "Feature", "properties": { "OBJECTID": 3956, "CE": "Traslape propio", "CT": "", "ESTAMPA_CC": "2026-05-25 14:18:43" }, "geometry": { "type": "Point", "coordinates": [ 1058000.822701438562945, 867258.732949999975972 ] } },
{ "type": "Feature", "properties": { "OBJECTID": 3960, "CE": "Traslape propio", "CT": "", "ESTAMPA_CC": "2026-05-25 14:18:43" }, "geometry": { "type": "Point", "coordinates": [ 1065908.984368511242792, 875319.59635 ] } },
{ "type": "Feature", "properties": { "OBJECTID": 3971, "CE": "", "CT": "Zona; Sector", "ESTAMPA_CC": "2026-05-25 14:18:43" }, "geometry": { "type": "Point", "coordinates": [ 1062324.919929371681064, 872167.3053 ] } },
{ "type": "Feature", "properties": { "OBJECTID": 3995, "CE": "Traslape propio", "CT": "", "ESTAMPA_CC": "2026-05-25 14:18:43" }, "geometry": { "type": "Point", "coordinates": [ 1067686.042448424501345, 871988.597150000045076 ] } },
{ "type": "Feature", "properties": { "OBJECTID": 4000, "CE": "", "CT": "Zona", "ESTAMPA_CC": "2026-05-25 14:18:43" }, "geometry": { "type": "Point", "coordinates": [ 1063563.059650452341884, 867346.418499999912456 ] } },
{ "type": "Feature", "properties": { "OBJECTID": 4008, "CE": "", "CT": "Zona", "ESTAMPA_CC": "2026-05-25 14:18:43" }, "geometry": { "type": "Point", "coordinates": [ 1065342.503161262255162, 869766.110700000077486 ] } },
{ "type": "Feature", "properties": { "OBJECTID": 4011, "CE": "", "CT": "Zona; Sector", "ESTAMPA_CC": "2026-05-25 14:18:43" }, "geometry": { "type": "Point", "coordinates": [ 1065163.500171717023477, 870200.741450000088662 ] } },
{ "type": "Feature", "properties": { "OBJECTID": 4020, "CE": "", "CT": "Zona", "ESTAMPA_CC": "2026-05-25 14:18:43" }, "geometry": { "type": "Point", "coordinates": [ 1063350.37038724985905, 867001.421349999960512 ] } },
{ "type": "Feature", "properties": { "OBJECTID": 4025, "CE": "", "CT": "Zona", "ESTAMPA_CC": "2026-05-25 14:18:43" }, "geometry": { "type": "Point", "coordinates": [ 1063517.203216777183115, 866972.668950000079349 ] } },
{ "type": "Feature", "properties": { "OBJECTID": 4030, "CE": "", "CT": "Zona", "ESTAMPA_CC": "2026-05-25 14:18:43" }, "geometry": { "type": "Point", "coordinates": [ 1062341.841273256810382, 869986.715099999913946 ] } },
{ "type": "Feature", "properties": { "OBJECTID": 4031, "CE": "", "CT": "Zona", "ESTAMPA_CC": "2026-05-25 14:18:43" }, "geometry": { "type": "Point", "coordinates": [ 1067073.505103370640427, 871139.769249999895692 ] } },
{ "type": "Feature", "properties": { "OBJECTID": 4033, "CE": "", "CT": "Zona", "ESTAMPA_CC": "2026-05-25 14:18:43" }, "geometry": { "type": "Point", "coordinates": [ 1066895.93480908498168, 870933.931050000013784 ] } },
{ "type": "Feature", "properties": { "OBJECTID": 4040, "CE": "Traslape propio", "CT": "", "ESTAMPA_CC": "2026-05-25 14:18:43" }, "geometry": { "type": "Point", "coordinates": [ 1057887.246643863152713, 871485.6239 ] } },
{ "type": "Feature", "properties": { "OBJECTID": 4042, "CE": "", "CT": "Zona", "ESTAMPA_CC": "2026-05-25 14:18:43" }, "geometry": { "type": "Point", "coordinates": [ 1058825.755372854880989, 867122.441300000064075 ] } },
{ "type": "Feature", "properties": { "OBJECTID": 4043, "CE": "Traslape propio", "CT": "Zona", "ESTAMPA_CC": "2026-05-25 14:18:43" }, "geometry": { "type": "Point", "coordinates": [ 1057496.397802437189966, 869428.788549999939278 ] } },
{ "type": "Feature", "properties": { "OBJECTID": 4061, "CE": "", "CT": "Sector", "ESTAMPA_CC": "2026-05-25 14:18:43" }, "geometry": { "type": "Point", "coordinates": [ 1058626.074700824217871, 866441.136500000022352 ] } },
{ "type": "Feature", "properties": { "OBJECTID": 4063, "CE": "", "CT": "Zona; Sector", "ESTAMPA_CC": "2026-05-25 14:18:43" }, "geometry": { "type": "Point", "coordinates": [ 1067100.25814337329939, 869519.413600000087172 ] } },
{ "type": "Feature", "properties": { "OBJECTID": 4067, "CE": "", "CT": "Zona", "ESTAMPA_CC": "2026-05-25 14:18:43" }, "geometry": { "type": "Point", "coordinates": [ 1063773.432716765441, 867923.07285 ] } },
{ "type": "Feature", "properties": { "OBJECTID": 4069, "CE": "", "CT": "Zona", "ESTAMPA_CC": "2026-05-25 14:18:43" }, "geometry": { "type": "Point", "coordinates": [ 1063170.188487772829831, 867208.745899999979883 ] } },
{ "type": "Feature", "properties": { "OBJECTID": 4074, "CE": "", "CT": "Zona", "ESTAMPA_CC": "2026-05-25 14:18:43" }, "geometry": { "type": "Point", "coordinates": [ 1063529.837330372072756, 867000.881199999945238 ] } },
{ "type": "Feature", "properties": { "OBJECTID": 4079, "CE": "", "CT": "Zona", "ESTAMPA_CC": "2026-05-25 14:18:43" }, "geometry": { "type": "Point", "coordinates": [ 1063413.162727011367679, 875650.209999999962747 ] } },
{ "type": "Feature", "properties": { "OBJECTID": 4087, "CE": "", "CT": "Zona", "ESTAMPA_CC": "2026-05-25 14:18:43" }, "geometry": { "type": "Point", "coordinates": [ 1063724.146463424433023, 871097.585149999940768 ] } },
{ "type": "Feature", "properties": { "OBJECTID": 4092, "CE": "", "CT": "Zona; Sector", "ESTAMPA_CC": "2026-05-25 14:18:43" }, "geometry": { "type": "Point", "coordinates": [ 1065707.595957788638771, 878278.302400000044145 ] } },
{ "type": "Feature", "properties": { "OBJECTID": 4095, "CE": "", "CT": "Zona", "ESTAMPA_CC": "2026-05-25 14:18:43" }, "geometry": { "type": "Point", "coordinates": [ 1062657.189549818169326, 867442.7879 ] } },
{ "type": "Feature", "properties": { "OBJECTID": 4098, "CE": "Traslape propio", "CT": "", "ESTAMPA_CC": "2026-05-25 14:18:43" }, "geometry": { "type": "Point", "coordinates": [ 1067711.413399925921112, 868376.449499999987893 ] } },
{ "type": "Feature", "properties": { "OBJECTID": 4102, "CE": "Traslape propio", "CT": "", "ESTAMPA_CC": "2026-05-25 14:18:43" }, "geometry": { "type": "Point", "coordinates": [ 1057634.858004867332056, 873516.660950000048615 ] } },
{ "type": "Feature", "properties": { "OBJECTID": 4136, "CE": "", "CT": "Zona", "ESTAMPA_CC": "2026-05-25 14:18:43" }, "geometry": { "type": "Point", "coordinates": [ 1065028.156552852829918, 868899.960100000025705 ] } },
{ "type": "Feature", "properties": { "OBJECTID": 4173, "CE": "", "CT": "Zona", "ESTAMPA_CC": "2026-05-25 14:18:43" }, "geometry": { "type": "Point", "coordinates": [ 1058883.713136238278821, 864826.593850000062957 ] } },
{ "type": "Feature", "properties": { "OBJECTID": 4192, "CE": "Traslape propio", "CT": "", "ESTAMPA_CC": "2026-05-25 14:18:43" }, "geometry": { "type": "Point", "coordinates": [ 1066944.501354418229312, 870890.384749999968335 ] } },
{ "type": "Feature", "properties": { "OBJECTID": 4198, "CE": "Traslape propio", "CT": "", "ESTAMPA_CC": "2026-05-25 14:18:43" }, "geometry": { "type": "Point", "coordinates": [ 1067887.779088103212416, 871875.543850000016391 ] } },
{ "type": "Feature", "properties": { "OBJECTID": 4199, "CE": "", "CT": "Zona", "ESTAMPA_CC": "2026-05-25 14:18:43" }, "geometry": { "type": "Point", "coordinates": [ 1063550.553328096168116, 867141.152149999979883 ] } },
{ "type": "Feature", "properties": { "OBJECTID": 4201, "CE": "", "CT": "Zona", "ESTAMPA_CC": "2026-05-25 14:18:43" }, "geometry": { "type": "Point", "coordinates": [ 1063549.129066447494552, 867016.29190000006929 ] } },
{ "type": "Feature", "properties": { "OBJECTID": 4205, "CE": "Traslape propio", "CT": "", "ESTAMPA_CC": "2026-05-25 14:18:43" }, "geometry": { "type": "Point", "coordinates": [ 1067216.099135450087488, 871711.212049999972805 ] } },
{ "type": "Feature", "properties": { "OBJECTID": 4222, "CE": "Traslape propio", "CT": "", "ESTAMPA_CC": "2026-05-25 14:18:43" }, "geometry": { "type": "Point", "coordinates": [ 1060568.72330324864015, 874954.080700000049546 ] } },
{ "type": "Feature", "properties": { "OBJECTID": 4228, "CE": "", "CT": "Sector", "ESTAMPA_CC": "2026-05-25 14:18:43" }, "geometry": { "type": "Point", "coordinates": [ 1063255.536947760730982, 870053.861250000074506 ] } },
{ "type": "Feature", "properties": { "OBJECTID": 4233, "CE": "Traslape propio", "CT": "", "ESTAMPA_CC": "2026-05-25 14:18:43" }, "geometry": { "type": "Point", "coordinates": [ 1067551.873238190310076, 867992.535449999966659 ] } },
{ "type": "Feature", "properties": { "OBJECTID": 4245, "CE": "Duplicado", "CT": "", "ESTAMPA_CC": "2026-05-25 14:18:43" }, "geometry": { "type": "Point", "coordinates": [ 1066597.538690879475325, 874948.460549999959767 ] } },
{ "type": "Feature", "properties": { "OBJECTID": 4252, "CE": "Traslape propio", "CT": "", "ESTAMPA_CC": "2026-05-25 14:18:43" }, "geometry": { "type": "Point", "coordinates": [ 1062216.059966670814902, 864582.728400000021793 ] } },
{ "type": "Feature", "properties": { "OBJECTID": 4255, "CE": "", "CT": "Zona", "ESTAMPA_CC": "2026-05-25 14:18:43" }, "geometry": { "type": "Point", "coordinates": [ 1063743.058737254701555, 867896.7744 ] } },
{ "type": "Feature", "properties": { "OBJECTID": 4260, "CE": "", "CT": "Zona; Sector", "ESTAMPA_CC": "2026-05-25 14:18:43" }, "geometry": { "type": "Point", "coordinates": [ 1064582.191693009342998, 876047.9009 ] } },
{ "type": "Feature", "properties": { "OBJECTID": 4273, "CE": "", "CT": "Zona; Sector", "ESTAMPA_CC": "2026-05-25 14:18:43" }, "geometry": { "type": "Point", "coordinates": [ 1065746.317688699811697, 878106.17605 ] } },
{ "type": "Feature", "properties": { "OBJECTID": 4274, "CE": "", "CT": "Sector", "ESTAMPA_CC": "2026-05-25 14:18:43" }, "geometry": { "type": "Point", "coordinates": [ 1061608.514709616079926, 873969.646700000041164 ] } },
{ "type": "Feature", "properties": { "OBJECTID": 4276, "CE": "", "CT": "Zona; Sector", "ESTAMPA_CC": "2026-05-25 14:18:43" }, "geometry": { "type": "Point", "coordinates": [ 1065451.363223274704069, 878155.743750000023283 ] } },
{ "type": "Feature", "properties": { "OBJECTID": 4281, "CE": "Traslape propio", "CT": "", "ESTAMPA_CC": "2026-05-25 14:18:43" }, "geometry": { "type": "Point", "coordinates": [ 1064764.456929662264884, 874999.33254999993369 ] } },
{ "type": "Feature", "properties": { "OBJECTID": 4282, "CE": "", "CT": "Zona; Sector", "ESTAMPA_CC": "2026-05-25 14:18:43" }, "geometry": { "type": "Point", "coordinates": [ 1066876.660837709205225, 869953.147499999962747 ] } },
{ "type": "Feature", "properties": { "OBJECTID": 4284, "CE": "", "CT": "Zona; Sector", "ESTAMPA_CC": "2026-05-25 14:18:43" }, "geometry": { "type": "Point", "coordinates": [ 1065532.023374280193821, 878223.183450000011362 ] } },
{ "type": "Feature", "properties": { "OBJECTID": 4285, "CE": "", "CT": "Zona; Sector", "ESTAMPA_CC": "2026-05-25 14:18:43" }, "geometry": { "type": "Point", "coordinates": [ 1062848.573662581620738, 871952.269850000040606 ] } },
{ "type": "Feature", "properties": { "OBJECTID": 4316, "CE": "", "CT": "Zona", "ESTAMPA_CC": "2026-05-25 14:18:43" }, "geometry": { "type": "Point", "coordinates": [ 1063980.480408824980259, 868106.01894999993965 ] } },
{ "type": "Feature", "properties": { "OBJECTID": 4321, "CE": "", "CT": "Zona", "ESTAMPA_CC": "2026-05-25 14:18:43" }, "geometry": { "type": "Point", "coordinates": [ 1064305.644619016908109, 868252.879100000020117 ] } },
{ "type": "Feature", "properties": { "OBJECTID": 4322, "CE": "", "CT": "Zona", "ESTAMPA_CC": "2026-05-25 14:18:43" }, "geometry": { "type": "Point", "coordinates": [ 1062894.983307496644557, 867783.018350000027567 ] } },
{ "type": "Feature", "properties": { "OBJECTID": 4325, "CE": "", "CT": "Zona", "ESTAMPA_CC": "2026-05-25 14:18:43" }, "geometry": { "type": "Point", "coordinates": [ 1064215.521230475045741, 876224.279649999924004 ] } },
{ "type": "Feature", "properties": { "OBJECTID": 4350, "CE": "Traslape propio", "CT": "", "ESTAMPA_CC": "2026-05-25 14:18:43" }, "geometry": { "type": "Point", "coordinates": [ 1057985.881654079305008, 868149.100000000093132 ] } },
{ "type": "Feature", "properties": { "OBJECTID": 4366, "CE": "", "CT": "Zona", "ESTAMPA_CC": "2026-05-25 14:18:43" }, "geometry": { "type": "Point", "coordinates": [ 1058771.213120333850384, 864530.325549999950454 ] } },
{ "type": "Feature", "properties": { "OBJECTID": 4378, "CE": "", "CT": "Zona", "ESTAMPA_CC": "2026-05-25 14:18:43" }, "geometry": { "type": "Point", "coordinates": [ 1063271.697906803805381, 867982.56085 ] } },
{ "type": "Feature", "properties": { "OBJECTID": 4379, "CE": "", "CT": "Zona; Sector", "ESTAMPA_CC": "2026-05-25 14:18:43" }, "geometry": { "type": "Point", "coordinates": [ 1066196.96674932166934, 870217.491200000047684 ] } },
{ "type": "Feature", "properties": { "OBJECTID": 4386, "CE": "", "CT": "Zona; Sector", "ESTAMPA_CC": "2026-05-25 14:18:43" }, "geometry": { "type": "Point", "coordinates": [ 1067394.571171693038195, 870111.327400000067428 ] } },
{ "type": "Feature", "properties": { "OBJECTID": 4388, "CE": "", "CT": "Zona; Sector", "ESTAMPA_CC": "2026-05-25 14:18:43" }, "geometry": { "type": "Point", "coordinates": [ 1065031.838563055265695, 872648.45374999998603 ] } },
{ "type": "Feature", "properties": { "OBJECTID": 4395, "CE": "", "CT": "Zona", "ESTAMPA_CC": "2026-05-25 14:18:43" }, "geometry": { "type": "Point", "coordinates": [ 1057642.430566718336195, 865990.069550000014715 ] } },
{ "type": "Feature", "properties": { "OBJECTID": 4400, "CE": "", "CT": "Sector", "ESTAMPA_CC": "2026-05-25 14:18:43" }, "geometry": { "type": "Point", "coordinates": [ 1058607.625284494366497, 869887.80325 ] } },
{ "type": "Feature", "properties": { "OBJECTID": 4405, "CE": "", "CT": "Zona; Sector", "ESTAMPA_CC": "2026-05-25 14:18:43" }, "geometry": { "type": "Point", "coordinates": [ 1065904.136710525490344, 877484.8724 ] } },
{ "type": "Feature", "properties": { "OBJECTID": 4430, "CE": "", "CT": "Zona; Sector", "ESTAMPA_CC": "2026-05-25 14:18:43" }, "geometry": { "type": "Point", "coordinates": [ 1065464.746031029615551, 878031.51714999997057 ] } },
{ "type": "Feature", "properties": { "OBJECTID": 4431, "CE": "", "CT": "Zona; Sector", "ESTAMPA_CC": "2026-05-25 14:18:43" }, "geometry": { "type": "Point", "coordinates": [ 1064363.757299068383873, 878089.17000000004191 ] } },
{ "type": "Feature", "properties": { "OBJECTID": 4432, "CE": "", "CT": "Zona; Sector", "ESTAMPA_CC": "2026-05-25 14:18:43" }, "geometry": { "type": "Point", "coordinates": [ 1064387.012572328094393, 878123.220299999928102 ] } },
{ "type": "Feature", "properties": { "OBJECTID": 4441, "CE": "Traslape propio", "CT": "Zona", "ESTAMPA_CC": "2026-05-25 14:18:43" }, "geometry": { "type": "Point", "coordinates": [ 1065156.05493447650224, 877867.362600000109524 ] } },
{ "type": "Feature", "properties": { "OBJECTID": 4446, "CE": "Traslape propio", "CT": "", "ESTAMPA_CC": "2026-05-25 14:18:43" }, "geometry": { "type": "Point", "coordinates": [ 1067773.254644479136914, 871935.845450000022538 ] } },
{ "type": "Feature", "properties": { "OBJECTID": 4450, "CE": "", "CT": "Zona; Sector", "ESTAMPA_CC": "2026-05-25 14:18:43" }, "geometry": { "type": "Point", "coordinates": [ 1065494.17984846001491, 877529.326 ] } },
{ "type": "Feature", "properties": { "OBJECTID": 4456, "CE": "", "CT": "Zona", "ESTAMPA_CC": "2026-05-25 14:18:43" }, "geometry": { "type": "Point", "coordinates": [ 1062905.648786259815097, 867660.70105000003241 ] } },
{ "type": "Feature", "properties": { "OBJECTID": 4458, "CE": "", "CT": "Zona", "ESTAMPA_CC": "2026-05-25 14:18:43" }, "geometry": { "type": "Point", "coordinates": [ 1063507.294366519898176, 866962.560599999967963 ] } },
{ "type": "Feature", "properties": { "OBJECTID": 4459, "CE": "", "CT": "Zona", "ESTAMPA_CC": "2026-05-25 14:18:43" }, "geometry": { "type": "Point", "coordinates": [ 1063962.566298823338002, 868626.972150000045076 ] } },
{ "type": "Feature", "properties": { "OBJECTID": 4468, "CE": "", "CT": "Zona; Sector", "ESTAMPA_CC": "2026-05-25 14:18:43" }, "geometry": { "type": "Point", "coordinates": [ 1065002.466133804060519, 878434.452749999938533 ] } },
{ "type": "Feature", "properties": { "OBJECTID": 4470, "CE": "", "CT": "Zona; Sector", "ESTAMPA_CC": "2026-05-25 14:18:43" }, "geometry": { "type": "Point", "coordinates": [ 1065104.662205202737823, 878130.893399999942631 ] } },
{ "type": "Feature", "properties": { "OBJECTID": 4471, "CE": "", "CT": "Zona; Sector", "ESTAMPA_CC": "2026-05-25 14:18:43" }, "geometry": { "type": "Point", "coordinates": [ 1065088.182770075509325, 878104.8345 ] } },
{ "type": "Feature", "properties": { "OBJECTID": 4473, "CE": "", "CT": "Sector", "ESTAMPA_CC": "2026-05-25 14:18:43" }, "geometry": { "type": "Point", "coordinates": [ 1059488.353436129167676, 867900.468499999959022 ] } },
{ "type": "Feature", "properties": { "OBJECTID": 4475, "CE": "", "CT": "Zona", "ESTAMPA_CC": "2026-05-25 14:18:43" }, "geometry": { "type": "Point", "coordinates": [ 1057821.582288761623204, 865233.804950000019744 ] } },
{ "type": "Feature", "properties": { "OBJECTID": 4483, "CE": "", "CT": "Zona; Sector", "ESTAMPA_CC": "2026-05-25 14:18:43" }, "geometry": { "type": "Point", "coordinates": [ 1063563.91571204806678, 872605.903449999983422 ] } },
{ "type": "Feature", "properties": { "OBJECTID": 4490, "CE": "Traslape propio", "CT": "", "ESTAMPA_CC": "2026-05-25 14:18:43" }, "geometry": { "type": "Point", "coordinates": [ 1063037.134959695395082, 867411.677000000025146 ] } },
{ "type": "Feature", "properties": { "OBJECTID": 4492, "CE": "", "CT": "Zona", "ESTAMPA_CC": "2026-05-25 14:18:43" }, "geometry": { "type": "Point", "coordinates": [ 1065221.156476712785661, 869385.97054999996908 ] } },
{ "type": "Feature", "properties": { "OBJECTID": 4500, "CE": "", "CT": "Zona", "ESTAMPA_CC": "2026-05-25 14:18:43" }, "geometry": { "type": "Point", "coordinates": [ 1062521.969914627727121, 867444.90365 ] } },
{ "type": "Feature", "properties": { "OBJECTID": 4503, "CE": "", "CT": "Departamento; Municipio; Zona; Sector; Comuna; Barrio; Manzana/Vereda", "ESTAMPA_CC": "2026-05-25 14:18:43" }, "geometry": { "type": "Point", "coordinates": [ 1060374.815290528349578, 872074.37375000002794 ] } },
{ "type": "Feature", "properties": { "OBJECTID": 4506, "CE": "Traslape propio", "CT": "Zona", "ESTAMPA_CC": "2026-05-25 14:18:43" }, "geometry": { "type": "Point", "coordinates": [ 1062835.224612350575626, 867359.5492 ] } },
{ "type": "Feature", "properties": { "OBJECTID": 4508, "CE": "", "CT": "Zona", "ESTAMPA_CC": "2026-05-25 14:18:43" }, "geometry": { "type": "Point", "coordinates": [ 1063498.869656465947628, 868355.440799999982119 ] } },
{ "type": "Feature", "properties": { "OBJECTID": 4513, "CE": "", "CT": "Sector", "ESTAMPA_CC": "2026-05-25 14:18:43" }, "geometry": { "type": "Point", "coordinates": [ 1063310.477704766206443, 870156.823250000015832 ] } },
{ "type": "Feature", "properties": { "OBJECTID": 4514, "CE": "", "CT": "Zona", "ESTAMPA_CC": "2026-05-25 14:18:43" }, "geometry": { "type": "Point", "coordinates": [ 1061170.018563113640994, 871900.48609999998007 ] } },
{ "type": "Feature", "properties": { "OBJECTID": 4556, "CE": "", "CT": "Zona; Sector", "ESTAMPA_CC": "2026-05-25 14:18:43" }, "geometry": { "type": "Point", "coordinates": [ 1065417.502151729771867, 872421.898799999966286 ] } },
{ "type": "Feature", "properties": { "OBJECTID": 4564, "CE": "", "CT": "Zona; Sector", "ESTAMPA_CC": "2026-05-25 14:18:43" }, "geometry": { "type": "Point", "coordinates": [ 1064193.827514868229628, 877570.986150000011548 ] } },
{ "type": "Feature", "properties": { "OBJECTID": 4574, "CE": "", "CT": "Zona; Sector", "ESTAMPA_CC": "2026-05-25 14:18:43" }, "geometry": { "type": "Point", "coordinates": [ 1065694.978026473894715, 878305.663200000068173 ] } },
{ "type": "Feature", "properties": { "OBJECTID": 4576, "CE": "", "CT": "Zona", "ESTAMPA_CC": "2026-05-25 14:18:43" }, "geometry": { "type": "Point", "coordinates": [ 1058196.843277992447838, 864876.594400000059977 ] } },
{ "type": "Feature", "properties": { "OBJECTID": 4621, "CE": "Traslape propio", "CT": "", "ESTAMPA_CC": "2026-05-25 14:18:43" }, "geometry": { "type": "Point", "coordinates": [ 1064890.055270541924983, 874963.309499999973923 ] } },
{ "type": "Feature", "properties": { "OBJECTID": 4638, "CE": "Traslape propio", "CT": "", "ESTAMPA_CC": "2026-05-25 14:18:43" }, "geometry": { "type": "Point", "coordinates": [ 1065923.927942655747756, 875266.155849999981001 ] } },
{ "type": "Feature", "properties": { "OBJECTID": 4639, "CE": "", "CT": "Sector", "ESTAMPA_CC": "2026-05-25 14:18:43" }, "geometry": { "type": "Point", "coordinates": [ 1060689.906352292746305, 870758.968700000084937 ] } },
{ "type": "Feature", "properties": { "OBJECTID": 4647, "CE": "", "CT": "Zona; Sector", "ESTAMPA_CC": "2026-05-25 14:18:43" }, "geometry": { "type": "Point", "coordinates": [ 1065960.566842742264271, 877285.361950000049546 ] } },
{ "type": "Feature", "properties": { "OBJECTID": 4656, "CE": "", "CT": "Zona", "ESTAMPA_CC": "2026-05-25 14:18:43" }, "geometry": { "type": "Point", "coordinates": [ 1065478.371147839352489, 869094.32765 ] } },
{ "type": "Feature", "properties": { "OBJECTID": 4658, "CE": "", "CT": "Zona", "ESTAMPA_CC": "2026-05-25 14:18:43" }, "geometry": { "type": "Point", "coordinates": [ 1063512.201314136385918, 866983.599500000011176 ] } },
{ "type": "Feature", "properties": { "OBJECTID": 4672, "CE": "", "CT": "Sector", "ESTAMPA_CC": "2026-05-25 14:18:43" }, "geometry": { "type": "Point", "coordinates": [ 1058631.449311195407063, 866312.299799999920651 ] } },
{ "type": "Feature", "properties": { "OBJECTID": 4678, "CE": "", "CT": "Zona; Sector", "ESTAMPA_CC": "2026-05-25 14:18:43" }, "geometry": { "type": "Point", "coordinates": [ 1064502.302202289458364, 877869.098699999973178 ] } },
{ "type": "Feature", "properties": { "OBJECTID": 4684, "CE": "Traslape propio", "CT": "", "ESTAMPA_CC": "2026-05-25 14:18:43" }, "geometry": { "type": "Point", "coordinates": [ 1057740.792371864197776, 865557.157299999962561 ] } },
{ "type": "Feature", "properties": { "OBJECTID": 4695, "CE": "Traslape propio", "CT": "", "ESTAMPA_CC": "2026-05-25 14:18:43" }, "geometry": { "type": "Point", "coordinates": [ 1067001.887176375370473, 872079.396050000097603 ] } },
{ "type": "Feature", "properties": { "OBJECTID": 4710, "CE": "Traslape propio", "CT": "", "ESTAMPA_CC": "2026-05-25 14:18:43" }, "geometry": { "type": "Point", "coordinates": [ 1059206.341148317791522, 867288.021699999924749 ] } },
{ "type": "Feature", "properties": { "OBJECTID": 4711, "CE": "Traslape propio", "CT": "", "ESTAMPA_CC": "2026-05-25 14:18:43" }, "geometry": { "type": "Point", "coordinates": [ 1058541.312022225931287, 872294.403799999970943 ] } },
{ "type": "Feature", "properties": { "OBJECTID": 4727, "CE": "Traslape propio", "CT": "", "ESTAMPA_CC": "2026-05-25 14:18:43" }, "geometry": { "type": "Point", "coordinates": [ 1067634.87836140114814, 868006.773049999959767 ] } },
{ "type": "Feature", "properties": { "OBJECTID": 4728, "CE": "Traslape propio", "CT": "", "ESTAMPA_CC": "2026-05-25 14:18:43" }, "geometry": { "type": "Point", "coordinates": [ 1067251.786692179273814, 868797.296300000045449 ] } },
{ "type": "Feature", "properties": { "OBJECTID": 4738, "CE": "Traslape propio", "CT": "", "ESTAMPA_CC": "2026-05-25 14:18:43" }, "geometry": { "type": "Point", "coordinates": [ 1064052.927047807257622, 878321.561149999964982 ] } },
{ "type": "Feature", "properties": { "OBJECTID": 4740, "CE": "", "CT": "Sector", "ESTAMPA_CC": "2026-05-25 14:18:43" }, "geometry": { "type": "Point", "coordinates": [ 1063398.11348907626234, 870511.931100000045262 ] } },
{ "type": "Feature", "properties": { "OBJECTID": 4766, "CE": "Traslape propio", "CT": "", "ESTAMPA_CC": "2026-05-25 14:18:43" }, "geometry": { "type": "Point", "coordinates": [ 1058317.620126179885119, 865152.455400000093505 ] } },
{ "type": "Feature", "properties": { "OBJECTID": 4776, "CE": "", "CT": "Sector", "ESTAMPA_CC": "2026-05-25 14:18:43" }, "geometry": { "type": "Point", "coordinates": [ 1059947.58411569125019, 872335.40749999997206 ] } },
{ "type": "Feature", "properties": { "OBJECTID": 4789, "CE": "", "CT": "Zona; Sector", "ESTAMPA_CC": "2026-05-25 14:18:43" }, "geometry": { "type": "Point", "coordinates": [ 1067166.740579273551702, 871159.365449999924749 ] } },
{ "type": "Feature", "properties": { "OBJECTID": 4795, "CE": "", "CT": "Zona; Sector", "ESTAMPA_CC": "2026-05-25 14:18:43" }, "geometry": { "type": "Point", "coordinates": [ 1064916.2358, 875358.054500000085682 ] } },
{ "type": "Feature", "properties": { "OBJECTID": 4796, "CE": "Traslape propio", "CT": "", "ESTAMPA_CC": "2026-05-25 14:18:43" }, "geometry": { "type": "Point", "coordinates": [ 1067597.453336469363421, 871678.282799999928102 ] } },
{ "type": "Feature", "properties": { "OBJECTID": 4798, "CE": "Traslape propio", "CT": "", "ESTAMPA_CC": "2026-05-25 14:18:43" }, "geometry": { "type": "Point", "coordinates": [ 1067286.666671583196148, 871941.821899999980815 ] } },
{ "type": "Feature", "properties": { "OBJECTID": 4806, "CE": "", "CT": "Zona; Sector", "ESTAMPA_CC": "2026-05-25 14:18:43" }, "geometry": { "type": "Point", "coordinates": [ 1066824.892304632114246, 871449.453849999932572 ] } },
{ "type": "Feature", "properties": { "OBJECTID": 4812, "CE": "", "CT": "Zona", "ESTAMPA_CC": "2026-05-25 14:18:43" }, "geometry": { "type": "Point", "coordinates": [ 1067650.985078752972186, 869892.381899999920279 ] } },
{ "type": "Feature", "properties": { "OBJECTID": 4816, "CE": "", "CT": "Zona; Sector", "ESTAMPA_CC": "2026-05-25 14:18:43" }, "geometry": { "type": "Point", "coordinates": [ 1064925.090257512638345, 878581.741550000035204 ] } },
{ "type": "Feature", "properties": { "OBJECTID": 4817, "CE": "", "CT": "Zona; Sector", "ESTAMPA_CC": "2026-05-25 14:18:43" }, "geometry": { "type": "Point", "coordinates": [ 1065200.150046543683857, 877619.007050000014715 ] } },
{ "type": "Feature", "properties": { "OBJECTID": 4820, "CE": "Traslape propio", "CT": "", "ESTAMPA_CC": "2026-05-25 14:18:43" }, "geometry": { "type": "Point", "coordinates": [ 1067409.316160605521873, 868435.133750000037253 ] } },
{ "type": "Feature", "properties": { "OBJECTID": 4831, "CE": "Traslape propio", "CT": "", "ESTAMPA_CC": "2026-05-25 14:18:43" }, "geometry": { "type": "Point", "coordinates": [ 1057966.406524780439213, 870835.745699999970384 ] } },
{ "type": "Feature", "properties": { "OBJECTID": 4836, "CE": "", "CT": "Departamento; Municipio; Zona; Sector; Comuna; Barrio; Manzana/Vereda", "ESTAMPA_CC": "2026-05-25 14:18:43" }, "geometry": { "type": "Point", "coordinates": [ 1058743.679765972308815, 868601.497699999948964 ] } },
{ "type": "Feature", "properties": { "OBJECTID": 4844, "CE": "", "CT": "Zona; Sector", "ESTAMPA_CC": "2026-05-25 14:18:43" }, "geometry": { "type": "Point", "coordinates": [ 1065826.940241338685155, 877487.989799999981187 ] } },
{ "type": "Feature", "properties": { "OBJECTID": 4850, "CE": "", "CT": "Zona; Sector", "ESTAMPA_CC": "2026-05-25 14:18:43" }, "geometry": { "type": "Point", "coordinates": [ 1065727.440771625144407, 872582.77835000003688 ] } },
{ "type": "Feature", "properties": { "OBJECTID": 4854, "CE": "", "CT": "Zona", "ESTAMPA_CC": "2026-05-25 14:18:43" }, "geometry": { "type": "Point", "coordinates": [ 1057794.894496072549373, 865069.8443 ] } },
{ "type": "Feature", "properties": { "OBJECTID": 4870, "CE": "Traslape propio", "CT": "", "ESTAMPA_CC": "2026-05-25 14:18:43" }, "geometry": { "type": "Point", "coordinates": [ 1061392.040837200824171, 866728.309300000080839 ] } },
{ "type": "Feature", "properties": { "OBJECTID": 4876, "CE": "Traslape propio", "CT": "", "ESTAMPA_CC": "2026-05-25 14:18:43" }, "geometry": { "type": "Point", "coordinates": [ 1057808.870810424443334, 865546.798850000021048 ] } },
{ "type": "Feature", "properties": { "OBJECTID": 4880, "CE": "", "CT": "Zona", "ESTAMPA_CC": "2026-05-25 14:18:43" }, "geometry": { "type": "Point", "coordinates": [ 1062621.074727499391884, 867538.95265 ] } },
{ "type": "Feature", "properties": { "OBJECTID": 4882, "CE": "", "CT": "Zona", "ESTAMPA_CC": "2026-05-25 14:18:43" }, "geometry": { "type": "Point", "coordinates": [ 1064041.845484319608659, 867949.827449999982491 ] } },
{ "type": "Feature", "properties": { "OBJECTID": 4889, "CE": "", "CT": "Zona", "ESTAMPA_CC": "2026-05-25 14:18:43" }, "geometry": { "type": "Point", "coordinates": [ 1063623.735083219595253, 868061.009549999958836 ] } },
{ "type": "Feature", "properties": { "OBJECTID": 4891, "CE": "", "CT": "Zona", "ESTAMPA_CC": "2026-05-25 14:18:43" }, "geometry": { "type": "Point", "coordinates": [ 1063408.796080651460215, 866934.85930000001099 ] } },
{ "type": "Feature", "properties": { "OBJECTID": 4905, "CE": "", "CT": "Zona", "ESTAMPA_CC": "2026-05-25 14:18:43" }, "geometry": { "type": "Point", "coordinates": [ 1057539.982708327705041, 869540.258649999974295 ] } },
{ "type": "Feature", "properties": { "OBJECTID": 4912, "CE": "", "CT": "Zona; Sector", "ESTAMPA_CC": "2026-05-25 14:18:43" }, "geometry": { "type": "Point", "coordinates": [ 1066531.223244758788496, 873537.517250000033528 ] } },
{ "type": "Feature", "properties": { "OBJECTID": 4914, "CE": "", "CT": "Zona; Sector", "ESTAMPA_CC": "2026-05-25 14:18:43" }, "geometry": { "type": "Point", "coordinates": [ 1065141.194481475744396, 872721.20875 ] } },
{ "type": "Feature", "properties": { "OBJECTID": 4915, "CE": "", "CT": "Zona; Sector", "ESTAMPA_CC": "2026-05-25 14:18:43" }, "geometry": { "type": "Point", "coordinates": [ 1065722.521821602247655, 873950.993750000023283 ] } },
{ "type": "Feature", "properties": { "OBJECTID": 4921, "CE": "", "CT": "Zona; Sector", "ESTAMPA_CC": "2026-05-25 14:18:43" }, "geometry": { "type": "Point", "coordinates": [ 1065558.286856548860669, 877351.430900000035763 ] } },
{ "type": "Feature", "properties": { "OBJECTID": 4923, "CE": "", "CT": "Zona; Sector", "ESTAMPA_CC": "2026-05-25 14:18:43" }, "geometry": { "type": "Point", "coordinates": [ 1065646.615363811375573, 875222.376500000013039 ] } },
{ "type": "Feature", "properties": { "OBJECTID": 4925, "CE": "", "CT": "Zona; Sector", "ESTAMPA_CC": "2026-05-25 14:18:43" }, "geometry": { "type": "Point", "coordinates": [ 1065565.81770689226687, 875236.7918 ] } },
{ "type": "Feature", "properties": { "OBJECTID": 4927, "CE": "", "CT": "Zona; Sector", "ESTAMPA_CC": "2026-05-25 14:18:43" }, "geometry": { "type": "Point", "coordinates": [ 1066107.310621477197856, 876382.747500000055879 ] } },
{ "type": "Feature", "properties": { "OBJECTID": 4930, "CE": "", "CT": "Zona; Sector", "ESTAMPA_CC": "2026-05-25 14:18:43" }, "geometry": { "type": "Point", "coordinates": [ 1066390.692299142479897, 876128.607150000054389 ] } },
{ "type": "Feature", "properties": { "OBJECTID": 4937, "CE": "", "CT": "Zona; Sector", "ESTAMPA_CC": "2026-05-25 14:18:43" }, "geometry": { "type": "Point", "coordinates": [ 1065340.002787977922708, 878370.517650000052527 ] } },
{ "type": "Feature", "properties": { "OBJECTID": 4938, "CE": "", "CT": "Zona; Sector", "ESTAMPA_CC": "2026-05-25 14:18:43" }, "geometry": { "type": "Point", "coordinates": [ 1064952.184233813080937, 878355.744249999988824 ] } },
{ "type": "Feature", "properties": { "OBJECTID": 4939, "CE": "", "CT": "Zona; Sector", "ESTAMPA_CC": "2026-05-25 14:18:43" }, "geometry": { "type": "Point", "coordinates": [ 1064749.918472218792886, 878756.435800000093877 ] } },
{ "type": "Feature", "properties": { "OBJECTID": 4940, "CE": "Traslape propio", "CT": "", "ESTAMPA_CC": "2026-05-25 14:18:43" }, "geometry": { "type": "Point", "coordinates": [ 1057151.638034301809967, 869221.941150000086054 ] } },
{ "type": "Feature", "properties": { "OBJECTID": 4944, "CE": "Traslape propio", "CT": "", "ESTAMPA_CC": "2026-05-25 14:18:43" }, "geometry": { "type": "Point", "coordinates": [ 1066044.473574374103919, 875235.973500000080094 ] } },
{ "type": "Feature", "properties": { "OBJECTID": 4951, "CE": "", "CT": "Zona", "ESTAMPA_CC": "2026-05-25 14:18:43" }, "geometry": { "type": "Point", "coordinates": [ 1062498.856, 867423.586150000104681 ] } },
{ "type": "Feature", "properties": { "OBJECTID": 4956, "CE": "", "CT": "Sector", "ESTAMPA_CC": "2026-05-25 14:18:43" }, "geometry": { "type": "Point", "coordinates": [ 1060604.651579910423607, 870512.343249999918044 ] } },
{ "type": "Feature", "properties": { "OBJECTID": 4964, "CE": "", "CT": "Zona; Sector", "ESTAMPA_CC": "2026-05-25 14:18:43" }, "geometry": { "type": "Point", "coordinates": [ 1064657.317009206162766, 878335.225649999920279 ] } },
{ "type": "Feature", "properties": { "OBJECTID": 4966, "CE": "", "CT": "Zona; Sector", "ESTAMPA_CC": "2026-05-25 14:18:43" }, "geometry": { "type": "Point", "coordinates": [ 1061938.405644582118839, 872153.888950000051409 ] } },
{ "type": "Feature", "properties": { "OBJECTID": 4967, "CE": "", "CT": "Zona; Sector", "ESTAMPA_CC": "2026-05-25 14:18:43" }, "geometry": { "type": "Point", "coordinates": [ 1064198.584040863439441, 877829.898199999937788 ] } },
{ "type": "Feature", "properties": { "OBJECTID": 4973, "CE": "", "CT": "Zona; Sector", "ESTAMPA_CC": "2026-05-25 14:18:43" }, "geometry": { "type": "Point", "coordinates": [ 1065448.183378079906106, 878182.364949999959208 ] } },
{ "type": "Feature", "properties": { "OBJECTID": 4974, "CE": "", "CT": "Zona; Sector", "ESTAMPA_CC": "2026-05-25 14:18:43" }, "geometry": { "type": "Point", "coordinates": [ 1065620.997590940911323, 878267.200650000013411 ] } },
{ "type": "Feature", "properties": { "OBJECTID": 4978, "CE": "", "CT": "Zona; Sector", "ESTAMPA_CC": "2026-05-25 14:18:43" }, "geometry": { "type": "Point", "coordinates": [ 1065113.712060170480981, 878161.55710000009276 ] } },
{ "type": "Feature", "properties": { "OBJECTID": 4993, "CE": "", "CT": "Zona; Sector", "ESTAMPA_CC": "2026-05-25 14:18:43" }, "geometry": { "type": "Point", "coordinates": [ 1065077.195264029316604, 870382.051250000018626 ] } },
{ "type": "Feature", "properties": { "OBJECTID": 5016, "CE": "", "CT": "Zona; Sector", "ESTAMPA_CC": "2026-05-25 14:18:43" }, "geometry": { "type": "Point", "coordinates": [ 1066486.558300623204559, 869712.63425 ] } },
{ "type": "Feature", "properties": { "OBJECTID": 5024, "CE": "", "CT": "Sector", "ESTAMPA_CC": "2026-05-25 14:18:43" }, "geometry": { "type": "Point", "coordinates": [ 1063819.521749292733148, 870815.412100000074133 ] } },
{ "type": "Feature", "properties": { "OBJECTID": 5028, "CE": "", "CT": "Zona; Sector", "ESTAMPA_CC": "2026-05-25 14:18:43" }, "geometry": { "type": "Point", "coordinates": [ 1064801.402175101451576, 878366.33155 ] } },
{ "type": "Feature", "properties": { "OBJECTID": 5029, "CE": "", "CT": "Zona; Sector", "ESTAMPA_CC": "2026-05-25 14:18:43" }, "geometry": { "type": "Point", "coordinates": [ 1064767.670463541522622, 877731.509550000075251 ] } },
{ "type": "Feature", "properties": { "OBJECTID": 5030, "CE": "", "CT": "Zona; Sector", "ESTAMPA_CC": "2026-05-25 14:18:43" }, "geometry": { "type": "Point", "coordinates": [ 1064554.390027916058898, 878174.404499999945983 ] } },
{ "type": "Feature", "properties": { "OBJECTID": 5031, "CE": "", "CT": "Zona; Sector", "ESTAMPA_CC": "2026-05-25 14:18:43" }, "geometry": { "type": "Point", "coordinates": [ 1064693.803279916290194, 878645.246449999976903 ] } },
{ "type": "Feature", "properties": { "OBJECTID": 5039, "CE": "", "CT": "Zona", "ESTAMPA_CC": "2026-05-25 14:18:43" }, "geometry": { "type": "Point", "coordinates": [ 1068335.106317404191941, 870780.971299999975599 ] } },
{ "type": "Feature", "properties": { "OBJECTID": 5042, "CE": "", "CT": "Zona", "ESTAMPA_CC": "2026-05-25 14:18:43" }, "geometry": { "type": "Point", "coordinates": [ 1058216.304536213865504, 871265.907050000037998 ] } },
{ "type": "Feature", "properties": { "OBJECTID": 5045, "CE": "Traslape propio", "CT": "", "ESTAMPA_CC": "2026-05-25 14:18:43" }, "geometry": { "type": "Point", "coordinates": [ 1064146.751751269213855, 878224.29749999998603 ] } },
{ "type": "Feature", "properties": { "OBJECTID": 5053, "CE": "", "CT": "Zona; Sector", "ESTAMPA_CC": "2026-05-25 14:18:43" }, "geometry": { "type": "Point", "coordinates": [ 1064932.03376560844481, 875824.259399999980815 ] } },
{ "type": "Feature", "properties": { "OBJECTID": 5057, "CE": "", "CT": "Sector", "ESTAMPA_CC": "2026-05-25 14:18:43" }, "geometry": { "type": "Point", "coordinates": [ 1058483.120209048502147, 870252.089399999938905 ] } },
{ "type": "Feature", "properties": { "OBJECTID": 5059, "CE": "Traslape propio", "CT": "", "ESTAMPA_CC": "2026-05-25 14:18:43" }, "geometry": { "type": "Point", "coordinates": [ 1067493.730608080746606, 871701.435300000011921 ] } },
{ "type": "Feature", "properties": { "OBJECTID": 5062, "CE": "", "CT": "Zona", "ESTAMPA_CC": "2026-05-25 14:18:43" }, "geometry": { "type": "Point", "coordinates": [ 1066874.687744330614805, 870973.527899999986403 ] } },
{ "type": "Feature", "properties": { "OBJECTID": 5064, "CE": "", "CT": "Zona; Sector", "ESTAMPA_CC": "2026-05-25 14:18:43" }, "geometry": { "type": "Point", "coordinates": [ 1065924.001993257319555, 869620.257999999914318 ] } },
{ "type": "Feature", "properties": { "OBJECTID": 5065, "CE": "Traslape propio", "CT": "Zona", "ESTAMPA_CC": "2026-05-25 14:18:43" }, "geometry": { "type": "Point", "coordinates": [ 1063089.57345499494113, 867459.542750000022352 ] } },
{ "type": "Feature", "properties": { "OBJECTID": 5072, "CE": "Traslape propio", "CT": "", "ESTAMPA_CC": "2026-05-25 14:18:43" }, "geometry": { "type": "Point", "coordinates": [ 1067313.52889502607286, 868743.28235 ] } },
{ "type": "Feature", "properties": { "OBJECTID": 5093, "CE": "", "CT": "Zona; Sector", "ESTAMPA_CC": "2026-05-25 14:18:43" }, "geometry": { "type": "Point", "coordinates": [ 1064949.183956647757441, 877851.0246 ] } },
{ "type": "Feature", "properties": { "OBJECTID": 5104, "CE": "", "CT": "Sector", "ESTAMPA_CC": "2026-05-25 14:18:43" }, "geometry": { "type": "Point", "coordinates": [ 1058634.753664505667984, 866278.508350000018254 ] } },
{ "type": "Feature", "properties": { "OBJECTID": 5111, "CE": "Traslape propio", "CT": "", "ESTAMPA_CC": "2026-05-25 14:18:43" }, "geometry": { "type": "Point", "coordinates": [ 1058782.947000323329121, 868698.268900000024587 ] } },
{ "type": "Feature", "properties": { "OBJECTID": 5114, "CE": "Traslape propio", "CT": "", "ESTAMPA_CC": "2026-05-25 14:18:43" }, "geometry": { "type": "Point", "coordinates": [ 1064983.661753446795046, 876097.615849999943748 ] } },
{ "type": "Feature", "properties": { "OBJECTID": 5116, "CE": "", "CT": "Zona; Sector", "ESTAMPA_CC": "2026-05-25 14:18:43" }, "geometry": { "type": "Point", "coordinates": [ 1065566.64407539437525, 878017.486599999945611 ] } },
{ "type": "Feature", "properties": { "OBJECTID": 5117, "CE": "", "CT": "Zona; Sector", "ESTAMPA_CC": "2026-05-25 14:18:43" }, "geometry": { "type": "Point", "coordinates": [ 1064914.397773353382945, 875850.45545 ] } },
{ "type": "Feature", "properties": { "OBJECTID": 5119, "CE": "", "CT": "Zona; Sector", "ESTAMPA_CC": "2026-05-25 14:18:43" }, "geometry": { "type": "Point", "coordinates": [ 1065690.836385521339253, 874127.874949999968521 ] } },
{ "type": "Feature", "properties": { "OBJECTID": 5121, "CE": "", "CT": "Zona; Sector", "ESTAMPA_CC": "2026-05-25 14:18:43" }, "geometry": { "type": "Point", "coordinates": [ 1065064.549503660295159, 872774.516950000077486 ] } },
{ "type": "Feature", "properties": { "OBJECTID": 5124, "CE": "", "CT": "Sector", "ESTAMPA_CC": "2026-05-25 14:18:43" }, "geometry": { "type": "Point", "coordinates": [ 1059402.598022491671145, 868127.5921 ] } },
{ "type": "Feature", "properties": { "OBJECTID": 5130, "CE": "Traslape propio", "CT": "", "ESTAMPA_CC": "2026-05-25 14:18:43" }, "geometry": { "type": "Point", "coordinates": [ 1067849.966899864608422, 871986.002649999922141 ] } },
{ "type": "Feature", "properties": { "OBJECTID": 5131, "CE": "Traslape propio", "CT": "", "ESTAMPA_CC": "2026-05-25 14:18:43" }, "geometry": { "type": "Point", "coordinates": [ 1067186.446754507021978, 868706.759850000031292 ] } },
{ "type": "Feature", "properties": { "OBJECTID": 5141, "CE": "", "CT": "Zona", "ESTAMPA_CC": "2026-05-25 14:18:43" }, "geometry": { "type": "Point", "coordinates": [ 1063444.547937601339072, 871022.151400000089779 ] } },
{ "type": "Feature", "properties": { "OBJECTID": 5145, "CE": "Traslape propio", "CT": "", "ESTAMPA_CC": "2026-05-25 14:18:43" }, "geometry": { "type": "Point", "coordinates": [ 1064125.521742023993284, 878251.844550000037998 ] } },
{ "type": "Feature", "properties": { "OBJECTID": 5146, "CE": "Traslape propio", "CT": "", "ESTAMPA_CC": "2026-05-25 14:18:43" }, "geometry": { "type": "Point", "coordinates": [ 1063131.850786245660856, 867628.01569999998901 ] } },
{ "type": "Feature", "properties": { "OBJECTID": 5147, "CE": "Traslape propio", "CT": "", "ESTAMPA_CC": "2026-05-25 14:18:43" }, "geometry": { "type": "Point", "coordinates": [ 1061992.070201781112701, 875534.530649999971502 ] } },
{ "type": "Feature", "properties": { "OBJECTID": 5148, "CE": "Traslape propio", "CT": "", "ESTAMPA_CC": "2026-05-25 14:18:43" }, "geometry": { "type": "Point", "coordinates": [ 1064501.925431328825653, 877683.037750000017695 ] } },
{ "type": "Feature", "properties": { "OBJECTID": 5156, "CE": "Traslape propio", "CT": "", "ESTAMPA_CC": "2026-05-25 14:18:43" }, "geometry": { "type": "Point", "coordinates": [ 1065789.662401797948405, 872798.322900000028312 ] } },
{ "type": "Feature", "properties": { "OBJECTID": 5166, "CE": "", "CT": "Sector", "ESTAMPA_CC": "2026-05-25 14:18:43" }, "geometry": { "type": "Point", "coordinates": [ 1058355.829806527122855, 869999.764899999951012 ] } },
{ "type": "Feature", "properties": { "OBJECTID": 5175, "CE": "Traslape propio", "CT": "", "ESTAMPA_CC": "2026-05-25 14:18:43" }, "geometry": { "type": "Point", "coordinates": [ 1067013.623490744503215, 871997.4865 ] } },
{ "type": "Feature", "properties": { "OBJECTID": 5192, "CE": "", "CT": "Zona; Sector", "ESTAMPA_CC": "2026-05-25 14:18:43" }, "geometry": { "type": "Point", "coordinates": [ 1064901.357904958538711, 878560.6163 ] } },
{ "type": "Feature", "properties": { "OBJECTID": 5195, "CE": "", "CT": "Zona; Sector", "ESTAMPA_CC": "2026-05-25 14:18:43" }, "geometry": { "type": "Point", "coordinates": [ 1060111.414129569195211, 871756.958899999968708 ] } },
{ "type": "Feature", "properties": { "OBJECTID": 5200, "CE": "Traslape propio", "CT": "", "ESTAMPA_CC": "2026-05-25 14:18:43" }, "geometry": { "type": "Point", "coordinates": [ 1063063.664778602775186, 867435.15659999998752 ] } },
{ "type": "Feature", "properties": { "OBJECTID": 5211, "CE": "", "CT": "Zona", "ESTAMPA_CC": "2026-05-25 14:18:43" }, "geometry": { "type": "Point", "coordinates": [ 1063422.344674292951822, 868536.794449999928474 ] } },
{ "type": "Feature", "properties": { "OBJECTID": 5215, "CE": "", "CT": "Zona", "ESTAMPA_CC": "2026-05-25 14:18:43" }, "geometry": { "type": "Point", "coordinates": [ 1063554.794387056492269, 867004.612650000024587 ] } },
{ "type": "Feature", "properties": { "OBJECTID": 5231, "CE": "", "CT": "Zona", "ESTAMPA_CC": "2026-05-25 14:18:43" }, "geometry": { "type": "Point", "coordinates": [ 1058499.880355212604627, 864828.080599999986589 ] } },
{ "type": "Feature", "properties": { "OBJECTID": 5243, "CE": "Traslape propio", "CT": "", "ESTAMPA_CC": "2026-05-25 14:18:43" }, "geometry": { "type": "Point", "coordinates": [ 1057894.178601396270096, 867231.004300000029616 ] } },
{ "type": "Feature", "properties": { "OBJECTID": 5252, "CE": "", "CT": "Departamento; Municipio; Zona; Sector; Comuna; Barrio; Manzana/Vereda", "ESTAMPA_CC": "2026-05-25 14:18:43" }, "geometry": { "type": "Point", "coordinates": [ 1061999.193213913589716, 871794.375900000100955 ] } },
{ "type": "Feature", "properties": { "OBJECTID": 5254, "CE": "", "CT": "Zona", "ESTAMPA_CC": "2026-05-25 14:18:43" }, "geometry": { "type": "Point", "coordinates": [ 1064988.671076852129772, 869475.34554999996908 ] } },
{ "type": "Feature", "properties": { "OBJECTID": 5255, "CE": "", "CT": "Zona", "ESTAMPA_CC": "2026-05-25 14:18:43" }, "geometry": { "type": "Point", "coordinates": [ 1064819.649018346797675, 868946.984200000064448 ] } },
{ "type": "Feature", "properties": { "OBJECTID": 5262, "CE": "", "CT": "Zona", "ESTAMPA_CC": "2026-05-25 14:18:43" }, "geometry": { "type": "Point", "coordinates": [ 1063369.721699999878183, 866979.075149999931455 ] } },
{ "type": "Feature", "properties": { "OBJECTID": 5263, "CE": "", "CT": "Zona", "ESTAMPA_CC": "2026-05-25 14:18:43" }, "geometry": { "type": "Point", "coordinates": [ 1058258.827180209802464, 870701.820850000018254 ] } },
{ "type": "Feature", "properties": { "OBJECTID": 5266, "CE": "", "CT": "Zona", "ESTAMPA_CC": "2026-05-25 14:18:43" }, "geometry": { "type": "Point", "coordinates": [ 1058766.165082737104967, 873910.564699999988079 ] } },
{ "type": "Feature", "properties": { "OBJECTID": 5270, "CE": "", "CT": "Sector", "ESTAMPA_CC": "2026-05-25 14:18:43" }, "geometry": { "type": "Point", "coordinates": [ 1063112.328497343230993, 870248.696999999927357 ] } },
{ "type": "Feature", "properties": { "OBJECTID": 5301, "CE": "Traslape propio", "CT": "", "ESTAMPA_CC": "2026-05-25 14:18:43" }, "geometry": { "type": "Point", "coordinates": [ 1061095.745719037251547, 865395.223800000036135 ] } },
{ "type": "Feature", "properties": { "OBJECTID": 5304, "CE": "", "CT": "Zona", "ESTAMPA_CC": "2026-05-25 14:18:43" }, "geometry": { "type": "Point", "coordinates": [ 1062332.702429867349565, 869856.575299999909475 ] } },
{ "type": "Feature", "properties": { "OBJECTID": 5314, "CE": "", "CT": "Zona", "ESTAMPA_CC": "2026-05-25 14:18:43" }, "geometry": { "type": "Point", "coordinates": [ 1065387.132208006922156, 869023.55980000004638 ] } },
{ "type": "Feature", "properties": { "OBJECTID": 5315, "CE": "", "CT": "Zona", "ESTAMPA_CC": "2026-05-25 14:18:43" }, "geometry": { "type": "Point", "coordinates": [ 1057512.42712687747553, 869510.237949999980628 ] } },
{ "type": "Feature", "properties": { "OBJECTID": 5316, "CE": "Traslape propio", "CT": "", "ESTAMPA_CC": "2026-05-25 14:18:43" }, "geometry": { "type": "Point", "coordinates": [ 1067549.539176153950393, 871871.474799999967217 ] } },
{ "type": "Feature", "properties": { "OBJECTID": 5317, "CE": "Traslape propio", "CT": "", "ESTAMPA_CC": "2026-05-25 14:18:43" }, "geometry": { "type": "Point", "coordinates": [ 1067554.584512867964804, 871972.237300000037067 ] } },
{ "type": "Feature", "properties": { "OBJECTID": 5339, "CE": "Traslape propio", "CT": "Zona", "ESTAMPA_CC": "2026-05-25 14:18:43" }, "geometry": { "type": "Point", "coordinates": [ 1063697.925622378010303, 875924.2609 ] } },
{ "type": "Feature", "properties": { "OBJECTID": 5354, "CE": "", "CT": "Zona; Sector", "ESTAMPA_CC": "2026-05-25 14:18:43" }, "geometry": { "type": "Point", "coordinates": [ 1062487.255562737584114, 871899.445799999986775 ] } },
{ "type": "Feature", "properties": { "OBJECTID": 5362, "CE": "Traslape propio", "CT": "", "ESTAMPA_CC": "2026-05-25 14:18:43" }, "geometry": { "type": "Point", "coordinates": [ 1057980.553481348324567, 870048.945950000081211 ] } },
{ "type": "Feature", "properties": { "OBJECTID": 5373, "CE": "Traslape propio", "CT": "", "ESTAMPA_CC": "2026-05-25 14:18:43" }, "geometry": { "type": "Point", "coordinates": [ 1064577.891899609239772, 877748.702999999979511 ] } },
{ "type": "Feature", "properties": { "OBJECTID": 5382, "CE": "Traslape propio", "CT": "", "ESTAMPA_CC": "2026-05-25 14:18:43" }, "geometry": { "type": "Point", "coordinates": [ 1067478.146284422138706, 871610.1374 ] } },
{ "type": "Feature", "properties": { "OBJECTID": 5391, "CE": "", "CT": "Sector", "ESTAMPA_CC": "2026-05-25 14:18:43" }, "geometry": { "type": "Point", "coordinates": [ 1058903.680129153188318, 867735.030449999962002 ] } },
{ "type": "Feature", "properties": { "OBJECTID": 5407, "CE": "", "CT": "Sector", "ESTAMPA_CC": "2026-05-25 14:18:43" }, "geometry": { "type": "Point", "coordinates": [ 1060794.01857277425006, 872706.754600000102073 ] } },
{ "type": "Feature", "properties": { "OBJECTID": 5416, "CE": "", "CT": "Zona; Sector", "ESTAMPA_CC": "2026-05-25 14:18:43" }, "geometry": { "type": "Point", "coordinates": [ 1065718.43913436960429, 874221.727650000015274 ] } },
{ "type": "Feature", "properties": { "OBJECTID": 5422, "CE": "Traslape propio", "CT": "", "ESTAMPA_CC": "2026-05-25 14:18:43" }, "geometry": { "type": "Point", "coordinates": [ 1057398.637550003593788, 873265.587950000073761 ] } },
{ "type": "Feature", "properties": { "OBJECTID": 5431, "CE": "", "CT": "Zona; Sector", "ESTAMPA_CC": "2026-05-25 14:18:43" }, "geometry": { "type": "Point", "coordinates": [ 1065562.848321983357891, 872906.7106 ] } },
{ "type": "Feature", "properties": { "OBJECTID": 5434, "CE": "", "CT": "Zona", "ESTAMPA_CC": "2026-05-25 14:18:43" }, "geometry": { "type": "Point", "coordinates": [ 1061720.880763759836555, 873150.280299999983981 ] } },
{ "type": "Feature", "properties": { "OBJECTID": 5441, "CE": "", "CT": "Zona", "ESTAMPA_CC": "2026-05-25 14:18:43" }, "geometry": { "type": "Point", "coordinates": [ 1063391.084753316361457, 866958.634300000034273 ] } },
{ "type": "Feature", "properties": { "OBJECTID": 5442, "CE": "", "CT": "Zona", "ESTAMPA_CC": "2026-05-25 14:18:43" }, "geometry": { "type": "Point", "coordinates": [ 1067021.270212037488818, 871365.29680000001099 ] } },
{ "type": "Feature", "properties": { "OBJECTID": 5454, "CE": "Traslape propio", "CT": "", "ESTAMPA_CC": "2026-05-25 14:18:43" }, "geometry": { "type": "Point", "coordinates": [ 1057731.949047097237781, 865618.046300000045449 ] } },
{ "type": "Feature", "properties": { "OBJECTID": 5457, "CE": "Traslape propio", "CT": "", "ESTAMPA_CC": "2026-05-25 14:18:43" }, "geometry": { "type": "Point", "coordinates": [ 1067407.849771549226716, 868063.970149999950081 ] } },
{ "type": "Feature", "properties": { "OBJECTID": 5463, "CE": "", "CT": "Zona; Sector", "ESTAMPA_CC": "2026-05-25 14:18:43" }, "geometry": { "type": "Point", "coordinates": [ 1064654.080546026583761, 871191.853450000053272 ] } },
{ "type": "Feature", "properties": { "OBJECTID": 5464, "CE": "", "CT": "Zona", "ESTAMPA_CC": "2026-05-25 14:18:43" }, "geometry": { "type": "Point", "coordinates": [ 1059182.130413323873654, 872112.882699999958277 ] } },
{ "type": "Feature", "properties": { "OBJECTID": 5479, "CE": "", "CT": "Zona; Sector", "ESTAMPA_CC": "2026-05-25 14:18:43" }, "geometry": { "type": "Point", "coordinates": [ 1065866.183343524811789, 870262.297599999932572 ] } },
{ "type": "Feature", "properties": { "OBJECTID": 5483, "CE": "Traslape propio", "CT": "", "ESTAMPA_CC": "2026-05-25 14:18:43" }, "geometry": { "type": "Point", "coordinates": [ 1067459.928645093459636, 872122.49 ] } },
{ "type": "Feature", "properties": { "OBJECTID": 5484, "CE": "Traslape propio", "CT": "", "ESTAMPA_CC": "2026-05-25 14:18:43" }, "geometry": { "type": "Point", "coordinates": [ 1067320.091570786433294, 871610.433699999935925 ] } },
{ "type": "Feature", "properties": { "OBJECTID": 5495, "CE": "Duplicado", "CT": "", "ESTAMPA_CC": "2026-05-25 14:18:43" }, "geometry": { "type": "Point", "coordinates": [ 1066597.538690879475325, 874948.460549999959767 ] } },
{ "type": "Feature", "properties": { "OBJECTID": 5501, "CE": "", "CT": "Zona; Sector", "ESTAMPA_CC": "2026-05-25 14:18:43" }, "geometry": { "type": "Point", "coordinates": [ 1064800.816118177492172, 875063.3848 ] } },
{ "type": "Feature", "properties": { "OBJECTID": 5502, "CE": "", "CT": "Zona; Sector", "ESTAMPA_CC": "2026-05-25 14:18:43" }, "geometry": { "type": "Point", "coordinates": [ 1066095.422439303249121, 876416.346600000048056 ] } },
{ "type": "Feature", "properties": { "OBJECTID": 5507, "CE": "", "CT": "Zona; Sector", "ESTAMPA_CC": "2026-05-25 14:18:43" }, "geometry": { "type": "Point", "coordinates": [ 1066624.041863136924803, 875928.365650000050664 ] } },
{ "type": "Feature", "properties": { "OBJECTID": 5518, "CE": "", "CT": "Zona; Sector", "ESTAMPA_CC": "2026-05-25 14:18:43" }, "geometry": { "type": "Point", "coordinates": [ 1065272.889988985145465, 878475.030550000024959 ] } },
{ "type": "Feature", "properties": { "OBJECTID": 5529, "CE": "", "CT": "Sector", "ESTAMPA_CC": "2026-05-25 14:18:43" }, "geometry": { "type": "Point", "coordinates": [ 1060623.234623306430876, 870568.871999999973923 ] } },
{ "type": "Feature", "properties": { "OBJECTID": 5530, "CE": "", "CT": "Sector", "ESTAMPA_CC": "2026-05-25 14:18:43" }, "geometry": { "type": "Point", "coordinates": [ 1060373.472282839938998, 870670.595149999950081 ] } },
{ "type": "Feature", "properties": { "OBJECTID": 5531, "CE": "", "CT": "Departamento; Municipio; Zona; Sector", "ESTAMPA_CC": "2026-05-25 14:18:43" }, "geometry": { "type": "Point", "coordinates": [ 1064785.568769671954215, 878808.211249999934807 ] } },
{ "type": "Feature", "properties": { "OBJECTID": 5535, "CE": "", "CT": "Zona; Sector", "ESTAMPA_CC": "2026-05-25 14:18:43" }, "geometry": { "type": "Point", "coordinates": [ 1065905.619950000196695, 872442.654300000052899 ] } },
{ "type": "Feature", "properties": { "OBJECTID": 5538, "CE": "", "CT": "Zona; Sector", "ESTAMPA_CC": "2026-05-25 14:18:43" }, "geometry": { "type": "Point", "coordinates": [ 1064743.139356913743541, 875678.15145 ] } },
{ "type": "Feature", "properties": { "OBJECTID": 5541, "CE": "", "CT": "Zona; Sector", "ESTAMPA_CC": "2026-05-25 14:18:43" }, "geometry": { "type": "Point", "coordinates": [ 1066114.225256521720439, 876318.119850000017323 ] } },
{ "type": "Feature", "properties": { "OBJECTID": 5543, "CE": "", "CT": "Sector", "ESTAMPA_CC": "2026-05-25 14:18:43" }, "geometry": { "type": "Point", "coordinates": [ 1059627.420167937409133, 872698.504599999985658 ] } },
{ "type": "Feature", "properties": { "OBJECTID": 5545, "CE": "", "CT": "Zona; Sector", "ESTAMPA_CC": "2026-05-25 14:18:43" }, "geometry": { "type": "Point", "coordinates": [ 1064566.965846138540655, 878063.400399999925867 ] } },
{ "type": "Feature", "properties": { "OBJECTID": 5548, "CE": "Traslape propio", "CT": "", "ESTAMPA_CC": "2026-05-25 14:18:43" }, "geometry": { "type": "Point", "coordinates": [ 1058124.510744061786681, 866038.207599999965169 ] } },
{ "type": "Feature", "properties": { "OBJECTID": 5565, "CE": "Traslape propio", "CT": "", "ESTAMPA_CC": "2026-05-25 14:18:43" }, "geometry": { "type": "Point", "coordinates": [ 1057969.509592528454959, 864746.774500000057742 ] } },
{ "type": "Feature", "properties": { "OBJECTID": 5577, "CE": "Traslape propio", "CT": "", "ESTAMPA_CC": "2026-05-25 14:18:43" }, "geometry": { "type": "Point", "coordinates": [ 1058959.032286102883518, 871751.513049999950454 ] } },
{ "type": "Feature", "properties": { "OBJECTID": 5589, "CE": "Traslape propio", "CT": "", "ESTAMPA_CC": "2026-05-25 14:18:43" }, "geometry": { "type": "Point", "coordinates": [ 1057886.890783590264618, 864875.06539999996312 ] } },
{ "type": "Feature", "properties": { "OBJECTID": 5591, "CE": "Traslape propio", "CT": "", "ESTAMPA_CC": "2026-05-25 14:18:43" }, "geometry": { "type": "Point", "coordinates": [ 1057490.526549856644124, 865363.333850000053644 ] } },
{ "type": "Feature", "properties": { "OBJECTID": 5592, "CE": "Traslape propio", "CT": "", "ESTAMPA_CC": "2026-05-25 14:18:43" }, "geometry": { "type": "Point", "coordinates": [ 1057529.874053149949759, 865322.410449999966659 ] } },
{ "type": "Feature", "properties": { "OBJECTID": 5596, "CE": "Traslape propio", "CT": "Zona", "ESTAMPA_CC": "2026-05-25 14:18:43" }, "geometry": { "type": "Point", "coordinates": [ 1067306.025053339079022, 868794.37195000005886 ] } },
{ "type": "Feature", "properties": { "OBJECTID": 5597, "CE": "Traslape propio", "CT": "Zona", "ESTAMPA_CC": "2026-05-25 14:18:43" }, "geometry": { "type": "Point", "coordinates": [ 1064625.509879239834845, 877383.94039999996312 ] } },
{ "type": "Feature", "properties": { "OBJECTID": 5602, "CE": "", "CT": "Zona; Sector", "ESTAMPA_CC": "2026-05-25 14:18:43" }, "geometry": { "type": "Point", "coordinates": [ 1063149.496026352513582, 872169.81085 ] } },
{ "type": "Feature", "properties": { "OBJECTID": 5623, "CE": "", "CT": "Municipio", "ESTAMPA_CC": "2026-05-25 14:18:43" }, "geometry": { "type": "Point", "coordinates": [ 1064553.036153078777716, 870686.01824999996461 ] } },
{ "type": "Feature", "properties": { "OBJECTID": 5632, "CE": "", "CT": "Zona", "ESTAMPA_CC": "2026-05-25 14:18:43" }, "geometry": { "type": "Point", "coordinates": [ 1068179.364740534219891, 869609.552200000034645 ] } },
{ "type": "Feature", "properties": { "OBJECTID": 5633, "CE": "", "CT": "Zona", "ESTAMPA_CC": "2026-05-25 14:18:43" }, "geometry": { "type": "Point", "coordinates": [ 1065366.395165153313428, 878177.800350000034086 ] } },
{ "type": "Feature", "properties": { "OBJECTID": 5642, "CE": "Traslape propio", "CT": "", "ESTAMPA_CC": "2026-05-25 14:18:43" }, "geometry": { "type": "Point", "coordinates": [ 1067480.273878558538854, 868349.316249999916181 ] } },
{ "type": "Feature", "properties": { "OBJECTID": 5649, "CE": "", "CT": "Departamento; Municipio; Zona; Sector; Comuna; Barrio; Manzana/Vereda", "ESTAMPA_CC": "2026-05-25 14:18:43" }, "geometry": { "type": "Point", "coordinates": [ 1066214.056222892832011, 875550.551199999987148 ] } },
{ "type": "Feature", "properties": { "OBJECTID": 5651, "CE": "Traslape propio", "CT": "", "ESTAMPA_CC": "2026-05-25 14:18:43" }, "geometry": { "type": "Point", "coordinates": [ 1065017.148708666209131, 870542.95250000001397 ] } },
{ "type": "Feature", "properties": { "OBJECTID": 5652, "CE": "", "CT": "Zona; Sector", "ESTAMPA_CC": "2026-05-25 14:18:43" }, "geometry": { "type": "Point", "coordinates": [ 1065591.389551358530298, 874364.728050000034273 ] } },
{ "type": "Feature", "properties": { "OBJECTID": 5661, "CE": "Traslape propio", "CT": "", "ESTAMPA_CC": "2026-05-25 14:18:43" }, "geometry": { "type": "Point", "coordinates": [ 1061098.241458755917847, 867503.471600000048056 ] } },
{ "type": "Feature", "properties": { "OBJECTID": 5662, "CE": "Traslape propio", "CT": "", "ESTAMPA_CC": "2026-05-25 14:18:43" }, "geometry": { "type": "Point", "coordinates": [ 1067719.192068486008793, 872015.06785 ] } },
{ "type": "Feature", "properties": { "OBJECTID": 5665, "CE": "", "CT": "Zona", "ESTAMPA_CC": "2026-05-25 14:18:43" }, "geometry": { "type": "Point", "coordinates": [ 1063796.114369249204174, 868083.756799999973737 ] } },
{ "type": "Feature", "properties": { "OBJECTID": 5666, "CE": "", "CT": "Zona; Sector", "ESTAMPA_CC": "2026-05-25 14:18:43" }, "geometry": { "type": "Point", "coordinates": [ 1066562.41775, 871656.100800000014715 ] } },
{ "type": "Feature", "properties": { "OBJECTID": 5671, "CE": "", "CT": "Zona", "ESTAMPA_CC": "2026-05-25 14:18:43" }, "geometry": { "type": "Point", "coordinates": [ 1063280.21059999987483, 867327.363600000040606 ] } },
{ "type": "Feature", "properties": { "OBJECTID": 5679, "CE": "", "CT": "Sector", "ESTAMPA_CC": "2026-05-25 14:18:43" }, "geometry": { "type": "Point", "coordinates": [ 1059157.8997601645533, 868061.8443 ] } },
{ "type": "Feature", "properties": { "OBJECTID": 5680, "CE": "", "CT": "Zona; Sector", "ESTAMPA_CC": "2026-05-25 14:18:43" }, "geometry": { "type": "Point", "coordinates": [ 1065967.550466507673264, 869564.6801 ] } },
{ "type": "Feature", "properties": { "OBJECTID": 5690, "CE": "", "CT": "Zona", "ESTAMPA_CC": "2026-05-25 14:18:43" }, "geometry": { "type": "Point", "coordinates": [ 1064652.567160832462832, 868576.502249999903142 ] } },
{ "type": "Feature", "properties": { "OBJECTID": 5691, "CE": "", "CT": "Sector", "ESTAMPA_CC": "2026-05-25 14:18:43" }, "geometry": { "type": "Point", "coordinates": [ 1060631.728808987187222, 871462.857450000010431 ] } },
{ "type": "Feature", "properties": { "OBJECTID": 5692, "CE": "", "CT": "Sector", "ESTAMPA_CC": "2026-05-25 14:18:43" }, "geometry": { "type": "Point", "coordinates": [ 1059939.906830663327128, 871286.56415 ] } },
{ "type": "Feature", "properties": { "OBJECTID": 5699, "CE": "", "CT": "Zona", "ESTAMPA_CC": "2026-05-25 14:18:43" }, "geometry": { "type": "Point", "coordinates": [ 1065508.419174468843266, 869071.122299999929965 ] } },
{ "type": "Feature", "properties": { "OBJECTID": 5712, "CE": "", "CT": "Zona", "ESTAMPA_CC": "2026-05-25 14:18:43" }, "geometry": { "type": "Point", "coordinates": [ 1067256.721157288644463, 868568.309850000077859 ] } },
{ "type": "Feature", "properties": { "OBJECTID": 5715, "CE": "", "CT": "Zona", "ESTAMPA_CC": "2026-05-25 14:18:43" }, "geometry": { "type": "Point", "coordinates": [ 1063236.585332347080112, 866597.939999999944121 ] } },
{ "type": "Feature", "properties": { "OBJECTID": 5726, "CE": "", "CT": "Zona", "ESTAMPA_CC": "2026-05-25 14:18:43" }, "geometry": { "type": "Point", "coordinates": [ 1064548.939277146942914, 877800.685049999970943 ] } },
{ "type": "Feature", "properties": { "OBJECTID": 5736, "CE": "", "CT": "Zona", "ESTAMPA_CC": "2026-05-25 14:18:43" }, "geometry": { "type": "Point", "coordinates": [ 1064838.587470927275717, 869513.45574999996461 ] } },
{ "type": "Feature", "properties": { "OBJECTID": 5737, "CE": "", "CT": "Zona", "ESTAMPA_CC": "2026-05-25 14:18:43" }, "geometry": { "type": "Point", "coordinates": [ 1063502.4714, 867075.250800000037998 ] } },
{ "type": "Feature", "properties": { "OBJECTID": 5740, "CE": "", "CT": "Zona", "ESTAMPA_CC": "2026-05-25 14:18:43" }, "geometry": { "type": "Point", "coordinates": [ 1068303.595652550458908, 871124.57765 ] } },
{ "type": "Feature", "properties": { "OBJECTID": 5758, "CE": "Traslape propio", "CT": "", "ESTAMPA_CC": "2026-05-25 14:18:43" }, "geometry": { "type": "Point", "coordinates": [ 1065248.082412282004952, 877869.020299999974668 ] } },
{ "type": "Feature", "properties": { "OBJECTID": 5759, "CE": "Traslape propio", "CT": "", "ESTAMPA_CC": "2026-05-25 14:18:43" }, "geometry": { "type": "Point", "coordinates": [ 1060553.476198278833181, 875497.669449999928474 ] } },
{ "type": "Feature", "properties": { "OBJECTID": 5760, "CE": "Traslape propio", "CT": "", "ESTAMPA_CC": "2026-05-25 14:18:43" }, "geometry": { "type": "Point", "coordinates": [ 1064584.652183246100321, 877761.514699999941513 ] } },
{ "type": "Feature", "properties": { "OBJECTID": 5766, "CE": "", "CT": "Sector", "ESTAMPA_CC": "2026-05-25 14:18:43" }, "geometry": { "type": "Point", "coordinates": [ 1063117.57872641668655, 870284.513449999969453 ] } },
{ "type": "Feature", "properties": { "OBJECTID": 5770, "CE": "Traslape propio", "CT": "", "ESTAMPA_CC": "2026-05-25 14:18:43" }, "geometry": { "type": "Point", "coordinates": [ 1058782.946999505162239, 868698.26885 ] } },
{ "type": "Feature", "properties": { "OBJECTID": 5791, "CE": "", "CT": "Zona; Sector", "ESTAMPA_CC": "2026-05-25 14:18:43" }, "geometry": { "type": "Point", "coordinates": [ 1066637.42817621328868, 871563.893350000027567 ] } },
{ "type": "Feature", "properties": { "OBJECTID": 5797, "CE": "", "CT": "Zona; Sector", "ESTAMPA_CC": "2026-05-25 14:18:43" }, "geometry": { "type": "Point", "coordinates": [ 1065923.318130248691887, 869653.517999999923632 ] } },
{ "type": "Feature", "properties": { "OBJECTID": 5799, "CE": "", "CT": "Zona", "ESTAMPA_CC": "2026-05-25 14:18:43" }, "geometry": { "type": "Point", "coordinates": [ 1063765.398685647640377, 867703.219899999909103 ] } },
{ "type": "Feature", "properties": { "OBJECTID": 5802, "CE": "", "CT": "Zona; Sector", "ESTAMPA_CC": "2026-05-25 14:18:43" }, "geometry": { "type": "Point", "coordinates": [ 1065404.110993860755116, 877711.720449999906123 ] } },
{ "type": "Feature", "properties": { "OBJECTID": 5806, "CE": "", "CT": "Zona; Sector", "ESTAMPA_CC": "2026-05-25 14:18:43" }, "geometry": { "type": "Point", "coordinates": [ 1065728.514342887327075, 874190.432849999982864 ] } },
{ "type": "Feature", "properties": { "OBJECTID": 5818, "CE": "", "CT": "Zona", "ESTAMPA_CC": "2026-05-25 14:18:43" }, "geometry": { "type": "Point", "coordinates": [ 1063095.07927413051948, 870993.952400000067428 ] } },
{ "type": "Feature", "properties": { "OBJECTID": 5865, "CE": "", "CT": "Zona; Sector", "ESTAMPA_CC": "2026-05-25 14:18:43" }, "geometry": { "type": "Point", "coordinates": [ 1065844.063827886711806, 870369.8679500001017 ] } },
{ "type": "Feature", "properties": { "OBJECTID": 5881, "CE": "", "CT": "Zona", "ESTAMPA_CC": "2026-05-25 14:18:43" }, "geometry": { "type": "Point", "coordinates": [ 1066761.686611942946911, 868855.482349999947473 ] } },
{ "type": "Feature", "properties": { "OBJECTID": 5885, "CE": "Traslape propio", "CT": "", "ESTAMPA_CC": "2026-05-25 14:18:43" }, "geometry": { "type": "Point", "coordinates": [ 1066926.338554418180138, 870876.274149999953806 ] } },
{ "type": "Feature", "properties": { "OBJECTID": 5887, "CE": "Traslape propio", "CT": "", "ESTAMPA_CC": "2026-05-25 14:18:43" }, "geometry": { "type": "Point", "coordinates": [ 1067576.894276130013168, 871878.518150000018068 ] } },
{ "type": "Feature", "properties": { "OBJECTID": 5888, "CE": "", "CT": "Zona", "ESTAMPA_CC": "2026-05-25 14:18:43" }, "geometry": { "type": "Point", "coordinates": [ 1063623.849015948362648, 874340.124399999971502 ] } },
{ "type": "Feature", "properties": { "OBJECTID": 5891, "CE": "", "CT": "Zona", "ESTAMPA_CC": "2026-05-25 14:18:43" }, "geometry": { "type": "Point", "coordinates": [ 1063588.667749999789521, 867504.533150000032037 ] } },
{ "type": "Feature", "properties": { "OBJECTID": 5924, "CE": "Traslape propio", "CT": "", "ESTAMPA_CC": "2026-05-25 14:18:43" }, "geometry": { "type": "Point", "coordinates": [ 1067492.730941780377179, 868417.469950000056997 ] } },
{ "type": "Feature", "properties": { "OBJECTID": 5925, "CE": "Traslape propio", "CT": "Zona", "ESTAMPA_CC": "2026-05-25 14:18:43" }, "geometry": { "type": "Point", "coordinates": [ 1067214.231229088269174, 868598.398350000032224 ] } },
{ "type": "Feature", "properties": { "OBJECTID": 5926, "CE": "", "CT": "Zona", "ESTAMPA_CC": "2026-05-25 14:18:43" }, "geometry": { "type": "Point", "coordinates": [ 1067778.414808206260204, 872044.01535 ] } },
{ "type": "Feature", "properties": { "OBJECTID": 5929, "CE": "Traslape propio", "CT": "", "ESTAMPA_CC": "2026-05-25 14:18:43" }, "geometry": { "type": "Point", "coordinates": [ 1068103.414273421745747, 870129.214000000036322 ] } },
{ "type": "Feature", "properties": { "OBJECTID": 5933, "CE": "Traslape propio", "CT": "", "ESTAMPA_CC": "2026-05-25 14:18:43" }, "geometry": { "type": "Point", "coordinates": [ 1059436.235382241662592, 867740.58129999996163 ] } },
{ "type": "Feature", "properties": { "OBJECTID": 5940, "CE": "", "CT": "Zona", "ESTAMPA_CC": "2026-05-25 14:18:43" }, "geometry": { "type": "Point", "coordinates": [ 1063533.484895855886862, 867002.040749999927357 ] } },
{ "type": "Feature", "properties": { "OBJECTID": 5944, "CE": "Traslape propio", "CT": "", "ESTAMPA_CC": "2026-05-25 14:18:43" }, "geometry": { "type": "Point", "coordinates": [ 1057777.313022065442055, 865587.354500000015832 ] } },
{ "type": "Feature", "properties": { "OBJECTID": 5949, "CE": "", "CT": "Zona; Sector", "ESTAMPA_CC": "2026-05-25 14:18:43" }, "geometry": { "type": "Point", "coordinates": [ 1066295.714385688304901, 871620.792200000025332 ] } },
{ "type": "Feature", "properties": { "OBJECTID": 5950, "CE": "", "CT": "Zona; Sector", "ESTAMPA_CC": "2026-05-25 14:18:43" }, "geometry": { "type": "Point", "coordinates": [ 1066281.160746616777033, 871597.132750000106171 ] } },
{ "type": "Feature", "properties": { "OBJECTID": 5951, "CE": "", "CT": "Zona; Sector", "ESTAMPA_CC": "2026-05-25 14:18:43" }, "geometry": { "type": "Point", "coordinates": [ 1065359.211355739738792, 870640.63945000001695 ] } },
{ "type": "Feature", "properties": { "OBJECTID": 5962, "CE": "Traslape propio", "CT": "", "ESTAMPA_CC": "2026-05-25 14:18:43" }, "geometry": { "type": "Point", "coordinates": [ 1058220.814264737069607, 870948.271850000019185 ] } },
{ "type": "Feature", "properties": { "OBJECTID": 5982, "CE": "", "CT": "Zona; Sector", "ESTAMPA_CC": "2026-05-25 14:18:43" }, "geometry": { "type": "Point", "coordinates": [ 1065570.168687054188922, 877990.174 ] } },
{ "type": "Feature", "properties": { "OBJECTID": 5983, "CE": "", "CT": "Zona; Sector", "ESTAMPA_CC": "2026-05-25 14:18:43" }, "geometry": { "type": "Point", "coordinates": [ 1065023.434130010195076, 872616.902 ] } },
{ "type": "Feature", "properties": { "OBJECTID": 6029, "CE": "Traslape propio", "CT": "", "ESTAMPA_CC": "2026-05-25 14:18:43" }, "geometry": { "type": "Point", "coordinates": [ 1066422.395920732058585, 874407.065150000038557 ] } },
{ "type": "Feature", "properties": { "OBJECTID": 6031, "CE": "", "CT": "Zona", "ESTAMPA_CC": "2026-05-25 14:18:43" }, "geometry": { "type": "Point", "coordinates": [ 1059050.045646830461919, 865226.045450000092387 ] } },
{ "type": "Feature", "properties": { "OBJECTID": 6034, "CE": "", "CT": "Zona", "ESTAMPA_CC": "2026-05-25 14:18:43" }, "geometry": { "type": "Point", "coordinates": [ 1066760.495286273304373, 875847.071800000034273 ] } },
{ "type": "Feature", "properties": { "OBJECTID": 6036, "CE": "Traslape propio", "CT": "Zona", "ESTAMPA_CC": "2026-05-25 14:18:43" }, "geometry": { "type": "Point", "coordinates": [ 1067547.223437063395977, 868037.625149999978021 ] } },
{ "type": "Feature", "properties": { "OBJECTID": 6050, "CE": "Traslape propio", "CT": "Zona", "ESTAMPA_CC": "2026-05-25 14:18:43" }, "geometry": { "type": "Point", "coordinates": [ 1066238.149824776221067, 876860.586799999931827 ] } },
{ "type": "Feature", "properties": { "OBJECTID": 6051, "CE": "Traslape propio", "CT": "", "ESTAMPA_CC": "2026-05-25 14:18:43" }, "geometry": { "type": "Point", "coordinates": [ 1067317.720813172403723, 868863.043399999965914 ] } },
{ "type": "Feature", "properties": { "OBJECTID": 6064, "CE": "Traslape propio", "CT": "", "ESTAMPA_CC": "2026-05-25 14:18:43" }, "geometry": { "type": "Point", "coordinates": [ 1066971.472635773476213, 872021.788999999989755 ] } },
{ "type": "Feature", "properties": { "OBJECTID": 6073, "CE": "Traslape propio", "CT": "Zona", "ESTAMPA_CC": "2026-05-25 14:18:43" }, "geometry": { "type": "Point", "coordinates": [ 1057842.739024072419852, 864866.802099999971688 ] } },
{ "type": "Feature", "properties": { "OBJECTID": 6074, "CE": "", "CT": "Zona", "ESTAMPA_CC": "2026-05-25 14:18:43" }, "geometry": { "type": "Point", "coordinates": [ 1058010.402546984609216, 866121.78090000001248 ] } },
{ "type": "Feature", "properties": { "OBJECTID": 6077, "CE": "", "CT": "Zona", "ESTAMPA_CC": "2026-05-25 14:18:43" }, "geometry": { "type": "Point", "coordinates": [ 1058051.313904247712344, 866035.898150000022724 ] } },
{ "type": "Feature", "properties": { "OBJECTID": 6090, "CE": "", "CT": "Zona; Sector", "ESTAMPA_CC": "2026-05-25 14:18:43" }, "geometry": { "type": "Point", "coordinates": [ 1065547.791791661875322, 869969.9534 ] } },
{ "type": "Feature", "properties": { "OBJECTID": 6092, "CE": "", "CT": "Sector", "ESTAMPA_CC": "2026-05-25 14:18:43" }, "geometry": { "type": "Point", "coordinates": [ 1059822.848922064062208, 872595.974049999960698 ] } },
{ "type": "Feature", "properties": { "OBJECTID": 6093, "CE": "", "CT": "Zona; Sector", "ESTAMPA_CC": "2026-05-25 14:18:43" }, "geometry": { "type": "Point", "coordinates": [ 1065465.872531222179532, 874325.351649999967776 ] } },
{ "type": "Feature", "properties": { "OBJECTID": 6094, "CE": "", "CT": "Zona; Sector", "ESTAMPA_CC": "2026-05-25 14:18:43" }, "geometry": { "type": "Point", "coordinates": [ 1065583.514903702540323, 874392.327199999941513 ] } },
{ "type": "Feature", "properties": { "OBJECTID": 6095, "CE": "", "CT": "Zona; Sector", "ESTAMPA_CC": "2026-05-25 14:18:43" }, "geometry": { "type": "Point", "coordinates": [ 1065677.827748866984621, 873952.835100000025705 ] } },
{ "type": "Feature", "properties": { "OBJECTID": 6101, "CE": "", "CT": "Zona; Sector", "ESTAMPA_CC": "2026-05-25 14:18:43" }, "geometry": { "type": "Point", "coordinates": [ 1065856.702231946168467, 878018.785549999913201 ] } },
{ "type": "Feature", "properties": { "OBJECTID": 6114, "CE": "", "CT": "Sector", "ESTAMPA_CC": "2026-05-25 14:18:43" }, "geometry": { "type": "Point", "coordinates": [ 1064565.079469511751086, 871710.708150000078604 ] } },
{ "type": "Feature", "properties": { "OBJECTID": 6115, "CE": "", "CT": "Sector", "ESTAMPA_CC": "2026-05-25 14:18:43" }, "geometry": { "type": "Point", "coordinates": [ 1058901.386464615352452, 867609.8284 ] } },
{ "type": "Feature", "properties": { "OBJECTID": 6119, "CE": "", "CT": "Zona; Sector", "ESTAMPA_CC": "2026-05-25 14:18:43" }, "geometry": { "type": "Point", "coordinates": [ 1064744.115769110154361, 871404.203149999957532 ] } },
{ "type": "Feature", "properties": { "OBJECTID": 6122, "CE": "", "CT": "Zona; Sector", "ESTAMPA_CC": "2026-05-25 14:18:43" }, "geometry": { "type": "Point", "coordinates": [ 1065443.329158977372572, 878209.599449999979697 ] } },
{ "type": "Feature", "properties": { "OBJECTID": 6128, "CE": "", "CT": "Sector", "ESTAMPA_CC": "2026-05-25 14:18:43" }, "geometry": { "type": "Point", "coordinates": [ 1058710.619443644303828, 872348.6751 ] } },
{ "type": "Feature", "properties": { "OBJECTID": 6131, "CE": "", "CT": "Sector", "ESTAMPA_CC": "2026-05-25 14:18:43" }, "geometry": { "type": "Point", "coordinates": [ 1058701.842081449460238, 866307.029199999989942 ] } },
{ "type": "Feature", "properties": { "OBJECTID": 6132, "CE": "Traslape propio", "CT": "", "ESTAMPA_CC": "2026-05-25 14:18:43" }, "geometry": { "type": "Point", "coordinates": [ 1064103.390616309596226, 878277.750299999956042 ] } },
{ "type": "Feature", "properties": { "OBJECTID": 6135, "CE": "", "CT": "Zona; Sector", "ESTAMPA_CC": "2026-05-25 14:18:43" }, "geometry": { "type": "Point", "coordinates": [ 1065761.212189492536709, 878019.299149999977089 ] } },
{ "type": "Feature", "properties": { "OBJECTID": 6136, "CE": "", "CT": "Zona; Sector", "ESTAMPA_CC": "2026-05-25 14:18:43" }, "geometry": { "type": "Point", "coordinates": [ 1066634.865654863649979, 875893.956049999920651 ] } },
{ "type": "Feature", "properties": { "OBJECTID": 6137, "CE": "", "CT": "Zona; Sector", "ESTAMPA_CC": "2026-05-25 14:18:43" }, "geometry": { "type": "Point", "coordinates": [ 1065585.377113757887855, 876386.956599999917671 ] } },
{ "type": "Feature", "properties": { "OBJECTID": 6141, "CE": "Traslape propio", "CT": "", "ESTAMPA_CC": "2026-05-25 14:18:43" }, "geometry": { "type": "Point", "coordinates": [ 1067314.288992883171886, 871861.70409999997355 ] } },
{ "type": "Feature", "properties": { "OBJECTID": 6143, "CE": "Traslape propio", "CT": "", "ESTAMPA_CC": "2026-05-25 14:18:43" }, "geometry": { "type": "Point", "coordinates": [ 1067295.101893508573994, 868476.17180000001099 ] } },
{ "type": "Feature", "properties": { "OBJECTID": 6159, "CE": "Traslape propio", "CT": "", "ESTAMPA_CC": "2026-05-25 14:18:43" }, "geometry": { "type": "Point", "coordinates": [ 1064731.114943495485932, 877669.209200000041164 ] } },
{ "type": "Feature", "properties": { "OBJECTID": 6171, "CE": "", "CT": "Zona", "ESTAMPA_CC": "2026-05-25 14:18:43" }, "geometry": { "type": "Point", "coordinates": [ 1057575.274249731563032, 866552.02145 ] } },
{ "type": "Feature", "properties": { "OBJECTID": 6181, "CE": "Traslape propio", "CT": "", "ESTAMPA_CC": "2026-05-25 14:18:43" }, "geometry": { "type": "Point", "coordinates": [ 1060183.296516245231032, 874445.746599999954924 ] } },
{ "type": "Feature", "properties": { "OBJECTID": 6184, "CE": "", "CT": "Zona; Sector", "ESTAMPA_CC": "2026-05-25 14:18:43" }, "geometry": { "type": "Point", "coordinates": [ 1065467.756579272449017, 872114.196650000056252 ] } },
{ "type": "Feature", "properties": { "OBJECTID": 6195, "CE": "Traslape propio", "CT": "", "ESTAMPA_CC": "2026-05-25 14:18:43" }, "geometry": { "type": "Point", "coordinates": [ 1064386.998348550871015, 877435.588899999973364 ] } },
{ "type": "Feature", "properties": { "OBJECTID": 6196, "CE": "Traslape propio", "CT": "", "ESTAMPA_CC": "2026-05-25 14:18:43" }, "geometry": { "type": "Point", "coordinates": [ 1064819.429205514024943, 877657.419349999981932 ] } },
{ "type": "Feature", "properties": { "OBJECTID": 6199, "CE": "Traslape propio", "CT": "", "ESTAMPA_CC": "2026-05-25 14:18:43" }, "geometry": { "type": "Point", "coordinates": [ 1067808.396793288877234, 871739.180350000038743 ] } },
{ "type": "Feature", "properties": { "OBJECTID": 6205, "CE": "Traslape propio", "CT": "", "ESTAMPA_CC": "2026-05-25 14:18:43" }, "geometry": { "type": "Point", "coordinates": [ 1064749.150802839081734, 877439.795200000051409 ] } },
{ "type": "Feature", "properties": { "OBJECTID": 6206, "CE": "", "CT": "Zona", "ESTAMPA_CC": "2026-05-25 14:18:43" }, "geometry": { "type": "Point", "coordinates": [ 1066768.567770614521578, 868870.831500000087544 ] } },
{ "type": "Feature", "properties": { "OBJECTID": 6216, "CE": "", "CT": "Zona; Sector", "ESTAMPA_CC": "2026-05-25 14:18:43" }, "geometry": { "type": "Point", "coordinates": [ 1064322.888976181391627, 877630.70045 ] } },
{ "type": "Feature", "properties": { "OBJECTID": 6217, "CE": "", "CT": "Zona; Sector", "ESTAMPA_CC": "2026-05-25 14:18:43" }, "geometry": { "type": "Point", "coordinates": [ 1065561.291796666802838, 878044.85620000003837 ] } },
{ "type": "Feature", "properties": { "OBJECTID": 6220, "CE": "", "CT": "Zona; Sector", "ESTAMPA_CC": "2026-05-25 14:18:43" }, "geometry": { "type": "Point", "coordinates": [ 1064664.293387675192207, 878368.055399999953806 ] } },
{ "type": "Feature", "properties": { "OBJECTID": 6257, "CE": "Traslape propio", "CT": "", "ESTAMPA_CC": "2026-05-25 14:18:43" }, "geometry": { "type": "Point", "coordinates": [ 1064339.008058207808062, 876614.68915 ] } },
{ "type": "Feature", "properties": { "OBJECTID": 6265, "CE": "Traslape propio", "CT": "", "ESTAMPA_CC": "2026-05-25 14:18:43" }, "geometry": { "type": "Point", "coordinates": [ 1060507.332150077447295, 867377.369700000039302 ] } },
{ "type": "Feature", "properties": { "OBJECTID": 6266, "CE": "Traslape propio", "CT": "", "ESTAMPA_CC": "2026-05-25 14:18:43" }, "geometry": { "type": "Point", "coordinates": [ 1062492.293226114474237, 865191.442900000023656 ] } },
{ "type": "Feature", "properties": { "OBJECTID": 6268, "CE": "Traslape propio", "CT": "", "ESTAMPA_CC": "2026-05-25 14:18:43" }, "geometry": { "type": "Point", "coordinates": [ 1058143.401723339222372, 872821.360050000017509 ] } },
{ "type": "Feature", "properties": { "OBJECTID": 6269, "CE": "Traslape propio", "CT": "", "ESTAMPA_CC": "2026-05-25 14:18:43" }, "geometry": { "type": "Point", "coordinates": [ 1058907.795958897098899, 861672.250149999978021 ] } },
{ "type": "Feature", "properties": { "OBJECTID": 6272, "CE": "Traslape propio", "CT": "Zona", "ESTAMPA_CC": "2026-05-25 14:18:43" }, "geometry": { "type": "Point", "coordinates": [ 1058714.488667306490242, 861808.081699999980628 ] } },
{ "type": "Feature", "properties": { "OBJECTID": 6273, "CE": "", "CT": "Zona", "ESTAMPA_CC": "2026-05-25 14:18:43" }, "geometry": { "type": "Point", "coordinates": [ 1066561.691156718879938, 873410.781299999915063 ] } },
{ "type": "Feature", "properties": { "OBJECTID": 6276, "CE": "", "CT": "Zona; Sector", "ESTAMPA_CC": "2026-05-25 14:18:43" }, "geometry": { "type": "Point", "coordinates": [ 1066130.948338751215488, 874185.05695 ] } },
{ "type": "Feature", "properties": { "OBJECTID": 6280, "CE": "", "CT": "Zona; Sector", "ESTAMPA_CC": "2026-05-25 14:18:43" }, "geometry": { "type": "Point", "coordinates": [ 1065761.388857665471733, 877990.698499999940395 ] } },
{ "type": "Feature", "properties": { "OBJECTID": 6281, "CE": "Traslape propio", "CT": "Zona", "ESTAMPA_CC": "2026-05-25 14:18:43" }, "geometry": { "type": "Point", "coordinates": [ 1058036.121897107921541, 865980.1962 ] } },
{ "type": "Feature", "properties": { "OBJECTID": 6286, "CE": "", "CT": "Sector", "ESTAMPA_CC": "2026-05-25 14:18:43" }, "geometry": { "type": "Point", "coordinates": [ 1058620.754455655580387, 866366.118550000013784 ] } },
{ "type": "Feature", "properties": { "OBJECTID": 6288, "CE": "Traslape propio", "CT": "", "ESTAMPA_CC": "2026-05-25 14:18:43" }, "geometry": { "type": "Point", "coordinates": [ 1057704.200513822492212, 865589.6224 ] } },
{ "type": "Feature", "properties": { "OBJECTID": 6293, "CE": "", "CT": "Zona; Sector", "ESTAMPA_CC": "2026-05-25 14:18:43" }, "geometry": { "type": "Point", "coordinates": [ 1065595.774555838201195, 870155.3944 ] } },
{ "type": "Feature", "properties": { "OBJECTID": 6294, "CE": "", "CT": "Zona", "ESTAMPA_CC": "2026-05-25 14:18:43" }, "geometry": { "type": "Point", "coordinates": [ 1063763.272337456233799, 868559.778399999951944 ] } },
{ "type": "Feature", "properties": { "OBJECTID": 6301, "CE": "", "CT": "Zona", "ESTAMPA_CC": "2026-05-25 14:18:43" }, "geometry": { "type": "Point", "coordinates": [ 1065420.657489170553163, 869630.561349999974482 ] } },
{ "type": "Feature", "properties": { "OBJECTID": 6318, "CE": "", "CT": "Zona; Sector", "ESTAMPA_CC": "2026-05-25 14:18:43" }, "geometry": { "type": "Point", "coordinates": [ 1062768.935005797073245, 872306.94675 ] } },
{ "type": "Feature", "properties": { "OBJECTID": 6320, "CE": "", "CT": "Zona; Sector", "ESTAMPA_CC": "2026-05-25 14:18:43" }, "geometry": { "type": "Point", "coordinates": [ 1064364.581799504812807, 877737.2881 ] } },
{ "type": "Feature", "properties": { "OBJECTID": 6323, "CE": "", "CT": "Zona; Sector", "ESTAMPA_CC": "2026-05-25 14:18:43" }, "geometry": { "type": "Point", "coordinates": [ 1064434.768111795652658, 878204.891049999976531 ] } },
{ "type": "Feature", "properties": { "OBJECTID": 6324, "CE": "", "CT": "Zona; Sector", "ESTAMPA_CC": "2026-05-25 14:18:43" }, "geometry": { "type": "Point", "coordinates": [ 1064767.198985567782074, 878308.687600000062957 ] } },
{ "type": "Feature", "properties": { "OBJECTID": 6329, "CE": "", "CT": "Zona; Sector", "ESTAMPA_CC": "2026-05-25 14:18:43" }, "geometry": { "type": "Point", "coordinates": [ 1065074.610119400080293, 878329.911850000033155 ] } },
{ "type": "Feature", "properties": { "OBJECTID": 6338, "CE": "", "CT": "Zona", "ESTAMPA_CC": "2026-05-25 14:18:43" }, "geometry": { "type": "Point", "coordinates": [ 1064910.30164939397946, 868842.203149999957532 ] } },
{ "type": "Feature", "properties": { "OBJECTID": 6344, "CE": "", "CT": "Zona", "ESTAMPA_CC": "2026-05-25 14:18:43" }, "geometry": { "type": "Point", "coordinates": [ 1064064.558568642474711, 868066.02820000005886 ] } },
{ "type": "Feature", "properties": { "OBJECTID": 6348, "CE": "", "CT": "Zona", "ESTAMPA_CC": "2026-05-25 14:18:43" }, "geometry": { "type": "Point", "coordinates": [ 1066486.74051932990551, 874945.740032009663992 ] } },
{ "type": "Feature", "properties": { "OBJECTID": 6349, "CE": "", "CT": "Zona", "ESTAMPA_CC": "2026-05-25 14:18:43" }, "geometry": { "type": "Point", "coordinates": [ 1062987.295210700947791, 867738.150249999947846 ] } },
{ "type": "Feature", "properties": { "OBJECTID": 6350, "CE": "Traslape propio", "CT": "", "ESTAMPA_CC": "2026-05-25 14:18:43" }, "geometry": { "type": "Point", "coordinates": [ 1062900.962059694342315, 867289.416199999977835 ] } },
{ "type": "Feature", "properties": { "OBJECTID": 6351, "CE": "", "CT": "Zona", "ESTAMPA_CC": "2026-05-25 14:18:43" }, "geometry": { "type": "Point", "coordinates": [ 1063520.092764379922301, 866990.586150000104681 ] } },
{ "type": "Feature", "properties": { "OBJECTID": 6352, "CE": "", "CT": "Zona", "ESTAMPA_CC": "2026-05-25 14:18:43" }, "geometry": { "type": "Point", "coordinates": [ 1065048.364792127627879, 869067.559950000024401 ] } },
{ "type": "Feature", "properties": { "OBJECTID": 6371, "CE": "", "CT": "Sector", "ESTAMPA_CC": "2026-05-25 14:18:43" }, "geometry": { "type": "Point", "coordinates": [ 1058672.312826644163579, 872299.426149999955669 ] } },
{ "type": "Feature", "properties": { "OBJECTID": 6377, "CE": "Traslape propio", "CT": "", "ESTAMPA_CC": "2026-05-25 14:18:43" }, "geometry": { "type": "Point", "coordinates": [ 1062949.246325618587434, 870718.23534999997355 ] } },
{ "type": "Feature", "properties": { "OBJECTID": 6385, "CE": "", "CT": "Zona", "ESTAMPA_CC": "2026-05-25 14:18:43" }, "geometry": { "type": "Point", "coordinates": [ 1063359.135708423797041, 870415.76665 ] } },
{ "type": "Feature", "properties": { "OBJECTID": 6386, "CE": "", "CT": "Zona; Sector", "ESTAMPA_CC": "2026-05-25 14:18:43" }, "geometry": { "type": "Point", "coordinates": [ 1063865.789830159395933, 869736.90445000003092 ] } },
{ "type": "Feature", "properties": { "OBJECTID": 6388, "CE": "", "CT": "Sector", "ESTAMPA_CC": "2026-05-25 14:18:43" }, "geometry": { "type": "Point", "coordinates": [ 1063507.855581869836897, 870558.588499999954365 ] } },
{ "type": "Feature", "properties": { "OBJECTID": 6403, "CE": "", "CT": "Sector", "ESTAMPA_CC": "2026-05-25 14:18:43" }, "geometry": { "type": "Point", "coordinates": [ 1057693.97547392337583, 865079.831950000021607 ] } },
{ "type": "Feature", "properties": { "OBJECTID": 6409, "CE": "Traslape propio", "CT": "", "ESTAMPA_CC": "2026-05-25 14:18:43" }, "geometry": { "type": "Point", "coordinates": [ 1064873.442911281948909, 876299.157700000097975 ] } },
{ "type": "Feature", "properties": { "OBJECTID": 6435, "CE": "Traslape propio", "CT": "", "ESTAMPA_CC": "2026-05-25 14:18:43" }, "geometry": { "type": "Point", "coordinates": [ 1067793.451079555554315, 871925.534350000089034 ] } },
{ "type": "Feature", "properties": { "OBJECTID": 6440, "CE": "", "CT": "Zona; Sector", "ESTAMPA_CC": "2026-05-25 14:18:43" }, "geometry": { "type": "Point", "coordinates": [ 1065557.915836727712303, 871934.334999999962747 ] } },
{ "type": "Feature", "properties": { "OBJECTID": 6442, "CE": "Traslape propio", "CT": "", "ESTAMPA_CC": "2026-05-25 14:18:43" }, "geometry": { "type": "Point", "coordinates": [ 1067255.110374802723527, 868614.537599999923259 ] } },
{ "type": "Feature", "properties": { "OBJECTID": 6443, "CE": "Traslape propio", "CT": "", "ESTAMPA_CC": "2026-05-25 14:18:43" }, "geometry": { "type": "Point", "coordinates": [ 1066999.765964399091899, 872178.61034999997355 ] } },
{ "type": "Feature", "properties": { "OBJECTID": 6446, "CE": "", "CT": "Sector", "ESTAMPA_CC": "2026-05-25 14:18:43" }, "geometry": { "type": "Point", "coordinates": [ 1059773.15141020109877, 871374.950600000098348 ] } },
{ "type": "Feature", "properties": { "OBJECTID": 6452, "CE": "", "CT": "Zona", "ESTAMPA_CC": "2026-05-25 14:18:43" }, "geometry": { "type": "Point", "coordinates": [ 1063537.980407264549285, 867747.714200000045821 ] } },
{ "type": "Feature", "properties": { "OBJECTID": 6453, "CE": "", "CT": "Zona", "ESTAMPA_CC": "2026-05-25 14:18:43" }, "geometry": { "type": "Point", "coordinates": [ 1063304.179258176824078, 867049.501050000078976 ] } },
{ "type": "Feature", "properties": { "OBJECTID": 6454, "CE": "", "CT": "Zona", "ESTAMPA_CC": "2026-05-25 14:18:43" }, "geometry": { "type": "Point", "coordinates": [ 1063493.502611993579194, 866945.675400000065565 ] } },
{ "type": "Feature", "properties": { "OBJECTID": 6482, "CE": "", "CT": "Zona; Sector", "ESTAMPA_CC": "2026-05-25 14:18:43" }, "geometry": { "type": "Point", "coordinates": [ 1067176.840596757829189, 870682.937350000021979 ] } },
{ "type": "Feature", "properties": { "OBJECTID": 6496, "CE": "", "CT": "Zona", "ESTAMPA_CC": "2026-05-25 14:18:43" }, "geometry": { "type": "Point", "coordinates": [ 1057716.146021713968366, 870086.868650000076741 ] } },
{ "type": "Feature", "properties": { "OBJECTID": 6502, "CE": "Traslape propio", "CT": "", "ESTAMPA_CC": "2026-05-25 14:18:43" }, "geometry": { "type": "Point", "coordinates": [ 1059675.305925500812009, 865979.6028 ] } },
{ "type": "Feature", "properties": { "OBJECTID": 6514, "CE": "Traslape propio", "CT": "", "ESTAMPA_CC": "2026-05-25 14:18:43" }, "geometry": { "type": "Point", "coordinates": [ 1066561.40515531366691, 875538.189050000044517 ] } },
{ "type": "Feature", "properties": { "OBJECTID": 6519, "CE": "", "CT": "Zona", "ESTAMPA_CC": "2026-05-25 14:18:43" }, "geometry": { "type": "Point", "coordinates": [ 1067475.858815253013745, 869010.598899999982677 ] } },
{ "type": "Feature", "properties": { "OBJECTID": 6528, "CE": "", "CT": "Zona; Sector", "ESTAMPA_CC": "2026-05-25 14:18:43" }, "geometry": { "type": "Point", "coordinates": [ 1067127.581498898565769, 871207.682599999941885 ] } },
{ "type": "Feature", "properties": { "OBJECTID": 6537, "CE": "", "CT": "Zona", "ESTAMPA_CC": "2026-05-25 14:18:43" }, "geometry": { "type": "Point", "coordinates": [ 1060305.160243206657469, 861672.17394999996759 ] } },
{ "type": "Feature", "properties": { "OBJECTID": 6547, "CE": "Traslape propio", "CT": "", "ESTAMPA_CC": "2026-05-25 14:18:43" }, "geometry": { "type": "Point", "coordinates": [ 1058113.278299064608291, 867305.585900000063702 ] } },
{ "type": "Feature", "properties": { "OBJECTID": 6558, "CE": "", "CT": "Zona", "ESTAMPA_CC": "2026-05-25 14:18:43" }, "geometry": { "type": "Point", "coordinates": [ 1065333.15488265757449, 868986.8787 ] } },
{ "type": "Feature", "properties": { "OBJECTID": 6568, "CE": "", "CT": "Sector", "ESTAMPA_CC": "2026-05-25 14:18:43" }, "geometry": { "type": "Point", "coordinates": [ 1058628.287150564603508, 866213.750800000037998 ] } },
{ "type": "Feature", "properties": { "OBJECTID": 6571, "CE": "", "CT": "Zona", "ESTAMPA_CC": "2026-05-25 14:18:43" }, "geometry": { "type": "Point", "coordinates": [ 1068142.044298316817731, 869570.080650000018068 ] } },
{ "type": "Feature", "properties": { "OBJECTID": 6577, "CE": "Traslape propio", "CT": "", "ESTAMPA_CC": "2026-05-25 14:18:43" }, "geometry": { "type": "Point", "coordinates": [ 1067716.392075162380934, 872098.305399999953806 ] } },
{ "type": "Feature", "properties": { "OBJECTID": 6579, "CE": "", "CT": "Zona", "ESTAMPA_CC": "2026-05-25 14:18:43" }, "geometry": { "type": "Point", "coordinates": [ 1065952.932704617967829, 876335.080700000049546 ] } },
{ "type": "Feature", "properties": { "OBJECTID": 6581, "CE": "Traslape propio", "CT": "", "ESTAMPA_CC": "2026-05-25 14:18:43" }, "geometry": { "type": "Point", "coordinates": [ 1067416.794910692144185, 871676.982899999944493 ] } },
{ "type": "Feature", "properties": { "OBJECTID": 6596, "CE": "Traslape propio", "CT": "", "ESTAMPA_CC": "2026-05-25 14:18:43" }, "geometry": { "type": "Point", "coordinates": [ 1067419.718643389176577, 871757.010400000028312 ] } },
{ "type": "Feature", "properties": { "OBJECTID": 6598, "CE": "Traslape propio", "CT": "", "ESTAMPA_CC": "2026-05-25 14:18:43" }, "geometry": { "type": "Point", "coordinates": [ 1060777.03519177203998, 867342.030299999983981 ] } },
{ "type": "Feature", "properties": { "OBJECTID": 6602, "CE": "Traslape propio", "CT": "", "ESTAMPA_CC": "2026-05-25 14:18:43" }, "geometry": { "type": "Point", "coordinates": [ 1066126.549909223336726, 875379.98699999996461 ] } },
{ "type": "Feature", "properties": { "OBJECTID": 6607, "CE": "Traslape propio", "CT": "", "ESTAMPA_CC": "2026-05-25 14:18:43" }, "geometry": { "type": "Point", "coordinates": [ 1064753.690530051710084, 874942.8173 ] } },
{ "type": "Feature", "properties": { "OBJECTID": 6608, "CE": "Traslape propio", "CT": "", "ESTAMPA_CC": "2026-05-25 14:18:43" }, "geometry": { "type": "Point", "coordinates": [ 1064664.570158115122467, 875073.67035000002943 ] } },
{ "type": "Feature", "properties": { "OBJECTID": 6616, "CE": "Traslape propio", "CT": "", "ESTAMPA_CC": "2026-05-25 14:18:43" }, "geometry": { "type": "Point", "coordinates": [ 1067265.826650000177324, 868822.671099999919534 ] } },
{ "type": "Feature", "properties": { "OBJECTID": 6619, "CE": "Traslape propio", "CT": "", "ESTAMPA_CC": "2026-05-25 14:18:43" }, "geometry": { "type": "Point", "coordinates": [ 1064744.607243481557816, 877695.431249999906868 ] } },
{ "type": "Feature", "properties": { "OBJECTID": 6620, "CE": "Traslape propio", "CT": "", "ESTAMPA_CC": "2026-05-25 14:18:43" }, "geometry": { "type": "Point", "coordinates": [ 1064663.527759387623519, 877737.973650000058115 ] } },
{ "type": "Feature", "properties": { "OBJECTID": 6624, "CE": "Traslape propio", "CT": "", "ESTAMPA_CC": "2026-05-25 14:18:43" }, "geometry": { "type": "Point", "coordinates": [ 1067374.961878048721701, 868569.158150000032037 ] } },
{ "type": "Feature", "properties": { "OBJECTID": 6630, "CE": "Traslape propio", "CT": "", "ESTAMPA_CC": "2026-05-25 14:18:43" }, "geometry": { "type": "Point", "coordinates": [ 1067348.701643066247925, 868727.059400000027381 ] } },
{ "type": "Feature", "properties": { "OBJECTID": 6631, "CE": "", "CT": "Sector", "ESTAMPA_CC": "2026-05-25 14:18:43" }, "geometry": { "type": "Point", "coordinates": [ 1061247.556232827249914, 873425.513849999988452 ] } },
{ "type": "Feature", "properties": { "OBJECTID": 6637, "CE": "Traslape propio", "CT": "", "ESTAMPA_CC": "2026-05-25 14:18:43" }, "geometry": { "type": "Point", "coordinates": [ 1066536.117807451169938, 872321.98595 ] } },
{ "type": "Feature", "properties": { "OBJECTID": 6640, "CE": "Traslape propio", "CT": "Zona", "ESTAMPA_CC": "2026-05-25 14:18:43" }, "geometry": { "type": "Point", "coordinates": [ 1058593.173158892896026, 870998.107450000010431 ] } },
{ "type": "Feature", "properties": { "OBJECTID": 6664, "CE": "Traslape propio", "CT": "", "ESTAMPA_CC": "2026-05-25 14:18:43" }, "geometry": { "type": "Point", "coordinates": [ 1060806.841816700063646, 866351.808149999938905 ] } },
{ "type": "Feature", "properties": { "OBJECTID": 6665, "CE": "Traslape propio", "CT": "", "ESTAMPA_CC": "2026-05-25 14:18:43" }, "geometry": { "type": "Point", "coordinates": [ 1067251.037354219937697, 868781.139199999975972 ] } },
{ "type": "Feature", "properties": { "OBJECTID": 6675, "CE": "", "CT": "Zona; Sector", "ESTAMPA_CC": "2026-05-25 14:18:43" }, "geometry": { "type": "Point", "coordinates": [ 1065936.915703426580876, 869585.964350000023842 ] } },
{ "type": "Feature", "properties": { "OBJECTID": 6676, "CE": "", "CT": "Zona", "ESTAMPA_CC": "2026-05-25 14:18:43" }, "geometry": { "type": "Point", "coordinates": [ 1062185.983788027428091, 869074.42715 ] } },
{ "type": "Feature", "properties": { "OBJECTID": 6677, "CE": "", "CT": "Zona; Sector", "ESTAMPA_CC": "2026-05-25 14:18:43" }, "geometry": { "type": "Point", "coordinates": [ 1065580.566022858023643, 870029.753950000042096 ] } },
{ "type": "Feature", "properties": { "OBJECTID": 6683, "CE": "Traslape propio", "CT": "", "ESTAMPA_CC": "2026-05-25 14:18:43" }, "geometry": { "type": "Point", "coordinates": [ 1067495.398778193630278, 868282.1585999999661 ] } },
{ "type": "Feature", "properties": { "OBJECTID": 6689, "CE": "Traslape propio", "CT": "Zona", "ESTAMPA_CC": "2026-05-25 14:18:43" }, "geometry": { "type": "Point", "coordinates": [ 1066840.453709160909057, 872165.711250000051223 ] } },
{ "type": "Feature", "properties": { "OBJECTID": 6690, "CE": "", "CT": "Zona", "ESTAMPA_CC": "2026-05-25 14:18:43" }, "geometry": { "type": "Point", "coordinates": [ 1068036.61685084970668, 869645.710399999981746 ] } },
{ "type": "Feature", "properties": { "OBJECTID": 6693, "CE": "Traslape propio", "CT": "", "ESTAMPA_CC": "2026-05-25 14:18:43" }, "geometry": { "type": "Point", "coordinates": [ 1067093.479888550937176, 872114.441600000020117 ] } },
{ "type": "Feature", "properties": { "OBJECTID": 6697, "CE": "Traslape propio", "CT": "Zona", "ESTAMPA_CC": "2026-05-25 14:18:43" }, "geometry": { "type": "Point", "coordinates": [ 1067507.415783618343994, 868061.6616 ] } },
{ "type": "Feature", "properties": { "OBJECTID": 6700, "CE": "", "CT": "Zona; Sector", "ESTAMPA_CC": "2026-05-25 14:18:43" }, "geometry": { "type": "Point", "coordinates": [ 1062875.546568136429414, 872105.69960000005085 ] } },
{ "type": "Feature", "properties": { "OBJECTID": 6705, "CE": "", "CT": "Zona; Sector", "ESTAMPA_CC": "2026-05-25 14:18:43" }, "geometry": { "type": "Point", "coordinates": [ 1064679.234858721960336, 878619.24075 ] } },
{ "type": "Feature", "properties": { "OBJECTID": 6719, "CE": "Traslape propio", "CT": "", "ESTAMPA_CC": "2026-05-25 14:18:43" }, "geometry": { "type": "Point", "coordinates": [ 1058680.642174446955323, 871266.447150000021793 ] } },
{ "type": "Feature", "properties": { "OBJECTID": 6726, "CE": "", "CT": "Zona; Sector", "ESTAMPA_CC": "2026-05-25 14:18:43" }, "geometry": { "type": "Point", "coordinates": [ 1065769.43414054135792, 870765.1923 ] } },
{ "type": "Feature", "properties": { "OBJECTID": 6741, "CE": "", "CT": "Zona", "ESTAMPA_CC": "2026-05-25 14:18:43" }, "geometry": { "type": "Point", "coordinates": [ 1068314.337118034251034, 871077.648199999937788 ] } },
{ "type": "Feature", "properties": { "OBJECTID": 6748, "CE": "", "CT": "Zona", "ESTAMPA_CC": "2026-05-25 14:18:43" }, "geometry": { "type": "Point", "coordinates": [ 1057631.684872407931834, 866195.918349999934435 ] } },
{ "type": "Feature", "properties": { "OBJECTID": 6773, "CE": "", "CT": "Zona; Sector", "ESTAMPA_CC": "2026-05-25 14:18:43" }, "geometry": { "type": "Point", "coordinates": [ 1064137.896888439543545, 870445.1609499999322 ] } },
{ "type": "Feature", "properties": { "OBJECTID": 6776, "CE": "", "CT": "Sector", "ESTAMPA_CC": "2026-05-25 14:18:43" }, "geometry": { "type": "Point", "coordinates": [ 1059079.636584748048335, 868024.80195 ] } },
{ "type": "Feature", "properties": { "OBJECTID": 6780, "CE": "", "CT": "Zona; Sector", "ESTAMPA_CC": "2026-05-25 14:18:43" }, "geometry": { "type": "Point", "coordinates": [ 1065356.052054209401831, 870468.992250000010245 ] } },
{ "type": "Feature", "properties": { "OBJECTID": 6784, "CE": "", "CT": "Zona; Sector", "ESTAMPA_CC": "2026-05-25 14:18:43" }, "geometry": { "type": "Point", "coordinates": [ 1065485.928397043608129, 869974.809400000027381 ] } },
{ "type": "Feature", "properties": { "OBJECTID": 6789, "CE": "", "CT": "Sector", "ESTAMPA_CC": "2026-05-25 14:18:43" }, "geometry": { "type": "Point", "coordinates": [ 1063148.915632703341544, 871222.901349999941885 ] } },
{ "type": "Feature", "properties": { "OBJECTID": 6797, "CE": "Traslape propio", "CT": "", "ESTAMPA_CC": "2026-05-25 14:18:43" }, "geometry": { "type": "Point", "coordinates": [ 1060533.462463504169136, 877397.144500000053085 ] } },
{ "type": "Feature", "properties": { "OBJECTID": 6798, "CE": "", "CT": "Sector", "ESTAMPA_CC": "2026-05-25 14:18:43" }, "geometry": { "type": "Point", "coordinates": [ 1064449.278569816146046, 871492.237650000024587 ] } },
{ "type": "Feature", "properties": { "OBJECTID": 6799, "CE": "", "CT": "Zona; Sector", "ESTAMPA_CC": "2026-05-25 14:18:43" }, "geometry": { "type": "Point", "coordinates": [ 1065068.627588833682239, 871640.7095 ] } },
{ "type": "Feature", "properties": { "OBJECTID": 6808, "CE": "Traslape propio", "CT": "Zona", "ESTAMPA_CC": "2026-05-25 14:18:43" }, "geometry": { "type": "Point", "coordinates": [ 1060785.817706869216636, 866219.527800000039861 ] } },
{ "type": "Feature", "properties": { "OBJECTID": 6827, "CE": "", "CT": "Zona; Sector", "ESTAMPA_CC": "2026-05-25 14:18:43" }, "geometry": { "type": "Point", "coordinates": [ 1066798.952551003079861, 869872.998099999967963 ] } },
{ "type": "Feature", "properties": { "OBJECTID": 6831, "CE": "Duplicado", "CT": "Departamento; Municipio; Zona; Sector", "ESTAMPA_CC": "2026-05-25 14:18:43" }, "geometry": { "type": "Point", "coordinates": [ 1064873.635895057581365, 873314.481350000016391 ] } },
{ "type": "Feature", "properties": { "OBJECTID": 6836, "CE": "", "CT": "Zona", "ESTAMPA_CC": "2026-05-25 14:18:43" }, "geometry": { "type": "Point", "coordinates": [ 1062830.398353306110948, 871524.047999999951571 ] } },
{ "type": "Feature", "properties": { "OBJECTID": 6843, "CE": "Traslape propio", "CT": "", "ESTAMPA_CC": "2026-05-25 14:18:43" }, "geometry": { "type": "Point", "coordinates": [ 1067826.048221722245216, 871739.744849999900907 ] } },
{ "type": "Feature", "properties": { "OBJECTID": 6844, "CE": "Traslape propio", "CT": "", "ESTAMPA_CC": "2026-05-25 14:18:43" }, "geometry": { "type": "Point", "coordinates": [ 1066670.596905773505569, 874238.383099999977276 ] } },
{ "type": "Feature", "properties": { "OBJECTID": 6859, "CE": "", "CT": "Zona; Sector", "ESTAMPA_CC": "2026-05-25 14:18:43" }, "geometry": { "type": "Point", "coordinates": [ 1066133.88705143565312, 870314.170599999953993 ] } },
{ "type": "Feature", "properties": { "OBJECTID": 6881, "CE": "", "CT": "Zona", "ESTAMPA_CC": "2026-05-25 14:18:43" }, "geometry": { "type": "Point", "coordinates": [ 1063977.475783053552732, 875389.51185 ] } },
{ "type": "Feature", "properties": { "OBJECTID": 6885, "CE": "", "CT": "Zona; Sector", "ESTAMPA_CC": "2026-05-25 14:18:43" }, "geometry": { "type": "Point", "coordinates": [ 1060211.830434886272997, 868847.485300000058487 ] } },
{ "type": "Feature", "properties": { "OBJECTID": 6886, "CE": "", "CT": "Zona; Sector", "ESTAMPA_CC": "2026-05-25 14:18:43" }, "geometry": { "type": "Point", "coordinates": [ 1060633.646871430799365, 869334.495099999941885 ] } },
{ "type": "Feature", "properties": { "OBJECTID": 6890, "CE": "", "CT": "Zona; Sector", "ESTAMPA_CC": "2026-05-25 14:18:43" }, "geometry": { "type": "Point", "coordinates": [ 1065077.117953930748627, 876671.202950000064448 ] } },
{ "type": "Feature", "properties": { "OBJECTID": 6895, "CE": "Traslape propio", "CT": "Zona", "ESTAMPA_CC": "2026-05-25 14:18:43" }, "geometry": { "type": "Point", "coordinates": [ 1067638.0237441805657, 869913.813199999975041 ] } },
{ "type": "Feature", "properties": { "OBJECTID": 6914, "CE": "Traslape propio", "CT": "Zona", "ESTAMPA_CC": "2026-05-25 14:18:43" }, "geometry": { "type": "Point", "coordinates": [ 1059584.455246210563928, 864945.333499999949709 ] } },
{ "type": "Feature", "properties": { "OBJECTID": 6932, "CE": "", "CT": "Zona", "ESTAMPA_CC": "2026-05-25 14:18:43" }, "geometry": { "type": "Point", "coordinates": [ 1063669.714665152365342, 867299.49875000002794 ] } },
{ "type": "Feature", "properties": { "OBJECTID": 6935, "CE": "", "CT": "Zona", "ESTAMPA_CC": "2026-05-25 14:18:43" }, "geometry": { "type": "Point", "coordinates": [ 1063908.65123760770075, 867924.683699999935925 ] } },
{ "type": "Feature", "properties": { "OBJECTID": 6946, "CE": "", "CT": "Sector", "ESTAMPA_CC": "2026-05-25 14:18:43" }, "geometry": { "type": "Point", "coordinates": [ 1063696.384254685603082, 872003.396050000097603 ] } },
{ "type": "Feature", "properties": { "OBJECTID": 6956, "CE": "Traslape propio", "CT": "", "ESTAMPA_CC": "2026-05-25 14:18:43" }, "geometry": { "type": "Point", "coordinates": [ 1059817.749845653772354, 866826.097850000020117 ] } },
{ "type": "Feature", "properties": { "OBJECTID": 6966, "CE": "Traslape propio", "CT": "", "ESTAMPA_CC": "2026-05-25 14:18:43" }, "geometry": { "type": "Point", "coordinates": [ 1057092.351907182484865, 869251.751900000032037 ] } },
{ "type": "Feature", "properties": { "OBJECTID": 6968, "CE": "Traslape propio", "CT": "", "ESTAMPA_CC": "2026-05-25 14:18:43" }, "geometry": { "type": "Point", "coordinates": [ 1067882.105404666159302, 871806.307849999982864 ] } },
{ "type": "Feature", "properties": { "OBJECTID": 6969, "CE": "", "CT": "Zona; Sector", "ESTAMPA_CC": "2026-05-25 14:18:43" }, "geometry": { "type": "Point", "coordinates": [ 1065342.110299378633499, 877442.599550000042655 ] } },
{ "type": "Feature", "properties": { "OBJECTID": 6973, "CE": "", "CT": "Zona; Sector", "ESTAMPA_CC": "2026-05-25 14:18:43" }, "geometry": { "type": "Point", "coordinates": [ 1065460.557050834409893, 878058.146949999965727 ] } },
{ "type": "Feature", "properties": { "OBJECTID": 6974, "CE": "", "CT": "Zona", "ESTAMPA_CC": "2026-05-25 14:18:43" }, "geometry": { "type": "Point", "coordinates": [ 1063487.866250909864902, 866963.324749999912456 ] } },
{ "type": "Feature", "properties": { "OBJECTID": 6980, "CE": "Traslape propio", "CT": "", "ESTAMPA_CC": "2026-05-25 14:18:43" }, "geometry": { "type": "Point", "coordinates": [ 1062447.279449999798089, 866265.67090000002645 ] } },
{ "type": "Feature", "properties": { "OBJECTID": 6996, "CE": "Traslape propio", "CT": "", "ESTAMPA_CC": "2026-05-25 14:18:43" }, "geometry": { "type": "Point", "coordinates": [ 1057747.800403458066285, 865794.9806 ] } },
{ "type": "Feature", "properties": { "OBJECTID": 7005, "CE": "Traslape propio", "CT": "", "ESTAMPA_CC": "2026-05-25 14:18:43" }, "geometry": { "type": "Point", "coordinates": [ 1057794.696399638429284, 864872.160849999985658 ] } },
{ "type": "Feature", "properties": { "OBJECTID": 7015, "CE": "", "CT": "Zona", "ESTAMPA_CC": "2026-05-25 14:18:43" }, "geometry": { "type": "Point", "coordinates": [ 1064352.353699929080904, 868304.768350000027567 ] } },
{ "type": "Feature", "properties": { "OBJECTID": 7016, "CE": "Traslape propio", "CT": "", "ESTAMPA_CC": "2026-05-25 14:18:43" }, "geometry": { "type": "Point", "coordinates": [ 1067630.083181377733126, 867977.987650000024587 ] } },
{ "type": "Feature", "properties": { "OBJECTID": 7020, "CE": "Traslape propio", "CT": "", "ESTAMPA_CC": "2026-05-25 14:18:43" }, "geometry": { "type": "Point", "coordinates": [ 1063196.472525051329285, 867560.5207 ] } },
{ "type": "Feature", "properties": { "OBJECTID": 7024, "CE": "Traslape propio", "CT": "", "ESTAMPA_CC": "2026-05-25 14:18:43" }, "geometry": { "type": "Point", "coordinates": [ 1061276.625700197881088, 867886.085199999972247 ] } },
{ "type": "Feature", "properties": { "OBJECTID": 7025, "CE": "Traslape propio", "CT": "", "ESTAMPA_CC": "2026-05-25 14:18:43" }, "geometry": { "type": "Point", "coordinates": [ 1067063.787870068568736, 871941.974949999945238 ] } },
{ "type": "Feature", "properties": { "OBJECTID": 7029, "CE": "", "CT": "Zona", "ESTAMPA_CC": "2026-05-25 14:18:43" }, "geometry": { "type": "Point", "coordinates": [ 1057496.600294977426529, 866541.279149999958463 ] } },
{ "type": "Feature", "properties": { "OBJECTID": 7030, "CE": "", "CT": "Zona", "ESTAMPA_CC": "2026-05-25 14:18:43" }, "geometry": { "type": "Point", "coordinates": [ 1062541.518033479806036, 871155.185249999980442 ] } },
{ "type": "Feature", "properties": { "OBJECTID": 7033, "CE": "Traslape propio", "CT": "", "ESTAMPA_CC": "2026-05-25 14:18:43" }, "geometry": { "type": "Point", "coordinates": [ 1064418.860308519098908, 870233.406650000018999 ] } },
{ "type": "Feature", "properties": { "OBJECTID": 7037, "CE": "Traslape propio", "CT": "", "ESTAMPA_CC": "2026-05-25 14:18:43" }, "geometry": { "type": "Point", "coordinates": [ 1067448.213385902810842, 872101.593600000021979 ] } },
{ "type": "Feature", "properties": { "OBJECTID": 7046, "CE": "", "CT": "Sector", "ESTAMPA_CC": "2026-05-25 14:18:43" }, "geometry": { "type": "Point", "coordinates": [ 1058713.405841678846627, 870050.730100000044331 ] } },
{ "type": "Feature", "properties": { "OBJECTID": 7060, "CE": "", "CT": "Zona; Sector", "ESTAMPA_CC": "2026-05-25 14:18:43" }, "geometry": { "type": "Point", "coordinates": [ 1064668.264505138853565, 878145.45699999993667 ] } },
{ "type": "Feature", "properties": { "OBJECTID": 7061, "CE": "", "CT": "Zona; Sector", "ESTAMPA_CC": "2026-05-25 14:18:43" }, "geometry": { "type": "Point", "coordinates": [ 1064462.397911101114005, 878225.108 ] } },
{ "type": "Feature", "properties": { "OBJECTID": 7069, "CE": "", "CT": "Zona", "ESTAMPA_CC": "2026-05-25 14:18:43" }, "geometry": { "type": "Point", "coordinates": [ 1057824.902181742480025, 864938.108599999919534 ] } },
{ "type": "Feature", "properties": { "OBJECTID": 7073, "CE": "", "CT": "Sector", "ESTAMPA_CC": "2026-05-25 14:18:43" }, "geometry": { "type": "Point", "coordinates": [ 1058537.480710990726948, 864725.58960000006482 ] } },
{ "type": "Feature", "properties": { "OBJECTID": 7088, "CE": "", "CT": "Sector", "ESTAMPA_CC": "2026-05-25 14:18:43" }, "geometry": { "type": "Point", "coordinates": [ 1061377.410047024488449, 873616.684149999986403 ] } },
{ "type": "Feature", "properties": { "OBJECTID": 7093, "CE": "", "CT": "Zona; Sector", "ESTAMPA_CC": "2026-05-25 14:18:43" }, "geometry": { "type": "Point", "coordinates": [ 1066516.239622734254226, 875974.516550000058487 ] } },
{ "type": "Feature", "properties": { "OBJECTID": 7096, "CE": "", "CT": "Sector", "ESTAMPA_CC": "2026-05-25 14:18:43" }, "geometry": { "type": "Point", "coordinates": [ 1061296.33366323588416, 874311.713849999941885 ] } },
{ "type": "Feature", "properties": { "OBJECTID": 7098, "CE": "", "CT": "Zona; Sector", "ESTAMPA_CC": "2026-05-25 14:18:43" }, "geometry": { "type": "Point", "coordinates": [ 1065670.758031646255404, 873902.90515 ] } },
{ "type": "Feature", "properties": { "OBJECTID": 7099, "CE": "", "CT": "Sector", "ESTAMPA_CC": "2026-05-25 14:18:43" }, "geometry": { "type": "Point", "coordinates": [ 1063371.545626257546246, 871574.5921 ] } },
{ "type": "Feature", "properties": { "OBJECTID": 7106, "CE": "", "CT": "Zona", "ESTAMPA_CC": "2026-05-25 14:18:43" }, "geometry": { "type": "Point", "coordinates": [ 1066836.353665636852384, 868848.16105 ] } },
{ "type": "Feature", "properties": { "OBJECTID": 7108, "CE": "Traslape propio", "CT": "Zona", "ESTAMPA_CC": "2026-05-25 14:18:43" }, "geometry": { "type": "Point", "coordinates": [ 1067250.3617110659834, 868628.261600000085309 ] } },
{ "type": "Feature", "properties": { "OBJECTID": 7110, "CE": "", "CT": "Sector", "ESTAMPA_CC": "2026-05-25 14:18:43" }, "geometry": { "type": "Point", "coordinates": [ 1058562.180422986391932, 869746.696500000078231 ] } },
{ "type": "Feature", "properties": { "OBJECTID": 7111, "CE": "", "CT": "Sector", "ESTAMPA_CC": "2026-05-25 14:18:43" }, "geometry": { "type": "Point", "coordinates": [ 1063390.26327742729336, 870562.773999999975786 ] } },
{ "type": "Feature", "properties": { "OBJECTID": 7112, "CE": "", "CT": "Zona", "ESTAMPA_CC": "2026-05-25 14:18:43" }, "geometry": { "type": "Point", "coordinates": [ 1066000.227671496802941, 877363.991949999937788 ] } },
{ "type": "Feature", "properties": { "OBJECTID": 7120, "CE": "", "CT": "Sector", "ESTAMPA_CC": "2026-05-25 14:18:43" }, "geometry": { "type": "Point", "coordinates": [ 1061815.242484708316624, 873568.019150000065565 ] } },
{ "type": "Feature", "properties": { "OBJECTID": 7121, "CE": "", "CT": "Zona; Sector", "ESTAMPA_CC": "2026-05-25 14:18:43" }, "geometry": { "type": "Point", "coordinates": [ 1064114.038042974891141, 877702.527950000017881 ] } },
{ "type": "Feature", "properties": { "OBJECTID": 7123, "CE": "", "CT": "Zona; Sector", "ESTAMPA_CC": "2026-05-25 14:18:43" }, "geometry": { "type": "Point", "coordinates": [ 1065152.52990913647227, 872751.500400000018999 ] } },
{ "type": "Feature", "properties": { "OBJECTID": 7124, "CE": "", "CT": "Zona; Sector", "ESTAMPA_CC": "2026-05-25 14:18:43" }, "geometry": { "type": "Point", "coordinates": [ 1065750.854101895820349, 878077.042850000085309 ] } },
{ "type": "Feature", "properties": { "OBJECTID": 7125, "CE": "", "CT": "Zona; Sector", "ESTAMPA_CC": "2026-05-25 14:18:43" }, "geometry": { "type": "Point", "coordinates": [ 1064751.477299176855013, 878282.377099999925122 ] } },
{ "type": "Feature", "properties": { "OBJECTID": 7139, "CE": "Traslape propio", "CT": "", "ESTAMPA_CC": "2026-05-25 14:18:43" }, "geometry": { "type": "Point", "coordinates": [ 1065935.133590738754719, 874940.410000000032596 ] } },
{ "type": "Feature", "properties": { "OBJECTID": 7142, "CE": "Traslape propio", "CT": "Zona", "ESTAMPA_CC": "2026-05-25 14:18:43" }, "geometry": { "type": "Point", "coordinates": [ 1062809.7704435326159, 867332.5945 ] } },
{ "type": "Feature", "properties": { "OBJECTID": 7147, "CE": "", "CT": "Zona", "ESTAMPA_CC": "2026-05-25 14:18:43" }, "geometry": { "type": "Point", "coordinates": [ 1062971.550490687368438, 867857.224249999970198 ] } },
{ "type": "Feature", "properties": { "OBJECTID": 7149, "CE": "Traslape propio", "CT": "", "ESTAMPA_CC": "2026-05-25 14:18:43" }, "geometry": { "type": "Point", "coordinates": [ 1067576.102468502242118, 871685.394850000040606 ] } },
{ "type": "Feature", "properties": { "OBJECTID": 7154, "CE": "Traslape propio", "CT": "", "ESTAMPA_CC": "2026-05-25 14:18:43" }, "geometry": { "type": "Point", "coordinates": [ 1058877.657077531563118, 871714.50649999990128 ] } },
{ "type": "Feature", "properties": { "OBJECTID": 7162, "CE": "", "CT": "Sector", "ESTAMPA_CC": "2026-05-25 14:18:43" }, "geometry": { "type": "Point", "coordinates": [ 1064378.261121683288366, 871528.58379999990575 ] } },
{ "type": "Feature", "properties": { "OBJECTID": 7165, "CE": "Traslape propio", "CT": "", "ESTAMPA_CC": "2026-05-25 14:18:43" }, "geometry": { "type": "Point", "coordinates": [ 1067734.296466249041259, 868374.625449999934062 ] } },
{ "type": "Feature", "properties": { "OBJECTID": 7167, "CE": "Traslape propio", "CT": "", "ESTAMPA_CC": "2026-05-25 14:18:43" }, "geometry": { "type": "Point", "coordinates": [ 1066961.039120861329138, 870904.137050000019372 ] } },
{ "type": "Feature", "properties": { "OBJECTID": 7172, "CE": "", "CT": "Zona; Sector", "ESTAMPA_CC": "2026-05-25 14:18:43" }, "geometry": { "type": "Point", "coordinates": [ 1064562.29821284674108, 878424.42249999998603 ] } },
{ "type": "Feature", "properties": { "OBJECTID": 7199, "CE": "", "CT": "Zona", "ESTAMPA_CC": "2026-05-25 14:18:43" }, "geometry": { "type": "Point", "coordinates": [ 1067553.466665543150157, 867875.438899999950081 ] } },
{ "type": "Feature", "properties": { "OBJECTID": 7202, "CE": "Traslape propio", "CT": "", "ESTAMPA_CC": "2026-05-25 14:18:43" }, "geometry": { "type": "Point", "coordinates": [ 1067458.54520460520871, 868961.79625000001397 ] } },
{ "type": "Feature", "properties": { "OBJECTID": 7203, "CE": "Traslape propio", "CT": "Zona", "ESTAMPA_CC": "2026-05-25 14:18:43" }, "geometry": { "type": "Point", "coordinates": [ 1067467.428337060846388, 871818.293949999962933 ] } },
{ "type": "Feature", "properties": { "OBJECTID": 7204, "CE": "Traslape propio", "CT": "Zona", "ESTAMPA_CC": "2026-05-25 14:18:43" }, "geometry": { "type": "Point", "coordinates": [ 1067563.837893485557288, 867949.923300000024028 ] } },
{ "type": "Feature", "properties": { "OBJECTID": 7209, "CE": "", "CT": "Zona; Sector", "ESTAMPA_CC": "2026-05-25 14:18:43" }, "geometry": { "type": "Point", "coordinates": [ 1064559.463744895998389, 869793.290099999983795 ] } },
{ "type": "Feature", "properties": { "OBJECTID": 7225, "CE": "", "CT": "Zona", "ESTAMPA_CC": "2026-05-25 14:18:43" }, "geometry": { "type": "Point", "coordinates": [ 1067886.523663673549891, 869577.67629999993369 ] } },
{ "type": "Feature", "properties": { "OBJECTID": 7227, "CE": "Traslape propio", "CT": "", "ESTAMPA_CC": "2026-05-25 14:18:43" }, "geometry": { "type": "Point", "coordinates": [ 1057967.16218337463215, 868004.731450000079349 ] } },
{ "type": "Feature", "properties": { "OBJECTID": 7228, "CE": "", "CT": "Zona", "ESTAMPA_CC": "2026-05-25 14:18:43" }, "geometry": { "type": "Point", "coordinates": [ 1067464.984719701111317, 868067.016850000014529 ] } },
{ "type": "Feature", "properties": { "OBJECTID": 7231, "CE": "Traslape propio", "CT": "", "ESTAMPA_CC": "2026-05-25 14:18:43" }, "geometry": { "type": "Point", "coordinates": [ 1064328.387796964496374, 877484.516700000036508 ] } },
{ "type": "Feature", "properties": { "OBJECTID": 7235, "CE": "Traslape propio", "CT": "Zona", "ESTAMPA_CC": "2026-05-25 14:18:43" }, "geometry": { "type": "Point", "coordinates": [ 1062157.282620559912175, 864543.565850000013597 ] } },
{ "type": "Feature", "properties": { "OBJECTID": 7245, "CE": "", "CT": "Zona; Sector", "ESTAMPA_CC": "2026-05-25 14:18:43" }, "geometry": { "type": "Point", "coordinates": [ 1065598.646549925208092, 874345.259399999980815 ] } },
{ "type": "Feature", "properties": { "OBJECTID": 7256, "CE": "Traslape propio", "CT": "", "ESTAMPA_CC": "2026-05-25 14:18:43" }, "geometry": { "type": "Point", "coordinates": [ 1066773.192051815334707, 872221.442700000014156 ] } },
{ "type": "Feature", "properties": { "OBJECTID": 7259, "CE": "", "CT": "Zona", "ESTAMPA_CC": "2026-05-25 14:18:43" }, "geometry": { "type": "Point", "coordinates": [ 1063195.250599453691393, 867956.966299999970943 ] } },
{ "type": "Feature", "properties": { "OBJECTID": 7260, "CE": "Traslape propio", "CT": "", "ESTAMPA_CC": "2026-05-25 14:18:43" }, "geometry": { "type": "Point", "coordinates": [ 1060772.130701421294361, 867204.796649999916553 ] } },
{ "type": "Feature", "properties": { "OBJECTID": 7263, "CE": "", "CT": "Zona; Sector", "ESTAMPA_CC": "2026-05-25 14:18:43" }, "geometry": { "type": "Point", "coordinates": [ 1065881.081413143780082, 872869.093 ] } },
{ "type": "Feature", "properties": { "OBJECTID": 7267, "CE": "", "CT": "Sector", "ESTAMPA_CC": "2026-05-25 14:18:43" }, "geometry": { "type": "Point", "coordinates": [ 1064100.157520372420549, 871493.79845 ] } },
{ "type": "Feature", "properties": { "OBJECTID": 7284, "CE": "Traslape propio", "CT": "", "ESTAMPA_CC": "2026-05-25 14:18:43" }, "geometry": { "type": "Point", "coordinates": [ 1057577.928226789226755, 865728.944750000024214 ] } },
{ "type": "Feature", "properties": { "OBJECTID": 7285, "CE": "", "CT": "Zona", "ESTAMPA_CC": "2026-05-25 14:18:43" }, "geometry": { "type": "Point", "coordinates": [ 1058128.628182905493304, 865174.487850000034086 ] } },
{ "type": "Feature", "properties": { "OBJECTID": 7297, "CE": "", "CT": "Zona", "ESTAMPA_CC": "2026-05-25 14:18:43" }, "geometry": { "type": "Point", "coordinates": [ 1064949.995967025868595, 879056.588050000020303 ] } },
{ "type": "Feature", "properties": { "OBJECTID": 7299, "CE": "Traslape propio", "CT": "Zona", "ESTAMPA_CC": "2026-05-25 14:18:43" }, "geometry": { "type": "Point", "coordinates": [ 1067544.982605747878551, 871955.066600000020117 ] } },
{ "type": "Feature", "properties": { "OBJECTID": 7305, "CE": "", "CT": "Sector", "ESTAMPA_CC": "2026-05-25 14:18:43" }, "geometry": { "type": "Point", "coordinates": [ 1058102.866138659883291, 864844.68325 ] } },
{ "type": "Feature", "properties": { "OBJECTID": 7319, "CE": "", "CT": "Zona; Sector", "ESTAMPA_CC": "2026-05-25 14:18:43" }, "geometry": { "type": "Point", "coordinates": [ 1065496.800663852365687, 872988.430799999972805 ] } },
{ "type": "Feature", "properties": { "OBJECTID": 7326, "CE": "Traslape propio", "CT": "", "ESTAMPA_CC": "2026-05-25 14:18:43" }, "geometry": { "type": "Point", "coordinates": [ 1061007.543430239427835, 867152.668199999956414 ] } },
{ "type": "Feature", "properties": { "OBJECTID": 7333, "CE": "", "CT": "Sector", "ESTAMPA_CC": "2026-05-25 14:18:43" }, "geometry": { "type": "Point", "coordinates": [ 1063716.381050269119442, 871964.87859999993816 ] } },
{ "type": "Feature", "properties": { "OBJECTID": 7336, "CE": "", "CT": "Zona; Sector", "ESTAMPA_CC": "2026-05-25 14:18:43" }, "geometry": { "type": "Point", "coordinates": [ 1067150.0673698191531, 871186.528600000077859 ] } },
{ "type": "Feature", "properties": { "OBJECTID": 7342, "CE": "", "CT": "Zona", "ESTAMPA_CC": "2026-05-25 14:18:43" }, "geometry": { "type": "Point", "coordinates": [ 1062187.015145445941016, 870336.109350000042468 ] } },
{ "type": "Feature", "properties": { "OBJECTID": 7354, "CE": "", "CT": "Sector", "ESTAMPA_CC": "2026-05-25 14:18:43" }, "geometry": { "type": "Point", "coordinates": [ 1059824.297088263556361, 872673.556850000051782 ] } },
{ "type": "Feature", "properties": { "OBJECTID": 7366, "CE": "", "CT": "Sector", "ESTAMPA_CC": "2026-05-25 14:18:43" }, "geometry": { "type": "Point", "coordinates": [ 1058501.770041498821229, 870014.579350000014529 ] } },
{ "type": "Feature", "properties": { "OBJECTID": 7379, "CE": "", "CT": "Zona", "ESTAMPA_CC": "2026-05-25 14:18:43" }, "geometry": { "type": "Point", "coordinates": [ 1057424.385436808690429, 870036.71635 ] } },
{ "type": "Feature", "properties": { "OBJECTID": 7392, "CE": "Traslape propio", "CT": "", "ESTAMPA_CC": "2026-05-25 14:18:43" }, "geometry": { "type": "Point", "coordinates": [ 1067237.797391869826242, 868753.893200000049546 ] } },
{ "type": "Feature", "properties": { "OBJECTID": 7396, "CE": "", "CT": "Zona", "ESTAMPA_CC": "2026-05-25 14:18:43" }, "geometry": { "type": "Point", "coordinates": [ 1064459.512639976106584, 877784.5993 ] } },
{ "type": "Feature", "properties": { "OBJECTID": 7399, "CE": "Traslape propio", "CT": "", "ESTAMPA_CC": "2026-05-25 14:18:43" }, "geometry": { "type": "Point", "coordinates": [ 1057297.66163218813017, 873305.468799999915063 ] } },
{ "type": "Feature", "properties": { "OBJECTID": 7400, "CE": "", "CT": "Zona", "ESTAMPA_CC": "2026-05-25 14:18:43" }, "geometry": { "type": "Point", "coordinates": [ 1057889.430654424708337, 873677.077550000045449 ] } },
{ "type": "Feature", "properties": { "OBJECTID": 7408, "CE": "Traslape propio", "CT": "", "ESTAMPA_CC": "2026-05-25 14:18:43" }, "geometry": { "type": "Point", "coordinates": [ 1059931.460953179514036, 865172.62300000002142 ] } },
{ "type": "Feature", "properties": { "OBJECTID": 7412, "CE": "Duplicado", "CT": "", "ESTAMPA_CC": "2026-05-25 14:18:43" }, "geometry": { "type": "Point", "coordinates": [ 1066092.982100819470361, 874836.352949999971315 ] } },
{ "type": "Feature", "properties": { "OBJECTID": 7420, "CE": "", "CT": "Zona", "ESTAMPA_CC": "2026-05-25 14:18:43" }, "geometry": { "type": "Point", "coordinates": [ 1067835.88848703308031, 869556.036899999948218 ] } },
{ "type": "Feature", "properties": { "OBJECTID": 7441, "CE": "Traslape propio", "CT": "", "ESTAMPA_CC": "2026-05-25 14:18:43" }, "geometry": { "type": "Point", "coordinates": [ 1058582.821940443944186, 872230.610550000099465 ] } },
{ "type": "Feature", "properties": { "OBJECTID": 7442, "CE": "Traslape propio", "CT": "", "ESTAMPA_CC": "2026-05-25 14:18:43" }, "geometry": { "type": "Point", "coordinates": [ 1064643.526779906591401, 877698.681050000013784 ] } },
{ "type": "Feature", "properties": { "OBJECTID": 7443, "CE": "Traslape propio", "CT": "", "ESTAMPA_CC": "2026-05-25 14:18:43" }, "geometry": { "type": "Point", "coordinates": [ 1064656.79003985458985, 877724.476049999939278 ] } },
{ "type": "Feature", "properties": { "OBJECTID": 7448, "CE": "Traslape propio", "CT": "Zona", "ESTAMPA_CC": "2026-05-25 14:18:43" }, "geometry": { "type": "Point", "coordinates": [ 1067568.404934961348772, 867960.4092 ] } },
{ "type": "Feature", "properties": { "OBJECTID": 7453, "CE": "", "CT": "Zona", "ESTAMPA_CC": "2026-05-25 14:18:43" }, "geometry": { "type": "Point", "coordinates": [ 1064343.189570287708193, 878073.709299999987707 ] } },
{ "type": "Feature", "properties": { "OBJECTID": 7454, "CE": "", "CT": "Zona", "ESTAMPA_CC": "2026-05-25 14:18:43" }, "geometry": { "type": "Point", "coordinates": [ 1066035.806158523540944, 872423.887049719574861 ] } },
{ "type": "Feature", "properties": { "OBJECTID": 7455, "CE": "", "CT": "Zona; Sector", "ESTAMPA_CC": "2026-05-25 14:18:43" }, "geometry": { "type": "Point", "coordinates": [ 1066826.34287801454775, 869829.327350000035949 ] } },
{ "type": "Feature", "properties": { "OBJECTID": 7460, "CE": "", "CT": "Sector", "ESTAMPA_CC": "2026-05-25 14:18:43" }, "geometry": { "type": "Point", "coordinates": [ 1057507.174007954541594, 866258.849200000055134 ] } },
{ "type": "Feature", "properties": { "OBJECTID": 7464, "CE": "Traslape propio", "CT": "", "ESTAMPA_CC": "2026-05-25 14:18:43" }, "geometry": { "type": "Point", "coordinates": [ 1057433.970249520149082, 865351.797100000083447 ] } },
{ "type": "Feature", "properties": { "OBJECTID": 7472, "CE": "Traslape propio", "CT": "", "ESTAMPA_CC": "2026-05-25 14:18:43" }, "geometry": { "type": "Point", "coordinates": [ 1064444.127703818259761, 877600.471249999944121 ] } },
{ "type": "Feature", "properties": { "OBJECTID": 7478, "CE": "", "CT": "Zona; Sector", "ESTAMPA_CC": "2026-05-25 14:18:43" }, "geometry": { "type": "Point", "coordinates": [ 1064377.353532325243577, 878027.820599999977276 ] } },
{ "type": "Feature", "properties": { "OBJECTID": 7479, "CE": "Traslape propio", "CT": "Zona; Sector", "ESTAMPA_CC": "2026-05-25 14:18:43" }, "geometry": { "type": "Point", "coordinates": [ 1064591.690617435611784, 877774.995950000011362 ] } },
{ "type": "Feature", "properties": { "OBJECTID": 7480, "CE": "", "CT": "Zona; Sector", "ESTAMPA_CC": "2026-05-25 14:18:43" }, "geometry": { "type": "Point", "coordinates": [ 1064713.880181436659768, 877794.10355 ] } },
{ "type": "Feature", "properties": { "OBJECTID": 7494, "CE": "Traslape propio", "CT": "", "ESTAMPA_CC": "2026-05-25 14:18:43" }, "geometry": { "type": "Point", "coordinates": [ 1064420.460388821316883, 877566.0699 ] } },
{ "type": "Feature", "properties": { "OBJECTID": 7495, "CE": "Traslape propio", "CT": "", "ESTAMPA_CC": "2026-05-25 14:18:43" }, "geometry": { "type": "Point", "coordinates": [ 1065976.363656116416678, 871213.907300000078976 ] } },
{ "type": "Feature", "properties": { "OBJECTID": 7502, "CE": "", "CT": "Zona", "ESTAMPA_CC": "2026-05-25 14:18:43" }, "geometry": { "type": "Point", "coordinates": [ 1061822.702432586811483, 875108.1311 ] } },
{ "type": "Feature", "properties": { "OBJECTID": 7503, "CE": "Traslape propio", "CT": "", "ESTAMPA_CC": "2026-05-25 14:18:43" }, "geometry": { "type": "Point", "coordinates": [ 1064436.400312908692285, 877589.052149999886751 ] } },
{ "type": "Feature", "properties": { "OBJECTID": 7504, "CE": "Traslape propio", "CT": "", "ESTAMPA_CC": "2026-05-25 14:18:43" }, "geometry": { "type": "Point", "coordinates": [ 1064467.352283254731447, 877637.777950000017881 ] } },
{ "type": "Feature", "properties": { "OBJECTID": 7505, "CE": "Traslape propio", "CT": "", "ESTAMPA_CC": "2026-05-25 14:18:43" }, "geometry": { "type": "Point", "coordinates": [ 1064450.329633805900812, 877613.974200000055134 ] } },
{ "type": "Feature", "properties": { "OBJECTID": 7507, "CE": "Error de área", "CT": "", "ESTAMPA_CC": "2026-05-25 14:18:43" }, "geometry": { "type": "Point", "coordinates": [ 1058120.752382153877988, 864205.014899999951012 ] } },
{ "type": "Feature", "properties": { "OBJECTID": 7511, "CE": "Traslape propio", "CT": "Zona", "ESTAMPA_CC": "2026-05-25 14:18:43" }, "geometry": { "type": "Point", "coordinates": [ 1067390.548966269940138, 868469.018150000018068 ] } },
{ "type": "Feature", "properties": { "OBJECTID": 7512, "CE": "Traslape propio", "CT": "", "ESTAMPA_CC": "2026-05-25 14:18:43" }, "geometry": { "type": "Point", "coordinates": [ 1060431.032235772581771, 866797.31065 ] } },
{ "type": "Feature", "properties": { "OBJECTID": 7516, "CE": "", "CT": "Zona; Sector", "ESTAMPA_CC": "2026-05-25 14:18:43" }, "geometry": { "type": "Point", "coordinates": [ 1066466.856026394758373, 874058.369949999963865 ] } },
{ "type": "Feature", "properties": { "OBJECTID": 7519, "CE": "Traslape propio", "CT": "", "ESTAMPA_CC": "2026-05-25 14:18:43" }, "geometry": { "type": "Point", "coordinates": [ 1067488.100109084043652, 868951.5890500000678 ] } },
{ "type": "Feature", "properties": { "OBJECTID": 7520, "CE": "", "CT": "Sector", "ESTAMPA_CC": "2026-05-25 14:18:43" }, "geometry": { "type": "Point", "coordinates": [ 1063087.258815368404612, 871146.453450000029989 ] } },
{ "type": "Feature", "properties": { "OBJECTID": 7543, "CE": "", "CT": "Zona; Sector", "ESTAMPA_CC": "2026-05-25 14:18:43" }, "geometry": { "type": "Point", "coordinates": [ 1065654.74069254938513, 878062.59985 ] } },
{ "type": "Feature", "properties": { "OBJECTID": 7545, "CE": "", "CT": "Zona; Sector", "ESTAMPA_CC": "2026-05-25 14:18:43" }, "geometry": { "type": "Point", "coordinates": [ 1066392.954794370103627, 876323.281500000040978 ] } },
{ "type": "Feature", "properties": { "OBJECTID": 7547, "CE": "", "CT": "Zona; Sector", "ESTAMPA_CC": "2026-05-25 14:18:43" }, "geometry": { "type": "Point", "coordinates": [ 1066084.2252426892519, 876451.9710999999661 ] } },
{ "type": "Feature", "properties": { "OBJECTID": 7550, "CE": "", "CT": "Zona; Sector", "ESTAMPA_CC": "2026-05-25 14:18:43" }, "geometry": { "type": "Point", "coordinates": [ 1065700.886993783060461, 875236.509399999980815 ] } },
{ "type": "Feature", "properties": { "OBJECTID": 7555, "CE": "", "CT": "Zona", "ESTAMPA_CC": "2026-05-25 14:18:43" }, "geometry": { "type": "Point", "coordinates": [ 1068151.28439273359254, 869654.691400000010617 ] } },
{ "type": "Feature", "properties": { "OBJECTID": 7556, "CE": "Traslape propio", "CT": "Zona", "ESTAMPA_CC": "2026-05-25 14:18:43" }, "geometry": { "type": "Point", "coordinates": [ 1067261.960454046493396, 868554.795799999963492 ] } },
{ "type": "Feature", "properties": { "OBJECTID": 7557, "CE": "Traslape propio", "CT": "", "ESTAMPA_CC": "2026-05-25 14:18:43" }, "geometry": { "type": "Point", "coordinates": [ 1064766.888676305301487, 877650.987350000068545 ] } },
{ "type": "Feature", "properties": { "OBJECTID": 7568, "CE": "Traslape propio", "CT": "", "ESTAMPA_CC": "2026-05-25 14:18:43" }, "geometry": { "type": "Point", "coordinates": [ 1065768.06998631125316, 877832.225300000049174 ] } },
{ "type": "Feature", "properties": { "OBJECTID": 7580, "CE": "", "CT": "Zona; Sector", "ESTAMPA_CC": "2026-05-25 14:18:43" }, "geometry": { "type": "Point", "coordinates": [ 1064585.776417432818562, 869818.910200000042096 ] } },
{ "type": "Feature", "properties": { "OBJECTID": 7591, "CE": "", "CT": "Sector", "ESTAMPA_CC": "2026-05-25 14:18:43" }, "geometry": { "type": "Point", "coordinates": [ 1061412.076568213058636, 873525.53605 ] } },
{ "type": "Feature", "properties": { "OBJECTID": 7599, "CE": "", "CT": "Sector", "ESTAMPA_CC": "2026-05-25 14:18:43" }, "geometry": { "type": "Point", "coordinates": [ 1059233.504207991762087, 868037.722150000045076 ] } },
{ "type": "Feature", "properties": { "OBJECTID": 7628, "CE": "Traslape propio", "CT": "", "ESTAMPA_CC": "2026-05-25 14:18:43" }, "geometry": { "type": "Point", "coordinates": [ 1062466.189485050737858, 866810.837300000013784 ] } },
{ "type": "Feature", "properties": { "OBJECTID": 7630, "CE": "", "CT": "Zona", "ESTAMPA_CC": "2026-05-25 14:18:43" }, "geometry": { "type": "Point", "coordinates": [ 1061675.707578494213521, 867277.68894999998156 ] } },
{ "type": "Feature", "properties": { "OBJECTID": 7632, "CE": "Traslape propio", "CT": "", "ESTAMPA_CC": "2026-05-25 14:18:43" }, "geometry": { "type": "Point", "coordinates": [ 1064537.337469321675599, 874995.0895 ] } },
{ "type": "Feature", "properties": { "OBJECTID": 7634, "CE": "Traslape propio", "CT": "Zona; Sector", "ESTAMPA_CC": "2026-05-25 14:18:43" }, "geometry": { "type": "Point", "coordinates": [ 1064509.845500919502228, 877694.81175 ] } },
{ "type": "Feature", "properties": { "OBJECTID": 7637, "CE": "Traslape propio", "CT": "", "ESTAMPA_CC": "2026-05-25 14:18:43" }, "geometry": { "type": "Point", "coordinates": [ 1064424.807939477963373, 870285.742850000038743 ] } },
{ "type": "Feature", "properties": { "OBJECTID": 7651, "CE": "", "CT": "Zona; Sector", "ESTAMPA_CC": "2026-05-25 14:18:43" }, "geometry": { "type": "Point", "coordinates": [ 1065468.416919943643734, 878002.329300000099465 ] } },
{ "type": "Feature", "properties": { "OBJECTID": 7652, "CE": "", "CT": "Zona; Sector", "ESTAMPA_CC": "2026-05-25 14:18:43" }, "geometry": { "type": "Point", "coordinates": [ 1064592.336288742953911, 877502.192700000014156 ] } },
{ "type": "Feature", "properties": { "OBJECTID": 7656, "CE": "", "CT": "Sector", "ESTAMPA_CC": "2026-05-25 14:18:43" }, "geometry": { "type": "Point", "coordinates": [ 1058546.061020191060379, 870231.46875 ] } },
{ "type": "Feature", "properties": { "OBJECTID": 7661, "CE": "", "CT": "Zona; Sector", "ESTAMPA_CC": "2026-05-25 14:18:43" }, "geometry": { "type": "Point", "coordinates": [ 1065760.299869461217895, 875847.958450000034645 ] } },
{ "type": "Feature", "properties": { "OBJECTID": 7662, "CE": "", "CT": "Sector", "ESTAMPA_CC": "2026-05-25 14:18:43" }, "geometry": { "type": "Point", "coordinates": [ 1058374.654065909096971, 870052.536199999973178 ] } },
{ "type": "Feature", "properties": { "OBJECTID": 7664, "CE": "", "CT": "Sector", "ESTAMPA_CC": "2026-05-25 14:18:43" }, "geometry": { "type": "Point", "coordinates": [ 1059653.737691874848679, 871377.331149999983609 ] } },
{ "type": "Feature", "properties": { "OBJECTID": 7665, "CE": "", "CT": "Zona; Sector", "ESTAMPA_CC": "2026-05-25 14:18:43" }, "geometry": { "type": "Point", "coordinates": [ 1060571.445752669591457, 871476.70525 ] } },
{ "type": "Feature", "properties": { "OBJECTID": 7681, "CE": "", "CT": "Zona; Sector", "ESTAMPA_CC": "2026-05-25 14:18:43" }, "geometry": { "type": "Point", "coordinates": [ 1061308.909635110292584, 872931.374749999959022 ] } },
{ "type": "Feature", "properties": { "OBJECTID": 7685, "CE": "", "CT": "Zona; Sector", "ESTAMPA_CC": "2026-05-25 14:18:43" }, "geometry": { "type": "Point", "coordinates": [ 1063856.422776127234101, 870167.587899999925867 ] } },
{ "type": "Feature", "properties": { "OBJECTID": 7688, "CE": "", "CT": "Sector", "ESTAMPA_CC": "2026-05-25 14:18:43" }, "geometry": { "type": "Point", "coordinates": [ 1059496.436633712146431, 867967.859049999970011 ] } },
{ "type": "Feature", "properties": { "OBJECTID": 7691, "CE": "", "CT": "Zona", "ESTAMPA_CC": "2026-05-25 14:18:43" }, "geometry": { "type": "Point", "coordinates": [ 1063923.701154797337949, 868067.223350000102073 ] } },
{ "type": "Feature", "properties": { "OBJECTID": 7694, "CE": "", "CT": "Zona", "ESTAMPA_CC": "2026-05-25 14:18:43" }, "geometry": { "type": "Point", "coordinates": [ 1064261.604542627930641, 868737.228899999987334 ] } },
{ "type": "Feature", "properties": { "OBJECTID": 7699, "CE": "", "CT": "Zona", "ESTAMPA_CC": "2026-05-25 14:18:43" }, "geometry": { "type": "Point", "coordinates": [ 1064608.411575396545231, 868530.803949999972247 ] } },
{ "type": "Feature", "properties": { "OBJECTID": 7700, "CE": "", "CT": "Zona", "ESTAMPA_CC": "2026-05-25 14:18:43" }, "geometry": { "type": "Point", "coordinates": [ 1065467.915862113237381, 869562.029499999945983 ] } },
{ "type": "Feature", "properties": { "OBJECTID": 7706, "CE": "", "CT": "Zona; Sector", "ESTAMPA_CC": "2026-05-25 14:18:43" }, "geometry": { "type": "Point", "coordinates": [ 1064883.948614922352135, 878532.807250000070781 ] } },
{ "type": "Feature", "properties": { "OBJECTID": 7727, "CE": "", "CT": "Zona", "ESTAMPA_CC": "2026-05-25 14:18:43" }, "geometry": { "type": "Point", "coordinates": [ 1061094.554469082737342, 870180.4242 ] } },
{ "type": "Feature", "properties": { "OBJECTID": 7730, "CE": "Traslape propio", "CT": "", "ESTAMPA_CC": "2026-05-25 14:18:43" }, "geometry": { "type": "Point", "coordinates": [ 1067253.495447645895183, 868812.922400000039488 ] } },
{ "type": "Feature", "properties": { "OBJECTID": 7733, "CE": "", "CT": "Sector", "ESTAMPA_CC": "2026-05-25 14:18:43" }, "geometry": { "type": "Point", "coordinates": [ 1058709.797260387334973, 869698.698899999959394 ] } },
{ "type": "Feature", "properties": { "OBJECTID": 7786, "CE": "Traslape propio", "CT": "Zona; Sector", "ESTAMPA_CC": "2026-05-25 14:18:43" }, "geometry": { "type": "Point", "coordinates": [ 1064076.301030721981078, 870468.1616 ] } },
{ "type": "Feature", "properties": { "OBJECTID": 7803, "CE": "", "CT": "Zona; Sector", "ESTAMPA_CC": "2026-05-25 14:18:43" }, "geometry": { "type": "Point", "coordinates": [ 1066219.843245350755751, 876074.2306 ] } },
{ "type": "Feature", "properties": { "OBJECTID": 7812, "CE": "", "CT": "Zona", "ESTAMPA_CC": "2026-05-25 14:18:43" }, "geometry": { "type": "Point", "coordinates": [ 1067614.842751797754318, 870675.109599999967031 ] } },
{ "type": "Feature", "properties": { "OBJECTID": 7837, "CE": "", "CT": "Zona; Sector", "ESTAMPA_CC": "2026-05-25 14:18:43" }, "geometry": { "type": "Point", "coordinates": [ 1065438.054348930716515, 877496.825849999906495 ] } },
{ "type": "Feature", "properties": { "OBJECTID": 7841, "CE": "", "CT": "Zona; Sector", "ESTAMPA_CC": "2026-05-25 14:18:43" }, "geometry": { "type": "Point", "coordinates": [ 1065638.750796848908067, 872703.753999999957159 ] } },
{ "type": "Feature", "properties": { "OBJECTID": 7845, "CE": "", "CT": "Zona; Sector", "ESTAMPA_CC": "2026-05-25 14:18:43" }, "geometry": { "type": "Point", "coordinates": [ 1065375.940172479022294, 878016.288200000068173 ] } },
{ "type": "Feature", "properties": { "OBJECTID": 7847, "CE": "", "CT": "Zona; Sector", "ESTAMPA_CC": "2026-05-25 14:18:43" }, "geometry": { "type": "Point", "coordinates": [ 1065297.542087914654985, 872425.927399999927729 ] } },
{ "type": "Feature", "properties": { "OBJECTID": 7848, "CE": "", "CT": "Zona; Sector", "ESTAMPA_CC": "2026-05-25 14:18:43" }, "geometry": { "type": "Point", "coordinates": [ 1065212.151958476752043, 872442.27645 ] } },
{ "type": "Feature", "properties": { "OBJECTID": 7853, "CE": "", "CT": "Zona", "ESTAMPA_CC": "2026-05-25 14:18:43" }, "geometry": { "type": "Point", "coordinates": [ 1063485.441659876378253, 870725.9155 ] } },
{ "type": "Feature", "properties": { "OBJECTID": 7864, "CE": "", "CT": "Zona; Sector", "ESTAMPA_CC": "2026-05-25 14:18:43" }, "geometry": { "type": "Point", "coordinates": [ 1066108.675600185990334, 870339.394150000065565 ] } },
{ "type": "Feature", "properties": { "OBJECTID": 7874, "CE": "", "CT": "Zona", "ESTAMPA_CC": "2026-05-25 14:18:43" }, "geometry": { "type": "Point", "coordinates": [ 1063497.142240273300558, 866952.84679999994114 ] } },
{ "type": "Feature", "properties": { "OBJECTID": 7875, "CE": "", "CT": "Zona", "ESTAMPA_CC": "2026-05-25 14:18:43" }, "geometry": { "type": "Point", "coordinates": [ 1067019.037961920257658, 869689.40385 ] } },
{ "type": "Feature", "properties": { "OBJECTID": 7903, "CE": "Traslape propio", "CT": "", "ESTAMPA_CC": "2026-05-25 14:18:43" }, "geometry": { "type": "Point", "coordinates": [ 1058654.039407664909959, 871505.26894999993965 ] } },
{ "type": "Feature", "properties": { "OBJECTID": 7905, "CE": "", "CT": "Zona; Sector", "ESTAMPA_CC": "2026-05-25 14:18:43" }, "geometry": { "type": "Point", "coordinates": [ 1066797.556063015945256, 870508.203900000080466 ] } },
{ "type": "Feature", "properties": { "OBJECTID": 7908, "CE": "", "CT": "Zona", "ESTAMPA_CC": "2026-05-25 14:18:43" }, "geometry": { "type": "Point", "coordinates": [ 1068014.176504850387573, 871022.714700000011362 ] } },
{ "type": "Feature", "properties": { "OBJECTID": 7915, "CE": "Traslape propio", "CT": "Zona", "ESTAMPA_CC": "2026-05-25 14:18:43" }, "geometry": { "type": "Point", "coordinates": [ 1067520.474870902253315, 868417.775000000023283 ] } },
{ "type": "Feature", "properties": { "OBJECTID": 7921, "CE": "Traslape propio", "CT": "", "ESTAMPA_CC": "2026-05-25 14:18:43" }, "geometry": { "type": "Point", "coordinates": [ 1064721.872244467260316, 877109.06565 ] } },
{ "type": "Feature", "properties": { "OBJECTID": 7924, "CE": "", "CT": "Zona", "ESTAMPA_CC": "2026-05-25 14:18:43" }, "geometry": { "type": "Point", "coordinates": [ 1064317.736964719370008, 868483.260449999943376 ] } },
{ "type": "Feature", "properties": { "OBJECTID": 7925, "CE": "Traslape propio", "CT": "", "ESTAMPA_CC": "2026-05-25 14:18:43" }, "geometry": { "type": "Point", "coordinates": [ 1067407.805249377619475, 872122.326949999900535 ] } },
{ "type": "Feature", "properties": { "OBJECTID": 7927, "CE": "Traslape propio", "CT": "", "ESTAMPA_CC": "2026-05-25 14:18:43" }, "geometry": { "type": "Point", "coordinates": [ 1067432.207600476453081, 871868.039150000084192 ] } },
{ "type": "Feature", "properties": { "OBJECTID": 7930, "CE": "", "CT": "Zona", "ESTAMPA_CC": "2026-05-25 14:18:43" }, "geometry": { "type": "Point", "coordinates": [ 1063818.396837697597221, 868497.4338 ] } },
{ "type": "Feature", "properties": { "OBJECTID": 7936, "CE": "", "CT": "Zona", "ESTAMPA_CC": "2026-05-25 14:18:43" }, "geometry": { "type": "Point", "coordinates": [ 1066347.484603819902986, 872096.20265 ] } },
{ "type": "Feature", "properties": { "OBJECTID": 7955, "CE": "", "CT": "Sector", "ESTAMPA_CC": "2026-05-25 14:18:43" }, "geometry": { "type": "Point", "coordinates": [ 1064239.434812804684043, 871598.616550000035204 ] } },
{ "type": "Feature", "properties": { "OBJECTID": 7957, "CE": "", "CT": "Zona; Sector", "ESTAMPA_CC": "2026-05-25 14:18:43" }, "geometry": { "type": "Point", "coordinates": [ 1065589.094559681136161, 873008.010049999924377 ] } },
{ "type": "Feature", "properties": { "OBJECTID": 7958, "CE": "", "CT": "Zona; Sector", "ESTAMPA_CC": "2026-05-25 14:18:43" }, "geometry": { "type": "Point", "coordinates": [ 1066642.363455090206116, 870109.646699999924749 ] } },
{ "type": "Feature", "properties": { "OBJECTID": 7959, "CE": "", "CT": "Zona", "ESTAMPA_CC": "2026-05-25 14:18:43" }, "geometry": { "type": "Point", "coordinates": [ 1063828.070516162086278, 868013.16345 ] } },
{ "type": "Feature", "properties": { "OBJECTID": 7961, "CE": "", "CT": "Zona", "ESTAMPA_CC": "2026-05-25 14:18:43" }, "geometry": { "type": "Point", "coordinates": [ 1067613.411368499975652, 869253.7256 ] } },
{ "type": "Feature", "properties": { "OBJECTID": 7965, "CE": "Traslape propio", "CT": "Zona", "ESTAMPA_CC": "2026-05-25 14:18:43" }, "geometry": { "type": "Point", "coordinates": [ 1067278.606406950391829, 868513.38555 ] } },
{ "type": "Feature", "properties": { "OBJECTID": 7978, "CE": "", "CT": "Zona", "ESTAMPA_CC": "2026-05-25 14:18:43" }, "geometry": { "type": "Point", "coordinates": [ 1058079.709208267275244, 869975.496099999989383 ] } },
{ "type": "Feature", "properties": { "OBJECTID": 7979, "CE": "", "CT": "Zona", "ESTAMPA_CC": "2026-05-25 14:18:43" }, "geometry": { "type": "Point", "coordinates": [ 1061482.969502797583118, 872188.755499999970198 ] } },
{ "type": "Feature", "properties": { "OBJECTID": 7987, "CE": "Traslape propio", "CT": "", "ESTAMPA_CC": "2026-05-25 14:18:43" }, "geometry": { "type": "Point", "coordinates": [ 1057912.529462481150404, 871601.174850000068545 ] } },
{ "type": "Feature", "properties": { "OBJECTID": 7992, "CE": "Traslape propio", "CT": "", "ESTAMPA_CC": "2026-05-25 14:18:43" }, "geometry": { "type": "Point", "coordinates": [ 1064252.801690162625164, 870607.201299999956973 ] } },
{ "type": "Feature", "properties": { "OBJECTID": 7996, "CE": "", "CT": "Zona; Sector", "ESTAMPA_CC": "2026-05-25 14:18:43" }, "geometry": { "type": "Point", "coordinates": [ 1064506.524891633540392, 878347.446050000027753 ] } },
{ "type": "Feature", "properties": { "OBJECTID": 8019, "CE": "", "CT": "Zona; Sector", "ESTAMPA_CC": "2026-05-25 14:18:43" }, "geometry": { "type": "Point", "coordinates": [ 1064705.481179286725819, 878231.546749999979511 ] } },
{ "type": "Feature", "properties": { "OBJECTID": 8020, "CE": "", "CT": "Zona; Sector", "ESTAMPA_CC": "2026-05-25 14:18:43" }, "geometry": { "type": "Point", "coordinates": [ 1065665.577403117436916, 877974.1975 ] } },
{ "type": "Feature", "properties": { "OBJECTID": 8021, "CE": "", "CT": "Zona; Sector", "ESTAMPA_CC": "2026-05-25 14:18:43" }, "geometry": { "type": "Point", "coordinates": [ 1064982.926060160622001, 878662.8909 ] } },
{ "type": "Feature", "properties": { "OBJECTID": 8022, "CE": "", "CT": "Zona; Sector", "ESTAMPA_CC": "2026-05-25 14:18:43" }, "geometry": { "type": "Point", "coordinates": [ 1064731.279062082059681, 878733.608049999922514 ] } },
{ "type": "Feature", "properties": { "OBJECTID": 8023, "CE": "", "CT": "Zona; Sector", "ESTAMPA_CC": "2026-05-25 14:18:43" }, "geometry": { "type": "Point", "coordinates": [ 1065661.069994709920138, 878003.740899999975227 ] } },
{ "type": "Feature", "properties": { "OBJECTID": 8027, "CE": "", "CT": "Zona; Sector", "ESTAMPA_CC": "2026-05-25 14:18:43" }, "geometry": { "type": "Point", "coordinates": [ 1066057.217690728139132, 876170.1777 ] } },
{ "type": "Feature", "properties": { "OBJECTID": 8031, "CE": "", "CT": "Zona", "ESTAMPA_CC": "2026-05-25 14:18:43" }, "geometry": { "type": "Point", "coordinates": [ 1063063.441885611508042, 867808.72115 ] } },
{ "type": "Feature", "properties": { "OBJECTID": 8032, "CE": "", "CT": "Zona", "ESTAMPA_CC": "2026-05-25 14:18:43" }, "geometry": { "type": "Point", "coordinates": [ 1063483.917853361228481, 866957.224700000020675 ] } },
{ "type": "Feature", "properties": { "OBJECTID": 8035, "CE": "", "CT": "Zona", "ESTAMPA_CC": "2026-05-25 14:18:43" }, "geometry": { "type": "Point", "coordinates": [ 1063504.643666645511985, 866960.213900000089779 ] } },
{ "type": "Feature", "properties": { "OBJECTID": 8036, "CE": "", "CT": "Zona", "ESTAMPA_CC": "2026-05-25 14:18:43" }, "geometry": { "type": "Point", "coordinates": [ 1063509.580735447350889, 866981.279249999905005 ] } },
{ "type": "Feature", "properties": { "OBJECTID": 8061, "CE": "", "CT": "Zona", "ESTAMPA_CC": "2026-05-25 14:18:43" }, "geometry": { "type": "Point", "coordinates": [ 1063227.290334745310247, 868031.153500000014901 ] } },
{ "type": "Feature", "properties": { "OBJECTID": 8071, "CE": "", "CT": "Zona; Sector", "ESTAMPA_CC": "2026-05-25 14:18:43" }, "geometry": { "type": "Point", "coordinates": [ 1065892.086500966688618, 877242.46525 ] } },
{ "type": "Feature", "properties": { "OBJECTID": 8073, "CE": "", "CT": "Sector", "ESTAMPA_CC": "2026-05-25 14:18:43" }, "geometry": { "type": "Point", "coordinates": [ 1060248.484832315938547, 872933.410600000061095 ] } },
{ "type": "Feature", "properties": { "OBJECTID": 8075, "CE": "", "CT": "Zona", "ESTAMPA_CC": "2026-05-25 14:18:43" }, "geometry": { "type": "Point", "coordinates": [ 1062271.155589969363064, 869195.524800000013784 ] } },
{ "type": "Feature", "properties": { "OBJECTID": 8081, "CE": "", "CT": "Zona; Sector", "ESTAMPA_CC": "2026-05-25 14:18:43" }, "geometry": { "type": "Point", "coordinates": [ 1065104.01479981886223, 870358.621449999976903 ] } },
{ "type": "Feature", "properties": { "OBJECTID": 8097, "CE": "", "CT": "Zona; Sector", "ESTAMPA_CC": "2026-05-25 14:18:43" }, "geometry": { "type": "Point", "coordinates": [ 1066772.755258811172098, 870583.823749999981374 ] } },
{ "type": "Feature", "properties": { "OBJECTID": 8101, "CE": "Traslape propio", "CT": "", "ESTAMPA_CC": "2026-05-25 14:18:43" }, "geometry": { "type": "Point", "coordinates": [ 1068145.498076707590371, 870188.978249999927357 ] } },
{ "type": "Feature", "properties": { "OBJECTID": 8110, "CE": "Traslape propio", "CT": "", "ESTAMPA_CC": "2026-05-25 14:18:43" }, "geometry": { "type": "Point", "coordinates": [ 1063108.073494413401932, 867604.433549999957904 ] } },
{ "type": "Feature", "properties": { "OBJECTID": 8111, "CE": "", "CT": "Zona", "ESTAMPA_CC": "2026-05-25 14:18:43" }, "geometry": { "type": "Point", "coordinates": [ 1066301.111445567570627, 872137.057400000048801 ] } },
{ "type": "Feature", "properties": { "OBJECTID": 8119, "CE": "Traslape propio", "CT": "", "ESTAMPA_CC": "2026-05-25 14:18:43" }, "geometry": { "type": "Point", "coordinates": [ 1061678.599043217021972, 868111.611849999986589 ] } },
{ "type": "Feature", "properties": { "OBJECTID": 8126, "CE": "", "CT": "Sector", "ESTAMPA_CC": "2026-05-25 14:18:43" }, "geometry": { "type": "Point", "coordinates": [ 1058709.68823192990385, 866359.776700000045821 ] } },
{ "type": "Feature", "properties": { "OBJECTID": 8127, "CE": "", "CT": "Sector", "ESTAMPA_CC": "2026-05-25 14:18:43" }, "geometry": { "type": "Point", "coordinates": [ 1059349.66210576845333, 867886.434300000080839 ] } },
{ "type": "Feature", "properties": { "OBJECTID": 8132, "CE": "", "CT": "Zona; Sector", "ESTAMPA_CC": "2026-05-25 14:18:43" }, "geometry": { "type": "Point", "coordinates": [ 1064930.696002852870151, 875327.563349999953061 ] } },
{ "type": "Feature", "properties": { "OBJECTID": 8133, "CE": "", "CT": "Zona; Sector", "ESTAMPA_CC": "2026-05-25 14:18:43" }, "geometry": { "type": "Point", "coordinates": [ 1065658.862944181542844, 878033.7598 ] } },
{ "type": "Feature", "properties": { "OBJECTID": 8134, "CE": "", "CT": "Zona", "ESTAMPA_CC": "2026-05-25 14:18:43" }, "geometry": { "type": "Point", "coordinates": [ 1065276.14364269329235, 869596.607399999978952 ] } },
{ "type": "Feature", "properties": { "OBJECTID": 8151, "CE": "", "CT": "Zona", "ESTAMPA_CC": "2026-05-25 14:18:43" }, "geometry": { "type": "Point", "coordinates": [ 1061883.052528205793351, 865833.141349999932572 ] } },
{ "type": "Feature", "properties": { "OBJECTID": 8156, "CE": "Traslape propio", "CT": "", "ESTAMPA_CC": "2026-05-25 14:18:43" }, "geometry": { "type": "Point", "coordinates": [ 1058592.182864550268278, 865168.46985 ] } },
{ "type": "Feature", "properties": { "OBJECTID": 8167, "CE": "Traslape propio", "CT": "", "ESTAMPA_CC": "2026-05-25 14:18:43" }, "geometry": { "type": "Point", "coordinates": [ 1066953.830159215722233, 872035.819949999917299 ] } },
{ "type": "Feature", "properties": { "OBJECTID": 8181, "CE": "Traslape propio", "CT": "", "ESTAMPA_CC": "2026-05-25 14:18:43" }, "geometry": { "type": "Point", "coordinates": [ 1061678.599043217021972, 868111.611849999986589 ] } },
{ "type": "Feature", "properties": { "OBJECTID": 8189, "CE": "", "CT": "Zona", "ESTAMPA_CC": "2026-05-25 14:18:43" }, "geometry": { "type": "Point", "coordinates": [ 1065191.380180649459362, 869461.079600000055507 ] } },
{ "type": "Feature", "properties": { "OBJECTID": 8192, "CE": "", "CT": "Zona", "ESTAMPA_CC": "2026-05-25 14:18:43" }, "geometry": { "type": "Point", "coordinates": [ 1067940.17843175586313, 871837.253550000023097 ] } },
{ "type": "Feature", "properties": { "OBJECTID": 8198, "CE": "Traslape propio", "CT": "", "ESTAMPA_CC": "2026-05-25 14:18:43" }, "geometry": { "type": "Point", "coordinates": [ 1065894.719976794207469, 875358.341250000055879 ] } },
{ "type": "Feature", "properties": { "OBJECTID": 8221, "CE": "Traslape propio", "CT": "", "ESTAMPA_CC": "2026-05-25 14:18:43" }, "geometry": { "type": "Point", "coordinates": [ 1067115.701960353879258, 871789.854500000015832 ] } },
{ "type": "Feature", "properties": { "OBJECTID": 8234, "CE": "Traslape propio", "CT": "", "ESTAMPA_CC": "2026-05-25 14:18:43" }, "geometry": { "type": "Point", "coordinates": [ 1067592.814552953466773, 868330.89269999996759 ] } },
{ "type": "Feature", "properties": { "OBJECTID": 8238, "CE": "Traslape propio", "CT": "", "ESTAMPA_CC": "2026-05-25 14:18:43" }, "geometry": { "type": "Point", "coordinates": [ 1065935.133590738754719, 874940.410000000032596 ] } },
{ "type": "Feature", "properties": { "OBJECTID": 8241, "CE": "", "CT": "Zona", "ESTAMPA_CC": "2026-05-25 14:18:43" }, "geometry": { "type": "Point", "coordinates": [ 1063488.196977261221036, 866951.672250000061467 ] } },
{ "type": "Feature", "properties": { "OBJECTID": 8256, "CE": "", "CT": "Zona; Sector", "ESTAMPA_CC": "2026-05-25 14:18:43" }, "geometry": { "type": "Point", "coordinates": [ 1064885.538310056552291, 875448.617650000029244 ] } },
{ "type": "Feature", "properties": { "OBJECTID": 8262, "CE": "Traslape propio", "CT": "", "ESTAMPA_CC": "2026-05-25 14:18:43" }, "geometry": { "type": "Point", "coordinates": [ 1057791.423430637223646, 865622.6346 ] } },
{ "type": "Feature", "properties": { "OBJECTID": 8265, "CE": "", "CT": "Zona; Sector", "ESTAMPA_CC": "2026-05-25 14:18:43" }, "geometry": { "type": "Point", "coordinates": [ 1061288.726344124181196, 872996.26165 ] } },
{ "type": "Feature", "properties": { "OBJECTID": 8272, "CE": "", "CT": "Zona", "ESTAMPA_CC": "2026-05-25 14:18:43" }, "geometry": { "type": "Point", "coordinates": [ 1065802.106517197564244, 877589.407799999928102 ] } },
{ "type": "Feature", "properties": { "OBJECTID": 8274, "CE": "", "CT": "Zona; Sector", "ESTAMPA_CC": "2026-05-25 14:18:43" }, "geometry": { "type": "Point", "coordinates": [ 1066302.72570356586948, 876141.2352 ] } },
{ "type": "Feature", "properties": { "OBJECTID": 8277, "CE": "", "CT": "Zona; Sector", "ESTAMPA_CC": "2026-05-25 14:18:43" }, "geometry": { "type": "Point", "coordinates": [ 1066484.47368277516216, 875809.286349999951199 ] } },
{ "type": "Feature", "properties": { "OBJECTID": 8285, "CE": "Traslape propio", "CT": "", "ESTAMPA_CC": "2026-05-25 14:18:43" }, "geometry": { "type": "Point", "coordinates": [ 1062971.943580310791731, 867481.918499999912456 ] } },
{ "type": "Feature", "properties": { "OBJECTID": 8289, "CE": "", "CT": "Zona", "ESTAMPA_CC": "2026-05-25 14:18:43" }, "geometry": { "type": "Point", "coordinates": [ 1061098.619011293863878, 864271.62575 ] } },
{ "type": "Feature", "properties": { "OBJECTID": 8318, "CE": "", "CT": "Zona; Sector", "ESTAMPA_CC": "2026-05-25 14:18:43" }, "geometry": { "type": "Point", "coordinates": [ 1065639.42747626779601, 878181.734799999976531 ] } },
{ "type": "Feature", "properties": { "OBJECTID": 8320, "CE": "", "CT": "Zona; Sector", "ESTAMPA_CC": "2026-05-25 14:18:43" }, "geometry": { "type": "Point", "coordinates": [ 1064150.011812009382993, 877753.34635 ] } },
{ "type": "Feature", "properties": { "OBJECTID": 8321, "CE": "", "CT": "Zona; Sector", "ESTAMPA_CC": "2026-05-25 14:18:43" }, "geometry": { "type": "Point", "coordinates": [ 1065980.001340177375823, 877242.490800000028685 ] } },
{ "type": "Feature", "properties": { "OBJECTID": 8322, "CE": "", "CT": "Zona; Sector", "ESTAMPA_CC": "2026-05-25 14:18:43" }, "geometry": { "type": "Point", "coordinates": [ 1065901.698384836548939, 877173.79085 ] } },
{ "type": "Feature", "properties": { "OBJECTID": 8323, "CE": "", "CT": "Zona; Sector", "ESTAMPA_CC": "2026-05-25 14:18:43" }, "geometry": { "type": "Point", "coordinates": [ 1065304.891541965771466, 878531.034449999919161 ] } },
{ "type": "Feature", "properties": { "OBJECTID": 8324, "CE": "", "CT": "Zona; Sector", "ESTAMPA_CC": "2026-05-25 14:18:43" }, "geometry": { "type": "Point", "coordinates": [ 1065386.723263903521001, 878450.96135 ] } },
{ "type": "Feature", "properties": { "OBJECTID": 8325, "CE": "", "CT": "Sector", "ESTAMPA_CC": "2026-05-25 14:18:43" }, "geometry": { "type": "Point", "coordinates": [ 1061537.278041149955243, 873802.533999999985099 ] } },
{ "type": "Feature", "properties": { "OBJECTID": 8329, "CE": "", "CT": "Zona; Sector", "ESTAMPA_CC": "2026-05-25 14:18:43" }, "geometry": { "type": "Point", "coordinates": [ 1064960.146514464635402, 875769.5231 ] } },
{ "type": "Feature", "properties": { "OBJECTID": 8344, "CE": "", "CT": "Zona", "ESTAMPA_CC": "2026-05-25 14:18:43" }, "geometry": { "type": "Point", "coordinates": [ 1065006.562972422223538, 868932.266850000014529 ] } },
{ "type": "Feature", "properties": { "OBJECTID": 8349, "CE": "", "CT": "Zona; Sector", "ESTAMPA_CC": "2026-05-25 14:18:43" }, "geometry": { "type": "Point", "coordinates": [ 1065287.994661312550306, 876602.441650000051595 ] } },
{ "type": "Feature", "properties": { "OBJECTID": 8353, "CE": "", "CT": "Zona", "ESTAMPA_CC": "2026-05-25 14:18:43" }, "geometry": { "type": "Point", "coordinates": [ 1063222.435216919751838, 867983.931300000054762 ] } },
{ "type": "Feature", "properties": { "OBJECTID": 8354, "CE": "", "CT": "Zona", "ESTAMPA_CC": "2026-05-25 14:18:43" }, "geometry": { "type": "Point", "coordinates": [ 1063610.759581918362528, 868446.753550000023097 ] } },
{ "type": "Feature", "properties": { "OBJECTID": 8363, "CE": "", "CT": "Zona; Sector", "ESTAMPA_CC": "2026-05-25 14:18:43" }, "geometry": { "type": "Point", "coordinates": [ 1065412.82204010291025, 870579.918850000016391 ] } },
{ "type": "Feature", "properties": { "OBJECTID": 8367, "CE": "", "CT": "Zona; Sector", "ESTAMPA_CC": "2026-05-25 14:18:43" }, "geometry": { "type": "Point", "coordinates": [ 1064029.311068050796166, 873447.907649999950081 ] } },
{ "type": "Feature", "properties": { "OBJECTID": 8368, "CE": "", "CT": "Zona", "ESTAMPA_CC": "2026-05-25 14:18:43" }, "geometry": { "type": "Point", "coordinates": [ 1063294.119594069197774, 866903.734699999913573 ] } },
{ "type": "Feature", "properties": { "OBJECTID": 8369, "CE": "", "CT": "Zona; Sector", "ESTAMPA_CC": "2026-05-25 14:18:43" }, "geometry": { "type": "Point", "coordinates": [ 1065288.107452239841223, 878502.207150000031106 ] } },
{ "type": "Feature", "properties": { "OBJECTID": 8370, "CE": "", "CT": "Zona; Sector", "ESTAMPA_CC": "2026-05-25 14:18:43" }, "geometry": { "type": "Point", "coordinates": [ 1065621.166381723247468, 878294.115650000050664 ] } },
{ "type": "Feature", "properties": { "OBJECTID": 8371, "CE": "", "CT": "Zona; Sector", "ESTAMPA_CC": "2026-05-25 14:18:43" }, "geometry": { "type": "Point", "coordinates": [ 1062205.404522387078032, 872237.58074999996461 ] } },
{ "type": "Feature", "properties": { "OBJECTID": 8374, "CE": "", "CT": "Zona; Sector", "ESTAMPA_CC": "2026-05-25 14:18:43" }, "geometry": { "type": "Point", "coordinates": [ 1065874.804926102049649, 877310.784350000089034 ] } },
{ "type": "Feature", "properties": { "OBJECTID": 8375, "CE": "", "CT": "Zona; Sector", "ESTAMPA_CC": "2026-05-25 14:18:43" }, "geometry": { "type": "Point", "coordinates": [ 1065881.111407125601545, 877289.220350000075996 ] } },
{ "type": "Feature", "properties": { "OBJECTID": 8379, "CE": "Traslape propio", "CT": "", "ESTAMPA_CC": "2026-05-25 14:18:43" }, "geometry": { "type": "Point", "coordinates": [ 1064145.761682771379128, 878063.04839999997057 ] } },
{ "type": "Feature", "properties": { "OBJECTID": 8387, "CE": "", "CT": "Sector", "ESTAMPA_CC": "2026-05-25 14:18:43" }, "geometry": { "type": "Point", "coordinates": [ 1064076.761820338200778, 871448.28365 ] } },
{ "type": "Feature", "properties": { "OBJECTID": 8388, "CE": "", "CT": "Sector", "ESTAMPA_CC": "2026-05-25 14:18:43" }, "geometry": { "type": "Point", "coordinates": [ 1060229.67273160815239, 870694.62315 ] } },
{ "type": "Feature", "properties": { "OBJECTID": 8393, "CE": "", "CT": "Zona; Sector", "ESTAMPA_CC": "2026-05-25 14:18:43" }, "geometry": { "type": "Point", "coordinates": [ 1067131.475615311414003, 869500.42684999993071 ] } },
{ "type": "Feature", "properties": { "OBJECTID": 8395, "CE": "Traslape propio", "CT": "", "ESTAMPA_CC": "2026-05-25 14:18:43" }, "geometry": { "type": "Point", "coordinates": [ 1063145.173946732422337, 867510.3016 ] } },
{ "type": "Feature", "properties": { "OBJECTID": 8397, "CE": "", "CT": "Zona", "ESTAMPA_CC": "2026-05-25 14:18:43" }, "geometry": { "type": "Point", "coordinates": [ 1063431.107986918184906, 867490.37665 ] } },
{ "type": "Feature", "properties": { "OBJECTID": 8401, "CE": "Traslape propio", "CT": "", "ESTAMPA_CC": "2026-05-25 14:18:43" }, "geometry": { "type": "Point", "coordinates": [ 1059204.468286531046033, 867769.309399999910966 ] } },
{ "type": "Feature", "properties": { "OBJECTID": 8402, "CE": "", "CT": "Zona; Sector", "ESTAMPA_CC": "2026-05-25 14:18:43" }, "geometry": { "type": "Point", "coordinates": [ 1065480.49713379284367, 870988.384949999977835 ] } },
{ "type": "Feature", "properties": { "OBJECTID": 8403, "CE": "Duplicado", "CT": "Zona", "ESTAMPA_CC": "2026-05-25 14:18:43" }, "geometry": { "type": "Point", "coordinates": [ 1059380.423459203448147, 873370.398900000029244 ] } },
{ "type": "Feature", "properties": { "OBJECTID": 8404, "CE": "Traslape propio", "CT": "", "ESTAMPA_CC": "2026-05-25 14:18:43" }, "geometry": { "type": "Point", "coordinates": [ 1064737.711894267471507, 877681.986400000052527 ] } },
{ "type": "Feature", "properties": { "OBJECTID": 8405, "CE": "Traslape propio", "CT": "", "ESTAMPA_CC": "2026-05-25 14:18:43" }, "geometry": { "type": "Point", "coordinates": [ 1064515.913348922505975, 877706.368199999909848 ] } },
{ "type": "Feature", "properties": { "OBJECTID": 8406, "CE": "Traslape propio", "CT": "", "ESTAMPA_CC": "2026-05-25 14:18:43" }, "geometry": { "type": "Point", "coordinates": [ 1067209.786620601080358, 868817.849200000055134 ] } },
{ "type": "Feature", "properties": { "OBJECTID": 8411, "CE": "Traslape propio", "CT": "", "ESTAMPA_CC": "2026-05-25 14:18:43" }, "geometry": { "type": "Point", "coordinates": [ 1067407.657077598618343, 868519.81435 ] } },
{ "type": "Feature", "properties": { "OBJECTID": 8412, "CE": "", "CT": "Zona; Sector", "ESTAMPA_CC": "2026-05-25 14:18:43" }, "geometry": { "type": "Point", "coordinates": [ 1065379.836463843006641, 877006.5259 ] } },
{ "type": "Feature", "properties": { "OBJECTID": 8414, "CE": "", "CT": "Zona; Sector", "ESTAMPA_CC": "2026-05-25 14:18:43" }, "geometry": { "type": "Point", "coordinates": [ 1067199.210294537944719, 870701.606600000057369 ] } },
{ "type": "Feature", "properties": { "OBJECTID": 8437, "CE": "Traslape propio", "CT": "", "ESTAMPA_CC": "2026-05-25 14:18:43" }, "geometry": { "type": "Point", "coordinates": [ 1067433.453248315025121, 872069.9449 ] } },
{ "type": "Feature", "properties": { "OBJECTID": 8440, "CE": "Traslape propio", "CT": "", "ESTAMPA_CC": "2026-05-25 14:18:43" }, "geometry": { "type": "Point", "coordinates": [ 1064733.335904865991324, 877448.563700000056997 ] } },
{ "type": "Feature", "properties": { "OBJECTID": 8441, "CE": "", "CT": "Zona; Sector", "ESTAMPA_CC": "2026-05-25 14:18:43" }, "geometry": { "type": "Point", "coordinates": [ 1064996.443535891361535, 877940.351999999955297 ] } },
{ "type": "Feature", "properties": { "OBJECTID": 8449, "CE": "", "CT": "Zona", "ESTAMPA_CC": "2026-05-25 14:18:43" }, "geometry": { "type": "Point", "coordinates": [ 1062778.051680715754628, 869392.950350000057369 ] } },
{ "type": "Feature", "properties": { "OBJECTID": 8451, "CE": "", "CT": "Zona", "ESTAMPA_CC": "2026-05-25 14:18:43" }, "geometry": { "type": "Point", "coordinates": [ 1061936.592087531462312, 870354.55455 ] } },
{ "type": "Feature", "properties": { "OBJECTID": 8456, "CE": "", "CT": "Zona; Sector", "ESTAMPA_CC": "2026-05-25 14:18:43" }, "geometry": { "type": "Point", "coordinates": [ 1065526.41400273470208, 870768.88730000006035 ] } },
{ "type": "Feature", "properties": { "OBJECTID": 8457, "CE": "", "CT": "Zona; Sector", "ESTAMPA_CC": "2026-05-25 14:18:43" }, "geometry": { "type": "Point", "coordinates": [ 1065208.724381905514747, 870695.978099999949336 ] } },
{ "type": "Feature", "properties": { "OBJECTID": 8468, "CE": "Traslape propio", "CT": "Zona", "ESTAMPA_CC": "2026-05-25 14:18:43" }, "geometry": { "type": "Point", "coordinates": [ 1066560.990324230166152, 872671.94435 ] } },
{ "type": "Feature", "properties": { "OBJECTID": 8470, "CE": "Traslape propio", "CT": "", "ESTAMPA_CC": "2026-05-25 14:18:43" }, "geometry": { "type": "Point", "coordinates": [ 1067551.297020639292896, 868053.136949999956414 ] } },
{ "type": "Feature", "properties": { "OBJECTID": 8499, "CE": "", "CT": "Zona", "ESTAMPA_CC": "2026-05-25 14:18:43" }, "geometry": { "type": "Point", "coordinates": [ 1062822.349160795332864, 867591.089150000014342 ] } },
{ "type": "Feature", "properties": { "OBJECTID": 8500, "CE": "", "CT": "Zona", "ESTAMPA_CC": "2026-05-25 14:18:43" }, "geometry": { "type": "Point", "coordinates": [ 1063703.706712269922718, 868132.42105 ] } },
{ "type": "Feature", "properties": { "OBJECTID": 8503, "CE": "", "CT": "Zona; Sector", "ESTAMPA_CC": "2026-05-25 14:18:43" }, "geometry": { "type": "Point", "coordinates": [ 1065578.386250413488597, 875184.401700000045821 ] } },
{ "type": "Feature", "properties": { "OBJECTID": 8506, "CE": "", "CT": "Zona; Sector", "ESTAMPA_CC": "2026-05-25 14:18:43" }, "geometry": { "type": "Point", "coordinates": [ 1061579.554002867313102, 873032.05105 ] } },
{ "type": "Feature", "properties": { "OBJECTID": 8512, "CE": "Traslape propio", "CT": "", "ESTAMPA_CC": "2026-05-25 14:18:43" }, "geometry": { "type": "Point", "coordinates": [ 1067670.970907187089324, 868239.791450000018813 ] } },
{ "type": "Feature", "properties": { "OBJECTID": 8541, "CE": "", "CT": "Zona; Sector", "ESTAMPA_CC": "2026-05-25 14:18:43" }, "geometry": { "type": "Point", "coordinates": [ 1065393.172126594465226, 874289.057000000029802 ] } },
{ "type": "Feature", "properties": { "OBJECTID": 8543, "CE": "", "CT": "Zona", "ESTAMPA_CC": "2026-05-25 14:18:43" }, "geometry": { "type": "Point", "coordinates": [ 1064674.606101125013083, 868456.6518 ] } },
{ "type": "Feature", "properties": { "OBJECTID": 8544, "CE": "", "CT": "Sector", "ESTAMPA_CC": "2026-05-25 14:18:43" }, "geometry": { "type": "Point", "coordinates": [ 1063265.520677898544818, 870089.425449999980628 ] } },
{ "type": "Feature", "properties": { "OBJECTID": 8548, "CE": "Traslape propio", "CT": "", "ESTAMPA_CC": "2026-05-25 14:18:43" }, "geometry": { "type": "Point", "coordinates": [ 1060877.272178731160238, 867015.225699999951757 ] } },
{ "type": "Feature", "properties": { "OBJECTID": 8552, "CE": "", "CT": "Zona", "ESTAMPA_CC": "2026-05-25 14:18:43" }, "geometry": { "type": "Point", "coordinates": [ 1058147.685400400310755, 870659.640450000064448 ] } },
{ "type": "Feature", "properties": { "OBJECTID": 8558, "CE": "", "CT": "Zona", "ESTAMPA_CC": "2026-05-25 14:18:43" }, "geometry": { "type": "Point", "coordinates": [ 1063137.749428005423397, 870530.53255 ] } },
{ "type": "Feature", "properties": { "OBJECTID": 8565, "CE": "Traslape propio", "CT": "", "ESTAMPA_CC": "2026-05-25 14:18:43" }, "geometry": { "type": "Point", "coordinates": [ 1066780.98101322655566, 875800.84250000002794 ] } },
{ "type": "Feature", "properties": { "OBJECTID": 8571, "CE": "Traslape propio", "CT": "", "ESTAMPA_CC": "2026-05-25 14:18:43" }, "geometry": { "type": "Point", "coordinates": [ 1067308.528740393929183, 868644.173849999904633 ] } },
{ "type": "Feature", "properties": { "OBJECTID": 8573, "CE": "Traslape propio", "CT": "", "ESTAMPA_CC": "2026-05-25 14:18:43" }, "geometry": { "type": "Point", "coordinates": [ 1064837.033688636496663, 877590.957750000059605 ] } },
{ "type": "Feature", "properties": { "OBJECTID": 8580, "CE": "", "CT": "Sector", "ESTAMPA_CC": "2026-05-25 14:18:43" }, "geometry": { "type": "Point", "coordinates": [ 1058138.51172611862421, 864811.977100000018254 ] } },
{ "type": "Feature", "properties": { "OBJECTID": 8581, "CE": "", "CT": "Departamento; Municipio; Zona; Sector", "ESTAMPA_CC": "2026-05-25 14:18:43" }, "geometry": { "type": "Point", "coordinates": [ 1065568.927149133989587, 869998.606799999950454 ] } },
{ "type": "Feature", "properties": { "OBJECTID": 8604, "CE": "", "CT": "Zona", "ESTAMPA_CC": "2026-05-25 14:18:43" }, "geometry": { "type": "Point", "coordinates": [ 1063499.402116876561195, 866955.574299999978393 ] } },
{ "type": "Feature", "properties": { "OBJECTID": 8607, "CE": "", "CT": "Zona", "ESTAMPA_CC": "2026-05-25 14:18:43" }, "geometry": { "type": "Point", "coordinates": [ 1063586.240272561321035, 867093.605149999959394 ] } },
{ "type": "Feature", "properties": { "OBJECTID": 8609, "CE": "", "CT": "Zona", "ESTAMPA_CC": "2026-05-25 14:18:43" }, "geometry": { "type": "Point", "coordinates": [ 1064006.719290548469871, 868013.719400000059977 ] } },
{ "type": "Feature", "properties": { "OBJECTID": 8610, "CE": "Traslape propio", "CT": "", "ESTAMPA_CC": "2026-05-25 14:18:43" }, "geometry": { "type": "Point", "coordinates": [ 1059000.583702842704952, 864605.163249999983236 ] } },
{ "type": "Feature", "properties": { "OBJECTID": 8614, "CE": "", "CT": "Zona", "ESTAMPA_CC": "2026-05-25 14:18:43" }, "geometry": { "type": "Point", "coordinates": [ 1063133.913791892584413, 868024.581400000024587 ] } },
{ "type": "Feature", "properties": { "OBJECTID": 8615, "CE": "", "CT": "Zona", "ESTAMPA_CC": "2026-05-25 14:18:43" }, "geometry": { "type": "Point", "coordinates": [ 1065055.218546105083078, 869539.7134 ] } },
{ "type": "Feature", "properties": { "OBJECTID": 8631, "CE": "", "CT": "Departamento; Municipio; Zona; Sector; Comuna; Barrio; Manzana/Vereda", "ESTAMPA_CC": "2026-05-25 14:18:43" }, "geometry": { "type": "Point", "coordinates": [ 1061195.511708941310644, 874951.874550000065938 ] } },
{ "type": "Feature", "properties": { "OBJECTID": 8641, "CE": "", "CT": "Zona; Sector", "ESTAMPA_CC": "2026-05-25 14:18:43" }, "geometry": { "type": "Point", "coordinates": [ 1065137.762148236390203, 870278.915099999983795 ] } },
{ "type": "Feature", "properties": { "OBJECTID": 8643, "CE": "Traslape propio", "CT": "", "ESTAMPA_CC": "2026-05-25 14:18:43" }, "geometry": { "type": "Point", "coordinates": [ 1058031.368060362990946, 870865.928100000019185 ] } },
{ "type": "Feature", "properties": { "OBJECTID": 8646, "CE": "", "CT": "Zona", "ESTAMPA_CC": "2026-05-25 14:18:43" }, "geometry": { "type": "Point", "coordinates": [ 1063303.113737094216049, 866614.9865 ] } },
{ "type": "Feature", "properties": { "OBJECTID": 8654, "CE": "", "CT": "Zona", "ESTAMPA_CC": "2026-05-25 14:18:43" }, "geometry": { "type": "Point", "coordinates": [ 1064752.350679953116924, 868525.286899999948218 ] } },
{ "type": "Feature", "properties": { "OBJECTID": 8656, "CE": "", "CT": "Zona", "ESTAMPA_CC": "2026-05-25 14:18:43" }, "geometry": { "type": "Point", "coordinates": [ 1065725.868745939806104, 869440.604199999943376 ] } },
{ "type": "Feature", "properties": { "OBJECTID": 8666, "CE": "", "CT": "Zona", "ESTAMPA_CC": "2026-05-25 14:18:43" }, "geometry": { "type": "Point", "coordinates": [ 1064175.561490072403103, 868394.707050000084564 ] } },
{ "type": "Feature", "properties": { "OBJECTID": 8670, "CE": "", "CT": "Sector", "ESTAMPA_CC": "2026-05-25 14:18:43" }, "geometry": { "type": "Point", "coordinates": [ 1064146.735447718529031, 871414.176899999962188 ] } },
{ "type": "Feature", "properties": { "OBJECTID": 8677, "CE": "", "CT": "Zona", "ESTAMPA_CC": "2026-05-25 14:18:43" }, "geometry": { "type": "Point", "coordinates": [ 1054660.901084239128977, 874553.300700000021607 ] } },
{ "type": "Feature", "properties": { "OBJECTID": 8682, "CE": "", "CT": "Zona", "ESTAMPA_CC": "2026-05-25 14:18:43" }, "geometry": { "type": "Point", "coordinates": [ 1057818.429885101038963, 865076.277600000030361 ] } },
{ "type": "Feature", "properties": { "OBJECTID": 8689, "CE": "", "CT": "Zona", "ESTAMPA_CC": "2026-05-25 14:18:43" }, "geometry": { "type": "Point", "coordinates": [ 1059030.981806287076324, 874036.262099999934435 ] } },
{ "type": "Feature", "properties": { "OBJECTID": 8698, "CE": "", "CT": "Zona", "ESTAMPA_CC": "2026-05-25 14:18:43" }, "geometry": { "type": "Point", "coordinates": [ 1064121.75532480655238, 868405.868599999928847 ] } },
{ "type": "Feature", "properties": { "OBJECTID": 8699, "CE": "", "CT": "Zona", "ESTAMPA_CC": "2026-05-25 14:18:43" }, "geometry": { "type": "Point", "coordinates": [ 1065209.666825007647276, 869686.843099999940023 ] } },
{ "type": "Feature", "properties": { "OBJECTID": 8712, "CE": "", "CT": "Zona; Sector", "ESTAMPA_CC": "2026-05-25 14:18:43" }, "geometry": { "type": "Point", "coordinates": [ 1064298.526762303430587, 877599.456049999920651 ] } },
{ "type": "Feature", "properties": { "OBJECTID": 8724, "CE": "", "CT": "Zona", "ESTAMPA_CC": "2026-05-25 14:18:43" }, "geometry": { "type": "Point", "coordinates": [ 1058203.429303932702169, 864841.810550000052899 ] } },
{ "type": "Feature", "properties": { "OBJECTID": 8739, "CE": "", "CT": "Zona", "ESTAMPA_CC": "2026-05-25 14:18:43" }, "geometry": { "type": "Point", "coordinates": [ 1062621.539916157722473, 875669.968649999937043 ] } },
{ "type": "Feature", "properties": { "OBJECTID": 8741, "CE": "", "CT": "Zona; Sector", "ESTAMPA_CC": "2026-05-25 14:18:43" }, "geometry": { "type": "Point", "coordinates": [ 1064943.308798235841095, 870683.890949999913573 ] } },
{ "type": "Feature", "properties": { "OBJECTID": 8753, "CE": "", "CT": "Zona; Sector", "ESTAMPA_CC": "2026-05-25 14:18:43" }, "geometry": { "type": "Point", "coordinates": [ 1066243.232777798548341, 871740.157799999928102 ] } },
{ "type": "Feature", "properties": { "OBJECTID": 8754, "CE": "", "CT": "Zona; Sector", "ESTAMPA_CC": "2026-05-25 14:18:43" }, "geometry": { "type": "Point", "coordinates": [ 1066201.399464503396302, 871650.049899999983609 ] } },
{ "type": "Feature", "properties": { "OBJECTID": 8774, "CE": "Traslape propio", "CT": "", "ESTAMPA_CC": "2026-05-25 14:18:43" }, "geometry": { "type": "Point", "coordinates": [ 1060656.599821565439925, 867436.944099999964237 ] } },
{ "type": "Feature", "properties": { "OBJECTID": 8778, "CE": "Traslape propio", "CT": "", "ESTAMPA_CC": "2026-05-25 14:18:43" }, "geometry": { "type": "Point", "coordinates": [ 1063172.03323951526545, 867534.777400000020862 ] } },
{ "type": "Feature", "properties": { "OBJECTID": 8779, "CE": "", "CT": "Zona", "ESTAMPA_CC": "2026-05-25 14:18:43" }, "geometry": { "type": "Point", "coordinates": [ 1065867.332974267657846, 869617.859900000039488 ] } },
{ "type": "Feature", "properties": { "OBJECTID": 8780, "CE": "", "CT": "Zona", "ESTAMPA_CC": "2026-05-25 14:18:43" }, "geometry": { "type": "Point", "coordinates": [ 1064629.960183062823489, 868556.364850000012666 ] } },
{ "type": "Feature", "properties": { "OBJECTID": 8782, "CE": "", "CT": "Zona", "ESTAMPA_CC": "2026-05-25 14:18:43" }, "geometry": { "type": "Point", "coordinates": [ 1063278.565636985469609, 866744.970149999950081 ] } },
{ "type": "Feature", "properties": { "OBJECTID": 8789, "CE": "", "CT": "Zona", "ESTAMPA_CC": "2026-05-25 14:18:43" }, "geometry": { "type": "Point", "coordinates": [ 1061244.806562265381217, 870705.192800000077114 ] } },
{ "type": "Feature", "properties": { "OBJECTID": 8790, "CE": "", "CT": "Zona; Sector", "ESTAMPA_CC": "2026-05-25 14:18:43" }, "geometry": { "type": "Point", "coordinates": [ 1061285.107072637416422, 868569.353450000053272 ] } },
{ "type": "Feature", "properties": { "OBJECTID": 8792, "CE": "", "CT": "Zona; Sector", "ESTAMPA_CC": "2026-05-25 14:18:43" }, "geometry": { "type": "Point", "coordinates": [ 1065661.824895118828863, 874170.716550000011921 ] } },
{ "type": "Feature", "properties": { "OBJECTID": 8808, "CE": "Traslape propio", "CT": "Zona", "ESTAMPA_CC": "2026-05-25 14:18:43" }, "geometry": { "type": "Point", "coordinates": [ 1067390.433544800151139, 868281.68605000001844 ] } },
{ "type": "Feature", "properties": { "OBJECTID": 8809, "CE": "Traslape propio", "CT": "", "ESTAMPA_CC": "2026-05-25 14:18:43" }, "geometry": { "type": "Point", "coordinates": [ 1067503.88824557652697, 868161.855999999912456 ] } },
{ "type": "Feature", "properties": { "OBJECTID": 8810, "CE": "Traslape propio", "CT": "", "ESTAMPA_CC": "2026-05-25 14:18:43" }, "geometry": { "type": "Point", "coordinates": [ 1067435.542548357974738, 868104.30835000006482 ] } },
{ "type": "Feature", "properties": { "OBJECTID": 8811, "CE": "Traslape propio", "CT": "", "ESTAMPA_CC": "2026-05-25 14:18:43" }, "geometry": { "type": "Point", "coordinates": [ 1067433.919525968376547, 868182.293349999934435 ] } },
{ "type": "Feature", "properties": { "OBJECTID": 8812, "CE": "Traslape propio", "CT": "", "ESTAMPA_CC": "2026-05-25 14:18:43" }, "geometry": { "type": "Point", "coordinates": [ 1067621.463442394277081, 868070.114049999974668 ] } },
{ "type": "Feature", "properties": { "OBJECTID": 8813, "CE": "Traslape propio", "CT": "", "ESTAMPA_CC": "2026-05-25 14:18:43" }, "geometry": { "type": "Point", "coordinates": [ 1067569.667088457848877, 868145.595800000010058 ] } },
{ "type": "Feature", "properties": { "OBJECTID": 8838, "CE": "", "CT": "Zona", "ESTAMPA_CC": "2026-05-25 14:18:43" }, "geometry": { "type": "Point", "coordinates": [ 1063493.737316291313618, 866967.253350000013597 ] } },
{ "type": "Feature", "properties": { "OBJECTID": 8846, "CE": "", "CT": "Zona; Sector", "ESTAMPA_CC": "2026-05-25 14:18:43" }, "geometry": { "type": "Point", "coordinates": [ 1066345.313172249589115, 870267.82550000003539 ] } },
{ "type": "Feature", "properties": { "OBJECTID": 8862, "CE": "", "CT": "Zona; Sector", "ESTAMPA_CC": "2026-05-25 14:18:43" }, "geometry": { "type": "Point", "coordinates": [ 1065007.467761765932664, 869827.617199999978766 ] } },
{ "type": "Feature", "properties": { "OBJECTID": 8876, "CE": "", "CT": "Sector", "ESTAMPA_CC": "2026-05-25 14:18:43" }, "geometry": { "type": "Point", "coordinates": [ 1064069.206795482663438, 870693.7942 ] } },
{ "type": "Feature", "properties": { "OBJECTID": 8886, "CE": "", "CT": "Zona", "ESTAMPA_CC": "2026-05-25 14:18:43" }, "geometry": { "type": "Point", "coordinates": [ 1064390.282992623280734, 868388.068949999986216 ] } },
{ "type": "Feature", "properties": { "OBJECTID": 8887, "CE": "", "CT": "Zona", "ESTAMPA_CC": "2026-05-25 14:18:43" }, "geometry": { "type": "Point", "coordinates": [ 1063370.239917792379856, 866685.753950000042096 ] } },
{ "type": "Feature", "properties": { "OBJECTID": 8899, "CE": "Traslape propio", "CT": "", "ESTAMPA_CC": "2026-05-25 14:18:43" }, "geometry": { "type": "Point", "coordinates": [ 1061429.01059401081875, 867269.802000000025146 ] } },
{ "type": "Feature", "properties": { "OBJECTID": 8901, "CE": "", "CT": "Zona", "ESTAMPA_CC": "2026-05-25 14:18:43" }, "geometry": { "type": "Point", "coordinates": [ 1063529.288207072997466, 870601.035200000042096 ] } },
{ "type": "Feature", "properties": { "OBJECTID": 8903, "CE": "", "CT": "Zona", "ESTAMPA_CC": "2026-05-25 14:18:43" }, "geometry": { "type": "Point", "coordinates": [ 1063384.80292816623114, 870220.061500000068918 ] } },
{ "type": "Feature", "properties": { "OBJECTID": 8909, "CE": "Traslape propio", "CT": "", "ESTAMPA_CC": "2026-05-25 14:18:43" }, "geometry": { "type": "Point", "coordinates": [ 1065789.656759644160047, 872798.320850000018254 ] } },
{ "type": "Feature", "properties": { "OBJECTID": 8910, "CE": "", "CT": "Zona", "ESTAMPA_CC": "2026-05-25 14:18:43" }, "geometry": { "type": "Point", "coordinates": [ 1060097.010221363510936, 872165.068500000052154 ] } },
{ "type": "Feature", "properties": { "OBJECTID": 8933, "CE": "Traslape propio", "CT": "", "ESTAMPA_CC": "2026-05-25 14:18:43" }, "geometry": { "type": "Point", "coordinates": [ 1059142.833262289874256, 867352.72179999994114 ] } },
{ "type": "Feature", "properties": { "OBJECTID": 8959, "CE": "", "CT": "Zona; Sector", "ESTAMPA_CC": "2026-05-25 14:18:43" }, "geometry": { "type": "Point", "coordinates": [ 1065732.749409364769235, 872529.324550000019372 ] } },
{ "type": "Feature", "properties": { "OBJECTID": 8960, "CE": "Traslape propio", "CT": "", "ESTAMPA_CC": "2026-05-25 14:18:43" }, "geometry": { "type": "Point", "coordinates": [ 1062422.596252965508029, 866790.70629999996163 ] } },
{ "type": "Feature", "properties": { "OBJECTID": 8965, "CE": "", "CT": "Zona; Sector", "ESTAMPA_CC": "2026-05-25 14:18:43" }, "geometry": { "type": "Point", "coordinates": [ 1064500.941094800364226, 878315.807599999941885 ] } },
{ "type": "Feature", "properties": { "OBJECTID": 8966, "CE": "", "CT": "Zona; Sector", "ESTAMPA_CC": "2026-05-25 14:18:43" }, "geometry": { "type": "Point", "coordinates": [ 1064482.76269343495369, 878290.234500000020489 ] } },
{ "type": "Feature", "properties": { "OBJECTID": 8967, "CE": "", "CT": "Zona; Sector", "ESTAMPA_CC": "2026-05-25 14:18:43" }, "geometry": { "type": "Point", "coordinates": [ 1064677.857348802965134, 878394.456250000046566 ] } },
{ "type": "Feature", "properties": { "OBJECTID": 8968, "CE": "", "CT": "Zona; Sector", "ESTAMPA_CC": "2026-05-25 14:18:43" }, "geometry": { "type": "Point", "coordinates": [ 1064659.534668832086027, 878115.171199999982491 ] } },
{ "type": "Feature", "properties": { "OBJECTID": 8969, "CE": "", "CT": "Zona; Sector", "ESTAMPA_CC": "2026-05-25 14:18:43" }, "geometry": { "type": "Point", "coordinates": [ 1064541.793801180785522, 878401.0379 ] } },
{ "type": "Feature", "properties": { "OBJECTID": 8971, "CE": "", "CT": "Zona; Sector", "ESTAMPA_CC": "2026-05-25 14:18:43" }, "geometry": { "type": "Point", "coordinates": [ 1064655.111798424273729, 877492.1555 ] } },
{ "type": "Feature", "properties": { "OBJECTID": 8972, "CE": "", "CT": "Zona", "ESTAMPA_CC": "2026-05-25 14:18:43" }, "geometry": { "type": "Point", "coordinates": [ 1066588.65920467255637, 868566.419499999959953 ] } },
{ "type": "Feature", "properties": { "OBJECTID": 8975, "CE": "Traslape propio", "CT": "", "ESTAMPA_CC": "2026-05-25 14:18:43" }, "geometry": { "type": "Point", "coordinates": [ 1062006.53552971011959, 877004.1899 ] } },
{ "type": "Feature", "properties": { "OBJECTID": 8979, "CE": "", "CT": "Zona; Sector", "ESTAMPA_CC": "2026-05-25 14:18:43" }, "geometry": { "type": "Point", "coordinates": [ 1066327.891874870751053, 874121.520950000034645 ] } },
{ "type": "Feature", "properties": { "OBJECTID": 8985, "CE": "", "CT": "Zona", "ESTAMPA_CC": "2026-05-25 14:18:43" }, "geometry": { "type": "Point", "coordinates": [ 1057911.734945258125663, 865336.13945000001695 ] } },
{ "type": "Feature", "properties": { "OBJECTID": 8990, "CE": "", "CT": "Zona", "ESTAMPA_CC": "2026-05-25 14:18:43" }, "geometry": { "type": "Point", "coordinates": [ 1058112.687581921927631, 870666.762249999912456 ] } },
{ "type": "Feature", "properties": { "OBJECTID": 8992, "CE": "", "CT": "Sector", "ESTAMPA_CC": "2026-05-25 14:18:43" }, "geometry": { "type": "Point", "coordinates": [ 1059105.033591753803194, 867807.108649999951012 ] } },
{ "type": "Feature", "properties": { "OBJECTID": 8998, "CE": "", "CT": "Zona", "ESTAMPA_CC": "2026-05-25 14:18:43" }, "geometry": { "type": "Point", "coordinates": [ 1067423.24229580629617, 868076.120150000089779 ] } },
{ "type": "Feature", "properties": { "OBJECTID": 9006, "CE": "", "CT": "Zona", "ESTAMPA_CC": "2026-05-25 14:18:43" }, "geometry": { "type": "Point", "coordinates": [ 1068025.540206321049482, 869969.430900000035763 ] } },
{ "type": "Feature", "properties": { "OBJECTID": 9023, "CE": "Traslape propio", "CT": "", "ESTAMPA_CC": "2026-05-25 14:18:43" }, "geometry": { "type": "Point", "coordinates": [ 1060516.39287168905139, 877500.6054 ] } },
{ "type": "Feature", "properties": { "OBJECTID": 9026, "CE": "", "CT": "Zona", "ESTAMPA_CC": "2026-05-25 14:18:43" }, "geometry": { "type": "Point", "coordinates": [ 1068105.732577856630087, 869684.68065 ] } },
{ "type": "Feature", "properties": { "OBJECTID": 9028, "CE": "", "CT": "Zona", "ESTAMPA_CC": "2026-05-25 14:18:43" }, "geometry": { "type": "Point", "coordinates": [ 1067556.132095285691321, 868302.205400000093505 ] } },
{ "type": "Feature", "properties": { "OBJECTID": 9041, "CE": "Traslape propio", "CT": "", "ESTAMPA_CC": "2026-05-25 14:18:43" }, "geometry": { "type": "Point", "coordinates": [ 1067114.118295322172344, 872104.834449999965727 ] } },
{ "type": "Feature", "properties": { "OBJECTID": 9046, "CE": "", "CT": "Zona; Sector", "ESTAMPA_CC": "2026-05-25 14:18:43" }, "geometry": { "type": "Point", "coordinates": [ 1064949.738298721145838, 869877.137850000057369 ] } },
{ "type": "Feature", "properties": { "OBJECTID": 9054, "CE": "", "CT": "Zona; Sector", "ESTAMPA_CC": "2026-05-25 14:18:43" }, "geometry": { "type": "Point", "coordinates": [ 1064556.470228402875364, 871089.320949999964796 ] } },
{ "type": "Feature", "properties": { "OBJECTID": 9055, "CE": "", "CT": "Zona", "ESTAMPA_CC": "2026-05-25 14:18:43" }, "geometry": { "type": "Point", "coordinates": [ 1054142.78104719822295, 875017.094250000081956 ] } },
{ "type": "Feature", "properties": { "OBJECTID": 9056, "CE": "Traslape propio", "CT": "", "ESTAMPA_CC": "2026-05-25 14:18:43" }, "geometry": { "type": "Point", "coordinates": [ 1059491.085618017008528, 873645.299649999942631 ] } },
{ "type": "Feature", "properties": { "OBJECTID": 9059, "CE": "Traslape propio", "CT": "", "ESTAMPA_CC": "2026-05-25 14:18:43" }, "geometry": { "type": "Point", "coordinates": [ 1061997.623774838633835, 866015.76769999996759 ] } },
{ "type": "Feature", "properties": { "OBJECTID": 9068, "CE": "Traslape propio", "CT": "", "ESTAMPA_CC": "2026-05-25 14:18:43" }, "geometry": { "type": "Point", "coordinates": [ 1063013.059467285405844, 877457.417299999971874 ] } },
{ "type": "Feature", "properties": { "OBJECTID": 9069, "CE": "", "CT": "Zona; Sector", "ESTAMPA_CC": "2026-05-25 14:18:43" }, "geometry": { "type": "Point", "coordinates": [ 1065506.802281418582425, 874274.679600000032224 ] } },
{ "type": "Feature", "properties": { "OBJECTID": 9071, "CE": "", "CT": "Sector", "ESTAMPA_CC": "2026-05-25 14:18:43" }, "geometry": { "type": "Point", "coordinates": [ 1059541.701504067052156, 868086.549450000049546 ] } },
{ "type": "Feature", "properties": { "OBJECTID": 9076, "CE": "Traslape propio", "CT": "", "ESTAMPA_CC": "2026-05-25 14:18:43" }, "geometry": { "type": "Point", "coordinates": [ 1067272.03267240524292, 868835.808949999976903 ] } },
{ "type": "Feature", "properties": { "OBJECTID": 9077, "CE": "", "CT": "Zona", "ESTAMPA_CC": "2026-05-25 14:18:43" }, "geometry": { "type": "Point", "coordinates": [ 1067427.401419090572745, 867888.154349999967963 ] } },
{ "type": "Feature", "properties": { "OBJECTID": 9080, "CE": "", "CT": "Zona", "ESTAMPA_CC": "2026-05-25 14:18:43" }, "geometry": { "type": "Point", "coordinates": [ 1061873.087674261070788, 871360.702950000064448 ] } },
{ "type": "Feature", "properties": { "OBJECTID": 9085, "CE": "", "CT": "Zona", "ESTAMPA_CC": "2026-05-25 14:18:43" }, "geometry": { "type": "Point", "coordinates": [ 1061546.184004698880017, 870083.0046999999322 ] } },
{ "type": "Feature", "properties": { "OBJECTID": 9133, "CE": "Traslape propio", "CT": "", "ESTAMPA_CC": "2026-05-25 14:18:43" }, "geometry": { "type": "Point", "coordinates": [ 1067172.163362655322999, 868703.405550000024959 ] } },
{ "type": "Feature", "properties": { "OBJECTID": 9139, "CE": "Traslape propio", "CT": "Zona", "ESTAMPA_CC": "2026-05-25 14:18:43" }, "geometry": { "type": "Point", "coordinates": [ 1067623.41719540162012, 868247.496899999910966 ] } },
{ "type": "Feature", "properties": { "OBJECTID": 9140, "CE": "", "CT": "Zona", "ESTAMPA_CC": "2026-05-25 14:18:43" }, "geometry": { "type": "Point", "coordinates": [ 1065038.559705716790631, 877606.809299999964423 ] } },
{ "type": "Feature", "properties": { "OBJECTID": 9143, "CE": "Traslape propio", "CT": "Zona", "ESTAMPA_CC": "2026-05-25 14:18:43" }, "geometry": { "type": "Point", "coordinates": [ 1067524.748845902970061, 868324.116000000038184 ] } },
{ "type": "Feature", "properties": { "OBJECTID": 9147, "CE": "Traslape propio", "CT": "", "ESTAMPA_CC": "2026-05-25 14:18:43" }, "geometry": { "type": "Point", "coordinates": [ 1067196.868962592212483, 871784.18915 ] } },
{ "type": "Feature", "properties": { "OBJECTID": 9170, "CE": "", "CT": "Zona; Sector", "ESTAMPA_CC": "2026-05-25 14:18:43" }, "geometry": { "type": "Point", "coordinates": [ 1066355.415505820419639, 876609.343850000062957 ] } },
{ "type": "Feature", "properties": { "OBJECTID": 9173, "CE": "", "CT": "Zona; Sector", "ESTAMPA_CC": "2026-05-25 14:18:43" }, "geometry": { "type": "Point", "coordinates": [ 1064848.65615668008104, 878154.352100000018254 ] } },
{ "type": "Feature", "properties": { "OBJECTID": 9174, "CE": "", "CT": "Zona; Sector", "ESTAMPA_CC": "2026-05-25 14:18:43" }, "geometry": { "type": "Point", "coordinates": [ 1065614.609965498792008, 870712.066150000086054 ] } },
{ "type": "Feature", "properties": { "OBJECTID": 9175, "CE": "", "CT": "Zona", "ESTAMPA_CC": "2026-05-25 14:18:43" }, "geometry": { "type": "Point", "coordinates": [ 1066263.878373425453901, 873034.731449999962933 ] } },
{ "type": "Feature", "properties": { "OBJECTID": 9178, "CE": "", "CT": "Zona; Sector", "ESTAMPA_CC": "2026-05-25 14:18:43" }, "geometry": { "type": "Point", "coordinates": [ 1064853.515665108105168, 877900.321800000034273 ] } },
{ "type": "Feature", "properties": { "OBJECTID": 9188, "CE": "", "CT": "Zona; Sector", "ESTAMPA_CC": "2026-05-25 14:18:43" }, "geometry": { "type": "Point", "coordinates": [ 1062173.677336160093546, 872179.78269999998156 ] } },
{ "type": "Feature", "properties": { "OBJECTID": 9193, "CE": "Traslape propio", "CT": "", "ESTAMPA_CC": "2026-05-25 14:18:43" }, "geometry": { "type": "Point", "coordinates": [ 1067045.042257291264832, 872151.595250000013039 ] } },
{ "type": "Feature", "properties": { "OBJECTID": 9196, "CE": "Traslape propio", "CT": "", "ESTAMPA_CC": "2026-05-25 14:18:43" }, "geometry": { "type": "Point", "coordinates": [ 1059440.576819848269224, 866159.522300000069663 ] } },
{ "type": "Feature", "properties": { "OBJECTID": 9208, "CE": "", "CT": "Zona; Sector", "ESTAMPA_CC": "2026-05-25 14:18:43" }, "geometry": { "type": "Point", "coordinates": [ 1065971.177724644076079, 873263.663149999920279 ] } },
{ "type": "Feature", "properties": { "OBJECTID": 9223, "CE": "", "CT": "Zona; Sector", "ESTAMPA_CC": "2026-05-25 14:18:43" }, "geometry": { "type": "Point", "coordinates": [ 1062013.437552345916629, 871935.259199999971315 ] } },
{ "type": "Feature", "properties": { "OBJECTID": 9238, "CE": "", "CT": "Sector", "ESTAMPA_CC": "2026-05-25 14:18:43" }, "geometry": { "type": "Point", "coordinates": [ 1064310.205653029959649, 871560.865800000028685 ] } },
{ "type": "Feature", "properties": { "OBJECTID": 9251, "CE": "Traslape propio", "CT": "", "ESTAMPA_CC": "2026-05-25 14:18:43" }, "geometry": { "type": "Point", "coordinates": [ 1064717.543682660907507, 877643.577199999941513 ] } },
{ "type": "Feature", "properties": { "OBJECTID": 9259, "CE": "", "CT": "Zona", "ESTAMPA_CC": "2026-05-25 14:18:43" }, "geometry": { "type": "Point", "coordinates": [ 1065453.256004604510963, 872715.874349999940023 ] } },
{ "type": "Feature", "properties": { "OBJECTID": 9261, "CE": "", "CT": "Zona", "ESTAMPA_CC": "2026-05-25 14:18:43" }, "geometry": { "type": "Point", "coordinates": [ 1068113.416640214156359, 871714.28975 ] } },
{ "type": "Feature", "properties": { "OBJECTID": 9262, "CE": "", "CT": "Zona; Sector", "ESTAMPA_CC": "2026-05-25 14:18:43" }, "geometry": { "type": "Point", "coordinates": [ 1064664.648188033606857, 878592.27945000003092 ] } },
{ "type": "Feature", "properties": { "OBJECTID": 9269, "CE": "", "CT": "Zona; Sector", "ESTAMPA_CC": "2026-05-25 14:18:43" }, "geometry": { "type": "Point", "coordinates": [ 1065631.673343281727284, 878210.381799999973737 ] } },
{ "type": "Feature", "properties": { "OBJECTID": 9278, "CE": "", "CT": "Zona", "ESTAMPA_CC": "2026-05-25 14:18:43" }, "geometry": { "type": "Point", "coordinates": [ 1062142.776495154714212, 869297.0479 ] } },
{ "type": "Feature", "properties": { "OBJECTID": 9306, "CE": "Traslape propio", "CT": "", "ESTAMPA_CC": "2026-05-25 14:18:43" }, "geometry": { "type": "Point", "coordinates": [ 1066797.407541997730732, 872220.814400000032037 ] } },
{ "type": "Feature", "properties": { "OBJECTID": 9327, "CE": "", "CT": "Sector", "ESTAMPA_CC": "2026-05-25 14:18:43" }, "geometry": { "type": "Point", "coordinates": [ 1059747.177057426655665, 871167.803000000072643 ] } },
{ "type": "Feature", "properties": { "OBJECTID": 9333, "CE": "", "CT": "Sector", "ESTAMPA_CC": "2026-05-25 14:18:43" }, "geometry": { "type": "Point", "coordinates": [ 1057392.536148614017293, 866344.131550000049174 ] } },
{ "type": "Feature", "properties": { "OBJECTID": 9335, "CE": "Traslape propio", "CT": "", "ESTAMPA_CC": "2026-05-25 14:18:43" }, "geometry": { "type": "Point", "coordinates": [ 1064302.443331898888573, 870635.12075 ] } },
{ "type": "Feature", "properties": { "OBJECTID": 9336, "CE": "", "CT": "Zona; Sector", "ESTAMPA_CC": "2026-05-25 14:18:43" }, "geometry": { "type": "Point", "coordinates": [ 1063995.319036152213812, 875552.028050000080839 ] } },
{ "type": "Feature", "properties": { "OBJECTID": 9344, "CE": "Traslape propio", "CT": "", "ESTAMPA_CC": "2026-05-25 14:18:43" }, "geometry": { "type": "Point", "coordinates": [ 1062842.984654229367152, 867239.305949999950826 ] } },
{ "type": "Feature", "properties": { "OBJECTID": 9354, "CE": "", "CT": "Barrio", "ESTAMPA_CC": "2026-05-25 14:18:43" }, "geometry": { "type": "Point", "coordinates": [ 1064163.687955311965197, 875332.489400000078604 ] } },
{ "type": "Feature", "properties": { "OBJECTID": 9361, "CE": "Traslape propio", "CT": "", "ESTAMPA_CC": "2026-05-25 14:18:43" }, "geometry": { "type": "Point", "coordinates": [ 1057697.610073815565556, 866458.768150000018068 ] } },
{ "type": "Feature", "properties": { "OBJECTID": 9376, "CE": "", "CT": "Zona; Sector", "ESTAMPA_CC": "2026-05-25 14:18:43" }, "geometry": { "type": "Point", "coordinates": [ 1062771.313557274639606, 872172.297400000039488 ] } },
{ "type": "Feature", "properties": { "OBJECTID": 9396, "CE": "", "CT": "Sector", "ESTAMPA_CC": "2026-05-25 14:18:43" }, "geometry": { "type": "Point", "coordinates": [ 1061173.37695186259225, 873857.358050000038929 ] } },
{ "type": "Feature", "properties": { "OBJECTID": 9398, "CE": "", "CT": "Zona; Sector", "ESTAMPA_CC": "2026-05-25 14:18:43" }, "geometry": { "type": "Point", "coordinates": [ 1064687.662730402546003, 878170.312050000065938 ] } },
{ "type": "Feature", "properties": { "OBJECTID": 9399, "CE": "", "CT": "Zona; Sector", "ESTAMPA_CC": "2026-05-25 14:18:43" }, "geometry": { "type": "Point", "coordinates": [ 1064576.552084450144321, 878197.231949999928474 ] } },
{ "type": "Feature", "properties": { "OBJECTID": 9401, "CE": "", "CT": "Zona; Sector", "ESTAMPA_CC": "2026-05-25 14:18:43" }, "geometry": { "type": "Point", "coordinates": [ 1065731.821153993718326, 878224.1609499999322 ] } },
{ "type": "Feature", "properties": { "OBJECTID": 9404, "CE": "", "CT": "Zona; Sector", "ESTAMPA_CC": "2026-05-25 14:18:43" }, "geometry": { "type": "Point", "coordinates": [ 1064168.108995292102918, 877777.302949999924749 ] } },
{ "type": "Feature", "properties": { "OBJECTID": 9406, "CE": "", "CT": "Zona; Sector", "ESTAMPA_CC": "2026-05-25 14:18:43" }, "geometry": { "type": "Point", "coordinates": [ 1065941.822660387726501, 877351.488200000021607 ] } },
{ "type": "Feature", "properties": { "OBJECTID": 9408, "CE": "Traslape propio", "CT": "", "ESTAMPA_CC": "2026-05-25 14:18:43" }, "geometry": { "type": "Point", "coordinates": [ 1064494.003935221582651, 877671.264149999944493 ] } },
{ "type": "Feature", "properties": { "OBJECTID": 9412, "CE": "", "CT": "Zona; Sector", "ESTAMPA_CC": "2026-05-25 14:18:43" }, "geometry": { "type": "Point", "coordinates": [ 1065728.630830395035446, 873275.494700000039302 ] } },
{ "type": "Feature", "properties": { "OBJECTID": 9417, "CE": "", "CT": "Sector", "ESTAMPA_CC": "2026-05-25 14:18:43" }, "geometry": { "type": "Point", "coordinates": [ 1059518.097524098586291, 868033.9913 ] } },
{ "type": "Feature", "properties": { "OBJECTID": 9438, "CE": "", "CT": "Zona; Sector", "ESTAMPA_CC": "2026-05-25 14:18:43" }, "geometry": { "type": "Point", "coordinates": [ 1065832.823851473396644, 877465.26145 ] } },
{ "type": "Feature", "properties": { "OBJECTID": 9440, "CE": "", "CT": "Zona; Sector", "ESTAMPA_CC": "2026-05-25 14:18:43" }, "geometry": { "type": "Point", "coordinates": [ 1065474.487174281384796, 874307.027999999932945 ] } },
{ "type": "Feature", "properties": { "OBJECTID": 9442, "CE": "Traslape propio", "CT": "", "ESTAMPA_CC": "2026-05-25 14:18:43" }, "geometry": { "type": "Point", "coordinates": [ 1067267.905523614957929, 871953.400350000010803 ] } },
{ "type": "Feature", "properties": { "OBJECTID": 9448, "CE": "", "CT": "Zona; Sector", "ESTAMPA_CC": "2026-05-25 14:18:43" }, "geometry": { "type": "Point", "coordinates": [ 1063780.550000359769911, 872215.42015000001993 ] } },
{ "type": "Feature", "properties": { "OBJECTID": 9453, "CE": "", "CT": "Zona; Sector", "ESTAMPA_CC": "2026-05-25 14:18:43" }, "geometry": { "type": "Point", "coordinates": [ 1065794.294591675279662, 870286.565799999982119 ] } },
{ "type": "Feature", "properties": { "OBJECTID": 9454, "CE": "", "CT": "Zona; Sector", "ESTAMPA_CC": "2026-05-25 14:18:43" }, "geometry": { "type": "Point", "coordinates": [ 1066467.773288974072784, 873196.148000000044703 ] } },
{ "type": "Feature", "properties": { "OBJECTID": 9462, "CE": "Traslape propio", "CT": "", "ESTAMPA_CC": "2026-05-25 14:18:43" }, "geometry": { "type": "Point", "coordinates": [ 1067336.637587705627084, 868571.699400000041351 ] } },
{ "type": "Feature", "properties": { "OBJECTID": 9482, "CE": "Traslape propio", "CT": "", "ESTAMPA_CC": "2026-05-25 14:18:43" }, "geometry": { "type": "Point", "coordinates": [ 1060762.995660928077996, 867047.872549999970943 ] } },
{ "type": "Feature", "properties": { "OBJECTID": 9487, "CE": "Traslape propio", "CT": "", "ESTAMPA_CC": "2026-05-25 14:18:43" }, "geometry": { "type": "Point", "coordinates": [ 1067504.375811918172985, 871888.164150000084192 ] } },
{ "type": "Feature", "properties": { "OBJECTID": 9488, "CE": "Traslape propio", "CT": "", "ESTAMPA_CC": "2026-05-25 14:18:43" }, "geometry": { "type": "Point", "coordinates": [ 1057931.348255334887654, 864452.086400000029244 ] } },
{ "type": "Feature", "properties": { "OBJECTID": 9489, "CE": "Traslape propio", "CT": "", "ESTAMPA_CC": "2026-05-25 14:18:43" }, "geometry": { "type": "Point", "coordinates": [ 1067599.465545463375747, 868271.284999999916181 ] } },
{ "type": "Feature", "properties": { "OBJECTID": 9506, "CE": "", "CT": "Zona", "ESTAMPA_CC": "2026-05-25 14:18:43" }, "geometry": { "type": "Point", "coordinates": [ 1065432.024827364133671, 877841.739550000056624 ] } },
{ "type": "Feature", "properties": { "OBJECTID": 9508, "CE": "Traslape propio", "CT": "", "ESTAMPA_CC": "2026-05-25 14:18:43" }, "geometry": { "type": "Point", "coordinates": [ 1068135.96082728728652, 870166.468150000087917 ] } },
{ "type": "Feature", "properties": { "OBJECTID": 9510, "CE": "", "CT": "Zona", "ESTAMPA_CC": "2026-05-25 14:18:43" }, "geometry": { "type": "Point", "coordinates": [ 1067534.310210870346054, 868390.371700000017881 ] } },
{ "type": "Feature", "properties": { "OBJECTID": 9511, "CE": "", "CT": "Zona", "ESTAMPA_CC": "2026-05-25 14:18:43" }, "geometry": { "type": "Point", "coordinates": [ 1064804.964534941129386, 877633.786199999973178 ] } },
{ "type": "Feature", "properties": { "OBJECTID": 9526, "CE": "", "CT": "Zona; Sector", "ESTAMPA_CC": "2026-05-25 14:18:43" }, "geometry": { "type": "Point", "coordinates": [ 1065706.322991587687284, 873233.223250000039116 ] } },
{ "type": "Feature", "properties": { "OBJECTID": 9527, "CE": "Traslape propio", "CT": "Zona", "ESTAMPA_CC": "2026-05-25 14:18:43" }, "geometry": { "type": "Point", "coordinates": [ 1067760.69977955147624, 872060.744300000020303 ] } },
{ "type": "Feature", "properties": { "OBJECTID": 9533, "CE": "", "CT": "Zona; Sector", "ESTAMPA_CC": "2026-05-25 14:18:43" }, "geometry": { "type": "Point", "coordinates": [ 1065759.260300283553079, 874137.310049999970943 ] } },
{ "type": "Feature", "properties": { "OBJECTID": 9542, "CE": "", "CT": "Zona", "ESTAMPA_CC": "2026-05-25 14:18:43" }, "geometry": { "type": "Point", "coordinates": [ 1061938.100395290879533, 873011.196250000037253 ] } },
{ "type": "Feature", "properties": { "OBJECTID": 9558, "CE": "", "CT": "Sector", "ESTAMPA_CC": "2026-05-25 14:18:43" }, "geometry": { "type": "Point", "coordinates": [ 1059395.305997311836109, 868183.065300000016578 ] } },
{ "type": "Feature", "properties": { "OBJECTID": 9564, "CE": "Traslape propio", "CT": "", "ESTAMPA_CC": "2026-05-25 14:18:43" }, "geometry": { "type": "Point", "coordinates": [ 1062557.744400010211393, 865199.854599999962375 ] } },
{ "type": "Feature", "properties": { "OBJECTID": 9571, "CE": "", "CT": "Zona", "ESTAMPA_CC": "2026-05-25 14:18:43" }, "geometry": { "type": "Point", "coordinates": [ 1068196.104447362478822, 871113.55805 ] } },
{ "type": "Feature", "properties": { "OBJECTID": 9576, "CE": "", "CT": "Zona; Sector", "ESTAMPA_CC": "2026-05-25 14:18:43" }, "geometry": { "type": "Point", "coordinates": [ 1065168.598665041849017, 870300.042949999915436 ] } },
{ "type": "Feature", "properties": { "OBJECTID": 9585, "CE": "", "CT": "Zona; Sector", "ESTAMPA_CC": "2026-05-25 14:18:43" }, "geometry": { "type": "Point", "coordinates": [ 1065281.45789500977844, 870367.804899999988265 ] } },
{ "type": "Feature", "properties": { "OBJECTID": 9591, "CE": "", "CT": "Zona; Sector", "ESTAMPA_CC": "2026-05-25 14:18:43" }, "geometry": { "type": "Point", "coordinates": [ 1063467.328300778521225, 873073.143200000049546 ] } },
{ "type": "Feature", "properties": { "OBJECTID": 9593, "CE": "", "CT": "Zona; Sector", "ESTAMPA_CC": "2026-05-25 14:18:43" }, "geometry": { "type": "Point", "coordinates": [ 1065737.133486147271469, 877273.292050000047311 ] } },
{ "type": "Feature", "properties": { "OBJECTID": 9594, "CE": "", "CT": "Zona; Sector", "ESTAMPA_CC": "2026-05-25 14:18:43" }, "geometry": { "type": "Point", "coordinates": [ 1064950.435577776748687, 875717.806250000023283 ] } },
{ "type": "Feature", "properties": { "OBJECTID": 9598, "CE": "", "CT": "Zona; Sector", "ESTAMPA_CC": "2026-05-25 14:18:43" }, "geometry": { "type": "Point", "coordinates": [ 1065673.917001133551821, 875227.3484499999322 ] } },
{ "type": "Feature", "properties": { "OBJECTID": 9601, "CE": "", "CT": "Zona; Sector", "ESTAMPA_CC": "2026-05-25 14:18:43" }, "geometry": { "type": "Point", "coordinates": [ 1064547.169214355759323, 871194.674699999974109 ] } },
{ "type": "Feature", "properties": { "OBJECTID": 9603, "CE": "Traslape propio", "CT": "", "ESTAMPA_CC": "2026-05-25 14:18:43" }, "geometry": { "type": "Point", "coordinates": [ 1067246.627385105472058, 868917.569249999942258 ] } },
{ "type": "Feature", "properties": { "OBJECTID": 9609, "CE": "", "CT": "Zona; Sector", "ESTAMPA_CC": "2026-05-25 14:18:43" }, "geometry": { "type": "Point", "coordinates": [ 1065180.643724148161709, 878056.775600000051782 ] } },
{ "type": "Feature", "properties": { "OBJECTID": 9612, "CE": "", "CT": "Zona; Sector", "ESTAMPA_CC": "2026-05-25 14:18:43" }, "geometry": { "type": "Point", "coordinates": [ 1065433.3144583448302, 871041.864599999971688 ] } },
{ "type": "Feature", "properties": { "OBJECTID": 9627, "CE": "Traslape propio", "CT": "", "ESTAMPA_CC": "2026-05-25 14:18:43" }, "geometry": { "type": "Point", "coordinates": [ 1067051.533043169416487, 871971.098049999913201 ] } },
{ "type": "Feature", "properties": { "OBJECTID": 9638, "CE": "", "CT": "Zona; Sector", "ESTAMPA_CC": "2026-05-25 14:18:43" }, "geometry": { "type": "Point", "coordinates": [ 1064950.024711295496672, 875794.134549999958836 ] } },
{ "type": "Feature", "properties": { "OBJECTID": 9652, "CE": "", "CT": "Zona; Sector", "ESTAMPA_CC": "2026-05-25 14:18:43" }, "geometry": { "type": "Point", "coordinates": [ 1062906.593328897608444, 872419.8258 ] } },
{ "type": "Feature", "properties": { "OBJECTID": 9674, "CE": "Traslape propio", "CT": "", "ESTAMPA_CC": "2026-05-25 14:18:43" }, "geometry": { "type": "Point", "coordinates": [ 1067815.061600000131875, 871914.962899999925867 ] } },
{ "type": "Feature", "properties": { "OBJECTID": 9678, "CE": "Traslape propio", "CT": "", "ESTAMPA_CC": "2026-05-25 14:18:43" }, "geometry": { "type": "Point", "coordinates": [ 1067566.146539168898016, 871983.138999999966472 ] } },
{ "type": "Feature", "properties": { "OBJECTID": 9679, "CE": "Traslape propio", "CT": "Zona", "ESTAMPA_CC": "2026-05-25 14:18:43" }, "geometry": { "type": "Point", "coordinates": [ 1064351.110112832859159, 877484.170649999985471 ] } },
{ "type": "Feature", "properties": { "OBJECTID": 9681, "CE": "Traslape propio", "CT": "", "ESTAMPA_CC": "2026-05-25 14:18:43" }, "geometry": { "type": "Point", "coordinates": [ 1067552.85557474847883, 868501.105250000022352 ] } },
{ "type": "Feature", "properties": { "OBJECTID": 9682, "CE": "", "CT": "Zona", "ESTAMPA_CC": "2026-05-25 14:18:43" }, "geometry": { "type": "Point", "coordinates": [ 1066834.155017080716789, 872184.87355000001844 ] } },
{ "type": "Feature", "properties": { "OBJECTID": 9684, "CE": "", "CT": "Zona", "ESTAMPA_CC": "2026-05-25 14:18:43" }, "geometry": { "type": "Point", "coordinates": [ 1067919.246368685737252, 871680.53975 ] } },
{ "type": "Feature", "properties": { "OBJECTID": 9692, "CE": "", "CT": "Zona; Sector", "ESTAMPA_CC": "2026-05-25 14:18:43" }, "geometry": { "type": "Point", "coordinates": [ 1067224.763350534019992, 870719.469950000056997 ] } },
{ "type": "Feature", "properties": { "OBJECTID": 9700, "CE": "Traslape propio", "CT": "", "ESTAMPA_CC": "2026-05-25 14:18:43" }, "geometry": { "type": "Point", "coordinates": [ 1058031.547572278417647, 864406.767800000030547 ] } },
{ "type": "Feature", "properties": { "OBJECTID": 9714, "CE": "Traslape propio", "CT": "", "ESTAMPA_CC": "2026-05-25 14:18:43" }, "geometry": { "type": "Point", "coordinates": [ 1057755.307455461937934, 865629.44935 ] } },
{ "type": "Feature", "properties": { "OBJECTID": 9715, "CE": "Traslape propio", "CT": "", "ESTAMPA_CC": "2026-05-25 14:18:43" }, "geometry": { "type": "Point", "coordinates": [ 1057687.654948340728879, 865593.839449999970384 ] } },
{ "type": "Feature", "properties": { "OBJECTID": 9721, "CE": "Traslape propio", "CT": "", "ESTAMPA_CC": "2026-05-25 14:18:43" }, "geometry": { "type": "Point", "coordinates": [ 1059078.791335677495226, 864690.307950000045821 ] } },
{ "type": "Feature", "properties": { "OBJECTID": 9729, "CE": "", "CT": "Zona", "ESTAMPA_CC": "2026-05-25 14:18:43" }, "geometry": { "type": "Point", "coordinates": [ 1061880.268996936269104, 871447.543300000019372 ] } },
{ "type": "Feature", "properties": { "OBJECTID": 9735, "CE": "", "CT": "Zona", "ESTAMPA_CC": "2026-05-25 14:18:43" }, "geometry": { "type": "Point", "coordinates": [ 1061172.039588001789525, 870793.1446 ] } },
{ "type": "Feature", "properties": { "OBJECTID": 9736, "CE": "", "CT": "Zona; Sector", "ESTAMPA_CC": "2026-05-25 14:18:43" }, "geometry": { "type": "Point", "coordinates": [ 1061240.126452630385756, 868524.923350000055507 ] } },
{ "type": "Feature", "properties": { "OBJECTID": 9739, "CE": "Traslape propio", "CT": "", "ESTAMPA_CC": "2026-05-25 14:18:43" }, "geometry": { "type": "Point", "coordinates": [ 1067081.982938488014042, 871927.543349999934435 ] } },
{ "type": "Feature", "properties": { "OBJECTID": 9741, "CE": "Traslape propio", "CT": "", "ESTAMPA_CC": "2026-05-25 14:18:43" }, "geometry": { "type": "Point", "coordinates": [ 1067228.578273871447891, 868650.749499999918044 ] } },
{ "type": "Feature", "properties": { "OBJECTID": 9763, "CE": "Error de área", "CT": "", "ESTAMPA_CC": "2026-05-25 14:18:43" }, "geometry": { "type": "Point", "coordinates": [ 1058120.762838349444792, 864205.070249999989755 ] } },
{ "type": "Feature", "properties": { "OBJECTID": 9773, "CE": "Traslape propio", "CT": "", "ESTAMPA_CC": "2026-05-25 14:18:43" }, "geometry": { "type": "Point", "coordinates": [ 1067855.505622079595923, 871893.634749999968335 ] } },
{ "type": "Feature", "properties": { "OBJECTID": 9776, "CE": "", "CT": "Zona; Sector", "ESTAMPA_CC": "2026-05-25 14:18:43" }, "geometry": { "type": "Point", "coordinates": [ 1063717.060872961068526, 869887.706800000043586 ] } },
{ "type": "Feature", "properties": { "OBJECTID": 9777, "CE": "Traslape propio", "CT": "", "ESTAMPA_CC": "2026-05-25 14:18:43" }, "geometry": { "type": "Point", "coordinates": [ 1067286.857517251744866, 868796.360099999932572 ] } },
{ "type": "Feature", "properties": { "OBJECTID": 9787, "CE": "", "CT": "Zona; Sector", "ESTAMPA_CC": "2026-05-25 14:18:43" }, "geometry": { "type": "Point", "coordinates": [ 1065497.977803631685674, 870660.306749999988824 ] } },
{ "type": "Feature", "properties": { "OBJECTID": 9791, "CE": "", "CT": "Zona; Sector", "ESTAMPA_CC": "2026-05-25 14:18:43" }, "geometry": { "type": "Point", "coordinates": [ 1064599.780354942195117, 869961.496999999973923 ] } },
{ "type": "Feature", "properties": { "OBJECTID": 9803, "CE": "", "CT": "Zona; Sector", "ESTAMPA_CC": "2026-05-25 14:18:43" }, "geometry": { "type": "Point", "coordinates": [ 1065152.913905976107344, 870642.978050000034273 ] } },
{ "type": "Feature", "properties": { "OBJECTID": 9811, "CE": "", "CT": "Zona", "ESTAMPA_CC": "2026-05-25 14:18:43" }, "geometry": { "type": "Point", "coordinates": [ 1068055.312021431047469, 869979.4671 ] } },
{ "type": "Feature", "properties": { "OBJECTID": 9812, "CE": "", "CT": "Zona; Sector", "ESTAMPA_CC": "2026-05-25 14:18:43" }, "geometry": { "type": "Point", "coordinates": [ 1066027.080714246723801, 876264.996150000020862 ] } },
{ "type": "Feature", "properties": { "OBJECTID": 9813, "CE": "Traslape propio", "CT": "Zona", "ESTAMPA_CC": "2026-05-25 14:18:43" }, "geometry": { "type": "Point", "coordinates": [ 1067825.797099855728447, 871984.318749999976717 ] } },
{ "type": "Feature", "properties": { "OBJECTID": 9818, "CE": "Traslape propio", "CT": "", "ESTAMPA_CC": "2026-05-25 14:18:43" }, "geometry": { "type": "Point", "coordinates": [ 1059419.232719935942441, 865999.0577 ] } },
{ "type": "Feature", "properties": { "OBJECTID": 9824, "CE": "", "CT": "Zona; Sector", "ESTAMPA_CC": "2026-05-25 14:18:43" }, "geometry": { "type": "Point", "coordinates": [ 1065194.986550719477236, 878083.380849999957718 ] } },
{ "type": "Feature", "properties": { "OBJECTID": 9827, "CE": "Traslape propio", "CT": "", "ESTAMPA_CC": "2026-05-25 14:18:43" }, "geometry": { "type": "Point", "coordinates": [ 1057829.408028373960406, 864844.681450000032783 ] } },
{ "type": "Feature", "properties": { "OBJECTID": 9833, "CE": "Traslape propio", "CT": "", "ESTAMPA_CC": "2026-05-25 14:18:43" }, "geometry": { "type": "Point", "coordinates": [ 1064052.987118178745732, 878279.841800000052899 ] } },
{ "type": "Feature", "properties": { "OBJECTID": 9834, "CE": "", "CT": "Zona; Sector", "ESTAMPA_CC": "2026-05-25 14:18:43" }, "geometry": { "type": "Point", "coordinates": [ 1064376.081806832924485, 878183.188650000025518 ] } },
{ "type": "Feature", "properties": { "OBJECTID": 9835, "CE": "Traslape propio", "CT": "", "ESTAMPA_CC": "2026-05-25 14:18:43" }, "geometry": { "type": "Point", "coordinates": [ 1067305.821255405899137, 868701.7352 ] } },
{ "type": "Feature", "properties": { "OBJECTID": 9844, "CE": "", "CT": "Zona; Sector", "ESTAMPA_CC": "2026-05-25 14:18:43" }, "geometry": { "type": "Point", "coordinates": [ 1065224.106949593406171, 878145.195599999977276 ] } },
{ "type": "Feature", "properties": { "OBJECTID": 9853, "CE": "", "CT": "Sector", "ESTAMPA_CC": "2026-05-25 14:18:43" }, "geometry": { "type": "Point", "coordinates": [ 1058941.557220480171964, 866963.132149999961257 ] } },
{ "type": "Feature", "properties": { "OBJECTID": 9859, "CE": "", "CT": "Zona", "ESTAMPA_CC": "2026-05-25 14:18:43" }, "geometry": { "type": "Point", "coordinates": [ 1061454.504617969505489, 869006.699899999890476 ] } },
{ "type": "Feature", "properties": { "OBJECTID": 9869, "CE": "", "CT": "Zona; Sector", "ESTAMPA_CC": "2026-05-25 14:18:43" }, "geometry": { "type": "Point", "coordinates": [ 1065818.812305610626936, 870782.688899999950081 ] } },
{ "type": "Feature", "properties": { "OBJECTID": 9874, "CE": "", "CT": "Zona; Sector", "ESTAMPA_CC": "2026-05-25 14:18:43" }, "geometry": { "type": "Point", "coordinates": [ 1064594.133062888169661, 872314.69800000009127 ] } },
{ "type": "Feature", "properties": { "OBJECTID": 9886, "CE": "", "CT": "Zona", "ESTAMPA_CC": "2026-05-25 14:18:43" }, "geometry": { "type": "Point", "coordinates": [ 1066440.798951409291476, 876434.962799999979325 ] } },
{ "type": "Feature", "properties": { "OBJECTID": 9888, "CE": "", "CT": "Zona", "ESTAMPA_CC": "2026-05-25 14:18:43" }, "geometry": { "type": "Point", "coordinates": [ 1067937.026522816624492, 870963.450199999962933 ] } },
{ "type": "Feature", "properties": { "OBJECTID": 9890, "CE": "Traslape propio", "CT": "", "ESTAMPA_CC": "2026-05-25 14:18:43" }, "geometry": { "type": "Point", "coordinates": [ 1061018.267302606254816, 867392.65914999996312 ] } },
{ "type": "Feature", "properties": { "OBJECTID": 9891, "CE": "", "CT": "Zona", "ESTAMPA_CC": "2026-05-25 14:18:43" }, "geometry": { "type": "Point", "coordinates": [ 1067265.612419715151191, 868587.519949999987148 ] } },
{ "type": "Feature", "properties": { "OBJECTID": 9892, "CE": "Traslape propio", "CT": "Zona", "ESTAMPA_CC": "2026-05-25 14:18:43" }, "geometry": { "type": "Point", "coordinates": [ 1066745.723145387368277, 872181.30715 ] } },
{ "type": "Feature", "properties": { "OBJECTID": 9895, "CE": "", "CT": "Zona", "ESTAMPA_CC": "2026-05-25 14:18:43" }, "geometry": { "type": "Point", "coordinates": [ 1068066.462934326846153, 869815.95754999993369 ] } },
{ "type": "Feature", "properties": { "OBJECTID": 9900, "CE": "", "CT": "Zona; Sector", "ESTAMPA_CC": "2026-05-25 14:18:43" }, "geometry": { "type": "Point", "coordinates": [ 1065533.621058790013194, 870031.15320000005886 ] } },
{ "type": "Feature", "properties": { "OBJECTID": 9918, "CE": "", "CT": "Sector", "ESTAMPA_CC": "2026-05-25 14:18:43" }, "geometry": { "type": "Point", "coordinates": [ 1058613.436454549897462, 872323.057649999973364 ] } },
{ "type": "Feature", "properties": { "OBJECTID": 9930, "CE": "", "CT": "Zona", "ESTAMPA_CC": "2026-05-25 14:18:43" }, "geometry": { "type": "Point", "coordinates": [ 1059177.897320921998471, 865080.896399999968708 ] } },
{ "type": "Feature", "properties": { "OBJECTID": 9934, "CE": "", "CT": "Zona; Sector", "ESTAMPA_CC": "2026-05-25 14:18:43" }, "geometry": { "type": "Point", "coordinates": [ 1065472.569626852869987, 877974.701850000070408 ] } },
{ "type": "Feature", "properties": { "OBJECTID": 9935, "CE": "", "CT": "Zona; Sector", "ESTAMPA_CC": "2026-05-25 14:18:43" }, "geometry": { "type": "Point", "coordinates": [ 1065481.140233489219099, 877945.049700000090525 ] } },
{ "type": "Feature", "properties": { "OBJECTID": 9936, "CE": "", "CT": "Zona; Sector", "ESTAMPA_CC": "2026-05-25 14:18:43" }, "geometry": { "type": "Point", "coordinates": [ 1064723.47555716149509, 878483.584049999946728 ] } },
{ "type": "Feature", "properties": { "OBJECTID": 9937, "CE": "", "CT": "Zona; Sector", "ESTAMPA_CC": "2026-05-25 14:18:43" }, "geometry": { "type": "Point", "coordinates": [ 1064698.63525307062082, 877765.209650000091642 ] } },
{ "type": "Feature", "properties": { "OBJECTID": 9938, "CE": "", "CT": "Zona; Sector", "ESTAMPA_CC": "2026-05-25 14:18:43" }, "geometry": { "type": "Point", "coordinates": [ 1064738.529390882933512, 877859.366249999962747 ] } },
{ "type": "Feature", "properties": { "OBJECTID": 9953, "CE": "", "CT": "Zona", "ESTAMPA_CC": "2026-05-25 14:18:43" }, "geometry": { "type": "Point", "coordinates": [ 1063592.737094200216234, 870291.382800000021234 ] } },
{ "type": "Feature", "properties": { "OBJECTID": 9958, "CE": "Traslape propio", "CT": "", "ESTAMPA_CC": "2026-05-25 14:18:43" }, "geometry": { "type": "Point", "coordinates": [ 1060576.181702397763729, 865898.426549999974668 ] } },
{ "type": "Feature", "properties": { "OBJECTID": 9960, "CE": "", "CT": "Zona; Sector", "ESTAMPA_CC": "2026-05-25 14:18:43" }, "geometry": { "type": "Point", "coordinates": [ 1065261.56711163581349, 878445.80085 ] } },
{ "type": "Feature", "properties": { "OBJECTID": 9961, "CE": "", "CT": "Zona; Sector", "ESTAMPA_CC": "2026-05-25 14:18:43" }, "geometry": { "type": "Point", "coordinates": [ 1065541.68990419129841, 878166.835549999959767 ] } },
{ "type": "Feature", "properties": { "OBJECTID": 9962, "CE": "", "CT": "Zona; Sector", "ESTAMPA_CC": "2026-05-25 14:18:43" }, "geometry": { "type": "Point", "coordinates": [ 1065032.812567632179707, 878487.472199999960139 ] } },
{ "type": "Feature", "properties": { "OBJECTID": 9963, "CE": "", "CT": "Zona; Sector", "ESTAMPA_CC": "2026-05-25 14:18:43" }, "geometry": { "type": "Point", "coordinates": [ 1065776.092147333081812, 877132.907600000035018 ] } },
{ "type": "Feature", "properties": { "OBJECTID": 9964, "CE": "", "CT": "Zona; Sector", "ESTAMPA_CC": "2026-05-25 14:18:43" }, "geometry": { "type": "Point", "coordinates": [ 1065772.17665885342285, 877168.961600000038743 ] } },
{ "type": "Feature", "properties": { "OBJECTID": 9965, "CE": "", "CT": "Zona; Sector", "ESTAMPA_CC": "2026-05-25 14:18:43" }, "geometry": { "type": "Point", "coordinates": [ 1064952.859026903752238, 875675.635800000047311 ] } },
{ "type": "Feature", "properties": { "OBJECTID": 9970, "CE": "", "CT": "Sector", "ESTAMPA_CC": "2026-05-25 14:18:43" }, "geometry": { "type": "Point", "coordinates": [ 1058333.450237772893161, 870235.037049999926239 ] } },
{ "type": "Feature", "properties": { "OBJECTID": 9972, "CE": "Traslape propio", "CT": "", "ESTAMPA_CC": "2026-05-25 14:18:43" }, "geometry": { "type": "Point", "coordinates": [ 1061062.963667942211032, 868151.419849999947473 ] } },
{ "type": "Feature", "properties": { "OBJECTID": 9977, "CE": "", "CT": "Sector", "ESTAMPA_CC": "2026-05-25 14:18:43" }, "geometry": { "type": "Point", "coordinates": [ 1063919.471582596190274, 871594.0492 ] } },
{ "type": "Feature", "properties": { "OBJECTID": 10000, "CE": "Traslape propio", "CT": "", "ESTAMPA_CC": "2026-05-25 14:18:43" }, "geometry": { "type": "Point", "coordinates": [ 1065363.501775249140337, 873245.574499999987893 ] } },
{ "type": "Feature", "properties": { "OBJECTID": 10001, "CE": "Traslape propio", "CT": "", "ESTAMPA_CC": "2026-05-25 14:18:43" }, "geometry": { "type": "Point", "coordinates": [ 1065281.278652003034949, 873400.370349999982864 ] } },
{ "type": "Feature", "properties": { "OBJECTID": 10014, "CE": "Traslape propio", "CT": "", "ESTAMPA_CC": "2026-05-25 14:18:43" }, "geometry": { "type": "Point", "coordinates": [ 1067190.41265282034874, 871918.530250000068918 ] } },
{ "type": "Feature", "properties": { "OBJECTID": 10017, "CE": "Traslape propio", "CT": "", "ESTAMPA_CC": "2026-05-25 14:18:43" }, "geometry": { "type": "Point", "coordinates": [ 1066855.906853507272899, 870814.567049999954179 ] } },
{ "type": "Feature", "properties": { "OBJECTID": 10024, "CE": "", "CT": "Zona; Sector", "ESTAMPA_CC": "2026-05-25 14:18:43" }, "geometry": { "type": "Point", "coordinates": [ 1065180.820540908258408, 870616.35024999990128 ] } },
{ "type": "Feature", "properties": { "OBJECTID": 10041, "CE": "", "CT": "Zona", "ESTAMPA_CC": "2026-05-25 14:18:43" }, "geometry": { "type": "Point", "coordinates": [ 1057814.845390861388296, 869445.821849999949336 ] } },
{ "type": "Feature", "properties": { "OBJECTID": 10048, "CE": "Traslape propio", "CT": "", "ESTAMPA_CC": "2026-05-25 14:18:43" }, "geometry": { "type": "Point", "coordinates": [ 1058987.296521686483175, 866231.347700000042096 ] } },
{ "type": "Feature", "properties": { "OBJECTID": 10058, "CE": "", "CT": "Zona; Sector", "ESTAMPA_CC": "2026-05-25 14:18:43" }, "geometry": { "type": "Point", "coordinates": [ 1064564.67105, 869945.511050000088289 ] } },
{ "type": "Feature", "properties": { "OBJECTID": 10059, "CE": "", "CT": "Zona", "ESTAMPA_CC": "2026-05-25 14:18:43" }, "geometry": { "type": "Point", "coordinates": [ 1062581.119921975303441, 871647.383949999930337 ] } },
{ "type": "Feature", "properties": { "OBJECTID": 10061, "CE": "", "CT": "Zona; Sector", "ESTAMPA_CC": "2026-05-25 14:18:43" }, "geometry": { "type": "Point", "coordinates": [ 1065843.102430028142408, 872774.8038 ] } },
{ "type": "Feature", "properties": { "OBJECTID": 10074, "CE": "", "CT": "Zona; Sector", "ESTAMPA_CC": "2026-05-25 14:18:43" }, "geometry": { "type": "Point", "coordinates": [ 1065890.040577120613307, 873380.374349999940023 ] } },
{ "type": "Feature", "properties": { "OBJECTID": 10088, "CE": "Traslape propio", "CT": "", "ESTAMPA_CC": "2026-05-25 14:18:43" }, "geometry": { "type": "Point", "coordinates": [ 1057615.921180217526853, 865583.081950000021607 ] } },
{ "type": "Feature", "properties": { "OBJECTID": 10094, "CE": "", "CT": "Zona; Sector", "ESTAMPA_CC": "2026-05-25 14:18:43" }, "geometry": { "type": "Point", "coordinates": [ 1064607.997429137118161, 871185.10115 ] } },
{ "type": "Feature", "properties": { "OBJECTID": 10096, "CE": "", "CT": "Zona; Sector", "ESTAMPA_CC": "2026-05-25 14:18:43" }, "geometry": { "type": "Point", "coordinates": [ 1065492.110414534341544, 869921.716250000055879 ] } },
{ "type": "Feature", "properties": { "OBJECTID": 10118, "CE": "", "CT": "Zona", "ESTAMPA_CC": "2026-05-25 14:18:43" }, "geometry": { "type": "Point", "coordinates": [ 1061865.733918388839811, 871266.160750000039116 ] } },
{ "type": "Feature", "properties": { "OBJECTID": 10130, "CE": "Traslape propio", "CT": "", "ESTAMPA_CC": "2026-05-25 14:18:43" }, "geometry": { "type": "Point", "coordinates": [ 1058072.7821, 864682.012099999934435 ] } },
{ "type": "Feature", "properties": { "OBJECTID": 10144, "CE": "", "CT": "Zona; Sector", "ESTAMPA_CC": "2026-05-25 14:18:43" }, "geometry": { "type": "Point", "coordinates": [ 1066253.217720843618736, 873146.982000000076368 ] } },
{ "type": "Feature", "properties": { "OBJECTID": 10150, "CE": "Traslape propio", "CT": "", "ESTAMPA_CC": "2026-05-25 14:18:43" }, "geometry": { "type": "Point", "coordinates": [ 1057694.879566339310259, 865513.105299999937415 ] } },
{ "type": "Feature", "properties": { "OBJECTID": 10154, "CE": "", "CT": "Sector", "ESTAMPA_CC": "2026-05-25 14:18:43" }, "geometry": { "type": "Point", "coordinates": [ 1058552.736948365345597, 866416.100499999942258 ] } },
{ "type": "Feature", "properties": { "OBJECTID": 10158, "CE": "", "CT": "Zona; Sector", "ESTAMPA_CC": "2026-05-25 14:18:43" }, "geometry": { "type": "Point", "coordinates": [ 1065463.474757573567331, 872519.8837 ] } },
{ "type": "Feature", "properties": { "OBJECTID": 10170, "CE": "", "CT": "Zona; Sector", "ESTAMPA_CC": "2026-05-25 14:18:43" }, "geometry": { "type": "Point", "coordinates": [ 1065175.968622316839173, 878527.2452 ] } },
{ "type": "Feature", "properties": { "OBJECTID": 10188, "CE": "Traslape propio", "CT": "", "ESTAMPA_CC": "2026-05-25 14:18:43" }, "geometry": { "type": "Point", "coordinates": [ 1064636.377927122171968, 877685.046649999916553 ] } },
{ "type": "Feature", "properties": { "OBJECTID": 10192, "CE": "", "CT": "Zona; Sector", "ESTAMPA_CC": "2026-05-25 14:18:43" }, "geometry": { "type": "Point", "coordinates": [ 1063814.771623970940709, 872613.108849999960512 ] } },
{ "type": "Feature", "properties": { "OBJECTID": 10197, "CE": "Traslape propio", "CT": "", "ESTAMPA_CC": "2026-05-25 14:18:43" }, "geometry": { "type": "Point", "coordinates": [ 1059340.73225966328755, 862649.252050000010058 ] } },
{ "type": "Feature", "properties": { "OBJECTID": 10213, "CE": "", "CT": "Zona", "ESTAMPA_CC": "2026-05-25 14:18:43" }, "geometry": { "type": "Point", "coordinates": [ 1068282.310130476951599, 870115.30345 ] } },
{ "type": "Feature", "properties": { "OBJECTID": 10218, "CE": "", "CT": "Zona", "ESTAMPA_CC": "2026-05-25 14:18:43" }, "geometry": { "type": "Point", "coordinates": [ 1058286.033169426955283, 864928.12055 ] } },
{ "type": "Feature", "properties": { "OBJECTID": 10228, "CE": "Error de área", "CT": "Departamento; Municipio; Zona; Sector; Comuna; Barrio; Manzana/Vereda", "ESTAMPA_CC": "2026-05-25 14:18:43" }, "geometry": null },
{ "type": "Feature", "properties": { "OBJECTID": 10232, "CE": "Traslape propio", "CT": "", "ESTAMPA_CC": "2026-05-25 14:18:43" }, "geometry": { "type": "Point", "coordinates": [ 1067640.325542401056737, 869968.936900000087917 ] } },
{ "type": "Feature", "properties": { "OBJECTID": 10240, "CE": "Traslape propio", "CT": "", "ESTAMPA_CC": "2026-05-25 14:18:43" }, "geometry": { "type": "Point", "coordinates": [ 1062817.936336087062955, 867212.601400000043213 ] } },
{ "type": "Feature", "properties": { "OBJECTID": 10253, "CE": "", "CT": "Zona", "ESTAMPA_CC": "2026-05-25 14:18:43" }, "geometry": { "type": "Point", "coordinates": [ 1061258.994409209117293, 870916.378849999979138 ] } },
{ "type": "Feature", "properties": { "OBJECTID": 10255, "CE": "", "CT": "Zona; Sector", "ESTAMPA_CC": "2026-05-25 14:18:43" }, "geometry": { "type": "Point", "coordinates": [ 1065358.634527082554996, 870719.07750000001397 ] } },
{ "type": "Feature", "properties": { "OBJECTID": 10260, "CE": "", "CT": "Zona; Sector", "ESTAMPA_CC": "2026-05-25 14:18:43" }, "geometry": { "type": "Point", "coordinates": [ 1065847.366468818625435, 872723.587599999969825 ] } },
{ "type": "Feature", "properties": { "OBJECTID": 10261, "CE": "", "CT": "Sector", "ESTAMPA_CC": "2026-05-25 14:18:43" }, "geometry": { "type": "Point", "coordinates": [ 1058700.921530120773241, 866275.604799999971874 ] } },
{ "type": "Feature", "properties": { "OBJECTID": 10269, "CE": "", "CT": "Zona; Sector", "ESTAMPA_CC": "2026-05-25 14:18:43" }, "geometry": { "type": "Point", "coordinates": [ 1064695.952767276670784, 869923.685749999945983 ] } },
{ "type": "Feature", "properties": { "OBJECTID": 10272, "CE": "Traslape propio", "CT": "", "ESTAMPA_CC": "2026-05-25 14:18:43" }, "geometry": { "type": "Point", "coordinates": [ 1059701.430162075441331, 865485.976199999917299 ] } },
{ "type": "Feature", "properties": { "OBJECTID": 10273, "CE": "", "CT": "Zona; Sector", "ESTAMPA_CC": "2026-05-25 14:18:43" }, "geometry": { "type": "Point", "coordinates": [ 1065731.956390270730481, 878166.817000000039116 ] } },
{ "type": "Feature", "properties": { "OBJECTID": 10279, "CE": "", "CT": "Zona", "ESTAMPA_CC": "2026-05-25 14:18:43" }, "geometry": { "type": "Point", "coordinates": [ 1064799.354203848633915, 877619.4142 ] } },
{ "type": "Feature", "properties": { "OBJECTID": 10290, "CE": "", "CT": "Zona; Sector", "ESTAMPA_CC": "2026-05-25 14:18:43" }, "geometry": { "type": "Point", "coordinates": [ 1064640.450108191231266, 875207.053049999987707 ] } },
{ "type": "Feature", "properties": { "OBJECTID": 10293, "CE": "", "CT": "Departamento; Municipio; Zona; Sector", "ESTAMPA_CC": "2026-05-25 14:18:43" }, "geometry": { "type": "Point", "coordinates": [ 1065406.542346585076302, 874229.630200000014156 ] } },
{ "type": "Feature", "properties": { "OBJECTID": 10294, "CE": "Duplicado", "CT": "", "ESTAMPA_CC": "2026-05-25 14:18:43" }, "geometry": { "type": "Point", "coordinates": [ 1066092.982100819470361, 874836.352949999971315 ] } },
{ "type": "Feature", "properties": { "OBJECTID": 10295, "CE": "Traslape propio", "CT": "", "ESTAMPA_CC": "2026-05-25 14:18:43" }, "geometry": { "type": "Point", "coordinates": [ 1058572.400687427259982, 865687.172200000029989 ] } },
{ "type": "Feature", "properties": { "OBJECTID": 10298, "CE": "", "CT": "Zona", "ESTAMPA_CC": "2026-05-25 14:18:43" }, "geometry": { "type": "Point", "coordinates": [ 1064652.491300000110641, 870611.5023499999661 ] } },
{ "type": "Feature", "properties": { "OBJECTID": 10327, "CE": "", "CT": "Zona", "ESTAMPA_CC": "2026-05-25 14:18:43" }, "geometry": { "type": "Point", "coordinates": [ 1061973.278555353172123, 869925.014699999941513 ] } },
{ "type": "Feature", "properties": { "OBJECTID": 10334, "CE": "", "CT": "Zona; Sector", "ESTAMPA_CC": "2026-05-25 14:18:43" }, "geometry": { "type": "Point", "coordinates": [ 1065198.977250808384269, 878590.641250000102445 ] } },
{ "type": "Feature", "properties": { "OBJECTID": 10335, "CE": "", "CT": "Zona; Sector", "ESTAMPA_CC": "2026-05-25 14:18:43" }, "geometry": { "type": "Point", "coordinates": [ 1064940.912139339372516, 878613.253649999969639 ] } },
{ "type": "Feature", "properties": { "OBJECTID": 10342, "CE": "", "CT": "Zona; Sector", "ESTAMPA_CC": "2026-05-25 14:18:43" }, "geometry": { "type": "Point", "coordinates": [ 1064614.679288981948048, 878508.273899999912828 ] } },
{ "type": "Feature", "properties": { "OBJECTID": 10351, "CE": "Traslape propio", "CT": "", "ESTAMPA_CC": "2026-05-25 14:18:43" }, "geometry": { "type": "Point", "coordinates": [ 1065333.575608398066834, 874227.358049999922514 ] } },
{ "type": "Feature", "properties": { "OBJECTID": 10356, "CE": "", "CT": "Zona; Sector", "ESTAMPA_CC": "2026-05-25 14:18:43" }, "geometry": { "type": "Point", "coordinates": [ 1063077.082744515500963, 872179.224949999945238 ] } },
{ "type": "Feature", "properties": { "OBJECTID": 10357, "CE": "", "CT": "Zona; Sector", "ESTAMPA_CC": "2026-05-25 14:18:43" }, "geometry": { "type": "Point", "coordinates": [ 1065036.439672351349145, 871619.292649999959394 ] } },
{ "type": "Feature", "properties": { "OBJECTID": 10358, "CE": "Traslape propio", "CT": "Zona", "ESTAMPA_CC": "2026-05-25 14:18:43" }, "geometry": { "type": "Point", "coordinates": [ 1067244.041857696603984, 868641.359750000061467 ] } },
{ "type": "Feature", "properties": { "OBJECTID": 10359, "CE": "", "CT": "Zona; Sector", "ESTAMPA_CC": "2026-05-25 14:18:43" }, "geometry": { "type": "Point", "coordinates": [ 1065104.125556752085686, 869791.177050000056624 ] } },
{ "type": "Feature", "properties": { "OBJECTID": 10360, "CE": "", "CT": "Sector", "ESTAMPA_CC": "2026-05-25 14:18:43" }, "geometry": { "type": "Point", "coordinates": [ 1058184.711838173680007, 864805.8578 ] } },
{ "type": "Feature", "properties": { "OBJECTID": 10362, "CE": "", "CT": "Zona", "ESTAMPA_CC": "2026-05-25 14:18:43" }, "geometry": { "type": "Point", "coordinates": [ 1067634.395694979699329, 871401.919400000013411 ] } },
{ "type": "Feature", "properties": { "OBJECTID": 10363, "CE": "Traslape propio", "CT": "", "ESTAMPA_CC": "2026-05-25 14:18:43" }, "geometry": { "type": "Point", "coordinates": [ 1064724.474156206008047, 877656.72745 ] } },
{ "type": "Feature", "properties": { "OBJECTID": 10364, "CE": "", "CT": "Zona", "ESTAMPA_CC": "2026-05-25 14:18:43" }, "geometry": { "type": "Point", "coordinates": [ 1060751.186340352986008, 869064.176699999952689 ] } },
{ "type": "Feature", "properties": { "OBJECTID": 10383, "CE": "Traslape propio", "CT": "", "ESTAMPA_CC": "2026-05-25 14:18:43" }, "geometry": { "type": "Point", "coordinates": [ 1064474.585579820908606, 870277.836799999931827 ] } },
{ "type": "Feature", "properties": { "OBJECTID": 10395, "CE": "", "CT": "Sector", "ESTAMPA_CC": "2026-05-25 14:18:43" }, "geometry": { "type": "Point", "coordinates": [ 1061447.246771074365824, 873449.791149999946356 ] } },
{ "type": "Feature", "properties": { "OBJECTID": 10396, "CE": "", "CT": "Sector", "ESTAMPA_CC": "2026-05-25 14:18:43" }, "geometry": { "type": "Point", "coordinates": [ 1061431.986092319712043, 874306.422749999910593 ] } },
{ "type": "Feature", "properties": { "OBJECTID": 10420, "CE": "", "CT": "Zona; Sector", "ESTAMPA_CC": "2026-05-25 14:18:43" }, "geometry": { "type": "Point", "coordinates": [ 1065590.916102855931967, 874568.647450000047684 ] } },
{ "type": "Feature", "properties": { "OBJECTID": 10426, "CE": "", "CT": "Zona; Sector", "ESTAMPA_CC": "2026-05-25 14:18:43" }, "geometry": { "type": "Point", "coordinates": [ 1065823.96542535116896, 870161.010900000110269 ] } },
{ "type": "Feature", "properties": { "OBJECTID": 10430, "CE": "", "CT": "Zona; Sector", "ESTAMPA_CC": "2026-05-25 14:18:43" }, "geometry": { "type": "Point", "coordinates": [ 1065774.340272815898061, 872831.90755 ] } },
{ "type": "Feature", "properties": { "OBJECTID": 10444, "CE": "Traslape propio", "CT": "", "ESTAMPA_CC": "2026-05-25 14:18:43" }, "geometry": { "type": "Point", "coordinates": [ 1065729.405163916526362, 870247.28249999997206 ] } },
{ "type": "Feature", "properties": { "OBJECTID": 10448, "CE": "", "CT": "Zona; Sector", "ESTAMPA_CC": "2026-05-25 14:18:43" }, "geometry": { "type": "Point", "coordinates": [ 1066064.416644316166639, 870076.55074999993667 ] } },
{ "type": "Feature", "properties": { "OBJECTID": 10451, "CE": "", "CT": "Sector", "ESTAMPA_CC": "2026-05-25 14:18:43" }, "geometry": { "type": "Point", "coordinates": [ 1059048.214769249781966, 866980.2894 ] } },
{ "type": "Feature", "properties": { "OBJECTID": 10453, "CE": "Traslape propio", "CT": "", "ESTAMPA_CC": "2026-05-25 14:18:43" }, "geometry": { "type": "Point", "coordinates": [ 1063501.892638629069552, 875395.039800000027753 ] } },
{ "type": "Feature", "properties": { "OBJECTID": 10455, "CE": "Traslape propio", "CT": "", "ESTAMPA_CC": "2026-05-25 14:18:43" }, "geometry": { "type": "Point", "coordinates": [ 1058186.398344002664089, 872929.040249999961816 ] } },
{ "type": "Feature", "properties": { "OBJECTID": 10468, "CE": "Traslape propio", "CT": "", "ESTAMPA_CC": "2026-05-25 14:18:43" }, "geometry": { "type": "Point", "coordinates": [ 1058295.930675973650068, 869573.227650000015274 ] } },
{ "type": "Feature", "properties": { "OBJECTID": 10470, "CE": "", "CT": "Zona", "ESTAMPA_CC": "2026-05-25 14:18:43" }, "geometry": { "type": "Point", "coordinates": [ 1057617.724349971627817, 869551.727750000078231 ] } },
{ "type": "Feature", "properties": { "OBJECTID": 10474, "CE": "", "CT": "Zona", "ESTAMPA_CC": "2026-05-25 14:18:43" }, "geometry": { "type": "Point", "coordinates": [ 1057724.943548918468878, 864861.654099999926984 ] } },
{ "type": "Feature", "properties": { "OBJECTID": 10476, "CE": "", "CT": "Zona; Sector", "ESTAMPA_CC": "2026-05-25 14:18:43" }, "geometry": { "type": "Point", "coordinates": [ 1064619.392869725357741, 877608.678349999943748 ] } },
{ "type": "Feature", "properties": { "OBJECTID": 10481, "CE": "Traslape propio", "CT": "", "ESTAMPA_CC": "2026-05-25 14:18:43" }, "geometry": { "type": "Point", "coordinates": [ 1057716.745547460857779, 865628.490350000094622 ] } },
{ "type": "Feature", "properties": { "OBJECTID": 10484, "CE": "", "CT": "Zona", "ESTAMPA_CC": "2026-05-25 14:18:43" }, "geometry": { "type": "Point", "coordinates": [ 1062012.55825881077908, 870088.155550000024959 ] } },
{ "type": "Feature", "properties": { "OBJECTID": 10486, "CE": "", "CT": "Zona", "ESTAMPA_CC": "2026-05-25 14:18:43" }, "geometry": { "type": "Point", "coordinates": [ 1056909.899041455704719, 870170.823300000047311 ] } },
{ "type": "Feature", "properties": { "OBJECTID": 10497, "CE": "", "CT": "Zona; Sector", "ESTAMPA_CC": "2026-05-25 14:18:43" }, "geometry": { "type": "Point", "coordinates": [ 1066696.281760570593178, 870192.002450000029057 ] } },
{ "type": "Feature", "properties": { "OBJECTID": 10498, "CE": "", "CT": "Zona; Sector", "ESTAMPA_CC": "2026-05-25 14:18:43" }, "geometry": { "type": "Point", "coordinates": [ 1066785.195900010410696, 870272.588250000029802 ] } },
{ "type": "Feature", "properties": { "OBJECTID": 10499, "CE": "", "CT": "Zona; Sector", "ESTAMPA_CC": "2026-05-25 14:18:43" }, "geometry": { "type": "Point", "coordinates": [ 1066785.751654639374465, 870193.012850000057369 ] } },
{ "type": "Feature", "properties": { "OBJECTID": 10501, "CE": "", "CT": "Sector", "ESTAMPA_CC": "2026-05-25 14:18:43" }, "geometry": { "type": "Point", "coordinates": [ 1057826.642679979791865, 866036.51515 ] } },
{ "type": "Feature", "properties": { "OBJECTID": 10502, "CE": "", "CT": "Zona; Sector", "ESTAMPA_CC": "2026-05-25 14:18:43" }, "geometry": { "type": "Point", "coordinates": [ 1065466.171800448559225, 870407.28255 ] } },
{ "type": "Feature", "properties": { "OBJECTID": 10505, "CE": "", "CT": "Zona; Sector", "ESTAMPA_CC": "2026-05-25 14:18:43" }, "geometry": { "type": "Point", "coordinates": [ 1064579.955485142767429, 877976.594199999934062 ] } },
{ "type": "Feature", "properties": { "OBJECTID": 10514, "CE": "", "CT": "Sector", "ESTAMPA_CC": "2026-05-25 14:18:43" }, "geometry": { "type": "Point", "coordinates": [ 1058679.842797239776701, 870191.035750000039116 ] } },
{ "type": "Feature", "properties": { "OBJECTID": 10516, "CE": "", "CT": "Sector", "ESTAMPA_CC": "2026-05-25 14:18:43" }, "geometry": { "type": "Point", "coordinates": [ 1063968.609451394062489, 871555.590450000017881 ] } },
{ "type": "Feature", "properties": { "OBJECTID": 10536, "CE": "Traslape propio", "CT": "", "ESTAMPA_CC": "2026-05-25 14:18:43" }, "geometry": { "type": "Point", "coordinates": [ 1057691.524886913131922, 866494.021600000094622 ] } },
{ "type": "Feature", "properties": { "OBJECTID": 10545, "CE": "", "CT": "Zona; Sector", "ESTAMPA_CC": "2026-05-25 14:18:43" }, "geometry": { "type": "Point", "coordinates": [ 1066786.357556621776894, 870232.466749999905005 ] } },
{ "type": "Feature", "properties": { "OBJECTID": 10546, "CE": "Traslape propio", "CT": "", "ESTAMPA_CC": "2026-05-25 14:18:43" }, "geometry": { "type": "Point", "coordinates": [ 1058097.785099802305922, 874079.386399999959394 ] } },
{ "type": "Feature", "properties": { "OBJECTID": 10552, "CE": "", "CT": "Zona; Sector", "ESTAMPA_CC": "2026-05-25 14:18:43" }, "geometry": { "type": "Point", "coordinates": [ 1065709.886940722353756, 874255.087249999982305 ] } },
{ "type": "Feature", "properties": { "OBJECTID": 10561, "CE": "", "CT": "Zona; Sector", "ESTAMPA_CC": "2026-05-25 14:18:43" }, "geometry": { "type": "Point", "coordinates": [ 1067163.877372211311013, 869483.04825 ] } },
{ "type": "Feature", "properties": { "OBJECTID": 10563, "CE": "", "CT": "Zona; Sector", "ESTAMPA_CC": "2026-05-25 14:18:43" }, "geometry": { "type": "Point", "coordinates": [ 1065072.700422386173159, 869760.239049999974668 ] } },
{ "type": "Feature", "properties": { "OBJECTID": 10568, "CE": "", "CT": "Zona; Sector", "ESTAMPA_CC": "2026-05-25 14:18:43" }, "geometry": { "type": "Point", "coordinates": [ 1065592.954073480563238, 871960.40015 ] } },
{ "type": "Feature", "properties": { "OBJECTID": 10570, "CE": "", "CT": "Zona", "ESTAMPA_CC": "2026-05-25 14:18:43" }, "geometry": { "type": "Point", "coordinates": [ 1067495.677615995053202, 869052.2585 ] } },
{ "type": "Feature", "properties": { "OBJECTID": 10582, "CE": "", "CT": "Zona", "ESTAMPA_CC": "2026-05-25 14:18:43" }, "geometry": { "type": "Point", "coordinates": [ 1059742.556813903152943, 873295.158150000032037 ] } },
{ "type": "Feature", "properties": { "OBJECTID": 10591, "CE": "Traslape propio", "CT": "", "ESTAMPA_CC": "2026-05-25 14:18:43" }, "geometry": { "type": "Point", "coordinates": [ 1067178.688984073232859, 872079.312900000018999 ] } },
{ "type": "Feature", "properties": { "OBJECTID": 10611, "CE": "", "CT": "Zona; Sector", "ESTAMPA_CC": "2026-05-25 14:18:43" }, "geometry": { "type": "Point", "coordinates": [ 1064850.132519918959588, 871199.124499999918044 ] } },
{ "type": "Feature", "properties": { "OBJECTID": 10635, "CE": "Traslape propio", "CT": "", "ESTAMPA_CC": "2026-05-25 14:18:43" }, "geometry": { "type": "Point", "coordinates": [ 1067610.891593711683527, 871839.540550000034273 ] } },
{ "type": "Feature", "properties": { "OBJECTID": 10649, "CE": "Traslape propio", "CT": "", "ESTAMPA_CC": "2026-05-25 14:18:43" }, "geometry": { "type": "Point", "coordinates": [ 1061036.322052646428347, 865395.223800000036135 ] } },
{ "type": "Feature", "properties": { "OBJECTID": 10652, "CE": "", "CT": "Zona; Sector", "ESTAMPA_CC": "2026-05-25 14:18:43" }, "geometry": { "type": "Point", "coordinates": [ 1066796.012800000142306, 870585.668799999984913 ] } },
{ "type": "Feature", "properties": { "OBJECTID": 10654, "CE": "", "CT": "Sector", "ESTAMPA_CC": "2026-05-25 14:18:43" }, "geometry": { "type": "Point", "coordinates": [ 1057782.454962979070842, 866079.9031 ] } },
{ "type": "Feature", "properties": { "OBJECTID": 10680, "CE": "", "CT": "Zona; Sector", "ESTAMPA_CC": "2026-05-25 14:18:43" }, "geometry": { "type": "Point", "coordinates": [ 1064872.563230442348868, 878215.393850000109524 ] } },
{ "type": "Feature", "properties": { "OBJECTID": 10681, "CE": "", "CT": "Zona; Sector", "ESTAMPA_CC": "2026-05-25 14:18:43" }, "geometry": { "type": "Point", "coordinates": [ 1065457.998080588178709, 878087.16715 ] } },
{ "type": "Feature", "properties": { "OBJECTID": 10698, "CE": "", "CT": "Zona; Sector", "ESTAMPA_CC": "2026-05-25 14:18:43" }, "geometry": { "type": "Point", "coordinates": [ 1064818.753216627519578, 871252.814500000094995 ] } },
{ "type": "Feature", "properties": { "OBJECTID": 10707, "CE": "", "CT": "Zona", "ESTAMPA_CC": "2026-05-25 14:18:43" }, "geometry": { "type": "Point", "coordinates": [ 1063229.03233484365046, 870839.324749999912456 ] } },
{ "type": "Feature", "properties": { "OBJECTID": 10708, "CE": "", "CT": "Zona", "ESTAMPA_CC": "2026-05-25 14:18:43" }, "geometry": { "type": "Point", "coordinates": [ 1060962.242732231738046, 869331.5773 ] } },
{ "type": "Feature", "properties": { "OBJECTID": 10711, "CE": "Traslape propio", "CT": "", "ESTAMPA_CC": "2026-05-25 14:18:43" }, "geometry": { "type": "Point", "coordinates": [ 1064428.680953715927899, 877577.629500000039116 ] } },
{ "type": "Feature", "properties": { "OBJECTID": 10714, "CE": "", "CT": "Zona; Sector", "ESTAMPA_CC": "2026-05-25 14:18:43" }, "geometry": { "type": "Point", "coordinates": [ 1064623.953382912557572, 875263.843899999978021 ] } },
{ "type": "Feature", "properties": { "OBJECTID": 10717, "CE": "", "CT": "Sector", "ESTAMPA_CC": "2026-05-25 14:18:43" }, "geometry": { "type": "Point", "coordinates": [ 1063837.459417288191617, 871651.547749999910593 ] } },
{ "type": "Feature", "properties": { "OBJECTID": 10729, "CE": "Traslape propio", "CT": "Zona", "ESTAMPA_CC": "2026-05-25 14:18:43" }, "geometry": { "type": "Point", "coordinates": [ 1067585.961702753324062, 867986.022249999921769 ] } },
{ "type": "Feature", "properties": { "OBJECTID": 10739, "CE": "", "CT": "Zona; Sector", "ESTAMPA_CC": "2026-05-25 14:18:43" }, "geometry": { "type": "Point", "coordinates": [ 1066257.634051514789462, 870386.564099999959581 ] } },
{ "type": "Feature", "properties": { "OBJECTID": 10755, "CE": "", "CT": "Zona; Sector", "ESTAMPA_CC": "2026-05-25 14:18:43" }, "geometry": { "type": "Point", "coordinates": [ 1065435.433503786101937, 877277.385250000050291 ] } },
{ "type": "Feature", "properties": { "OBJECTID": 10772, "CE": "", "CT": "Zona; Sector", "ESTAMPA_CC": "2026-05-25 14:18:43" }, "geometry": { "type": "Point", "coordinates": [ 1065367.559550705133006, 872737.78484999993816 ] } },
{ "type": "Feature", "properties": { "OBJECTID": 10773, "CE": "Traslape propio", "CT": "", "ESTAMPA_CC": "2026-05-25 14:18:43" }, "geometry": { "type": "Point", "coordinates": [ 1067332.137278901878744, 872069.931600000010803 ] } },
{ "type": "Feature", "properties": { "OBJECTID": 10775, "CE": "", "CT": "Zona", "ESTAMPA_CC": "2026-05-25 14:18:43" }, "geometry": { "type": "Point", "coordinates": [ 1060657.073594531975687, 870002.710299999918789 ] } },
{ "type": "Feature", "properties": { "OBJECTID": 10788, "CE": "Traslape propio", "CT": "", "ESTAMPA_CC": "2026-05-25 14:18:43" }, "geometry": { "type": "Point", "coordinates": [ 1060592.155881611630321, 877421.2097 ] } },
{ "type": "Feature", "properties": { "OBJECTID": 10792, "CE": "Traslape propio", "CT": "", "ESTAMPA_CC": "2026-05-25 14:18:43" }, "geometry": { "type": "Point", "coordinates": [ 1067650.680782512295991, 868506.21025 ] } },
{ "type": "Feature", "properties": { "OBJECTID": 10793, "CE": "Traslape propio", "CT": "", "ESTAMPA_CC": "2026-05-25 14:18:43" }, "geometry": { "type": "Point", "coordinates": [ 1067441.801435744855553, 871751.48265000001993 ] } },
{ "type": "Feature", "properties": { "OBJECTID": 10810, "CE": "", "CT": "Zona", "ESTAMPA_CC": "2026-05-25 14:18:43" }, "geometry": { "type": "Point", "coordinates": [ 1061645.964627413079143, 871256.09499999997206 ] } },
{ "type": "Feature", "properties": { "OBJECTID": 10812, "CE": "", "CT": "Zona", "ESTAMPA_CC": "2026-05-25 14:18:43" }, "geometry": { "type": "Point", "coordinates": [ 1062605.407498252112418, 867395.221750000026077 ] } },
{ "type": "Feature", "properties": { "OBJECTID": 10813, "CE": "", "CT": "Zona", "ESTAMPA_CC": "2026-05-25 14:18:43" }, "geometry": { "type": "Point", "coordinates": [ 1066787.858978332486004, 870901.178850000025705 ] } },
{ "type": "Feature", "properties": { "OBJECTID": 10819, "CE": "", "CT": "Zona; Sector", "ESTAMPA_CC": "2026-05-25 14:18:43" }, "geometry": { "type": "Point", "coordinates": [ 1064878.172066484577954, 877803.316549999988638 ] } },
{ "type": "Feature", "properties": { "OBJECTID": 10820, "CE": "", "CT": "Zona; Sector", "ESTAMPA_CC": "2026-05-25 14:18:43" }, "geometry": { "type": "Point", "coordinates": [ 1064848.761546111665666, 877689.550350000034086 ] } },
{ "type": "Feature", "properties": { "OBJECTID": 10823, "CE": "Traslape propio", "CT": "", "ESTAMPA_CC": "2026-05-25 14:18:43" }, "geometry": { "type": "Point", "coordinates": [ 1067425.147128754295409, 871933.105100000044331 ] } },
{ "type": "Feature", "properties": { "OBJECTID": 10824, "CE": "", "CT": "Zona; Sector", "ESTAMPA_CC": "2026-05-25 14:18:43" }, "geometry": { "type": "Point", "coordinates": [ 1064987.488991145277396, 875249.335699999937788 ] } },
{ "type": "Feature", "properties": { "OBJECTID": 10828, "CE": "", "CT": "Zona", "ESTAMPA_CC": "2026-05-25 14:18:43" }, "geometry": { "type": "Point", "coordinates": [ 1062793.760084500769153, 871560.344049999956042 ] } },
{ "type": "Feature", "properties": { "OBJECTID": 10830, "CE": "", "CT": "Zona", "ESTAMPA_CC": "2026-05-25 14:18:43" }, "geometry": { "type": "Point", "coordinates": [ 1068074.496707777259871, 871740.077799999970011 ] } },
{ "type": "Feature", "properties": { "OBJECTID": 10845, "CE": "", "CT": "Zona; Sector", "ESTAMPA_CC": "2026-05-25 14:18:43" }, "geometry": { "type": "Point", "coordinates": [ 1064341.786203391849995, 877665.283550000051036 ] } },
{ "type": "Feature", "properties": { "OBJECTID": 10850, "CE": "Traslape propio", "CT": "", "ESTAMPA_CC": "2026-05-25 14:18:43" }, "geometry": { "type": "Point", "coordinates": [ 1067724.464341138023883, 871939.781549999956042 ] } },
{ "type": "Feature", "properties": { "OBJECTID": 10852, "CE": "Traslape propio", "CT": "", "ESTAMPA_CC": "2026-05-25 14:18:43" }, "geometry": { "type": "Point", "coordinates": [ 1057495.280788379255682, 869963.659049999900162 ] } },
{ "type": "Feature", "properties": { "OBJECTID": 10853, "CE": "Traslape propio", "CT": "", "ESTAMPA_CC": "2026-05-25 14:18:43" }, "geometry": { "type": "Point", "coordinates": [ 1059830.277739676181227, 866920.374000000068918 ] } },
{ "type": "Feature", "properties": { "OBJECTID": 10861, "CE": "", "CT": "Zona; Sector", "ESTAMPA_CC": "2026-05-25 14:18:43" }, "geometry": { "type": "Point", "coordinates": [ 1065004.981568886665627, 870254.29245000006631 ] } },
{ "type": "Feature", "properties": { "OBJECTID": 10883, "CE": "", "CT": "Zona; Sector", "ESTAMPA_CC": "2026-05-25 14:18:43" }, "geometry": { "type": "Point", "coordinates": [ 1065694.36301258392632, 872619.213149999966845 ] } },
{ "type": "Feature", "properties": { "OBJECTID": 10893, "CE": "Traslape propio", "CT": "", "ESTAMPA_CC": "2026-05-25 14:18:43" }, "geometry": { "type": "Point", "coordinates": [ 1064564.442257304908708, 877722.544100000057369 ] } },
{ "type": "Feature", "properties": { "OBJECTID": 10896, "CE": "", "CT": "Zona", "ESTAMPA_CC": "2026-05-25 14:18:43" }, "geometry": { "type": "Point", "coordinates": [ 1067967.2746313335374, 869908.830049999989569 ] } },
{ "type": "Feature", "properties": { "OBJECTID": 10897, "CE": "", "CT": "Zona", "ESTAMPA_CC": "2026-05-25 14:18:43" }, "geometry": { "type": "Point", "coordinates": [ 1066898.40237179165706, 868841.788050000090152 ] } },
{ "type": "Feature", "properties": { "OBJECTID": 10923, "CE": "", "CT": "Zona", "ESTAMPA_CC": "2026-05-25 14:18:43" }, "geometry": { "type": "Point", "coordinates": [ 1063209.446259795455262, 866996.366550000035204 ] } },
{ "type": "Feature", "properties": { "OBJECTID": 10933, "CE": "", "CT": "Zona", "ESTAMPA_CC": "2026-05-25 14:18:43" }, "geometry": { "type": "Point", "coordinates": [ 1063224.416808522539213, 875996.41980000003241 ] } },
{ "type": "Feature", "properties": { "OBJECTID": 10935, "CE": "", "CT": "Zona", "ESTAMPA_CC": "2026-05-25 14:18:43" }, "geometry": { "type": "Point", "coordinates": [ 1064126.795652059605345, 867985.57999999995809 ] } },
{ "type": "Feature", "properties": { "OBJECTID": 10936, "CE": "Traslape propio", "CT": "", "ESTAMPA_CC": "2026-05-25 14:18:43" }, "geometry": { "type": "Point", "coordinates": [ 1063222.666964975651354, 867584.439950000029057 ] } },
{ "type": "Feature", "properties": { "OBJECTID": 10937, "CE": "Traslape propio", "CT": "Zona", "ESTAMPA_CC": "2026-05-25 14:18:43" }, "geometry": { "type": "Point", "coordinates": [ 1062864.154596762498841, 867380.011249999981374 ] } },
{ "type": "Feature", "properties": { "OBJECTID": 10942, "CE": "", "CT": "Zona; Sector", "ESTAMPA_CC": "2026-05-25 14:18:43" }, "geometry": { "type": "Point", "coordinates": [ 1064430.835680678719655, 877971.021549999946728 ] } },
{ "type": "Feature", "properties": { "OBJECTID": 10948, "CE": "", "CT": "Zona", "ESTAMPA_CC": "2026-05-25 14:18:43" }, "geometry": { "type": "Point", "coordinates": [ 1064609.088455892167985, 878271.688150000059977 ] } },
{ "type": "Feature", "properties": { "OBJECTID": 10960, "CE": "Traslape propio", "CT": "", "ESTAMPA_CC": "2026-05-25 14:18:43" }, "geometry": { "type": "Point", "coordinates": [ 1064309.579112092964351, 870734.582949999952689 ] } },
{ "type": "Feature", "properties": { "OBJECTID": 10964, "CE": "Traslape propio", "CT": "", "ESTAMPA_CC": "2026-05-25 14:18:43" }, "geometry": { "type": "Point", "coordinates": [ 1061033.724071876611561, 863639.174850000068545 ] } },
{ "type": "Feature", "properties": { "OBJECTID": 10968, "CE": "Traslape propio", "CT": "", "ESTAMPA_CC": "2026-05-25 14:18:43" }, "geometry": { "type": "Point", "coordinates": [ 1065826.643811858026311, 873913.40755 ] } },
{ "type": "Feature", "properties": { "OBJECTID": 10972, "CE": "", "CT": "Zona", "ESTAMPA_CC": "2026-05-25 14:18:43" }, "geometry": { "type": "Point", "coordinates": [ 1065035.539086888544261, 869103.958899999968708 ] } },
{ "type": "Feature", "properties": { "OBJECTID": 10974, "CE": "", "CT": "Zona", "ESTAMPA_CC": "2026-05-25 14:18:43" }, "geometry": { "type": "Point", "coordinates": [ 1063599.612704425584525, 867683.092350000049919 ] } },
{ "type": "Feature", "properties": { "OBJECTID": 10986, "CE": "", "CT": "Sector", "ESTAMPA_CC": "2026-05-25 14:18:43" }, "geometry": { "type": "Point", "coordinates": [ 1063171.804130364675075, 870278.787800000049174 ] } },
{ "type": "Feature", "properties": { "OBJECTID": 10991, "CE": "", "CT": "Sector", "ESTAMPA_CC": "2026-05-25 14:18:43" }, "geometry": { "type": "Point", "coordinates": [ 1060241.006007378455251, 870797.511699999915436 ] } },
{ "type": "Feature", "properties": { "OBJECTID": 10993, "CE": "", "CT": "Departamento; Municipio; Zona; Sector; Comuna; Barrio; Manzana/Vereda", "ESTAMPA_CC": "2026-05-25 14:18:43" }, "geometry": { "type": "Point", "coordinates": [ 1064753.231865301728249, 872607.147400000016205 ] } },
{ "type": "Feature", "properties": { "OBJECTID": 11024, "CE": "", "CT": "Zona; Sector", "ESTAMPA_CC": "2026-05-25 14:18:43" }, "geometry": { "type": "Point", "coordinates": [ 1065354.379397640470415, 874175.572150000021793 ] } },
{ "type": "Feature", "properties": { "OBJECTID": 11039, "CE": "", "CT": "Zona; Sector", "ESTAMPA_CC": "2026-05-25 14:18:43" }, "geometry": { "type": "Point", "coordinates": [ 1065719.339541520224884, 874053.933599999989383 ] } },
{ "type": "Feature", "properties": { "OBJECTID": 11040, "CE": "", "CT": "Zona; Sector", "ESTAMPA_CC": "2026-05-25 14:18:43" }, "geometry": { "type": "Point", "coordinates": [ 1066609.672350194305182, 874143.67475 ] } },
{ "type": "Feature", "properties": { "OBJECTID": 11047, "CE": "Traslape propio", "CT": "", "ESTAMPA_CC": "2026-05-25 14:18:43" }, "geometry": { "type": "Point", "coordinates": [ 1062512.716413856483996, 866296.985450000036508 ] } },
{ "type": "Feature", "properties": { "OBJECTID": 11049, "CE": "Traslape propio", "CT": "", "ESTAMPA_CC": "2026-05-25 14:18:43" }, "geometry": { "type": "Point", "coordinates": [ 1062511.463489782530814, 866317.213299999944866 ] } },
{ "type": "Feature", "properties": { "OBJECTID": 11056, "CE": "", "CT": "Zona", "ESTAMPA_CC": "2026-05-25 14:18:43" }, "geometry": { "type": "Point", "coordinates": [ 1067572.467747558839619, 872170.963349999976344 ] } },
{ "type": "Feature", "properties": { "OBJECTID": 11057, "CE": "Traslape propio", "CT": "", "ESTAMPA_CC": "2026-05-25 14:18:43" }, "geometry": { "type": "Point", "coordinates": [ 1067637.935173434671015, 868036.826099999947473 ] } },
{ "type": "Feature", "properties": { "OBJECTID": 11065, "CE": "", "CT": "Zona; Sector", "ESTAMPA_CC": "2026-05-25 14:18:43" }, "geometry": { "type": "Point", "coordinates": [ 1066882.404820401687175, 870527.276349999941885 ] } },
{ "type": "Feature", "properties": { "OBJECTID": 11067, "CE": "", "CT": "Zona; Sector", "ESTAMPA_CC": "2026-05-25 14:18:43" }, "geometry": { "type": "Point", "coordinates": [ 1064858.224556943867356, 878696.053749999962747 ] } },
{ "type": "Feature", "properties": { "OBJECTID": 11113, "CE": "Traslape propio", "CT": "", "ESTAMPA_CC": "2026-05-25 14:18:43" }, "geometry": { "type": "Point", "coordinates": [ 1067617.980485843261704, 868384.1411 ] } },
{ "type": "Feature", "properties": { "OBJECTID": 11115, "CE": "", "CT": "Sector", "ESTAMPA_CC": "2026-05-25 14:18:43" }, "geometry": { "type": "Point", "coordinates": [ 1060548.236189876683056, 872592.8565 ] } },
{ "type": "Feature", "properties": { "OBJECTID": 11122, "CE": "Traslape propio", "CT": "", "ESTAMPA_CC": "2026-05-25 14:18:43" }, "geometry": { "type": "Point", "coordinates": [ 1057523.451146888779476, 870011.937649999978021 ] } },
{ "type": "Feature", "properties": { "OBJECTID": 11132, "CE": "", "CT": "Zona; Sector", "ESTAMPA_CC": "2026-05-25 14:18:43" }, "geometry": { "type": "Point", "coordinates": [ 1065464.277110252529383, 870677.94109999993816 ] } },
{ "type": "Feature", "properties": { "OBJECTID": 11134, "CE": "", "CT": "Zona; Sector", "ESTAMPA_CC": "2026-05-25 14:18:43" }, "geometry": { "type": "Point", "coordinates": [ 1066526.538992631714791, 873065.968450000043958 ] } },
{ "type": "Feature", "properties": { "OBJECTID": 11149, "CE": "", "CT": "Sector", "ESTAMPA_CC": "2026-05-25 14:18:43" }, "geometry": { "type": "Point", "coordinates": [ 1057668.816369698848575, 866083.401700000045821 ] } },
{ "type": "Feature", "properties": { "OBJECTID": 11174, "CE": "", "CT": "Zona; Sector", "ESTAMPA_CC": "2026-05-25 14:18:43" }, "geometry": { "type": "Point", "coordinates": [ 1065538.223750746808946, 874326.258949999930337 ] } },
{ "type": "Feature", "properties": { "OBJECTID": 11184, "CE": "", "CT": "Zona", "ESTAMPA_CC": "2026-05-25 14:18:43" }, "geometry": { "type": "Point", "coordinates": [ 1063045.295659522293136, 867090.069200000027195 ] } },
{ "type": "Feature", "properties": { "OBJECTID": 11185, "CE": "", "CT": "Departamento; Municipio; Zona; Sector; Comuna; Barrio; Manzana/Vereda", "ESTAMPA_CC": "2026-05-25 14:18:43" }, "geometry": { "type": "Point", "coordinates": [ 1060053.879846416413784, 872540.188300000037998 ] } },
{ "type": "Feature", "properties": { "OBJECTID": 11189, "CE": "", "CT": "Zona; Sector", "ESTAMPA_CC": "2026-05-25 14:18:43" }, "geometry": { "type": "Point", "coordinates": [ 1062306.480316933244467, 871862.711050000041723 ] } },
{ "type": "Feature", "properties": { "OBJECTID": 11190, "CE": "", "CT": "Sector", "ESTAMPA_CC": "2026-05-25 14:18:43" }, "geometry": { "type": "Point", "coordinates": [ 1061115.36030681990087, 873729.160799999954179 ] } },
{ "type": "Feature", "properties": { "OBJECTID": 11197, "CE": "Traslape propio", "CT": "", "ESTAMPA_CC": "2026-05-25 14:18:43" }, "geometry": { "type": "Point", "coordinates": [ 1062525.529447773005813, 866203.820949999964796 ] } },
{ "type": "Feature", "properties": { "OBJECTID": 11198, "CE": "", "CT": "Zona; Sector", "ESTAMPA_CC": "2026-05-25 14:18:43" }, "geometry": { "type": "Point", "coordinates": [ 1066294.053762379102409, 873319.68715000001248 ] } },
{ "type": "Feature", "properties": { "OBJECTID": 11208, "CE": "Traslape propio", "CT": "", "ESTAMPA_CC": "2026-05-25 14:18:43" }, "geometry": { "type": "Point", "coordinates": [ 1062539.9745708249975, 866222.0011 ] } },
{ "type": "Feature", "properties": { "OBJECTID": 11209, "CE": "Traslape propio", "CT": "", "ESTAMPA_CC": "2026-05-25 14:18:43" }, "geometry": { "type": "Point", "coordinates": [ 1062525.287142504006624, 866257.726849999977276 ] } },
{ "type": "Feature", "properties": { "OBJECTID": 11210, "CE": "Traslape propio", "CT": "", "ESTAMPA_CC": "2026-05-25 14:18:43" }, "geometry": { "type": "Point", "coordinates": [ 1064233.602863230742514, 878270.294999999925494 ] } },
{ "type": "Feature", "properties": { "OBJECTID": 11221, "CE": "", "CT": "Sector", "ESTAMPA_CC": "2026-05-25 14:18:43" }, "geometry": { "type": "Point", "coordinates": [ 1057764.994133477564901, 866162.307049999944866 ] } },
{ "type": "Feature", "properties": { "OBJECTID": 11233, "CE": "", "CT": "Zona; Sector", "ESTAMPA_CC": "2026-05-25 14:18:43" }, "geometry": { "type": "Point", "coordinates": [ 1065831.706005564425141, 878086.21245 ] } },
{ "type": "Feature", "properties": { "OBJECTID": 11240, "CE": "Traslape propio", "CT": "", "ESTAMPA_CC": "2026-05-25 14:18:43" }, "geometry": { "type": "Point", "coordinates": [ 1066774.245428158901632, 873678.777699999976903 ] } },
{ "type": "Feature", "properties": { "OBJECTID": 11246, "CE": "Traslape propio", "CT": "Zona", "ESTAMPA_CC": "2026-05-25 14:18:43" }, "geometry": { "type": "Point", "coordinates": [ 1067438.767861733678728, 868396.30325 ] } },
{ "type": "Feature", "properties": { "OBJECTID": 11248, "CE": "", "CT": "Zona", "ESTAMPA_CC": "2026-05-25 14:18:43" }, "geometry": { "type": "Point", "coordinates": [ 1061569.436900570057333, 871858.943149999948218 ] } },
{ "type": "Feature", "properties": { "OBJECTID": 11253, "CE": "", "CT": "Zona", "ESTAMPA_CC": "2026-05-25 14:18:43" }, "geometry": { "type": "Point", "coordinates": [ 1063297.083203030284494, 868008.046499999938533 ] } },
{ "type": "Feature", "properties": { "OBJECTID": 11254, "CE": "", "CT": "Zona", "ESTAMPA_CC": "2026-05-25 14:18:43" }, "geometry": { "type": "Point", "coordinates": [ 1063810.529896431136876, 871987.937099999981001 ] } },
{ "type": "Feature", "properties": { "OBJECTID": 11260, "CE": "", "CT": "Zona", "ESTAMPA_CC": "2026-05-25 14:18:43" }, "geometry": { "type": "Point", "coordinates": [ 1061802.586398552171886, 870079.905099999974482 ] } },
{ "type": "Feature", "properties": { "OBJECTID": 11270, "CE": "", "CT": "Zona; Sector", "ESTAMPA_CC": "2026-05-25 14:18:43" }, "geometry": { "type": "Point", "coordinates": [ 1067070.263331118039787, 870764.552850000094622 ] } },
{ "type": "Feature", "properties": { "OBJECTID": 11274, "CE": "", "CT": "Zona", "ESTAMPA_CC": "2026-05-25 14:18:43" }, "geometry": { "type": "Point", "coordinates": [ 1062664.644873924087733, 867720.811650000046939 ] } },
{ "type": "Feature", "properties": { "OBJECTID": 11279, "CE": "", "CT": "Zona; Sector", "ESTAMPA_CC": "2026-05-25 14:18:43" }, "geometry": { "type": "Point", "coordinates": [ 1066780.726273868931457, 871477.570000000065193 ] } },
{ "type": "Feature", "properties": { "OBJECTID": 11290, "CE": "", "CT": "Zona; Sector", "ESTAMPA_CC": "2026-05-25 14:18:43" }, "geometry": { "type": "Point", "coordinates": [ 1067134.826972728595138, 870785.549349999986589 ] } },
{ "type": "Feature", "properties": { "OBJECTID": 11296, "CE": "Traslape propio", "CT": "", "ESTAMPA_CC": "2026-05-25 14:18:43" }, "geometry": { "type": "Point", "coordinates": [ 1067596.165506478399038, 868049.973349999985658 ] } },
{ "type": "Feature", "properties": { "OBJECTID": 11305, "CE": "", "CT": "Zona; Sector", "ESTAMPA_CC": "2026-05-25 14:18:43" }, "geometry": { "type": "Point", "coordinates": [ 1066060.582687420304865, 872723.308149999938905 ] } },
{ "type": "Feature", "properties": { "OBJECTID": 11312, "CE": "", "CT": "Zona; Sector", "ESTAMPA_CC": "2026-05-25 14:18:43" }, "geometry": { "type": "Point", "coordinates": [ 1064665.151984424330294, 869893.638599999947473 ] } },
{ "type": "Feature", "properties": { "OBJECTID": 11318, "CE": "", "CT": "Zona; Sector", "ESTAMPA_CC": "2026-05-25 14:18:43" }, "geometry": { "type": "Point", "coordinates": [ 1065535.943707342492417, 869933.662000000011176 ] } },
{ "type": "Feature", "properties": { "OBJECTID": 11321, "CE": "", "CT": "Zona; Sector", "ESTAMPA_CC": "2026-05-25 14:18:43" }, "geometry": { "type": "Point", "coordinates": [ 1063285.727862303610891, 873112.419299999950454 ] } },
{ "type": "Feature", "properties": { "OBJECTID": 11325, "CE": "", "CT": "Zona; Sector", "ESTAMPA_CC": "2026-05-25 14:18:43" }, "geometry": { "type": "Point", "coordinates": [ 1061645.588559461990371, 873108.498649999964982 ] } },
{ "type": "Feature", "properties": { "OBJECTID": 11326, "CE": "", "CT": "Zona; Sector", "ESTAMPA_CC": "2026-05-25 14:18:43" }, "geometry": { "type": "Point", "coordinates": [ 1064995.157317304518074, 878187.52625 ] } },
{ "type": "Feature", "properties": { "OBJECTID": 11340, "CE": "", "CT": "Zona; Sector", "ESTAMPA_CC": "2026-05-25 14:18:43" }, "geometry": { "type": "Point", "coordinates": [ 1064809.435879449360073, 873474.183850000030361 ] } },
{ "type": "Feature", "properties": { "OBJECTID": 11344, "CE": "", "CT": "Sector", "ESTAMPA_CC": "2026-05-25 14:18:43" }, "geometry": { "type": "Point", "coordinates": [ 1064847.220214402768761, 872084.5074 ] } },
{ "type": "Feature", "properties": { "OBJECTID": 11351, "CE": "", "CT": "Zona; Sector", "ESTAMPA_CC": "2026-05-25 14:18:43" }, "geometry": { "type": "Point", "coordinates": [ 1062892.397607979597524, 872238.948300000047311 ] } },
{ "type": "Feature", "properties": { "OBJECTID": 11371, "CE": "Traslape propio", "CT": "", "ESTAMPA_CC": "2026-05-25 14:18:43" }, "geometry": { "type": "Point", "coordinates": [ 1065912.927037893328816, 875292.1555 ] } },
{ "type": "Feature", "properties": { "OBJECTID": 11375, "CE": "Traslape propio", "CT": "", "ESTAMPA_CC": "2026-05-25 14:18:43" }, "geometry": { "type": "Point", "coordinates": [ 1064808.436660240404308, 876482.154099999926984 ] } },
{ "type": "Feature", "properties": { "OBJECTID": 11378, "CE": "", "CT": "Zona; Sector", "ESTAMPA_CC": "2026-05-25 14:18:43" }, "geometry": { "type": "Point", "coordinates": [ 1065838.074693407164887, 878058.524500000057742 ] } },
{ "type": "Feature", "properties": { "OBJECTID": 11382, "CE": "", "CT": "Zona; Sector", "ESTAMPA_CC": "2026-05-25 14:18:43" }, "geometry": { "type": "Point", "coordinates": [ 1064789.441064538899809, 870738.783950000070035 ] } },
{ "type": "Feature", "properties": { "OBJECTID": 11394, "CE": "", "CT": "Zona; Sector", "ESTAMPA_CC": "2026-05-25 14:18:43" }, "geometry": { "type": "Point", "coordinates": [ 1066815.991236286936328, 870488.523950000060722 ] } },
{ "type": "Feature", "properties": { "OBJECTID": 11399, "CE": "", "CT": "Zona; Sector", "ESTAMPA_CC": "2026-05-25 14:18:43" }, "geometry": { "type": "Point", "coordinates": [ 1066786.488027033628896, 870552.492949999985285 ] } },
{ "type": "Feature", "properties": { "OBJECTID": 11403, "CE": "Traslape propio", "CT": "", "ESTAMPA_CC": "2026-05-25 14:18:43" }, "geometry": { "type": "Point", "coordinates": [ 1057818.372477233875543, 864427.983650000067428 ] } },
{ "type": "Feature", "properties": { "OBJECTID": 11408, "CE": "", "CT": "Zona", "ESTAMPA_CC": "2026-05-25 14:18:43" }, "geometry": { "type": "Point", "coordinates": [ 1061510.928565026493743, 871771.0969 ] } },
{ "type": "Feature", "properties": { "OBJECTID": 11412, "CE": "Traslape propio", "CT": "", "ESTAMPA_CC": "2026-05-25 14:18:43" }, "geometry": { "type": "Point", "coordinates": [ 1056962.053593240212649, 869963.508099999977276 ] } },
{ "type": "Feature", "properties": { "OBJECTID": 11413, "CE": "Traslape propio", "CT": "", "ESTAMPA_CC": "2026-05-25 14:18:43" }, "geometry": { "type": "Point", "coordinates": [ 1058769.544286681571975, 871793.771597824874334 ] } },
{ "type": "Feature", "properties": { "OBJECTID": 11414, "CE": "", "CT": "Sector", "ESTAMPA_CC": "2026-05-25 14:18:43" }, "geometry": { "type": "Point", "coordinates": [ 1063540.891510843764991, 871660.31085 ] } },
{ "type": "Feature", "properties": { "OBJECTID": 11422, "CE": "", "CT": "Zona; Sector", "ESTAMPA_CC": "2026-05-25 14:18:43" }, "geometry": { "type": "Point", "coordinates": [ 1065394.859168263152242, 875372.6714 ] } },
{ "type": "Feature", "properties": { "OBJECTID": 11433, "CE": "", "CT": "Zona", "ESTAMPA_CC": "2026-05-25 14:18:43" }, "geometry": { "type": "Point", "coordinates": [ 1065301.626158234197646, 869570.139600000111386 ] } },
{ "type": "Feature", "properties": { "OBJECTID": 11437, "CE": "", "CT": "Zona", "ESTAMPA_CC": "2026-05-25 14:18:43" }, "geometry": { "type": "Point", "coordinates": [ 1063379.426912568509579, 868504.910299999988638 ] } },
{ "type": "Feature", "properties": { "OBJECTID": 11471, "CE": "", "CT": "Zona; Sector", "ESTAMPA_CC": "2026-05-25 14:18:43" }, "geometry": { "type": "Point", "coordinates": [ 1066787.943659165175632, 870529.694050000049174 ] } },
{ "type": "Feature", "properties": { "OBJECTID": 11472, "CE": "", "CT": "Zona; Sector", "ESTAMPA_CC": "2026-05-25 14:18:43" }, "geometry": { "type": "Point", "coordinates": [ 1064453.112849007360637, 869955.04894999996759 ] } },
{ "type": "Feature", "properties": { "OBJECTID": 11476, "CE": "", "CT": "Sector", "ESTAMPA_CC": "2026-05-25 14:18:43" }, "geometry": { "type": "Point", "coordinates": [ 1057844.726361877052113, 866080.856299999984913 ] } },
{ "type": "Feature", "properties": { "OBJECTID": 11481, "CE": "", "CT": "Zona; Sector", "ESTAMPA_CC": "2026-05-25 14:18:43" }, "geometry": { "type": "Point", "coordinates": [ 1066281.640282079111785, 871797.6152 ] } },
{ "type": "Feature", "properties": { "OBJECTID": 11483, "CE": "", "CT": "Zona; Sector", "ESTAMPA_CC": "2026-05-25 14:18:43" }, "geometry": { "type": "Point", "coordinates": [ 1065538.355901075061411, 878281.024449999909848 ] } },
{ "type": "Feature", "properties": { "OBJECTID": 11484, "CE": "", "CT": "Zona; Sector", "ESTAMPA_CC": "2026-05-25 14:18:43" }, "geometry": { "type": "Point", "coordinates": [ 1065039.567442166619003, 878517.956849999958649 ] } },
{ "type": "Feature", "properties": { "OBJECTID": 11485, "CE": "", "CT": "Zona; Sector", "ESTAMPA_CC": "2026-05-25 14:18:43" }, "geometry": { "type": "Point", "coordinates": [ 1065359.278872183291242, 877339.5318 ] } },
{ "type": "Feature", "properties": { "OBJECTID": 11486, "CE": "", "CT": "Zona; Sector", "ESTAMPA_CC": "2026-05-25 14:18:43" }, "geometry": { "type": "Point", "coordinates": [ 1065756.898250155616552, 877203.215949999983422 ] } },
{ "type": "Feature", "properties": { "OBJECTID": 11489, "CE": "", "CT": "Zona; Sector", "ESTAMPA_CC": "2026-05-25 14:18:43" }, "geometry": { "type": "Point", "coordinates": [ 1065869.305648193927482, 877332.846200000029057 ] } },
{ "type": "Feature", "properties": { "OBJECTID": 11491, "CE": "", "CT": "Zona; Sector", "ESTAMPA_CC": "2026-05-25 14:18:43" }, "geometry": { "type": "Point", "coordinates": [ 1066171.04081202368252, 874227.764149999944493 ] } },
{ "type": "Feature", "properties": { "OBJECTID": 11495, "CE": "Traslape propio", "CT": "", "ESTAMPA_CC": "2026-05-25 14:18:43" }, "geometry": { "type": "Point", "coordinates": [ 1057489.796347741037607, 869980.23340000002645 ] } },
{ "type": "Feature", "properties": { "OBJECTID": 11496, "CE": "", "CT": "Zona; Sector", "ESTAMPA_CC": "2026-05-25 14:18:43" }, "geometry": { "type": "Point", "coordinates": [ 1064838.648352552205324, 870565.135849999962375 ] } },
{ "type": "Feature", "properties": { "OBJECTID": 11497, "CE": "", "CT": "Zona; Sector", "ESTAMPA_CC": "2026-05-25 14:18:43" }, "geometry": { "type": "Point", "coordinates": [ 1064390.677627025637776, 877843.382549999980256 ] } },
{ "type": "Feature", "properties": { "OBJECTID": 11510, "CE": "", "CT": "Zona", "ESTAMPA_CC": "2026-05-25 14:18:43" }, "geometry": { "type": "Point", "coordinates": [ 1057827.844734699698165, 870235.55455 ] } },
{ "type": "Feature", "properties": { "OBJECTID": 11512, "CE": "", "CT": "Zona; Sector", "ESTAMPA_CC": "2026-05-25 14:18:43" }, "geometry": { "type": "Point", "coordinates": [ 1064427.30933307018131, 869930.334049999946728 ] } },
{ "type": "Feature", "properties": { "OBJECTID": 11525, "CE": "", "CT": "Sector", "ESTAMPA_CC": "2026-05-25 14:18:43" }, "geometry": { "type": "Point", "coordinates": [ 1061664.42832207470201, 873853.676650000037625 ] } },
{ "type": "Feature", "properties": { "OBJECTID": 11529, "CE": "Traslape propio", "CT": "", "ESTAMPA_CC": "2026-05-25 14:18:43" }, "geometry": { "type": "Point", "coordinates": [ 1065385.760094594676048, 873386.977949999971315 ] } },
{ "type": "Feature", "properties": { "OBJECTID": 11536, "CE": "Traslape propio", "CT": "", "ESTAMPA_CC": "2026-05-25 14:18:43" }, "geometry": { "type": "Point", "coordinates": [ 1062587.596313118003309, 866365.824100000085309 ] } },
{ "type": "Feature", "properties": { "OBJECTID": 11550, "CE": "", "CT": "Zona; Sector", "ESTAMPA_CC": "2026-05-25 14:18:43" }, "geometry": { "type": "Point", "coordinates": [ 1067109.883101260755211, 870768.481900000013411 ] } },
{ "type": "Feature", "properties": { "OBJECTID": 11565, "CE": "", "CT": "Zona; Sector", "ESTAMPA_CC": "2026-05-25 14:18:43" }, "geometry": { "type": "Point", "coordinates": [ 1064440.451827043201774, 877801.689699999988079 ] } },
{ "type": "Feature", "properties": { "OBJECTID": 11566, "CE": "", "CT": "Sector", "ESTAMPA_CC": "2026-05-25 14:18:43" }, "geometry": { "type": "Point", "coordinates": [ 1061598.127063067629933, 874542.82984999998007 ] } },
{ "type": "Feature", "properties": { "OBJECTID": 11572, "CE": "", "CT": "Zona; Sector", "ESTAMPA_CC": "2026-05-25 14:18:43" }, "geometry": { "type": "Point", "coordinates": [ 1065356.680132566951215, 878396.619200000073761 ] } },
{ "type": "Feature", "properties": { "OBJECTID": 11573, "CE": "", "CT": "Zona; Sector", "ESTAMPA_CC": "2026-05-25 14:18:43" }, "geometry": { "type": "Point", "coordinates": [ 1064646.877518073655665, 878560.777950000017881 ] } },
{ "type": "Feature", "properties": { "OBJECTID": 11590, "CE": "", "CT": "Zona; Sector", "ESTAMPA_CC": "2026-05-25 14:18:43" }, "geometry": { "type": "Point", "coordinates": [ 1065859.073431591270491, 872578.515850000083447 ] } },
{ "type": "Feature", "properties": { "OBJECTID": 11594, "CE": "", "CT": "Zona; Sector", "ESTAMPA_CC": "2026-05-25 14:18:43" }, "geometry": { "type": "Point", "coordinates": [ 1066421.697262912755832, 873490.54625000001397 ] } },
{ "type": "Feature", "properties": { "OBJECTID": 11598, "CE": "", "CT": "Zona; Sector", "ESTAMPA_CC": "2026-05-25 14:18:43" }, "geometry": { "type": "Point", "coordinates": [ 1063964.743849967839196, 870124.673750000074506 ] } },
{ "type": "Feature", "properties": { "OBJECTID": 11610, "CE": "", "CT": "Zona", "ESTAMPA_CC": "2026-05-25 14:18:43" }, "geometry": { "type": "Point", "coordinates": [ 1061231.816077794414014, 877673.814999999944121 ] } },
{ "type": "Feature", "properties": { "OBJECTID": 11614, "CE": "Traslape propio", "CT": "", "ESTAMPA_CC": "2026-05-25 14:18:43" }, "geometry": { "type": "Point", "coordinates": [ 1062628.18248865287751, 866237.239150000037625 ] } },
{ "type": "Feature", "properties": { "OBJECTID": 11619, "CE": "Traslape propio", "CT": "", "ESTAMPA_CC": "2026-05-25 14:18:43" }, "geometry": { "type": "Point", "coordinates": [ 1062680.322964876890182, 866337.404499999945983 ] } },
{ "type": "Feature", "properties": { "OBJECTID": 11621, "CE": "Traslape propio", "CT": "", "ESTAMPA_CC": "2026-05-25 14:18:43" }, "geometry": { "type": "Point", "coordinates": [ 1062466.145887081045657, 866333.081800000043586 ] } },
{ "type": "Feature", "properties": { "OBJECTID": 11622, "CE": "Traslape propio", "CT": "", "ESTAMPA_CC": "2026-05-25 14:18:43" }, "geometry": { "type": "Point", "coordinates": [ 1062426.394895490724593, 866321.24875000002794 ] } },
{ "type": "Feature", "properties": { "OBJECTID": 11623, "CE": "Traslape propio", "CT": "", "ESTAMPA_CC": "2026-05-25 14:18:43" }, "geometry": { "type": "Point", "coordinates": [ 1062386.828381371684372, 866321.176899999962188 ] } },
{ "type": "Feature", "properties": { "OBJECTID": 11624, "CE": "Traslape propio", "CT": "", "ESTAMPA_CC": "2026-05-25 14:18:43" }, "geometry": { "type": "Point", "coordinates": [ 1062554.048629270866513, 866314.38820000004489 ] } },
{ "type": "Feature", "properties": { "OBJECTID": 11627, "CE": "Traslape propio", "CT": "", "ESTAMPA_CC": "2026-05-25 14:18:43" }, "geometry": { "type": "Point", "coordinates": [ 1064994.298389151226729, 870561.956800000043586 ] } },
{ "type": "Feature", "properties": { "OBJECTID": 11630, "CE": "Traslape propio", "CT": "", "ESTAMPA_CC": "2026-05-25 14:18:43" }, "geometry": { "type": "Point", "coordinates": [ 1067307.913137197261676, 871373.697200000053272 ] } },
{ "type": "Feature", "properties": { "OBJECTID": 11633, "CE": "", "CT": "Zona", "ESTAMPA_CC": "2026-05-25 14:18:43" }, "geometry": { "type": "Point", "coordinates": [ 1060532.937770786229521, 873626.4757999998983 ] } },
{ "type": "Feature", "properties": { "OBJECTID": 11635, "CE": "Traslape propio", "CT": "", "ESTAMPA_CC": "2026-05-25 14:18:43" }, "geometry": { "type": "Point", "coordinates": [ 1056853.633514535613358, 873114.160050000064075 ] } },
{ "type": "Feature", "properties": { "OBJECTID": 11639, "CE": "", "CT": "Zona", "ESTAMPA_CC": "2026-05-25 14:18:43" }, "geometry": { "type": "Point", "coordinates": [ 1061582.491077613085508, 873321.055149999912828 ] } },
{ "type": "Feature", "properties": { "OBJECTID": 11644, "CE": "Traslape propio", "CT": "", "ESTAMPA_CC": "2026-05-25 14:18:43" }, "geometry": { "type": "Point", "coordinates": [ 1067510.769294028636068, 868287.576499999966472 ] } },
{ "type": "Feature", "properties": { "OBJECTID": 11659, "CE": "Traslape propio", "CT": "", "ESTAMPA_CC": "2026-05-25 14:18:43" }, "geometry": { "type": "Point", "coordinates": [ 1067479.949975826311857, 868276.294149999972433 ] } },
{ "type": "Feature", "properties": { "OBJECTID": 11667, "CE": "", "CT": "Zona; Sector", "ESTAMPA_CC": "2026-05-25 14:18:43" }, "geometry": { "type": "Point", "coordinates": [ 1060399.207201493205503, 871954.595699999947101 ] } },
{ "type": "Feature", "properties": { "OBJECTID": 11683, "CE": "Traslape propio", "CT": "", "ESTAMPA_CC": "2026-05-25 14:18:43" }, "geometry": { "type": "Point", "coordinates": [ 1057890.141365609131753, 864508.858449999941513 ] } },
{ "type": "Feature", "properties": { "OBJECTID": 11702, "CE": "Traslape propio", "CT": "", "ESTAMPA_CC": "2026-05-25 14:18:43" }, "geometry": { "type": "Point", "coordinates": [ 1058415.425408772658557, 873010.79425000003539 ] } },
{ "type": "Feature", "properties": { "OBJECTID": 11708, "CE": "Traslape propio", "CT": "", "ESTAMPA_CC": "2026-05-25 14:18:43" }, "geometry": { "type": "Point", "coordinates": [ 1059930.680838561849669, 861656.969950000056997 ] } },
{ "type": "Feature", "properties": { "OBJECTID": 11709, "CE": "Traslape propio", "CT": "", "ESTAMPA_CC": "2026-05-25 14:18:43" }, "geometry": { "type": "Point", "coordinates": [ 1062112.171875926665962, 872308.641500000027008 ] } },
{ "type": "Feature", "properties": { "OBJECTID": 11711, "CE": "Traslape propio", "CT": "", "ESTAMPA_CC": "2026-05-25 14:18:43" }, "geometry": { "type": "Point", "coordinates": [ 1059497.628464904148132, 873915.542200000025332 ] } },
{ "type": "Feature", "properties": { "OBJECTID": 11727, "CE": "Traslape propio", "CT": "", "ESTAMPA_CC": "2026-05-25 14:18:43" }, "geometry": { "type": "Point", "coordinates": [ 1063041.089805031660944, 876707.9682 ] } },
{ "type": "Feature", "properties": { "OBJECTID": 11730, "CE": "", "CT": "Zona; Sector", "ESTAMPA_CC": "2026-05-25 14:18:43" }, "geometry": { "type": "Point", "coordinates": [ 1064100.397371753118932, 877675.0993 ] } },
{ "type": "Feature", "properties": { "OBJECTID": 11732, "CE": "Traslape propio", "CT": "", "ESTAMPA_CC": "2026-05-25 14:18:43" }, "geometry": { "type": "Point", "coordinates": [ 1065586.088852700311691, 871819.122500000055879 ] } },
{ "type": "Feature", "properties": { "OBJECTID": 11738, "CE": "", "CT": "Zona", "ESTAMPA_CC": "2026-05-25 14:18:43" }, "geometry": { "type": "Point", "coordinates": [ 1057749.100878477096558, 865133.40605 ] } },
{ "type": "Feature", "properties": { "OBJECTID": 11743, "CE": "Traslape propio", "CT": "", "ESTAMPA_CC": "2026-05-25 14:18:43" }, "geometry": { "type": "Point", "coordinates": [ 1067195.137573768384755, 868825.475850000046194 ] } },
{ "type": "Feature", "properties": { "OBJECTID": 11749, "CE": "", "CT": "Departamento; Municipio; Zona; Sector", "ESTAMPA_CC": "2026-05-25 14:18:43" }, "geometry": { "type": "Point", "coordinates": [ 1066551.614663703599945, 875866.744500000029802 ] } },
{ "type": "Feature", "properties": { "OBJECTID": 11753, "CE": "", "CT": "Zona; Sector", "ESTAMPA_CC": "2026-05-25 14:18:43" }, "geometry": { "type": "Point", "coordinates": [ 1065257.979480774374679, 872528.895550000015646 ] } },
{ "type": "Feature", "properties": { "OBJECTID": 11754, "CE": "", "CT": "Zona; Sector", "ESTAMPA_CC": "2026-05-25 14:18:43" }, "geometry": { "type": "Point", "coordinates": [ 1065311.625029879622161, 870563.879100000020117 ] } },
{ "type": "Feature", "properties": { "OBJECTID": 11763, "CE": "", "CT": "Zona", "ESTAMPA_CC": "2026-05-25 14:18:43" }, "geometry": { "type": "Point", "coordinates": [ 1067382.622403302229941, 869065.32370000006631 ] } },
{ "type": "Feature", "properties": { "OBJECTID": 11767, "CE": "", "CT": "Zona; Sector", "ESTAMPA_CC": "2026-05-25 14:18:43" }, "geometry": { "type": "Point", "coordinates": [ 1063065.932391676353291, 872898.426149999955669 ] } },
{ "type": "Feature", "properties": { "OBJECTID": 11769, "CE": "Traslape propio", "CT": "Zona", "ESTAMPA_CC": "2026-05-25 14:18:43" }, "geometry": { "type": "Point", "coordinates": [ 1067593.848587468266487, 868388.595350000075996 ] } },
{ "type": "Feature", "properties": { "OBJECTID": 11770, "CE": "", "CT": "Zona", "ESTAMPA_CC": "2026-05-25 14:18:43" }, "geometry": { "type": "Point", "coordinates": [ 1067964.847887105541304, 871663.816250000032596 ] } },
{ "type": "Feature", "properties": { "OBJECTID": 11772, "CE": "", "CT": "Zona; Sector", "ESTAMPA_CC": "2026-05-25 14:18:43" }, "geometry": { "type": "Point", "coordinates": [ 1065898.657398733776063, 877220.818650000030175 ] } },
{ "type": "Feature", "properties": { "OBJECTID": 11773, "CE": "", "CT": "Zona", "ESTAMPA_CC": "2026-05-25 14:18:43" }, "geometry": { "type": "Point", "coordinates": [ 1057803.899788573384285, 874534.071250000037253 ] } },
{ "type": "Feature", "properties": { "OBJECTID": 11780, "CE": "", "CT": "Zona", "ESTAMPA_CC": "2026-05-25 14:18:43" }, "geometry": { "type": "Point", "coordinates": [ 1054574.41434943722561, 874697.124199999962002 ] } },
{ "type": "Feature", "properties": { "OBJECTID": 11781, "CE": "", "CT": "Zona", "ESTAMPA_CC": "2026-05-25 14:18:43" }, "geometry": { "type": "Point", "coordinates": [ 1059372.002285348484293, 862902.572000000043772 ] } },
{ "type": "Feature", "properties": { "OBJECTID": 11786, "CE": "", "CT": "Zona", "ESTAMPA_CC": "2026-05-25 14:18:43" }, "geometry": { "type": "Point", "coordinates": [ 1054896.526970368344337, 874114.518399999942631 ] } },
{ "type": "Feature", "properties": { "OBJECTID": 11789, "CE": "Traslape propio", "CT": "", "ESTAMPA_CC": "2026-05-25 14:18:43" }, "geometry": { "type": "Point", "coordinates": [ 1060641.35562606016174, 874959.434249999932945 ] } },
{ "type": "Feature", "properties": { "OBJECTID": 11797, "CE": "Traslape propio", "CT": "", "ESTAMPA_CC": "2026-05-25 14:18:43" }, "geometry": { "type": "Point", "coordinates": [ 1065801.084320177324116, 873879.206849999958649 ] } },
{ "type": "Feature", "properties": { "OBJECTID": 11798, "CE": "", "CT": "Zona", "ESTAMPA_CC": "2026-05-25 14:18:43" }, "geometry": { "type": "Point", "coordinates": [ 1060122.446116016246378, 872239.216449999948964 ] } },
{ "type": "Feature", "properties": { "OBJECTID": 11802, "CE": "", "CT": "Zona; Sector", "ESTAMPA_CC": "2026-05-25 14:18:43" }, "geometry": { "type": "Point", "coordinates": [ 1065478.21211582608521, 878439.426699999952689 ] } },
{ "type": "Feature", "properties": { "OBJECTID": 11806, "CE": "", "CT": "Sector", "ESTAMPA_CC": "2026-05-25 14:18:43" }, "geometry": { "type": "Point", "coordinates": [ 1058644.784161987248808, 869959.48095 ] } },
{ "type": "Feature", "properties": { "OBJECTID": 11810, "CE": "", "CT": "Zona; Sector", "ESTAMPA_CC": "2026-05-25 14:18:43" }, "geometry": { "type": "Point", "coordinates": [ 1065374.276402082759887, 877460.0967 ] } },
{ "type": "Feature", "properties": { "OBJECTID": 11817, "CE": "", "CT": "Zona", "ESTAMPA_CC": "2026-05-25 14:18:43" }, "geometry": { "type": "Point", "coordinates": [ 1065678.371497263200581, 873688.807900000014342 ] } },
{ "type": "Feature", "properties": { "OBJECTID": 11819, "CE": "Traslape propio", "CT": "Zona", "ESTAMPA_CC": "2026-05-25 14:18:43" }, "geometry": { "type": "Point", "coordinates": [ 1067325.635895411949605, 868732.1152 ] } },
{ "type": "Feature", "properties": { "OBJECTID": 11832, "CE": "Traslape propio", "CT": "", "ESTAMPA_CC": "2026-05-25 14:18:43" }, "geometry": { "type": "Point", "coordinates": [ 1067379.187581383157521, 871974.74095 ] } },
{ "type": "Feature", "properties": { "OBJECTID": 11833, "CE": "", "CT": "Zona; Sector", "ESTAMPA_CC": "2026-05-25 14:18:43" }, "geometry": { "type": "Point", "coordinates": [ 1064261.782550215255469, 877757.318199999979697 ] } },
{ "type": "Feature", "properties": { "OBJECTID": 11839, "CE": "Traslape propio", "CT": "", "ESTAMPA_CC": "2026-05-25 14:18:43" }, "geometry": { "type": "Point", "coordinates": [ 1065630.02598099084571, 872739.788799999980256 ] } },
{ "type": "Feature", "properties": { "OBJECTID": 11847, "CE": "", "CT": "Zona", "ESTAMPA_CC": "2026-05-25 14:18:43" }, "geometry": { "type": "Point", "coordinates": [ 1063901.248467404861003, 878276.838449999922886 ] } },
{ "type": "Feature", "properties": { "OBJECTID": 11848, "CE": "", "CT": "Zona", "ESTAMPA_CC": "2026-05-25 14:18:43" }, "geometry": { "type": "Point", "coordinates": [ 1057033.523122065933421, 870282.565249999985099 ] } },
{ "type": "Feature", "properties": { "OBJECTID": 11849, "CE": "Traslape propio", "CT": "Zona", "ESTAMPA_CC": "2026-05-25 14:18:43" }, "geometry": { "type": "Point", "coordinates": [ 1062926.455061673186719, 867312.993499999982305 ] } },
{ "type": "Feature", "properties": { "OBJECTID": 11850, "CE": "", "CT": "Zona", "ESTAMPA_CC": "2026-05-25 14:18:43" }, "geometry": { "type": "Point", "coordinates": [ 1061964.085467397235334, 866988.463849999941885 ] } },
{ "type": "Feature", "properties": { "OBJECTID": 11851, "CE": "", "CT": "Zona", "ESTAMPA_CC": "2026-05-25 14:18:43" }, "geometry": { "type": "Point", "coordinates": [ 1054666.181244810577482, 874429.513649999978952 ] } },
{ "type": "Feature", "properties": { "OBJECTID": 11852, "CE": "", "CT": "Zona", "ESTAMPA_CC": "2026-05-25 14:18:43" }, "geometry": { "type": "Point", "coordinates": [ 1058607.88718145666644, 874166.773750000051223 ] } },
{ "type": "Feature", "properties": { "OBJECTID": 11857, "CE": "Traslape propio", "CT": "", "ESTAMPA_CC": "2026-05-25 14:18:43" }, "geometry": { "type": "Point", "coordinates": [ 1062487.792186679318547, 866681.108299999963492 ] } },
{ "type": "Feature", "properties": { "OBJECTID": 11858, "CE": "", "CT": "Zona", "ESTAMPA_CC": "2026-05-25 14:18:43" }, "geometry": { "type": "Point", "coordinates": [ 1057344.068171213846654, 869060.219349999912083 ] } },
{ "type": "Feature", "properties": { "OBJECTID": 11861, "CE": "Traslape propio", "CT": "", "ESTAMPA_CC": "2026-05-25 14:18:43" }, "geometry": { "type": "Point", "coordinates": [ 1065862.943027572706342, 875466.392650000052527 ] } },
{ "type": "Feature", "properties": { "OBJECTID": 11876, "CE": "Traslape propio", "CT": "", "ESTAMPA_CC": "2026-05-25 14:18:43" }, "geometry": { "type": "Point", "coordinates": [ 1062277.031962114851922, 866396.439600000041537 ] } },
{ "type": "Feature", "properties": { "OBJECTID": 11877, "CE": "Traslape propio", "CT": "", "ESTAMPA_CC": "2026-05-25 14:18:43" }, "geometry": { "type": "Point", "coordinates": [ 1063010.408396034035832, 867387.325399999972433 ] } },
{ "type": "Feature", "properties": { "OBJECTID": 11879, "CE": "Traslape propio", "CT": "", "ESTAMPA_CC": "2026-05-25 14:18:43" }, "geometry": { "type": "Point", "coordinates": [ 1062207.346131692640483, 865829.108449999941513 ] } },
{ "type": "Feature", "properties": { "OBJECTID": 11883, "CE": "Traslape propio", "CT": "", "ESTAMPA_CC": "2026-05-25 14:18:43" }, "geometry": { "type": "Point", "coordinates": [ 1065774.93465, 873880.60750000004191 ] } },
{ "type": "Feature", "properties": { "OBJECTID": 11887, "CE": "Traslape propio", "CT": "", "ESTAMPA_CC": "2026-05-25 14:18:43" }, "geometry": { "type": "Point", "coordinates": [ 1066767.560121545335278, 873743.197799999965355 ] } },
{ "type": "Feature", "properties": { "OBJECTID": 11905, "CE": "", "CT": "Zona; Sector", "ESTAMPA_CC": "2026-05-25 14:18:43" }, "geometry": { "type": "Point", "coordinates": [ 1064721.72625083103776, 873501.942350000026636 ] } },
{ "type": "Feature", "properties": { "OBJECTID": 11910, "CE": "", "CT": "Zona; Sector", "ESTAMPA_CC": "2026-05-25 14:18:43" }, "geometry": { "type": "Point", "coordinates": [ 1064965.216587597969919, 878383.843 ] } },
{ "type": "Feature", "properties": { "OBJECTID": 11912, "CE": "", "CT": "Zona; Sector", "ESTAMPA_CC": "2026-05-25 14:18:43" }, "geometry": { "type": "Point", "coordinates": [ 1064888.129522286821157, 878242.131550000049174 ] } },
{ "type": "Feature", "properties": { "OBJECTID": 11913, "CE": "", "CT": "Zona; Sector", "ESTAMPA_CC": "2026-05-25 14:18:43" }, "geometry": { "type": "Point", "coordinates": [ 1065364.926833778154105, 878111.552600000053644 ] } },
{ "type": "Feature", "properties": { "OBJECTID": 11914, "CE": "", "CT": "Zona", "ESTAMPA_CC": "2026-05-25 14:18:43" }, "geometry": { "type": "Point", "coordinates": [ 1062812.088142520748079, 875833.471200000029057 ] } },
{ "type": "Feature", "properties": { "OBJECTID": 11920, "CE": "", "CT": "Sector", "ESTAMPA_CC": "2026-05-25 14:18:43" }, "geometry": { "type": "Point", "coordinates": [ 1063641.375751297455281, 871845.0318 ] } },
{ "type": "Feature", "properties": { "OBJECTID": 11928, "CE": "Traslape propio", "CT": "", "ESTAMPA_CC": "2026-05-25 14:18:43" }, "geometry": { "type": "Point", "coordinates": [ 1059740.388538346160203, 866124.770099999965169 ] } },
{ "type": "Feature", "properties": { "OBJECTID": 11933, "CE": "Traslape propio", "CT": "", "ESTAMPA_CC": "2026-05-25 14:18:43" }, "geometry": { "type": "Point", "coordinates": [ 1058808.933570479508489, 874057.375099999946542 ] } },
{ "type": "Feature", "properties": { "OBJECTID": 11940, "CE": "Traslape propio", "CT": "", "ESTAMPA_CC": "2026-05-25 14:18:43" }, "geometry": { "type": "Point", "coordinates": [ 1064995.285077058710158, 872560.170549999922514 ] } },
{ "type": "Feature", "properties": { "OBJECTID": 11941, "CE": "", "CT": "Zona", "ESTAMPA_CC": "2026-05-25 14:18:43" }, "geometry": { "type": "Point", "coordinates": [ 1062117.342230696696788, 871455.4214 ] } },
{ "type": "Feature", "properties": { "OBJECTID": 11962, "CE": "", "CT": "Zona; Sector", "ESTAMPA_CC": "2026-05-25 14:18:43" }, "geometry": { "type": "Point", "coordinates": [ 1064616.728530977619812, 873515.394100000034086 ] } },
{ "type": "Feature", "properties": { "OBJECTID": 11971, "CE": "", "CT": "Zona; Sector", "ESTAMPA_CC": "2026-05-25 14:18:43" }, "geometry": { "type": "Point", "coordinates": [ 1066192.644995294045657, 874329.9085999999661 ] } },
{ "type": "Feature", "properties": { "OBJECTID": 11985, "CE": "", "CT": "Zona", "ESTAMPA_CC": "2026-05-25 14:18:43" }, "geometry": { "type": "Point", "coordinates": [ 1061983.002014331519604, 870020.174700000090525 ] } },
{ "type": "Feature", "properties": { "OBJECTID": 11993, "CE": "Traslape propio", "CT": "Zona", "ESTAMPA_CC": "2026-05-25 14:18:43" }, "geometry": { "type": "Point", "coordinates": [ 1060500.541051249019802, 866435.905049999943003 ] } },
{ "type": "Feature", "properties": { "OBJECTID": 11996, "CE": "", "CT": "Zona", "ESTAMPA_CC": "2026-05-25 14:18:43" }, "geometry": { "type": "Point", "coordinates": [ 1060479.654213460395113, 872219.435999999986961 ] } },
{ "type": "Feature", "properties": { "OBJECTID": 11997, "CE": "", "CT": "Zona", "ESTAMPA_CC": "2026-05-25 14:18:43" }, "geometry": { "type": "Point", "coordinates": [ 1068194.70441882009618, 870107.8665 ] } },
{ "type": "Feature", "properties": { "OBJECTID": 12007, "CE": "", "CT": "Zona; Sector", "ESTAMPA_CC": "2026-05-25 14:18:43" }, "geometry": { "type": "Point", "coordinates": [ 1066854.8824029173702, 870233.158749999944121 ] } },
{ "type": "Feature", "properties": { "OBJECTID": 12023, "CE": "", "CT": "Zona", "ESTAMPA_CC": "2026-05-25 14:18:43" }, "geometry": { "type": "Point", "coordinates": [ 1063417.628510204609483, 878082.160599999944679 ] } },
{ "type": "Feature", "properties": { "OBJECTID": 12024, "CE": "", "CT": "Zona", "ESTAMPA_CC": "2026-05-25 14:18:43" }, "geometry": { "type": "Point", "coordinates": [ 1058080.155504225287586, 865071.241700000013225 ] } },
{ "type": "Feature", "properties": { "OBJECTID": 12029, "CE": "Traslape propio", "CT": "", "ESTAMPA_CC": "2026-05-25 14:18:43" }, "geometry": { "type": "Point", "coordinates": [ 1060602.567794852890074, 862884.7646 ] } },
{ "type": "Feature", "properties": { "OBJECTID": 12036, "CE": "Traslape propio", "CT": "", "ESTAMPA_CC": "2026-05-25 14:18:43" }, "geometry": { "type": "Point", "coordinates": [ 1062627.79453263618052, 866354.570899999933317 ] } },
{ "type": "Feature", "properties": { "OBJECTID": 12048, "CE": "", "CT": "Zona", "ESTAMPA_CC": "2026-05-25 14:18:43" }, "geometry": { "type": "Point", "coordinates": [ 1061733.630258245859295, 874030.6533 ] } },
{ "type": "Feature", "properties": { "OBJECTID": 12050, "CE": "", "CT": "Zona; Sector", "ESTAMPA_CC": "2026-05-25 14:18:43" }, "geometry": { "type": "Point", "coordinates": [ 1065579.811677028425038, 870123.095500000054017 ] } },
{ "type": "Feature", "properties": { "OBJECTID": 12057, "CE": "Traslape propio", "CT": "", "ESTAMPA_CC": "2026-05-25 14:18:43" }, "geometry": { "type": "Point", "coordinates": [ 1062586.268743970431387, 866846.027600000030361 ] } },
{ "type": "Feature", "properties": { "OBJECTID": 12063, "CE": "Traslape propio", "CT": "", "ESTAMPA_CC": "2026-05-25 14:18:43" }, "geometry": { "type": "Point", "coordinates": [ 1067154.6316, 868704.78605 ] } },
{ "type": "Feature", "properties": { "OBJECTID": 12082, "CE": "Traslape propio", "CT": "", "ESTAMPA_CC": "2026-05-25 14:18:43" }, "geometry": { "type": "Point", "coordinates": [ 1060384.971414887346327, 877346.86835 ] } },
{ "type": "Feature", "properties": { "OBJECTID": 12091, "CE": "", "CT": "Zona", "ESTAMPA_CC": "2026-05-25 14:18:43" }, "geometry": { "type": "Point", "coordinates": [ 1060298.147636782145128, 874679.993449999950826 ] } },
{ "type": "Feature", "properties": { "OBJECTID": 12093, "CE": "", "CT": "Zona", "ESTAMPA_CC": "2026-05-25 14:18:43" }, "geometry": { "type": "Point", "coordinates": [ 1061749.902005683165044, 870554.543749999953434 ] } },
{ "type": "Feature", "properties": { "OBJECTID": 12103, "CE": "Traslape propio", "CT": "", "ESTAMPA_CC": "2026-05-25 14:18:43" }, "geometry": { "type": "Point", "coordinates": [ 1062641.519837464904413, 866337.691499999957159 ] } },
{ "type": "Feature", "properties": { "OBJECTID": 12106, "CE": "Traslape propio", "CT": "", "ESTAMPA_CC": "2026-05-25 14:18:43" }, "geometry": { "type": "Point", "coordinates": [ 1067218.412042565410957, 868662.287950000027195 ] } },
{ "type": "Feature", "properties": { "OBJECTID": 12110, "CE": "Traslape propio", "CT": "", "ESTAMPA_CC": "2026-05-25 14:18:43" }, "geometry": { "type": "Point", "coordinates": [ 1067222.056248226668686, 869175.622849999926984 ] } },
{ "type": "Feature", "properties": { "OBJECTID": 12120, "CE": "", "CT": "Zona", "ESTAMPA_CC": "2026-05-25 14:18:43" }, "geometry": { "type": "Point", "coordinates": [ 1063932.738144842907786, 868881.162699999986216 ] } },
{ "type": "Feature", "properties": { "OBJECTID": 12130, "CE": "", "CT": "Zona", "ESTAMPA_CC": "2026-05-25 14:18:43" }, "geometry": { "type": "Point", "coordinates": [ 1058346.486466567963362, 866202.217200000071898 ] } },
{ "type": "Feature", "properties": { "OBJECTID": 12131, "CE": "Traslape propio", "CT": "", "ESTAMPA_CC": "2026-05-25 14:18:43" }, "geometry": { "type": "Point", "coordinates": [ 1062578.423409503651783, 866433.109399999957532 ] } },
{ "type": "Feature", "properties": { "OBJECTID": 12134, "CE": "Traslape propio", "CT": "", "ESTAMPA_CC": "2026-05-25 14:18:43" }, "geometry": { "type": "Point", "coordinates": [ 1062594.876363074639812, 866261.575399999972433 ] } },
{ "type": "Feature", "properties": { "OBJECTID": 12139, "CE": "Traslape propio", "CT": "", "ESTAMPA_CC": "2026-05-25 14:18:43" }, "geometry": { "type": "Point", "coordinates": [ 1062612.192989907925949, 866297.170149999903515 ] } },
{ "type": "Feature", "properties": { "OBJECTID": 12140, "CE": "Traslape propio", "CT": "", "ESTAMPA_CC": "2026-05-25 14:18:43" }, "geometry": { "type": "Point", "coordinates": [ 1062582.190349805168808, 866281.827650000108406 ] } },
{ "type": "Feature", "properties": { "OBJECTID": 12141, "CE": "Traslape propio", "CT": "", "ESTAMPA_CC": "2026-05-25 14:18:43" }, "geometry": { "type": "Point", "coordinates": [ 1062614.46262246160768, 866257.895950000034645 ] } },
{ "type": "Feature", "properties": { "OBJECTID": 12146, "CE": "", "CT": "Zona; Sector", "ESTAMPA_CC": "2026-05-25 14:18:43" }, "geometry": { "type": "Point", "coordinates": [ 1065264.528649418149143, 877652.894349999958649 ] } },
{ "type": "Feature", "properties": { "OBJECTID": 12152, "CE": "", "CT": "Zona", "ESTAMPA_CC": "2026-05-25 14:18:43" }, "geometry": { "type": "Point", "coordinates": [ 1066045.87892555911094, 877218.949449999956414 ] } },
{ "type": "Feature", "properties": { "OBJECTID": 12155, "CE": "", "CT": "Zona", "ESTAMPA_CC": "2026-05-25 14:18:43" }, "geometry": { "type": "Point", "coordinates": [ 1064872.826422227080911, 877497.25289999996312 ] } },
{ "type": "Feature", "properties": { "OBJECTID": 12163, "CE": "Traslape propio", "CT": "", "ESTAMPA_CC": "2026-05-25 14:18:43" }, "geometry": { "type": "Point", "coordinates": [ 1064047.68216526415199, 878398.61144999996759 ] } },
{ "type": "Feature", "properties": { "OBJECTID": 12168, "CE": "", "CT": "Zona; Sector", "ESTAMPA_CC": "2026-05-25 14:18:43" }, "geometry": { "type": "Point", "coordinates": [ 1065362.962574100587517, 870838.0146 ] } },
{ "type": "Feature", "properties": { "OBJECTID": 12171, "CE": "", "CT": "Zona", "ESTAMPA_CC": "2026-05-25 14:18:43" }, "geometry": { "type": "Point", "coordinates": [ 1060490.848083512391895, 873424.880149999982677 ] } },
{ "type": "Feature", "properties": { "OBJECTID": 12172, "CE": "", "CT": "Zona; Sector", "ESTAMPA_CC": "2026-05-25 14:18:43" }, "geometry": { "type": "Point", "coordinates": [ 1062271.803782583214343, 872174.6533 ] } },
{ "type": "Feature", "properties": { "OBJECTID": 12173, "CE": "", "CT": "Zona; Sector", "ESTAMPA_CC": "2026-05-25 14:18:43" }, "geometry": { "type": "Point", "coordinates": [ 1065072.403882064390928, 870139.022 ] } },
{ "type": "Feature", "properties": { "OBJECTID": 12179, "CE": "", "CT": "Zona; Sector", "ESTAMPA_CC": "2026-05-25 14:18:43" }, "geometry": { "type": "Point", "coordinates": [ 1066902.445778229273856, 871397.945949999964796 ] } },
{ "type": "Feature", "properties": { "OBJECTID": 12193, "CE": "", "CT": "Zona", "ESTAMPA_CC": "2026-05-25 14:18:43" }, "geometry": { "type": "Point", "coordinates": [ 1067598.911790537647903, 871871.2927 ] } },
{ "type": "Feature", "properties": { "OBJECTID": 12194, "CE": "", "CT": "Zona", "ESTAMPA_CC": "2026-05-25 14:18:43" }, "geometry": { "type": "Point", "coordinates": [ 1068299.483401424251497, 870159.725749999983236 ] } },
{ "type": "Feature", "properties": { "OBJECTID": 12223, "CE": "Traslape propio", "CT": "", "ESTAMPA_CC": "2026-05-25 14:18:43" }, "geometry": { "type": "Point", "coordinates": [ 1064785.116301480447873, 877072.3519 ] } },
{ "type": "Feature", "properties": { "OBJECTID": 12229, "CE": "", "CT": "Zona; Sector", "ESTAMPA_CC": "2026-05-25 14:18:43" }, "geometry": { "type": "Point", "coordinates": [ 1065739.142105378210545, 878132.238600000040606 ] } },
{ "type": "Feature", "properties": { "OBJECTID": 12237, "CE": "", "CT": "Sector", "ESTAMPA_CC": "2026-05-25 14:18:43" }, "geometry": { "type": "Point", "coordinates": [ 1059899.395175528712571, 872408.9865 ] } },
{ "type": "Feature", "properties": { "OBJECTID": 12238, "CE": "Traslape propio", "CT": "", "ESTAMPA_CC": "2026-05-25 14:18:43" }, "geometry": { "type": "Point", "coordinates": [ 1058195.753983442438766, 870886.053049999987707 ] } },
{ "type": "Feature", "properties": { "OBJECTID": 12242, "CE": "", "CT": "Zona", "ESTAMPA_CC": "2026-05-25 14:18:43" }, "geometry": { "type": "Point", "coordinates": [ 1058007.468140603741631, 869949.355100000044331 ] } },
{ "type": "Feature", "properties": { "OBJECTID": 12244, "CE": "", "CT": "Sector", "ESTAMPA_CC": "2026-05-25 14:18:43" }, "geometry": { "type": "Point", "coordinates": [ 1060408.331562118371949, 870824.493100000079721 ] } },
{ "type": "Feature", "properties": { "OBJECTID": 12257, "CE": "Traslape propio", "CT": "", "ESTAMPA_CC": "2026-05-25 14:18:43" }, "geometry": { "type": "Point", "coordinates": [ 1058024.625388808082789, 864438.2905 ] } },
{ "type": "Feature", "properties": { "OBJECTID": 12259, "CE": "", "CT": "Zona; Sector", "ESTAMPA_CC": "2026-05-25 14:18:43" }, "geometry": { "type": "Point", "coordinates": [ 1064717.114402663428336, 875260.927249999949709 ] } },
{ "type": "Feature", "properties": { "OBJECTID": 12270, "CE": "", "CT": "Zona; Sector", "ESTAMPA_CC": "2026-05-25 14:18:43" }, "geometry": { "type": "Point", "coordinates": [ 1064718.186520113609731, 878451.847100000013597 ] } },
{ "type": "Feature", "properties": { "OBJECTID": 12278, "CE": "", "CT": "Zona", "ESTAMPA_CC": "2026-05-25 14:18:43" }, "geometry": { "type": "Point", "coordinates": [ 1058300.734876816160977, 870687.142 ] } },
{ "type": "Feature", "properties": { "OBJECTID": 12280, "CE": "", "CT": "Zona; Sector", "ESTAMPA_CC": "2026-05-25 14:18:43" }, "geometry": { "type": "Point", "coordinates": [ 1064949.496150948107243, 871342.286349999951199 ] } },
{ "type": "Feature", "properties": { "OBJECTID": 12282, "CE": "", "CT": "Zona; Sector", "ESTAMPA_CC": "2026-05-25 14:18:43" }, "geometry": { "type": "Point", "coordinates": [ 1063799.326891420409083, 872158.620700000086799 ] } },
{ "type": "Feature", "properties": { "OBJECTID": 12284, "CE": "", "CT": "Zona; Sector", "ESTAMPA_CC": "2026-05-25 14:18:43" }, "geometry": { "type": "Point", "coordinates": [ 1066876.952465804992244, 870549.241450000088662 ] } },
{ "type": "Feature", "properties": { "OBJECTID": 12286, "CE": "", "CT": "Departamento; Municipio; Zona; Sector", "ESTAMPA_CC": "2026-05-25 14:18:43" }, "geometry": { "type": "Point", "coordinates": [ 1066050.725844533648342, 870111.899250000016764 ] } },
{ "type": "Feature", "properties": { "OBJECTID": 12287, "CE": "", "CT": "Zona; Sector", "ESTAMPA_CC": "2026-05-25 14:18:43" }, "geometry": { "type": "Point", "coordinates": [ 1065872.461050575831905, 872435.532800000044517 ] } },
{ "type": "Feature", "properties": { "OBJECTID": 12294, "CE": "Traslape propio", "CT": "", "ESTAMPA_CC": "2026-05-25 14:18:43" }, "geometry": { "type": "Point", "coordinates": [ 1058990.108632288407534, 864743.455349999945611 ] } },
{ "type": "Feature", "properties": { "OBJECTID": 12296, "CE": "Traslape propio", "CT": "", "ESTAMPA_CC": "2026-05-25 14:18:43" }, "geometry": { "type": "Point", "coordinates": [ 1061586.970119934529066, 865300.64775 ] } },
{ "type": "Feature", "properties": { "OBJECTID": 12297, "CE": "Traslape propio", "CT": "", "ESTAMPA_CC": "2026-05-25 14:18:43" }, "geometry": { "type": "Point", "coordinates": [ 1061586.987319255713373, 865262.493599999928847 ] } },
{ "type": "Feature", "properties": { "OBJECTID": 12298, "CE": "Traslape propio", "CT": "", "ESTAMPA_CC": "2026-05-25 14:18:43" }, "geometry": { "type": "Point", "coordinates": [ 1061500.387949999887496, 865253.787950000027195 ] } },
{ "type": "Feature", "properties": { "OBJECTID": 12302, "CE": "Traslape propio", "CT": "", "ESTAMPA_CC": "2026-05-25 14:18:43" }, "geometry": { "type": "Point", "coordinates": [ 1059112.30163275776431, 867755.774149999953806 ] } },
{ "type": "Feature", "properties": { "OBJECTID": 12312, "CE": "Traslape propio", "CT": "Zona", "ESTAMPA_CC": "2026-05-25 14:18:43" }, "geometry": { "type": "Point", "coordinates": [ 1060054.392877676524222, 877649.350199999986216 ] } },
{ "type": "Feature", "properties": { "OBJECTID": 12321, "CE": "Traslape propio", "CT": "", "ESTAMPA_CC": "2026-05-25 14:18:43" }, "geometry": { "type": "Point", "coordinates": [ 1057833.487362156622112, 864513.228300000075251 ] } },
{ "type": "Feature", "properties": { "OBJECTID": 12326, "CE": "Traslape propio", "CT": "", "ESTAMPA_CC": "2026-05-25 14:18:43" }, "geometry": { "type": "Point", "coordinates": [ 1064203.334892022889107, 878291.95655 ] } },
{ "type": "Feature", "properties": { "OBJECTID": 12329, "CE": "Traslape propio", "CT": "", "ESTAMPA_CC": "2026-05-25 14:18:43" }, "geometry": { "type": "Point", "coordinates": [ 1064155.188266981160268, 878337.015649999957532 ] } },
{ "type": "Feature", "properties": { "OBJECTID": 12340, "CE": "Traslape propio", "CT": "", "ESTAMPA_CC": "2026-05-25 14:18:43" }, "geometry": { "type": "Point", "coordinates": [ 1058047.084398401435465, 870778.711949999909848 ] } },
{ "type": "Feature", "properties": { "OBJECTID": 12347, "CE": "", "CT": "Sector", "ESTAMPA_CC": "2026-05-25 14:18:43" }, "geometry": { "type": "Point", "coordinates": [ 1063206.397593792993575, 871172.91975 ] } },
{ "type": "Feature", "properties": { "OBJECTID": 12362, "CE": "Traslape propio", "CT": "", "ESTAMPA_CC": "2026-05-25 14:18:43" }, "geometry": { "type": "Point", "coordinates": [ 1060097.571475818287581, 874261.75649999990128 ] } },
{ "type": "Feature", "properties": { "OBJECTID": 12363, "CE": "Duplicado", "CT": "", "ESTAMPA_CC": "2026-05-25 14:18:43" }, "geometry": { "type": "Point", "coordinates": [ 1061037.349796663969755, 875976.366050000069663 ] } },
{ "type": "Feature", "properties": { "OBJECTID": 12364, "CE": "Duplicado", "CT": "", "ESTAMPA_CC": "2026-05-25 14:18:43" }, "geometry": { "type": "Point", "coordinates": [ 1061037.349796663969755, 875976.366050000069663 ] } },
{ "type": "Feature", "properties": { "OBJECTID": 12372, "CE": "", "CT": "Zona", "ESTAMPA_CC": "2026-05-25 14:18:43" }, "geometry": { "type": "Point", "coordinates": [ 1060571.558508203132078, 869567.0379 ] } },
{ "type": "Feature", "properties": { "OBJECTID": 12377, "CE": "", "CT": "Zona", "ESTAMPA_CC": "2026-05-25 14:18:43" }, "geometry": { "type": "Point", "coordinates": [ 1056613.363061260432005, 873729.851199999917299 ] } },
{ "type": "Feature", "properties": { "OBJECTID": 12381, "CE": "", "CT": "Zona; Sector", "ESTAMPA_CC": "2026-05-25 14:18:43" }, "geometry": { "type": "Point", "coordinates": [ 1061498.684427385218441, 872294.385100000072271 ] } },
{ "type": "Feature", "properties": { "OBJECTID": 12407, "CE": "", "CT": "Zona", "ESTAMPA_CC": "2026-05-25 14:18:43" }, "geometry": { "type": "Point", "coordinates": [ 1060423.083712494699284, 872376.46635 ] } },
{ "type": "Feature", "properties": { "OBJECTID": 12408, "CE": "Traslape propio", "CT": "", "ESTAMPA_CC": "2026-05-25 14:18:43" }, "geometry": { "type": "Point", "coordinates": [ 1064204.471371839055791, 878244.875650000059977 ] } },
{ "type": "Feature", "properties": { "OBJECTID": 12409, "CE": "", "CT": "Sector", "ESTAMPA_CC": "2026-05-25 14:18:43" }, "geometry": { "type": "Point", "coordinates": [ 1060257.283621575217694, 870853.114599999971688 ] } },
{ "type": "Feature", "properties": { "OBJECTID": 12413, "CE": "Traslape propio", "CT": "", "ESTAMPA_CC": "2026-05-25 14:18:43" }, "geometry": { "type": "Point", "coordinates": [ 1061135.106431727530435, 867968.409899999969639 ] } },
{ "type": "Feature", "properties": { "OBJECTID": 12416, "CE": "Traslape propio", "CT": "", "ESTAMPA_CC": "2026-05-25 14:18:43" }, "geometry": { "type": "Point", "coordinates": [ 1060351.418072047177702, 867140.670799999963492 ] } },
{ "type": "Feature", "properties": { "OBJECTID": 12417, "CE": "Traslape propio", "CT": "Zona", "ESTAMPA_CC": "2026-05-25 14:18:43" }, "geometry": { "type": "Point", "coordinates": [ 1061244.095092141069472, 863815.493099999963306 ] } },
{ "type": "Feature", "properties": { "OBJECTID": 12418, "CE": "Traslape propio", "CT": "", "ESTAMPA_CC": "2026-05-25 14:18:43" }, "geometry": { "type": "Point", "coordinates": [ 1062147.544860324589536, 865937.057250000070781 ] } },
{ "type": "Feature", "properties": { "OBJECTID": 12421, "CE": "", "CT": "Zona; Sector", "ESTAMPA_CC": "2026-05-25 14:18:43" }, "geometry": { "type": "Point", "coordinates": [ 1063666.671434272546321, 873084.645299999974668 ] } },
{ "type": "Feature", "properties": { "OBJECTID": 12423, "CE": "", "CT": "Sector", "ESTAMPA_CC": "2026-05-25 14:18:43" }, "geometry": { "type": "Point", "coordinates": [ 1059748.348316371440887, 872677.885200000018813 ] } },
{ "type": "Feature", "properties": { "OBJECTID": 12433, "CE": "", "CT": "Zona", "ESTAMPA_CC": "2026-05-25 14:18:43" }, "geometry": { "type": "Point", "coordinates": [ 1061750.297884940868244, 871551.386799999978393 ] } },
{ "type": "Feature", "properties": { "OBJECTID": 12434, "CE": "", "CT": "Zona", "ESTAMPA_CC": "2026-05-25 14:18:43" }, "geometry": { "type": "Point", "coordinates": [ 1061132.360030291602015, 870793.4904 ] } },
{ "type": "Feature", "properties": { "OBJECTID": 12474, "CE": "Traslape propio", "CT": "", "ESTAMPA_CC": "2026-05-25 14:18:43" }, "geometry": { "type": "Point", "coordinates": [ 1058098.139078388456255, 864281.801350000081584 ] } },
{ "type": "Feature", "properties": { "OBJECTID": 12488, "CE": "", "CT": "Zona", "ESTAMPA_CC": "2026-05-25 14:18:43" }, "geometry": { "type": "Point", "coordinates": [ 1066763.442758820252493, 868838.49555 ] } },
{ "type": "Feature", "properties": { "OBJECTID": 12503, "CE": "Traslape propio", "CT": "", "ESTAMPA_CC": "2026-05-25 14:18:43" }, "geometry": { "type": "Point", "coordinates": [ 1060408.509380928240716, 877590.779850000049919 ] } },
{ "type": "Feature", "properties": { "OBJECTID": 12522, "CE": "Duplicado", "CT": "Zona", "ESTAMPA_CC": "2026-05-25 14:18:43" }, "geometry": { "type": "Point", "coordinates": [ 1059380.423459203448147, 873370.398900000029244 ] } },
{ "type": "Feature", "properties": { "OBJECTID": 12528, "CE": "Traslape propio", "CT": "", "ESTAMPA_CC": "2026-05-25 14:18:43" }, "geometry": { "type": "Point", "coordinates": [ 1064647.054209427908063, 874957.930999999982305 ] } },
{ "type": "Feature", "properties": { "OBJECTID": 12529, "CE": "", "CT": "Zona", "ESTAMPA_CC": "2026-05-25 14:18:43" }, "geometry": { "type": "Point", "coordinates": [ 1064319.970846902579069, 876277.172449999954551 ] } },
{ "type": "Feature", "properties": { "OBJECTID": 12533, "CE": "", "CT": "Zona", "ESTAMPA_CC": "2026-05-25 14:18:43" }, "geometry": { "type": "Point", "coordinates": [ 1061242.835129603743553, 870797.290049999952316 ] } },
{ "type": "Feature", "properties": { "OBJECTID": 12538, "CE": "Traslape propio", "CT": "", "ESTAMPA_CC": "2026-05-25 14:18:43" }, "geometry": { "type": "Point", "coordinates": [ 1056270.608633262803778, 873540.130849999957718 ] } },
{ "type": "Feature", "properties": { "OBJECTID": 12558, "CE": "", "CT": "Zona", "ESTAMPA_CC": "2026-05-25 14:18:43" }, "geometry": { "type": "Point", "coordinates": [ 1061337.32495056046173, 863200.739850000012666 ] } },
{ "type": "Feature", "properties": { "OBJECTID": 12565, "CE": "Traslape propio", "CT": "", "ESTAMPA_CC": "2026-05-25 14:18:43" }, "geometry": { "type": "Point", "coordinates": [ 1064544.514476871583611, 877770.640849999967031 ] } },
{ "type": "Feature", "properties": { "OBJECTID": 12570, "CE": "Error de área; Traslape propio", "CT": "", "ESTAMPA_CC": "2026-05-25 14:18:43" }, "geometry": { "type": "Point", "coordinates": [ 1058573.845014762599021, 865198.778500000014901 ] } },
{ "type": "Feature", "properties": { "OBJECTID": 12573, "CE": "Traslape propio", "CT": "", "ESTAMPA_CC": "2026-05-25 14:18:43" }, "geometry": { "type": "Point", "coordinates": [ 1063237.08889008173719, 867617.233149999985471 ] } },
{ "type": "Feature", "properties": { "OBJECTID": 12590, "CE": "", "CT": "Zona; Sector", "ESTAMPA_CC": "2026-05-25 14:18:43" }, "geometry": { "type": "Point", "coordinates": [ 1061254.171136273769662, 868464.566 ] } },
{ "type": "Feature", "properties": { "OBJECTID": 12593, "CE": "Traslape propio", "CT": "", "ESTAMPA_CC": "2026-05-25 14:18:43" }, "geometry": { "type": "Point", "coordinates": [ 1056906.296427180524915, 873255.480899999965914 ] } },
{ "type": "Feature", "properties": { "OBJECTID": 12611, "CE": "", "CT": "Sector", "ESTAMPA_CC": "2026-05-25 14:18:43" }, "geometry": { "type": "Point", "coordinates": [ 1059968.453483694698662, 872393.18874999997206 ] } },
{ "type": "Feature", "properties": { "OBJECTID": 12617, "CE": "", "CT": "Zona; Sector", "ESTAMPA_CC": "2026-05-25 14:18:43" }, "geometry": { "type": "Point", "coordinates": [ 1065935.398773078108206, 877373.22745 ] } },
{ "type": "Feature", "properties": { "OBJECTID": 12621, "CE": "", "CT": "Sector", "ESTAMPA_CC": "2026-05-25 14:18:43" }, "geometry": { "type": "Point", "coordinates": [ 1061247.909740581177175, 873672.615849999943748 ] } },
{ "type": "Feature", "properties": { "OBJECTID": 12625, "CE": "", "CT": "Zona", "ESTAMPA_CC": "2026-05-25 14:18:43" }, "geometry": { "type": "Point", "coordinates": [ 1058245.455239609349519, 866099.83045 ] } },
{ "type": "Feature", "properties": { "OBJECTID": 12627, "CE": "", "CT": "Zona", "ESTAMPA_CC": "2026-05-25 14:18:43" }, "geometry": { "type": "Point", "coordinates": [ 1060597.799141420982778, 868875.550150000024587 ] } },
{ "type": "Feature", "properties": { "OBJECTID": 12628, "CE": "", "CT": "Zona; Sector", "ESTAMPA_CC": "2026-05-25 14:18:43" }, "geometry": { "type": "Point", "coordinates": [ 1059995.78421421861276, 871955.215549999964423 ] } },
{ "type": "Feature", "properties": { "OBJECTID": 12647, "CE": "Traslape propio", "CT": "", "ESTAMPA_CC": "2026-05-25 14:18:43" }, "geometry": { "type": "Point", "coordinates": [ 1057759.456624207086861, 871413.35725 ] } },
{ "type": "Feature", "properties": { "OBJECTID": 12648, "CE": "", "CT": "Zona", "ESTAMPA_CC": "2026-05-25 14:18:43" }, "geometry": { "type": "Point", "coordinates": [ 1060598.881391788832843, 874516.758450000081211 ] } },
{ "type": "Feature", "properties": { "OBJECTID": 12651, "CE": "Traslape propio", "CT": "", "ESTAMPA_CC": "2026-05-25 14:18:43" }, "geometry": { "type": "Point", "coordinates": [ 1060895.861352590145543, 867104.9277 ] } },
{ "type": "Feature", "properties": { "OBJECTID": 12673, "CE": "", "CT": "Zona", "ESTAMPA_CC": "2026-05-25 14:18:43" }, "geometry": { "type": "Point", "coordinates": [ 1061810.314178927801549, 874530.72985 ] } },
{ "type": "Feature", "properties": { "OBJECTID": 12677, "CE": "Traslape propio", "CT": "", "ESTAMPA_CC": "2026-05-25 14:18:43" }, "geometry": { "type": "Point", "coordinates": [ 1063184.641409553121775, 867678.293150000041351 ] } },
{ "type": "Feature", "properties": { "OBJECTID": 12682, "CE": "", "CT": "Zona; Sector", "ESTAMPA_CC": "2026-05-25 14:18:43" }, "geometry": { "type": "Point", "coordinates": [ 1060777.706603941973299, 869445.288500000024214 ] } },
{ "type": "Feature", "properties": { "OBJECTID": 12684, "CE": "", "CT": "Zona; Sector", "ESTAMPA_CC": "2026-05-25 14:18:43" }, "geometry": { "type": "Point", "coordinates": [ 1061348.900333788711578, 868530.866900000022724 ] } },
{ "type": "Feature", "properties": { "OBJECTID": 12689, "CE": "Traslape propio", "CT": "Zona", "ESTAMPA_CC": "2026-05-25 14:18:43" }, "geometry": { "type": "Point", "coordinates": [ 1064202.24932450056076, 870506.660600000061095 ] } },
{ "type": "Feature", "properties": { "OBJECTID": 12692, "CE": "", "CT": "Zona", "ESTAMPA_CC": "2026-05-25 14:18:43" }, "geometry": { "type": "Point", "coordinates": [ 1062743.292111356277019, 869702.19109999993816 ] } },
{ "type": "Feature", "properties": { "OBJECTID": 12696, "CE": "Traslape propio", "CT": "Zona", "ESTAMPA_CC": "2026-05-25 14:18:43" }, "geometry": { "type": "Point", "coordinates": [ 1060584.024748774245381, 877495.8602 ] } },
{ "type": "Feature", "properties": { "OBJECTID": 12712, "CE": "", "CT": "Zona", "ESTAMPA_CC": "2026-05-25 14:18:43" }, "geometry": { "type": "Point", "coordinates": [ 1058100.699540230445564, 864728.834449999965727 ] } },
{ "type": "Feature", "properties": { "OBJECTID": 12716, "CE": "", "CT": "Zona", "ESTAMPA_CC": "2026-05-25 14:18:43" }, "geometry": { "type": "Point", "coordinates": [ 1060551.893116505816579, 873547.99445 ] } },
{ "type": "Feature", "properties": { "OBJECTID": 12719, "CE": "", "CT": "Zona; Sector", "ESTAMPA_CC": "2026-05-25 14:18:43" }, "geometry": { "type": "Point", "coordinates": [ 1065469.990295737516135, 877514.0734 ] } },
{ "type": "Feature", "properties": { "OBJECTID": 12720, "CE": "", "CT": "Zona; Sector", "ESTAMPA_CC": "2026-05-25 14:18:43" }, "geometry": { "type": "Point", "coordinates": [ 1065524.363757821731269, 878250.094249999965541 ] } },
{ "type": "Feature", "properties": { "OBJECTID": 12725, "CE": "", "CT": "Zona", "ESTAMPA_CC": "2026-05-25 14:18:43" }, "geometry": { "type": "Point", "coordinates": [ 1058148.734031645115465, 865036.247200000099838 ] } },
{ "type": "Feature", "properties": { "OBJECTID": 12740, "CE": "", "CT": "Zona", "ESTAMPA_CC": "2026-05-25 14:18:43" }, "geometry": { "type": "Point", "coordinates": [ 1061661.407675109338015, 873431.84664999996312 ] } },
{ "type": "Feature", "properties": { "OBJECTID": 12752, "CE": "", "CT": "Zona; Sector", "ESTAMPA_CC": "2026-05-25 14:18:43" }, "geometry": { "type": "Point", "coordinates": [ 1066402.483198600821197, 875785.043099999893457 ] } },
{ "type": "Feature", "properties": { "OBJECTID": 12760, "CE": "", "CT": "Zona", "ESTAMPA_CC": "2026-05-25 14:18:43" }, "geometry": { "type": "Point", "coordinates": [ 1061325.150272911647335, 870627.84855 ] } },
{ "type": "Feature", "properties": { "OBJECTID": 12761, "CE": "", "CT": "Zona", "ESTAMPA_CC": "2026-05-25 14:18:43" }, "geometry": { "type": "Point", "coordinates": [ 1060463.698349102167413, 873173.039649999933317 ] } },
{ "type": "Feature", "properties": { "OBJECTID": 12765, "CE": "", "CT": "Zona", "ESTAMPA_CC": "2026-05-25 14:18:43" }, "geometry": { "type": "Point", "coordinates": [ 1061701.94209602358751, 870183.529549999977462 ] } },
{ "type": "Feature", "properties": { "OBJECTID": 12766, "CE": "", "CT": "Zona", "ESTAMPA_CC": "2026-05-25 14:18:43" }, "geometry": { "type": "Point", "coordinates": [ 1061631.03067201259546, 870474.462350000045262 ] } },
{ "type": "Feature", "properties": { "OBJECTID": 12767, "CE": "", "CT": "Zona", "ESTAMPA_CC": "2026-05-25 14:18:43" }, "geometry": { "type": "Point", "coordinates": [ 1061663.739274600055069, 871201.481450000079349 ] } },
{ "type": "Feature", "properties": { "OBJECTID": 12783, "CE": "Traslape propio", "CT": "", "ESTAMPA_CC": "2026-05-25 14:18:43" }, "geometry": { "type": "Point", "coordinates": [ 1062639.489703171420842, 866445.930549999931827 ] } },
{ "type": "Feature", "properties": { "OBJECTID": 12786, "CE": "", "CT": "Zona", "ESTAMPA_CC": "2026-05-25 14:18:43" }, "geometry": { "type": "Point", "coordinates": [ 1065150.65486838738434, 871946.29455 ] } },
{ "type": "Feature", "properties": { "OBJECTID": 12788, "CE": "Traslape propio", "CT": "", "ESTAMPA_CC": "2026-05-25 14:18:43" }, "geometry": { "type": "Point", "coordinates": [ 1058891.477106939069927, 866223.851200000033714 ] } },
{ "type": "Feature", "properties": { "OBJECTID": 12793, "CE": "", "CT": "Zona; Sector", "ESTAMPA_CC": "2026-05-25 14:18:43" }, "geometry": { "type": "Point", "coordinates": [ 1066749.898183551151305, 870581.749049999983981 ] } },
{ "type": "Feature", "properties": { "OBJECTID": 12798, "CE": "", "CT": "Zona; Sector", "ESTAMPA_CC": "2026-05-25 14:18:43" }, "geometry": { "type": "Point", "coordinates": [ 1063690.205949375405908, 872597.657800000044517 ] } },
{ "type": "Feature", "properties": { "OBJECTID": 12800, "CE": "", "CT": "Zona", "ESTAMPA_CC": "2026-05-25 14:18:43" }, "geometry": { "type": "Point", "coordinates": [ 1058060.768203562125564, 866230.05935 ] } },
{ "type": "Feature", "properties": { "OBJECTID": 12807, "CE": "", "CT": "Zona", "ESTAMPA_CC": "2026-05-25 14:18:43" }, "geometry": { "type": "Point", "coordinates": [ 1061655.166707736905664, 871119.087049999972805 ] } },
{ "type": "Feature", "properties": { "OBJECTID": 12813, "CE": "Traslape propio", "CT": "Zona", "ESTAMPA_CC": "2026-05-25 14:18:43" }, "geometry": { "type": "Point", "coordinates": [ 1058529.882599032716826, 871970.246900000027381 ] } },
{ "type": "Feature", "properties": { "OBJECTID": 12814, "CE": "", "CT": "Zona; Sector", "ESTAMPA_CC": "2026-05-25 14:18:43" }, "geometry": { "type": "Point", "coordinates": [ 1060644.575384160038084, 869382.285849999985658 ] } },
{ "type": "Feature", "properties": { "OBJECTID": 12823, "CE": "Traslape propio", "CT": "", "ESTAMPA_CC": "2026-05-25 14:18:43" }, "geometry": { "type": "Point", "coordinates": [ 1062192.149792973184958, 866355.560550000052899 ] } },
{ "type": "Feature", "properties": { "OBJECTID": 12824, "CE": "", "CT": "Zona", "ESTAMPA_CC": "2026-05-25 14:18:43" }, "geometry": { "type": "Point", "coordinates": [ 1059251.567537947092205, 873837.803000000072643 ] } },
{ "type": "Feature", "properties": { "OBJECTID": 12825, "CE": "Traslape propio", "CT": "", "ESTAMPA_CC": "2026-05-25 14:18:43" }, "geometry": { "type": "Point", "coordinates": [ 1058185.464224098715931, 873845.32550000003539 ] } },
{ "type": "Feature", "properties": { "OBJECTID": 12829, "CE": "", "CT": "Sector", "ESTAMPA_CC": "2026-05-25 14:18:43" }, "geometry": { "type": "Point", "coordinates": [ 1058388.072355536743999, 865015.504299999913201 ] } },
{ "type": "Feature", "properties": { "OBJECTID": 12831, "CE": "", "CT": "Zona; Sector", "ESTAMPA_CC": "2026-05-25 14:18:43" }, "geometry": { "type": "Point", "coordinates": [ 1063528.886594629380852, 873142.228450000053272 ] } },
{ "type": "Feature", "properties": { "OBJECTID": 12834, "CE": "", "CT": "Zona; Sector", "ESTAMPA_CC": "2026-05-25 14:18:43" }, "geometry": { "type": "Point", "coordinates": [ 1063624.05920893792063, 872602.515850000083447 ] } },
{ "type": "Feature", "properties": { "OBJECTID": 12844, "CE": "Traslape propio", "CT": "", "ESTAMPA_CC": "2026-05-25 14:18:43" }, "geometry": { "type": "Point", "coordinates": [ 1057466.424324283376336, 865441.29825 ] } },
{ "type": "Feature", "properties": { "OBJECTID": 12848, "CE": "", "CT": "Zona; Sector", "ESTAMPA_CC": "2026-05-25 14:18:43" }, "geometry": { "type": "Point", "coordinates": [ 1065297.197821831097826, 870510.124049999983981 ] } },
{ "type": "Feature", "properties": { "OBJECTID": 12882, "CE": "", "CT": "Zona; Sector", "ESTAMPA_CC": "2026-05-25 14:18:43" }, "geometry": { "type": "Point", "coordinates": [ 1065056.137053550919518, 872743.074000000022352 ] } },
{ "type": "Feature", "properties": { "OBJECTID": 12889, "CE": "", "CT": "Sector", "ESTAMPA_CC": "2026-05-25 14:18:43" }, "geometry": { "type": "Point", "coordinates": [ 1058637.59881801251322, 870073.397 ] } },
{ "type": "Feature", "properties": { "OBJECTID": 12890, "CE": "", "CT": "Zona; Sector", "ESTAMPA_CC": "2026-05-25 14:18:43" }, "geometry": { "type": "Point", "coordinates": [ 1065661.794275009073317, 872659.682899999897927 ] } },
{ "type": "Feature", "properties": { "OBJECTID": 12908, "CE": "", "CT": "Zona", "ESTAMPA_CC": "2026-05-25 14:18:43" }, "geometry": { "type": "Point", "coordinates": [ 1065970.850554262287915, 877465.428150000050664 ] } },
{ "type": "Feature", "properties": { "OBJECTID": 12909, "CE": "", "CT": "Zona", "ESTAMPA_CC": "2026-05-25 14:18:43" }, "geometry": { "type": "Point", "coordinates": [ 1068251.93106412421912, 870214.105650000041351 ] } },
{ "type": "Feature", "properties": { "OBJECTID": 12910, "CE": "Traslape propio", "CT": "", "ESTAMPA_CC": "2026-05-25 14:18:43" }, "geometry": { "type": "Point", "coordinates": [ 1061216.775018053594977, 867013.504650000017136 ] } },
{ "type": "Feature", "properties": { "OBJECTID": 12912, "CE": "Traslape propio", "CT": "", "ESTAMPA_CC": "2026-05-25 14:18:43" }, "geometry": { "type": "Point", "coordinates": [ 1057983.788567621726543, 870138.569600000046194 ] } },
{ "type": "Feature", "properties": { "OBJECTID": 12913, "CE": "", "CT": "Zona", "ESTAMPA_CC": "2026-05-25 14:18:43" }, "geometry": { "type": "Point", "coordinates": [ 1058743.679765972308815, 868601.497699999948964 ] } },
{ "type": "Feature", "properties": { "OBJECTID": 12931, "CE": "", "CT": "Zona", "ESTAMPA_CC": "2026-05-25 14:18:43" }, "geometry": { "type": "Point", "coordinates": [ 1060425.431062932126224, 874618.3835 ] } },
{ "type": "Feature", "properties": { "OBJECTID": 12945, "CE": "", "CT": "Zona; Sector", "ESTAMPA_CC": "2026-05-25 14:18:43" }, "geometry": { "type": "Point", "coordinates": [ 1060043.010163229424506, 871913.901850000023842 ] } },
{ "type": "Feature", "properties": { "OBJECTID": 12946, "CE": "Traslape propio", "CT": "", "ESTAMPA_CC": "2026-05-25 14:18:43" }, "geometry": { "type": "Point", "coordinates": [ 1063065.484527671942487, 876613.965450000017881 ] } },
{ "type": "Feature", "properties": { "OBJECTID": 12950, "CE": "", "CT": "Zona", "ESTAMPA_CC": "2026-05-25 14:18:43" }, "geometry": { "type": "Point", "coordinates": [ 1059397.48717766162008, 871516.41365 ] } },
{ "type": "Feature", "properties": { "OBJECTID": 12952, "CE": "", "CT": "Zona", "ESTAMPA_CC": "2026-05-25 14:18:43" }, "geometry": { "type": "Point", "coordinates": [ 1062169.123980927513912, 871411.339549999916926 ] } },
{ "type": "Feature", "properties": { "OBJECTID": 12956, "CE": "", "CT": "Zona; Sector", "ESTAMPA_CC": "2026-05-25 14:18:43" }, "geometry": { "type": "Point", "coordinates": [ 1061825.302476934390143, 872705.532450000056997 ] } },
{ "type": "Feature", "properties": { "OBJECTID": 12960, "CE": "Traslape propio", "CT": "", "ESTAMPA_CC": "2026-05-25 14:18:43" }, "geometry": { "type": "Point", "coordinates": [ 1062523.288656402379274, 866438.968249999918044 ] } },
{ "type": "Feature", "properties": { "OBJECTID": 12965, "CE": "Traslape propio", "CT": "", "ESTAMPA_CC": "2026-05-25 14:18:43" }, "geometry": { "type": "Point", "coordinates": [ 1062577.647585383849218, 866341.102949999971315 ] } },
{ "type": "Feature", "properties": { "OBJECTID": 12975, "CE": "", "CT": "Zona; Sector", "ESTAMPA_CC": "2026-05-25 14:18:43" }, "geometry": { "type": "Point", "coordinates": [ 1060611.536724683828652, 869267.9710999999661 ] } },
{ "type": "Feature", "properties": { "OBJECTID": 12986, "CE": "Traslape propio", "CT": "", "ESTAMPA_CC": "2026-05-25 14:18:43" }, "geometry": { "type": "Point", "coordinates": [ 1057946.204942065989599, 864496.856000000028871 ] } },
{ "type": "Feature", "properties": { "OBJECTID": 13000, "CE": "", "CT": "Zona; Sector", "ESTAMPA_CC": "2026-05-25 14:18:43" }, "geometry": { "type": "Point", "coordinates": [ 1060747.483577740378678, 869350.712199999950826 ] } },
{ "type": "Feature", "properties": { "OBJECTID": 13006, "CE": "Traslape propio", "CT": "Zona", "ESTAMPA_CC": "2026-05-25 14:18:43" }, "geometry": { "type": "Point", "coordinates": [ 1057544.678347090492025, 874149.549950000015087 ] } },
{ "type": "Feature", "properties": { "OBJECTID": 13009, "CE": "", "CT": "Zona", "ESTAMPA_CC": "2026-05-25 14:18:43" }, "geometry": { "type": "Point", "coordinates": [ 1063718.67009168327786, 878083.12685 ] } },
{ "type": "Feature", "properties": { "OBJECTID": 13010, "CE": "", "CT": "Zona", "ESTAMPA_CC": "2026-05-25 14:18:43" }, "geometry": { "type": "Point", "coordinates": [ 1063662.729075523559004, 878193.022600000025705 ] } },
{ "type": "Feature", "properties": { "OBJECTID": 13011, "CE": "", "CT": "Zona", "ESTAMPA_CC": "2026-05-25 14:18:43" }, "geometry": { "type": "Point", "coordinates": [ 1063859.417003925424069, 878196.700392573955469 ] } },
{ "type": "Feature", "properties": { "OBJECTID": 13018, "CE": "Traslape propio", "CT": "", "ESTAMPA_CC": "2026-05-25 14:18:43" }, "geometry": { "type": "Point", "coordinates": [ 1059986.194558090530336, 864685.39629999990575 ] } },
{ "type": "Feature", "properties": { "OBJECTID": 13023, "CE": "", "CT": "Zona; Sector", "ESTAMPA_CC": "2026-05-25 14:18:43" }, "geometry": { "type": "Point", "coordinates": [ 1060527.933589505031705, 869025.209299999987707 ] } },
{ "type": "Feature", "properties": { "OBJECTID": 13027, "CE": "", "CT": "Zona; Sector", "ESTAMPA_CC": "2026-05-25 14:18:43" }, "geometry": { "type": "Point", "coordinates": [ 1066594.911059805424884, 873096.043049999978393 ] } },
{ "type": "Feature", "properties": { "OBJECTID": 13028, "CE": "", "CT": "Zona; Sector", "ESTAMPA_CC": "2026-05-25 14:18:43" }, "geometry": { "type": "Point", "coordinates": [ 1065758.242907090112567, 878049.401150000048801 ] } },
{ "type": "Feature", "properties": { "OBJECTID": 13029, "CE": "", "CT": "Zona; Sector", "ESTAMPA_CC": "2026-05-25 14:18:43" }, "geometry": { "type": "Point", "coordinates": [ 1060849.468873924575746, 869367.6139 ] } },
{ "type": "Feature", "properties": { "OBJECTID": 13036, "CE": "", "CT": "Zona", "ESTAMPA_CC": "2026-05-25 14:18:43" }, "geometry": { "type": "Point", "coordinates": [ 1060946.457010171143338, 876594.051199999987148 ] } },
{ "type": "Feature", "properties": { "OBJECTID": 13040, "CE": "Traslape propio", "CT": "", "ESTAMPA_CC": "2026-05-25 14:18:43" }, "geometry": { "type": "Point", "coordinates": [ 1060013.783746035303921, 866502.847400000086054 ] } },
{ "type": "Feature", "properties": { "OBJECTID": 13074, "CE": "Traslape propio", "CT": "", "ESTAMPA_CC": "2026-05-25 14:18:43" }, "geometry": { "type": "Point", "coordinates": [ 1062671.071890125982463, 866366.161899999948218 ] } },
{ "type": "Feature", "properties": { "OBJECTID": 13107, "CE": "", "CT": "Zona; Sector", "ESTAMPA_CC": "2026-05-25 14:18:43" }, "geometry": { "type": "Point", "coordinates": [ 1060625.006800965871662, 868991.16975 ] } },
{ "type": "Feature", "properties": { "OBJECTID": 13110, "CE": "Traslape propio", "CT": "", "ESTAMPA_CC": "2026-05-25 14:18:43" }, "geometry": { "type": "Point", "coordinates": [ 1062998.071979552973062, 867506.297400000039488 ] } },
{ "type": "Feature", "properties": { "OBJECTID": 13111, "CE": "", "CT": "Zona", "ESTAMPA_CC": "2026-05-25 14:18:43" }, "geometry": { "type": "Point", "coordinates": [ 1062585.764338916167617, 867374.2964 ] } },
{ "type": "Feature", "properties": { "OBJECTID": 13118, "CE": "", "CT": "Zona", "ESTAMPA_CC": "2026-05-25 14:18:43" }, "geometry": { "type": "Point", "coordinates": [ 1063491.116947651840746, 866964.933100000023842 ] } },
{ "type": "Feature", "properties": { "OBJECTID": 13121, "CE": "", "CT": "Zona", "ESTAMPA_CC": "2026-05-25 14:18:43" }, "geometry": { "type": "Point", "coordinates": [ 1063783.631401247810572, 867681.428150000050664 ] } },
{ "type": "Feature", "properties": { "OBJECTID": 13123, "CE": "", "CT": "Zona", "ESTAMPA_CC": "2026-05-25 14:18:43" }, "geometry": { "type": "Point", "coordinates": [ 1063727.170124046970159, 868157.827799999970011 ] } },
{ "type": "Feature", "properties": { "OBJECTID": 13124, "CE": "", "CT": "Zona; Sector", "ESTAMPA_CC": "2026-05-25 14:18:43" }, "geometry": { "type": "Point", "coordinates": [ 1060727.374018064700067, 869302.783700000029057 ] } },
{ "type": "Feature", "properties": { "OBJECTID": 13135, "CE": "", "CT": "Zona", "ESTAMPA_CC": "2026-05-25 14:18:43" }, "geometry": { "type": "Point", "coordinates": [ 1061819.599257990252227, 871578.326299999956973 ] } },
{ "type": "Feature", "properties": { "OBJECTID": 13138, "CE": "", "CT": "Zona", "ESTAMPA_CC": "2026-05-25 14:18:43" }, "geometry": { "type": "Point", "coordinates": [ 1061758.70345336990431, 870677.537599999923259 ] } },
{ "type": "Feature", "properties": { "OBJECTID": 13139, "CE": "Traslape propio", "CT": "Zona", "ESTAMPA_CC": "2026-05-25 14:18:43" }, "geometry": { "type": "Point", "coordinates": [ 1059642.376453071366996, 865513.8776 ] } },
{ "type": "Feature", "properties": { "OBJECTID": 13145, "CE": "", "CT": "Zona", "ESTAMPA_CC": "2026-05-25 14:18:43" }, "geometry": { "type": "Point", "coordinates": [ 1067561.245249427389354, 868374.792200000025332 ] } },
{ "type": "Feature", "properties": { "OBJECTID": 13158, "CE": "", "CT": "Zona", "ESTAMPA_CC": "2026-05-25 14:18:43" }, "geometry": { "type": "Point", "coordinates": [ 1060492.237486614845693, 877378.38535 ] } },
{ "type": "Feature", "properties": { "OBJECTID": 13160, "CE": "", "CT": "Zona", "ESTAMPA_CC": "2026-05-25 14:18:43" }, "geometry": { "type": "Point", "coordinates": [ 1062568.234027817379683, 867350.631749999942258 ] } },
{ "type": "Feature", "properties": { "OBJECTID": 13163, "CE": "", "CT": "Zona", "ESTAMPA_CC": "2026-05-25 14:18:43" }, "geometry": { "type": "Point", "coordinates": [ 1061994.343512374442071, 870157.066600000020117 ] } },
{ "type": "Feature", "properties": { "OBJECTID": 13168, "CE": "", "CT": "Zona", "ESTAMPA_CC": "2026-05-25 14:18:43" }, "geometry": { "type": "Point", "coordinates": [ 1062537.46893701935187, 871000.5956 ] } },
{ "type": "Feature", "properties": { "OBJECTID": 13169, "CE": "", "CT": "Zona", "ESTAMPA_CC": "2026-05-25 14:18:43" }, "geometry": { "type": "Point", "coordinates": [ 1062131.966284377034754, 869635.631449999986216 ] } },
{ "type": "Feature", "properties": { "OBJECTID": 13176, "CE": "", "CT": "Zona; Sector", "ESTAMPA_CC": "2026-05-25 14:18:43" }, "geometry": { "type": "Point", "coordinates": [ 1060419.308951906394213, 870301.827550000045449 ] } },
{ "type": "Feature", "properties": { "OBJECTID": 13185, "CE": "Traslape propio", "CT": "", "ESTAMPA_CC": "2026-05-25 14:18:43" }, "geometry": { "type": "Point", "coordinates": [ 1063317.615986581658944, 877752.92070000001695 ] } },
{ "type": "Feature", "properties": { "OBJECTID": 13188, "CE": "", "CT": "Zona; Sector", "ESTAMPA_CC": "2026-05-25 14:18:43" }, "geometry": { "type": "Point", "coordinates": [ 1062141.938510957174003, 871989.599000000045635 ] } },
{ "type": "Feature", "properties": { "OBJECTID": 13191, "CE": "Traslape propio", "CT": "", "ESTAMPA_CC": "2026-05-25 14:18:43" }, "geometry": { "type": "Point", "coordinates": [ 1060617.937456473708153, 877133.295799999963492 ] } },
{ "type": "Feature", "properties": { "OBJECTID": 13194, "CE": "Traslape propio", "CT": "", "ESTAMPA_CC": "2026-05-25 14:18:43" }, "geometry": { "type": "Point", "coordinates": [ 1058586.129059643484652, 873808.621150000020862 ] } },
{ "type": "Feature", "properties": { "OBJECTID": 13212, "CE": "", "CT": "Zona", "ESTAMPA_CC": "2026-05-25 14:18:43" }, "geometry": { "type": "Point", "coordinates": [ 1063448.396189060993493, 870625.968600000021979 ] } },
{ "type": "Feature", "properties": { "OBJECTID": 13213, "CE": "", "CT": "Zona", "ESTAMPA_CC": "2026-05-25 14:18:43" }, "geometry": { "type": "Point", "coordinates": [ 1063305.436098575592041, 874383.804750000010245 ] } },
{ "type": "Feature", "properties": { "OBJECTID": 13214, "CE": "", "CT": "Zona", "ESTAMPA_CC": "2026-05-25 14:18:43" }, "geometry": { "type": "Point", "coordinates": [ 1062923.124000012874603, 869709.481350000016391 ] } },
{ "type": "Feature", "properties": { "OBJECTID": 13219, "CE": "", "CT": "Zona", "ESTAMPA_CC": "2026-05-25 14:18:43" }, "geometry": { "type": "Point", "coordinates": [ 1058936.199525242904201, 868619.9743 ] } },
{ "type": "Feature", "properties": { "OBJECTID": 13220, "CE": "", "CT": "Zona", "ESTAMPA_CC": "2026-05-25 14:18:43" }, "geometry": { "type": "Point", "coordinates": [ 1059037.133669385919347, 867587.907 ] } },
{ "type": "Feature", "properties": { "OBJECTID": 13227, "CE": "", "CT": "Zona", "ESTAMPA_CC": "2026-05-25 14:18:43" }, "geometry": { "type": "Point", "coordinates": [ 1062553.740358259063214, 874339.272799999918789 ] } },
{ "type": "Feature", "properties": { "OBJECTID": 13228, "CE": "", "CT": "Zona", "ESTAMPA_CC": "2026-05-25 14:18:43" }, "geometry": { "type": "Point", "coordinates": [ 1064915.625898515572771, 877564.697700000018813 ] } },
{ "type": "Feature", "properties": { "OBJECTID": 13231, "CE": "", "CT": "Zona", "ESTAMPA_CC": "2026-05-25 14:18:43" }, "geometry": { "type": "Point", "coordinates": [ 1060822.608961076708511, 869929.423650000011548 ] } },
{ "type": "Feature", "properties": { "OBJECTID": 13246, "CE": "", "CT": "Zona; Sector", "ESTAMPA_CC": "2026-05-25 14:18:43" }, "geometry": { "type": "Point", "coordinates": [ 1061330.27405711542815, 868435.688300000037998 ] } },
{ "type": "Feature", "properties": { "OBJECTID": 13247, "CE": "", "CT": "Zona", "ESTAMPA_CC": "2026-05-25 14:18:43" }, "geometry": { "type": "Point", "coordinates": [ 1059295.06359486002475, 873361.868199999909848 ] } },
{ "type": "Feature", "properties": { "OBJECTID": 13251, "CE": "", "CT": "Zona", "ESTAMPA_CC": "2026-05-25 14:18:43" }, "geometry": { "type": "Point", "coordinates": [ 1064985.587082521058619, 868759.677350000012666 ] } },
{ "type": "Feature", "properties": { "OBJECTID": 13252, "CE": "", "CT": "Zona", "ESTAMPA_CC": "2026-05-25 14:18:43" }, "geometry": { "type": "Point", "coordinates": [ 1063249.283705930225551, 866952.847650000010617 ] } },
{ "type": "Feature", "properties": { "OBJECTID": 13254, "CE": "", "CT": "Zona", "ESTAMPA_CC": "2026-05-25 14:18:43" }, "geometry": { "type": "Point", "coordinates": [ 1063322.6573, 866784.177600000053644 ] } },
{ "type": "Feature", "properties": { "OBJECTID": 13256, "CE": "Traslape propio", "CT": "", "ESTAMPA_CC": "2026-05-25 14:18:43" }, "geometry": { "type": "Point", "coordinates": [ 1059707.371290126349777, 862361.670750000048429 ] } },
{ "type": "Feature", "properties": { "OBJECTID": 13257, "CE": "", "CT": "Zona", "ESTAMPA_CC": "2026-05-25 14:18:43" }, "geometry": { "type": "Point", "coordinates": [ 1063514.821490178350359, 866985.919699999969453 ] } },
{ "type": "Feature", "properties": { "OBJECTID": 13259, "CE": "", "CT": "Zona", "ESTAMPA_CC": "2026-05-25 14:18:43" }, "geometry": { "type": "Point", "coordinates": [ 1063443.825222084997222, 868308.903599999961443 ] } },
{ "type": "Feature", "properties": { "OBJECTID": 13261, "CE": "", "CT": "Zona", "ESTAMPA_CC": "2026-05-25 14:18:43" }, "geometry": { "type": "Point", "coordinates": [ 1058996.098377463407815, 868037.248849999974482 ] } },
{ "type": "Feature", "properties": { "OBJECTID": 13262, "CE": "Traslape propio", "CT": "Zona", "ESTAMPA_CC": "2026-05-25 14:18:43" }, "geometry": { "type": "Point", "coordinates": [ 1058761.610865565482527, 871874.633099999977276 ] } },
{ "type": "Feature", "properties": { "OBJECTID": 13264, "CE": "", "CT": "Zona", "ESTAMPA_CC": "2026-05-25 14:18:43" }, "geometry": { "type": "Point", "coordinates": [ 1059118.52447643596679, 868667.255149999982677 ] } },
{ "type": "Feature", "properties": { "OBJECTID": 13267, "CE": "", "CT": "Zona; Sector", "ESTAMPA_CC": "2026-05-25 14:18:43" }, "geometry": { "type": "Point", "coordinates": [ 1060333.854855038225651, 868850.054199999896809 ] } },
{ "type": "Feature", "properties": { "OBJECTID": 13269, "CE": "", "CT": "Zona; Sector", "ESTAMPA_CC": "2026-05-25 14:18:43" }, "geometry": { "type": "Point", "coordinates": [ 1060612.328486613929272, 868946.866600000066683 ] } },
{ "type": "Feature", "properties": { "OBJECTID": 13273, "CE": "Traslape propio", "CT": "Zona", "ESTAMPA_CC": "2026-05-25 14:18:43" }, "geometry": { "type": "Point", "coordinates": [ 1064960.562596590723842, 873038.257800000021234 ] } },
{ "type": "Feature", "properties": { "OBJECTID": 13274, "CE": "", "CT": "Zona", "ESTAMPA_CC": "2026-05-25 14:18:43" }, "geometry": { "type": "Point", "coordinates": [ 1059457.597907704301178, 869625.108100000070408 ] } },
{ "type": "Feature", "properties": { "OBJECTID": 13275, "CE": "", "CT": "Zona", "ESTAMPA_CC": "2026-05-25 14:18:43" }, "geometry": { "type": "Point", "coordinates": [ 1060575.79109229054302, 873466.78035000001546 ] } },
{ "type": "Feature", "properties": { "OBJECTID": 13278, "CE": "", "CT": "Zona", "ESTAMPA_CC": "2026-05-25 14:18:43" }, "geometry": { "type": "Point", "coordinates": [ 1057231.088800264056772, 869790.022850000066683 ] } },
{ "type": "Feature", "properties": { "OBJECTID": 13281, "CE": "", "CT": "Zona", "ESTAMPA_CC": "2026-05-25 14:18:43" }, "geometry": { "type": "Point", "coordinates": [ 1063329.028903760714456, 874987.461450000060722 ] } },
{ "type": "Feature", "properties": { "OBJECTID": 13297, "CE": "Traslape propio", "CT": "", "ESTAMPA_CC": "2026-05-25 14:18:43" }, "geometry": { "type": "Point", "coordinates": [ 1060534.809632329735905, 877255.811149999964982 ] } },
{ "type": "Feature", "properties": { "OBJECTID": 13304, "CE": "", "CT": "Zona; Sector", "ESTAMPA_CC": "2026-05-25 14:18:43" }, "geometry": { "type": "Point", "coordinates": [ 1061325.072144984966144, 868645.471499999985099 ] } },
{ "type": "Feature", "properties": { "OBJECTID": 13307, "CE": "", "CT": "Zona", "ESTAMPA_CC": "2026-05-25 14:18:43" }, "geometry": { "type": "Point", "coordinates": [ 1057756.315951843280345, 872887.42715 ] } },
{ "type": "Feature", "properties": { "OBJECTID": 13311, "CE": "", "CT": "Zona", "ESTAMPA_CC": "2026-05-25 14:18:43" }, "geometry": { "type": "Point", "coordinates": [ 1058368.914532031398267, 867385.977949999971315 ] } },
{ "type": "Feature", "properties": { "OBJECTID": 13312, "CE": "", "CT": "Zona", "ESTAMPA_CC": "2026-05-25 14:18:43" }, "geometry": { "type": "Point", "coordinates": [ 1057926.386820739135146, 867868.838100000051782 ] } },
{ "type": "Feature", "properties": { "OBJECTID": 13313, "CE": "", "CT": "Zona", "ESTAMPA_CC": "2026-05-25 14:18:43" }, "geometry": { "type": "Point", "coordinates": [ 1058221.732121878536418, 867381.896700000041164 ] } },
{ "type": "Feature", "properties": { "OBJECTID": 13314, "CE": "Traslape propio", "CT": "", "ESTAMPA_CC": "2026-05-25 14:18:43" }, "geometry": { "type": "Point", "coordinates": [ 1059721.99957638210617, 873751.8014 ] } },
{ "type": "Feature", "properties": { "OBJECTID": 13344, "CE": "", "CT": "Zona", "ESTAMPA_CC": "2026-05-25 14:18:43" }, "geometry": { "type": "Point", "coordinates": [ 1062851.342017830582336, 867615.39885 ] } },
{ "type": "Feature", "properties": { "OBJECTID": 13345, "CE": "Traslape propio", "CT": "Zona", "ESTAMPA_CC": "2026-05-25 14:18:43" }, "geometry": { "type": "Point", "coordinates": [ 1063024.964611758710817, 867528.235800000024028 ] } },
{ "type": "Feature", "properties": { "OBJECTID": 13347, "CE": "", "CT": "Zona", "ESTAMPA_CC": "2026-05-25 14:18:43" }, "geometry": { "type": "Point", "coordinates": [ 1062426.65608675009571, 866896.277449999935925 ] } },
{ "type": "Feature", "properties": { "OBJECTID": 13348, "CE": "", "CT": "Zona", "ESTAMPA_CC": "2026-05-25 14:18:43" }, "geometry": { "type": "Point", "coordinates": [ 1066841.780233890283853, 870925.134700000053272 ] } },
{ "type": "Feature", "properties": { "OBJECTID": 13353, "CE": "", "CT": "Zona", "ESTAMPA_CC": "2026-05-25 14:18:43" }, "geometry": { "type": "Point", "coordinates": [ 1065013.614801170537248, 869449.79845 ] } },
{ "type": "Feature", "properties": { "OBJECTID": 13365, "CE": "", "CT": "Zona", "ESTAMPA_CC": "2026-05-25 14:18:43" }, "geometry": { "type": "Point", "coordinates": [ 1061753.713245425373316, 870609.573550000088289 ] } },
{ "type": "Feature", "properties": { "OBJECTID": 13369, "CE": "", "CT": "Zona", "ESTAMPA_CC": "2026-05-25 14:18:43" }, "geometry": { "type": "Point", "coordinates": [ 1058979.511484034592286, 873764.09679999994114 ] } },
{ "type": "Feature", "properties": { "OBJECTID": 13377, "CE": "", "CT": "Zona; Sector", "ESTAMPA_CC": "2026-05-25 14:18:43" }, "geometry": { "type": "Point", "coordinates": [ 1064763.878349710954353, 871366.42325 ] } },
{ "type": "Feature", "properties": { "OBJECTID": 13388, "CE": "", "CT": "Zona", "ESTAMPA_CC": "2026-05-25 14:18:43" }, "geometry": { "type": "Point", "coordinates": [ 1063528.378415680024773, 866981.226999999955297 ] } },
{ "type": "Feature", "properties": { "OBJECTID": 13390, "CE": "", "CT": "Zona", "ESTAMPA_CC": "2026-05-25 14:18:43" }, "geometry": { "type": "Point", "coordinates": [ 1063501.191888834349811, 866974.854700000025332 ] } },
{ "type": "Feature", "properties": { "OBJECTID": 13392, "CE": "", "CT": "Zona", "ESTAMPA_CC": "2026-05-25 14:18:43" }, "geometry": { "type": "Point", "coordinates": [ 1063185.383924131980166, 866654.456049999920651 ] } },
{ "type": "Feature", "properties": { "OBJECTID": 13396, "CE": "", "CT": "Zona", "ESTAMPA_CC": "2026-05-25 14:18:43" }, "geometry": { "type": "Point", "coordinates": [ 1063557.353766260202974, 867027.912849999964237 ] } },
{ "type": "Feature", "properties": { "OBJECTID": 13397, "CE": "Traslape propio", "CT": "Zona", "ESTAMPA_CC": "2026-05-25 14:18:43" }, "geometry": { "type": "Point", "coordinates": [ 1062875.515662016579881, 867264.3199 ] } },
{ "type": "Feature", "properties": { "OBJECTID": 13398, "CE": "", "CT": "Zona", "ESTAMPA_CC": "2026-05-25 14:18:43" }, "geometry": { "type": "Point", "coordinates": [ 1063352.280911057256162, 866709.309050000039861 ] } },
{ "type": "Feature", "properties": { "OBJECTID": 13400, "CE": "", "CT": "Zona", "ESTAMPA_CC": "2026-05-25 14:18:43" }, "geometry": { "type": "Point", "coordinates": [ 1063005.919236016925424, 867873.790449999971315 ] } },
{ "type": "Feature", "properties": { "OBJECTID": 13401, "CE": "", "CT": "Zona", "ESTAMPA_CC": "2026-05-25 14:18:43" }, "geometry": { "type": "Point", "coordinates": [ 1065206.758252073079348, 869042.492349999956787 ] } },
{ "type": "Feature", "properties": { "OBJECTID": 13416, "CE": "", "CT": "Zona", "ESTAMPA_CC": "2026-05-25 14:18:43" }, "geometry": { "type": "Point", "coordinates": [ 1063138.882953208638355, 874961.12465000001248 ] } },
{ "type": "Feature", "properties": { "OBJECTID": 13419, "CE": "", "CT": "Zona", "ESTAMPA_CC": "2026-05-25 14:18:43" }, "geometry": { "type": "Point", "coordinates": [ 1061316.910160579718649, 870771.40495 ] } },
{ "type": "Feature", "properties": { "OBJECTID": 13424, "CE": "", "CT": "Zona; Sector", "ESTAMPA_CC": "2026-05-25 14:18:43" }, "geometry": { "type": "Point", "coordinates": [ 1065579.94282809831202, 874179.804800000041723 ] } },
{ "type": "Feature", "properties": { "OBJECTID": 13435, "CE": "", "CT": "Zona", "ESTAMPA_CC": "2026-05-25 14:18:43" }, "geometry": { "type": "Point", "coordinates": [ 1065755.829312020912766, 873015.946499999961816 ] } },
{ "type": "Feature", "properties": { "OBJECTID": 13437, "CE": "", "CT": "Zona", "ESTAMPA_CC": "2026-05-25 14:18:43" }, "geometry": { "type": "Point", "coordinates": [ 1063523.107616097666323, 866976.5601 ] } },
{ "type": "Feature", "properties": { "OBJECTID": 13438, "CE": "", "CT": "Zona", "ESTAMPA_CC": "2026-05-25 14:18:43" }, "geometry": { "type": "Point", "coordinates": [ 1063522.773266519419849, 866992.959049999946728 ] } },
{ "type": "Feature", "properties": { "OBJECTID": 13439, "CE": "", "CT": "Zona", "ESTAMPA_CC": "2026-05-25 14:18:43" }, "geometry": { "type": "Point", "coordinates": [ 1066117.461261416785419, 871865.185599999967963 ] } },
{ "type": "Feature", "properties": { "OBJECTID": 13440, "CE": "", "CT": "Zona", "ESTAMPA_CC": "2026-05-25 14:18:43" }, "geometry": { "type": "Point", "coordinates": [ 1063458.713111762423068, 867035.674799999920651 ] } },
{ "type": "Feature", "properties": { "OBJECTID": 13441, "CE": "", "CT": "Zona", "ESTAMPA_CC": "2026-05-25 14:18:43" }, "geometry": { "type": "Point", "coordinates": [ 1063260.637800000142306, 866659.214350000023842 ] } },
{ "type": "Feature", "properties": { "OBJECTID": 13443, "CE": "", "CT": "Zona", "ESTAMPA_CC": "2026-05-25 14:18:43" }, "geometry": { "type": "Point", "coordinates": [ 1063718.638200000161305, 867111.167799999937415 ] } },
{ "type": "Feature", "properties": { "OBJECTID": 13445, "CE": "", "CT": "Zona", "ESTAMPA_CC": "2026-05-25 14:18:43" }, "geometry": { "type": "Point", "coordinates": [ 1063929.468328687828034, 867903.106099999975413 ] } },
{ "type": "Feature", "properties": { "OBJECTID": 13446, "CE": "", "CT": "Zona", "ESTAMPA_CC": "2026-05-25 14:18:43" }, "geometry": { "type": "Point", "coordinates": [ 1063570.714628096204251, 867118.60965 ] } },
{ "type": "Feature", "properties": { "OBJECTID": 13448, "CE": "", "CT": "Zona", "ESTAMPA_CC": "2026-05-25 14:18:43" }, "geometry": { "type": "Point", "coordinates": [ 1067101.264899999834597, 870858.276499999919906 ] } },
{ "type": "Feature", "properties": { "OBJECTID": 13458, "CE": "", "CT": "Zona; Sector", "ESTAMPA_CC": "2026-05-25 14:18:43" }, "geometry": { "type": "Point", "coordinates": [ 1060305.868616980267689, 868776.876500000013039 ] } },
{ "type": "Feature", "properties": { "OBJECTID": 13472, "CE": "", "CT": "Sector", "ESTAMPA_CC": "2026-05-25 14:18:43" }, "geometry": { "type": "Point", "coordinates": [ 1060075.032504994887859, 872036.520100000081584 ] } },
{ "type": "Feature", "properties": { "OBJECTID": 13474, "CE": "Traslape propio", "CT": "", "ESTAMPA_CC": "2026-05-25 14:18:43" }, "geometry": { "type": "Point", "coordinates": [ 1064252.84469263907522, 876549.081250000046566 ] } },
{ "type": "Feature", "properties": { "OBJECTID": 13475, "CE": "Traslape propio", "CT": "", "ESTAMPA_CC": "2026-05-25 14:18:43" }, "geometry": { "type": "Point", "coordinates": [ 1058857.768516302807257, 861597.435900000040419 ] } },
{ "type": "Feature", "properties": { "OBJECTID": 13488, "CE": "", "CT": "Zona", "ESTAMPA_CC": "2026-05-25 14:18:43" }, "geometry": { "type": "Point", "coordinates": [ 1060809.558942085830495, 869203.048700000043027 ] } },
{ "type": "Feature", "properties": { "OBJECTID": 13490, "CE": "", "CT": "Zona", "ESTAMPA_CC": "2026-05-25 14:18:43" }, "geometry": { "type": "Point", "coordinates": [ 1064681.53205295605585, 877527.06539999996312 ] } },
{ "type": "Feature", "properties": { "OBJECTID": 13491, "CE": "", "CT": "Zona", "ESTAMPA_CC": "2026-05-25 14:18:43" }, "geometry": { "type": "Point", "coordinates": [ 1067882.539809750625864, 869634.277899999986403 ] } },
{ "type": "Feature", "properties": { "OBJECTID": 13492, "CE": "", "CT": "Zona", "ESTAMPA_CC": "2026-05-25 14:18:43" }, "geometry": { "type": "Point", "coordinates": [ 1065921.898808252532035, 876432.315350000048056 ] } },
{ "type": "Feature", "properties": { "OBJECTID": 13493, "CE": "", "CT": "Zona", "ESTAMPA_CC": "2026-05-25 14:18:43" }, "geometry": { "type": "Point", "coordinates": [ 1067968.600316284690052, 870106.921649999916553 ] } },
{ "type": "Feature", "properties": { "OBJECTID": 13495, "CE": "Traslape propio", "CT": "Zona", "ESTAMPA_CC": "2026-05-25 14:18:43" }, "geometry": { "type": "Point", "coordinates": [ 1067624.454062940552831, 872095.014749999972992 ] } },
{ "type": "Feature", "properties": { "OBJECTID": 13496, "CE": "", "CT": "Zona", "ESTAMPA_CC": "2026-05-25 14:18:43" }, "geometry": { "type": "Point", "coordinates": [ 1068207.459609735757113, 869634.950850000022911 ] } },
{ "type": "Feature", "properties": { "OBJECTID": 13498, "CE": "", "CT": "Zona", "ESTAMPA_CC": "2026-05-25 14:18:43" }, "geometry": { "type": "Point", "coordinates": [ 1067915.972107750363648, 869872.849649999989197 ] } },
{ "type": "Feature", "properties": { "OBJECTID": 13499, "CE": "", "CT": "Zona", "ESTAMPA_CC": "2026-05-25 14:18:43" }, "geometry": { "type": "Point", "coordinates": [ 1066331.96528243413195, 876689.536450000014156 ] } },
{ "type": "Feature", "properties": { "OBJECTID": 13500, "CE": "", "CT": "Zona", "ESTAMPA_CC": "2026-05-25 14:18:43" }, "geometry": { "type": "Point", "coordinates": [ 1068009.435758489184082, 871063.640249999938533 ] } },
{ "type": "Feature", "properties": { "OBJECTID": 13505, "CE": "", "CT": "Zona", "ESTAMPA_CC": "2026-05-25 14:18:43" }, "geometry": { "type": "Point", "coordinates": [ 1057505.609639361733571, 869822.806700000073761 ] } },
{ "type": "Feature", "properties": { "OBJECTID": 13513, "CE": "Traslape propio", "CT": "", "ESTAMPA_CC": "2026-05-25 14:18:43" }, "geometry": { "type": "Point", "coordinates": [ 1063590.908763771876693, 877791.65495 ] } },
{ "type": "Feature", "properties": { "OBJECTID": 13514, "CE": "Traslape propio", "CT": "", "ESTAMPA_CC": "2026-05-25 14:18:43" }, "geometry": { "type": "Point", "coordinates": [ 1067241.372094902209938, 869164.178899999940768 ] } },
{ "type": "Feature", "properties": { "OBJECTID": 13523, "CE": "", "CT": "Zona", "ESTAMPA_CC": "2026-05-25 14:18:43" }, "geometry": { "type": "Point", "coordinates": [ 1060585.426269650924951, 874349.631900000036694 ] } },
{ "type": "Feature", "properties": { "OBJECTID": 13524, "CE": "Traslape propio", "CT": "", "ESTAMPA_CC": "2026-05-25 14:18:43" }, "geometry": { "type": "Point", "coordinates": [ 1063081.583630290813744, 867579.512349999975413 ] } },
{ "type": "Feature", "properties": { "OBJECTID": 13542, "CE": "", "CT": "Zona", "ESTAMPA_CC": "2026-05-25 14:18:43" }, "geometry": { "type": "Point", "coordinates": [ 1064962.951635589357466, 869501.15335000003688 ] } },
{ "type": "Feature", "properties": { "OBJECTID": 13548, "CE": "", "CT": "Zona", "ESTAMPA_CC": "2026-05-25 14:18:43" }, "geometry": { "type": "Point", "coordinates": [ 1067846.103527417872101, 869417.865250000031665 ] } },
{ "type": "Feature", "properties": { "OBJECTID": 13551, "CE": "", "CT": "Zona", "ESTAMPA_CC": "2026-05-25 14:18:43" }, "geometry": { "type": "Point", "coordinates": [ 1057295.176017615944147, 873995.55710000009276 ] } },
{ "type": "Feature", "properties": { "OBJECTID": 13573, "CE": "", "CT": "Zona", "ESTAMPA_CC": "2026-05-25 14:18:43" }, "geometry": { "type": "Point", "coordinates": [ 1062997.464874708093703, 867209.649650000035763 ] } },
{ "type": "Feature", "properties": { "OBJECTID": 13574, "CE": "", "CT": "Zona", "ESTAMPA_CC": "2026-05-25 14:18:43" }, "geometry": { "type": "Point", "coordinates": [ 1064945.276743343099952, 869253.122350000077859 ] } },
{ "type": "Feature", "properties": { "OBJECTID": 13575, "CE": "", "CT": "Zona", "ESTAMPA_CC": "2026-05-25 14:18:43" }, "geometry": { "type": "Point", "coordinates": [ 1063531.059114817064255, 866983.599850000115111 ] } },
{ "type": "Feature", "properties": { "OBJECTID": 13576, "CE": "", "CT": "Zona", "ESTAMPA_CC": "2026-05-25 14:18:43" }, "geometry": { "type": "Point", "coordinates": [ 1066839.370656508486718, 870962.26175000006333 ] } },
{ "type": "Feature", "properties": { "OBJECTID": 13581, "CE": "", "CT": "Zona", "ESTAMPA_CC": "2026-05-25 14:18:43" }, "geometry": { "type": "Point", "coordinates": [ 1061064.168701217975467, 864712.53504999994766 ] } },
{ "type": "Feature", "properties": { "OBJECTID": 13583, "CE": "", "CT": "Zona", "ESTAMPA_CC": "2026-05-25 14:18:43" }, "geometry": { "type": "Point", "coordinates": [ 1063070.391495020594448, 867110.321599999908358 ] } },
{ "type": "Feature", "properties": { "OBJECTID": 13585, "CE": "", "CT": "Zona", "ESTAMPA_CC": "2026-05-25 14:18:43" }, "geometry": { "type": "Point", "coordinates": [ 1063560.035162393003702, 867009.252300000051036 ] } },
{ "type": "Feature", "properties": { "OBJECTID": 13587, "CE": "", "CT": "Zona", "ESTAMPA_CC": "2026-05-25 14:18:43" }, "geometry": { "type": "Point", "coordinates": [ 1063212.158108004834503, 866580.96895 ] } },
{ "type": "Feature", "properties": { "OBJECTID": 13589, "CE": "", "CT": "Zona", "ESTAMPA_CC": "2026-05-25 14:18:43" }, "geometry": { "type": "Point", "coordinates": [ 1063891.329866102430969, 867487.649250000016764 ] } },
{ "type": "Feature", "properties": { "OBJECTID": 13592, "CE": "", "CT": "Zona", "ESTAMPA_CC": "2026-05-25 14:18:43" }, "geometry": { "type": "Point", "coordinates": [ 1063830.792671664385125, 867859.935499999905005 ] } },
{ "type": "Feature", "properties": { "OBJECTID": 13595, "CE": "Traslape propio", "CT": "", "ESTAMPA_CC": "2026-05-25 14:18:43" }, "geometry": { "type": "Point", "coordinates": [ 1061402.725900169461966, 867632.280250000068918 ] } },
{ "type": "Feature", "properties": { "OBJECTID": 13597, "CE": "", "CT": "Zona", "ESTAMPA_CC": "2026-05-25 14:18:43" }, "geometry": { "type": "Point", "coordinates": [ 1063544.191866815090179, 866995.226750000030734 ] } },
{ "type": "Feature", "properties": { "OBJECTID": 13599, "CE": "", "CT": "Zona", "ESTAMPA_CC": "2026-05-25 14:18:43" }, "geometry": { "type": "Point", "coordinates": [ 1063559.533655323088169, 867727.444299999973737 ] } },
{ "type": "Feature", "properties": { "OBJECTID": 13606, "CE": "", "CT": "Zona", "ESTAMPA_CC": "2026-05-25 14:18:43" }, "geometry": { "type": "Point", "coordinates": [ 1057596.089911016868427, 866400.447149999905378 ] } },
{ "type": "Feature", "properties": { "OBJECTID": 13615, "CE": "Traslape propio", "CT": "", "ESTAMPA_CC": "2026-05-25 14:18:43" }, "geometry": { "type": "Point", "coordinates": [ 1060465.639899929054081, 875020.148449999978766 ] } },
{ "type": "Feature", "properties": { "OBJECTID": 13624, "CE": "", "CT": "Zona", "ESTAMPA_CC": "2026-05-25 14:18:43" }, "geometry": { "type": "Point", "coordinates": [ 1062033.018831330817193, 870402.25179999996908 ] } },
{ "type": "Feature", "properties": { "OBJECTID": 13628, "CE": "", "CT": "Zona", "ESTAMPA_CC": "2026-05-25 14:18:43" }, "geometry": { "type": "Point", "coordinates": [ 1062340.017381162149832, 871397.807449999963865 ] } },
{ "type": "Feature", "properties": { "OBJECTID": 13630, "CE": "", "CT": "Zona", "ESTAMPA_CC": "2026-05-25 14:18:43" }, "geometry": { "type": "Point", "coordinates": [ 1062015.375009186100215, 868669.485050000017509 ] } },
{ "type": "Feature", "properties": { "OBJECTID": 13631, "CE": "", "CT": "Zona", "ESTAMPA_CC": "2026-05-25 14:18:43" }, "geometry": { "type": "Point", "coordinates": [ 1062701.79600436729379, 871465.580700000049546 ] } },
{ "type": "Feature", "properties": { "OBJECTID": 13632, "CE": "", "CT": "Zona", "ESTAMPA_CC": "2026-05-25 14:18:43" }, "geometry": { "type": "Point", "coordinates": [ 1063680.984300898388028, 870409.138700000010431 ] } },
{ "type": "Feature", "properties": { "OBJECTID": 13633, "CE": "", "CT": "Zona", "ESTAMPA_CC": "2026-05-25 14:18:43" }, "geometry": { "type": "Point", "coordinates": [ 1061968.092798101948574, 870641.003650000086054 ] } },
{ "type": "Feature", "properties": { "OBJECTID": 13637, "CE": "", "CT": "Zona", "ESTAMPA_CC": "2026-05-25 14:18:43" }, "geometry": { "type": "Point", "coordinates": [ 1063336.158680460648611, 870653.458700000075623 ] } },
{ "type": "Feature", "properties": { "OBJECTID": 13638, "CE": "", "CT": "Zona", "ESTAMPA_CC": "2026-05-25 14:18:43" }, "geometry": { "type": "Point", "coordinates": [ 1063295.423345587681979, 870810.818399999989197 ] } },
{ "type": "Feature", "properties": { "OBJECTID": 13645, "CE": "Traslape propio", "CT": "", "ESTAMPA_CC": "2026-05-25 14:18:43" }, "geometry": { "type": "Point", "coordinates": [ 1062952.221719382330775, 870675.86465 ] } },
{ "type": "Feature", "properties": { "OBJECTID": 13646, "CE": "", "CT": "Zona", "ESTAMPA_CC": "2026-05-25 14:18:43" }, "geometry": { "type": "Point", "coordinates": [ 1062565.574543453287333, 869285.1692 ] } },
{ "type": "Feature", "properties": { "OBJECTID": 13659, "CE": "", "CT": "Zona", "ESTAMPA_CC": "2026-05-25 14:18:43" }, "geometry": { "type": "Point", "coordinates": [ 1061394.636337176663801, 868478.112949999980628 ] } },
{ "type": "Feature", "properties": { "OBJECTID": 13660, "CE": "Traslape propio", "CT": "", "ESTAMPA_CC": "2026-05-25 14:18:43" }, "geometry": { "type": "Point", "coordinates": [ 1063684.53805390978232, 877705.880200000014156 ] } },
{ "type": "Feature", "properties": { "OBJECTID": 13665, "CE": "", "CT": "Zona", "ESTAMPA_CC": "2026-05-25 14:18:43" }, "geometry": { "type": "Point", "coordinates": [ 1061923.895262213889509, 871192.4915 ] } },
{ "type": "Feature", "properties": { "OBJECTID": 13666, "CE": "Traslape propio", "CT": "Zona", "ESTAMPA_CC": "2026-05-25 14:18:43" }, "geometry": { "type": "Point", "coordinates": [ 1067583.395197659730911, 867972.001700000022538 ] } },
{ "type": "Feature", "properties": { "OBJECTID": 13667, "CE": "", "CT": "Zona; Sector", "ESTAMPA_CC": "2026-05-25 14:18:43" }, "geometry": { "type": "Point", "coordinates": [ 1061810.588284977944568, 872763.047999999951571 ] } },
{ "type": "Feature", "properties": { "OBJECTID": 13668, "CE": "Traslape propio", "CT": "Zona", "ESTAMPA_CC": "2026-05-25 14:18:43" }, "geometry": { "type": "Point", "coordinates": [ 1058627.754594055470079, 869425.030650000087917 ] } },
{ "type": "Feature", "properties": { "OBJECTID": 13675, "CE": "", "CT": "Zona", "ESTAMPA_CC": "2026-05-25 14:18:43" }, "geometry": { "type": "Point", "coordinates": [ 1062374.798663137014955, 866848.395449999952689 ] } },
{ "type": "Feature", "properties": { "OBJECTID": 13677, "CE": "", "CT": "Zona", "ESTAMPA_CC": "2026-05-25 14:18:43" }, "geometry": { "type": "Point", "coordinates": [ 1064907.427864418365061, 869190.828299999935552 ] } },
{ "type": "Feature", "properties": { "OBJECTID": 13678, "CE": "", "CT": "Zona", "ESTAMPA_CC": "2026-05-25 14:18:43" }, "geometry": { "type": "Point", "coordinates": [ 1066345.506980244303122, 871267.022600000025705 ] } },
{ "type": "Feature", "properties": { "OBJECTID": 13679, "CE": "", "CT": "Zona", "ESTAMPA_CC": "2026-05-25 14:18:43" }, "geometry": { "type": "Point", "coordinates": [ 1063209.713886976242065, 866671.547400000039488 ] } },
{ "type": "Feature", "properties": { "OBJECTID": 13680, "CE": "", "CT": "Zona; Sector", "ESTAMPA_CC": "2026-05-25 14:18:43" }, "geometry": { "type": "Point", "coordinates": [ 1066396.139550435123965, 876087.731850000098348 ] } },
{ "type": "Feature", "properties": { "OBJECTID": 13681, "CE": "", "CT": "Zona", "ESTAMPA_CC": "2026-05-25 14:18:43" }, "geometry": { "type": "Point", "coordinates": [ 1067871.066385487560183, 868591.712899999925867 ] } },
{ "type": "Feature", "properties": { "OBJECTID": 13685, "CE": "Traslape propio", "CT": "Zona", "ESTAMPA_CC": "2026-05-25 14:18:43" }, "geometry": { "type": "Point", "coordinates": [ 1065925.657953420653939, 875400.683149999938905 ] } },
{ "type": "Feature", "properties": { "OBJECTID": 13686, "CE": "", "CT": "Zona", "ESTAMPA_CC": "2026-05-25 14:18:43" }, "geometry": { "type": "Point", "coordinates": [ 1067712.913060451159254, 871967.362450000015087 ] } },
{ "type": "Feature", "properties": { "OBJECTID": 13688, "CE": "Traslape propio", "CT": "Zona", "ESTAMPA_CC": "2026-05-25 14:18:43" }, "geometry": { "type": "Point", "coordinates": [ 1067260.469986364711076, 868601.076 ] } },
{ "type": "Feature", "properties": { "OBJECTID": 13689, "CE": "", "CT": "Zona; Sector", "ESTAMPA_CC": "2026-05-25 14:18:43" }, "geometry": { "type": "Point", "coordinates": [ 1064984.791304965037853, 877907.14574999990873 ] } },
{ "type": "Feature", "properties": { "OBJECTID": 13694, "CE": "Traslape propio", "CT": "", "ESTAMPA_CC": "2026-05-25 14:18:43" }, "geometry": { "type": "Point", "coordinates": [ 1067137.515643745427951, 871889.48855 ] } },
{ "type": "Feature", "properties": { "OBJECTID": 13697, "CE": "Traslape propio", "CT": "Zona", "ESTAMPA_CC": "2026-05-25 14:18:43" }, "geometry": { "type": "Point", "coordinates": [ 1067435.895371704362333, 868555.455000000074506 ] } },
{ "type": "Feature", "properties": { "OBJECTID": 13701, "CE": "", "CT": "Zona", "ESTAMPA_CC": "2026-05-25 14:18:43" }, "geometry": { "type": "Point", "coordinates": [ 1067477.058359744725749, 868376.91125 ] } },
{ "type": "Feature", "properties": { "OBJECTID": 13702, "CE": "", "CT": "Zona", "ESTAMPA_CC": "2026-05-25 14:18:43" }, "geometry": { "type": "Point", "coordinates": [ 1067942.528129008598626, 871674.484450000105426 ] } },
{ "type": "Feature", "properties": { "OBJECTID": 13707, "CE": "", "CT": "Zona; Sector", "ESTAMPA_CC": "2026-05-25 14:18:43" }, "geometry": { "type": "Point", "coordinates": [ 1061821.31618755729869, 871886.8639 ] } },
{ "type": "Feature", "properties": { "OBJECTID": 13708, "CE": "", "CT": "Zona", "ESTAMPA_CC": "2026-05-25 14:18:43" }, "geometry": { "type": "Point", "coordinates": [ 1060659.82498346362263, 869836.095300000044517 ] } },
{ "type": "Feature", "properties": { "OBJECTID": 13715, "CE": "", "CT": "Zona", "ESTAMPA_CC": "2026-05-25 14:18:43" }, "geometry": { "type": "Point", "coordinates": [ 1060204.456875280244276, 873725.772800000035204 ] } },
{ "type": "Feature", "properties": { "OBJECTID": 13716, "CE": "", "CT": "Zona", "ESTAMPA_CC": "2026-05-25 14:18:43" }, "geometry": { "type": "Point", "coordinates": [ 1063636.412398061715066, 868313.283799999975599 ] } },
{ "type": "Feature", "properties": { "OBJECTID": 13718, "CE": "", "CT": "Zona", "ESTAMPA_CC": "2026-05-25 14:18:43" }, "geometry": { "type": "Point", "coordinates": [ 1062730.976846662349999, 867633.290200000046752 ] } },
{ "type": "Feature", "properties": { "OBJECTID": 13730, "CE": "", "CT": "Zona", "ESTAMPA_CC": "2026-05-25 14:18:43" }, "geometry": { "type": "Point", "coordinates": [ 1063008.661707787774503, 867763.120600000023842 ] } },
{ "type": "Feature", "properties": { "OBJECTID": 13744, "CE": "", "CT": "Zona; Sector", "ESTAMPA_CC": "2026-05-25 14:18:43" }, "geometry": { "type": "Point", "coordinates": [ 1060705.728163337800652, 869234.835549999959767 ] } },
{ "type": "Feature", "properties": { "OBJECTID": 13746, "CE": "", "CT": "Zona", "ESTAMPA_CC": "2026-05-25 14:18:43" }, "geometry": { "type": "Point", "coordinates": [ 1062720.369736996013671, 871640.896350000053644 ] } },
{ "type": "Feature", "properties": { "OBJECTID": 13749, "CE": "", "CT": "Zona", "ESTAMPA_CC": "2026-05-25 14:18:43" }, "geometry": { "type": "Point", "coordinates": [ 1062859.889161987230182, 874373.564599999925122 ] } },
{ "type": "Feature", "properties": { "OBJECTID": 13750, "CE": "Traslape propio", "CT": "", "ESTAMPA_CC": "2026-05-25 14:18:43" }, "geometry": { "type": "Point", "coordinates": [ 1064916.82323514833115, 874932.2783 ] } },
{ "type": "Feature", "properties": { "OBJECTID": 13753, "CE": "", "CT": "Zona; Sector", "ESTAMPA_CC": "2026-05-25 14:18:43" }, "geometry": { "type": "Point", "coordinates": [ 1064863.585076484829187, 878476.775949999922886 ] } },
{ "type": "Feature", "properties": { "OBJECTID": 13762, "CE": "Traslape propio", "CT": "", "ESTAMPA_CC": "2026-05-25 14:18:43" }, "geometry": { "type": "Point", "coordinates": [ 1062668.718704186845571, 874862.380099999951199 ] } },
{ "type": "Feature", "properties": { "OBJECTID": 13767, "CE": "", "CT": "Zona", "ESTAMPA_CC": "2026-05-25 14:18:43" }, "geometry": { "type": "Point", "coordinates": [ 1065412.625254102051258, 869043.453149999957532 ] } },
{ "type": "Feature", "properties": { "OBJECTID": 13768, "CE": "", "CT": "Zona", "ESTAMPA_CC": "2026-05-25 14:18:43" }, "geometry": { "type": "Point", "coordinates": [ 1065371.295489562442526, 869684.450049999984913 ] } },
{ "type": "Feature", "properties": { "OBJECTID": 13769, "CE": "", "CT": "Zona", "ESTAMPA_CC": "2026-05-25 14:18:43" }, "geometry": { "type": "Point", "coordinates": [ 1062810.103818719275296, 867709.159100000048056 ] } },
{ "type": "Feature", "properties": { "OBJECTID": 13774, "CE": "", "CT": "Zona", "ESTAMPA_CC": "2026-05-25 14:18:43" }, "geometry": { "type": "Point", "coordinates": [ 1063541.571214550174773, 866992.906650000018999 ] } },
{ "type": "Feature", "properties": { "OBJECTID": 13775, "CE": "", "CT": "Zona", "ESTAMPA_CC": "2026-05-25 14:18:43" }, "geometry": { "type": "Point", "coordinates": [ 1063416.546384980436414, 868285.278399999951944 ] } },
{ "type": "Feature", "properties": { "OBJECTID": 13794, "CE": "", "CT": "Zona; Sector", "ESTAMPA_CC": "2026-05-25 14:18:43" }, "geometry": { "type": "Point", "coordinates": [ 1061838.872898650355637, 872208.324499999987893 ] } },
{ "type": "Feature", "properties": { "OBJECTID": 13798, "CE": "", "CT": "Sector", "ESTAMPA_CC": "2026-05-25 14:18:43" }, "geometry": { "type": "Point", "coordinates": [ 1057402.571729144779965, 866292.325399999972433 ] } },
{ "type": "Feature", "properties": { "OBJECTID": 13799, "CE": "", "CT": "Zona; Sector", "ESTAMPA_CC": "2026-05-25 14:18:43" }, "geometry": { "type": "Point", "coordinates": [ 1063360.271515988744795, 873088.631049999967217 ] } },
{ "type": "Feature", "properties": { "OBJECTID": 13803, "CE": "Traslape propio", "CT": "", "ESTAMPA_CC": "2026-05-25 14:18:43" }, "geometry": { "type": "Point", "coordinates": [ 1057831.589701385935768, 873796.211799999931827 ] } },
{ "type": "Feature", "properties": { "OBJECTID": 13808, "CE": "", "CT": "Zona", "ESTAMPA_CC": "2026-05-25 14:18:43" }, "geometry": { "type": "Point", "coordinates": [ 1062685.413244154769927, 871719.024849999928847 ] } },
{ "type": "Feature", "properties": { "OBJECTID": 13811, "CE": "", "CT": "Zona", "ESTAMPA_CC": "2026-05-25 14:18:43" }, "geometry": { "type": "Point", "coordinates": [ 1061772.3626879141666, 868687.635 ] } },
{ "type": "Feature", "properties": { "OBJECTID": 13813, "CE": "", "CT": "Zona", "ESTAMPA_CC": "2026-05-25 14:18:43" }, "geometry": { "type": "Point", "coordinates": [ 1061287.087398170493543, 878496.601000000024214 ] } },
{ "type": "Feature", "properties": { "OBJECTID": 13823, "CE": "Traslape propio", "CT": "", "ESTAMPA_CC": "2026-05-25 14:18:43" }, "geometry": { "type": "Point", "coordinates": [ 1060577.394787231925875, 865954.30825 ] } },
{ "type": "Feature", "properties": { "OBJECTID": 13824, "CE": "", "CT": "Zona", "ESTAMPA_CC": "2026-05-25 14:18:43" }, "geometry": { "type": "Point", "coordinates": [ 1057505.342789835063741, 873745.437350000021979 ] } },
{ "type": "Feature", "properties": { "OBJECTID": 13826, "CE": "", "CT": "Zona", "ESTAMPA_CC": "2026-05-25 14:18:43" }, "geometry": { "type": "Point", "coordinates": [ 1057523.628413710277528, 873787.006749999942258 ] } },
{ "type": "Feature", "properties": { "OBJECTID": 13831, "CE": "", "CT": "Zona", "ESTAMPA_CC": "2026-05-25 14:18:43" }, "geometry": { "type": "Point", "coordinates": [ 1060047.941870768088847, 872477.403999999980442 ] } },
{ "type": "Feature", "properties": { "OBJECTID": 13841, "CE": "", "CT": "Zona", "ESTAMPA_CC": "2026-05-25 14:18:43" }, "geometry": { "type": "Point", "coordinates": [ 1063341.490122398361564, 870057.074849999975413 ] } },
{ "type": "Feature", "properties": { "OBJECTID": 13843, "CE": "Traslape propio", "CT": "Zona", "ESTAMPA_CC": "2026-05-25 14:18:43" }, "geometry": { "type": "Point", "coordinates": [ 1060021.431989206466824, 877653.728950000018813 ] } },
{ "type": "Feature", "properties": { "OBJECTID": 13848, "CE": "", "CT": "Zona", "ESTAMPA_CC": "2026-05-25 14:18:43" }, "geometry": { "type": "Point", "coordinates": [ 1061333.600583419203758, 871977.469550000037998 ] } },
{ "type": "Feature", "properties": { "OBJECTID": 13861, "CE": "", "CT": "Zona", "ESTAMPA_CC": "2026-05-25 14:18:43" }, "geometry": { "type": "Point", "coordinates": [ 1063323.919468622654676, 867025.990549999987707 ] } },
{ "type": "Feature", "properties": { "OBJECTID": 13862, "CE": "", "CT": "Zona", "ESTAMPA_CC": "2026-05-25 14:18:43" }, "geometry": { "type": "Point", "coordinates": [ 1062704.911513487342745, 867609.928899999940768 ] } },
{ "type": "Feature", "properties": { "OBJECTID": 13863, "CE": "", "CT": "Zona", "ESTAMPA_CC": "2026-05-25 14:18:43" }, "geometry": { "type": "Point", "coordinates": [ 1064743.331892191199586, 868488.846499999985099 ] } },
{ "type": "Feature", "properties": { "OBJECTID": 13864, "CE": "", "CT": "Zona", "ESTAMPA_CC": "2026-05-25 14:18:43" }, "geometry": { "type": "Point", "coordinates": [ 1063480.29445, 867055.554050000035204 ] } },
{ "type": "Feature", "properties": { "OBJECTID": 13866, "CE": "Traslape propio", "CT": "", "ESTAMPA_CC": "2026-05-25 14:18:43" }, "geometry": { "type": "Point", "coordinates": [ 1067536.76061269082129, 868101.963549999985844 ] } },
{ "type": "Feature", "properties": { "OBJECTID": 13867, "CE": "Traslape propio", "CT": "", "ESTAMPA_CC": "2026-05-25 14:18:43" }, "geometry": { "type": "Point", "coordinates": [ 1067583.067108294460922, 868138.280049999943003 ] } },
{ "type": "Feature", "properties": { "OBJECTID": 13868, "CE": "Traslape propio", "CT": "", "ESTAMPA_CC": "2026-05-25 14:18:43" }, "geometry": { "type": "Point", "coordinates": [ 1067486.892284674802795, 868149.619900000048801 ] } },
{ "type": "Feature", "properties": { "OBJECTID": 13869, "CE": "Traslape propio", "CT": "Zona", "ESTAMPA_CC": "2026-05-25 14:18:43" }, "geometry": { "type": "Point", "coordinates": [ 1067459.535042810253799, 868227.26949999993667 ] } },
{ "type": "Feature", "properties": { "OBJECTID": 13870, "CE": "Traslape propio", "CT": "", "ESTAMPA_CC": "2026-05-25 14:18:43" }, "geometry": { "type": "Point", "coordinates": [ 1067653.054752052295953, 868117.945049999980256 ] } },
{ "type": "Feature", "properties": { "OBJECTID": 13871, "CE": "Traslape propio", "CT": "", "ESTAMPA_CC": "2026-05-25 14:18:43" }, "geometry": { "type": "Point", "coordinates": [ 1067479.220257415436208, 868094.635800000047311 ] } },
{ "type": "Feature", "properties": { "OBJECTID": 13872, "CE": "Traslape propio", "CT": "", "ESTAMPA_CC": "2026-05-25 14:18:43" }, "geometry": { "type": "Point", "coordinates": [ 1067556.909275280311704, 868135.669050000025891 ] } },
{ "type": "Feature", "properties": { "OBJECTID": 13873, "CE": "Traslape propio", "CT": "", "ESTAMPA_CC": "2026-05-25 14:18:43" }, "geometry": { "type": "Point", "coordinates": [ 1067523.812965505290776, 868089.550400000065565 ] } },
{ "type": "Feature", "properties": { "OBJECTID": 13875, "CE": "Traslape propio", "CT": "", "ESTAMPA_CC": "2026-05-25 14:18:43" }, "geometry": { "type": "Point", "coordinates": [ 1067514.908698581159115, 868162.3371 ] } },
{ "type": "Feature", "properties": { "OBJECTID": 13876, "CE": "Traslape propio", "CT": "", "ESTAMPA_CC": "2026-05-25 14:18:43" }, "geometry": { "type": "Point", "coordinates": [ 1067611.479654591996223, 868132.416500000050291 ] } },
{ "type": "Feature", "properties": { "OBJECTID": 13877, "CE": "Traslape propio", "CT": "Zona", "ESTAMPA_CC": "2026-05-25 14:18:43" }, "geometry": { "type": "Point", "coordinates": [ 1067361.2504728930071, 868309.12914999993518 ] } },
{ "type": "Feature", "properties": { "OBJECTID": 13878, "CE": "Traslape propio", "CT": "Zona", "ESTAMPA_CC": "2026-05-25 14:18:43" }, "geometry": { "type": "Point", "coordinates": [ 1067691.031353454105556, 868097.330499999923632 ] } },
{ "type": "Feature", "properties": { "OBJECTID": 13879, "CE": "Traslape propio", "CT": "", "ESTAMPA_CC": "2026-05-25 14:18:43" }, "geometry": { "type": "Point", "coordinates": [ 1067638.458884247811511, 868118.759199999971315 ] } },
{ "type": "Feature", "properties": { "OBJECTID": 13880, "CE": "Traslape propio", "CT": "", "ESTAMPA_CC": "2026-05-25 14:18:43" }, "geometry": { "type": "Point", "coordinates": [ 1067446.1667, 868168.709449999965727 ] } },
{ "type": "Feature", "properties": { "OBJECTID": 13881, "CE": "Traslape propio", "CT": "", "ESTAMPA_CC": "2026-05-25 14:18:43" }, "geometry": { "type": "Point", "coordinates": [ 1067460.273852236568928, 868165.238600000040606 ] } },
{ "type": "Feature", "properties": { "OBJECTID": 13882, "CE": "Traslape propio", "CT": "", "ESTAMPA_CC": "2026-05-25 14:18:43" }, "geometry": { "type": "Point", "coordinates": [ 1063098.650683351326734, 867396.089799999957904 ] } },
{ "type": "Feature", "properties": { "OBJECTID": 13885, "CE": "Traslape propio", "CT": "", "ESTAMPA_CC": "2026-05-25 14:18:43" }, "geometry": { "type": "Point", "coordinates": [ 1058082.346139802830294, 864350.421199999982491 ] } },
{ "type": "Feature", "properties": { "OBJECTID": 13886, "CE": "Traslape propio", "CT": "", "ESTAMPA_CC": "2026-05-25 14:18:43" }, "geometry": { "type": "Point", "coordinates": [ 1058072.274779322789982, 864371.92325 ] } },
{ "type": "Feature", "properties": { "OBJECTID": 13888, "CE": "Traslape propio", "CT": "", "ESTAMPA_CC": "2026-05-25 14:18:43" }, "geometry": { "type": "Point", "coordinates": [ 1060509.150873595383018, 866882.479500000015832 ] } },
{ "type": "Feature", "properties": { "OBJECTID": 13890, "CE": "Traslape propio", "CT": "", "ESTAMPA_CC": "2026-05-25 14:18:43" }, "geometry": { "type": "Point", "coordinates": [ 1056782.269281154731289, 869751.1287 ] } },
{ "type": "Feature", "properties": { "OBJECTID": 13891, "CE": "", "CT": "Zona", "ESTAMPA_CC": "2026-05-25 14:18:43" }, "geometry": { "type": "Point", "coordinates": [ 1058974.522646354977041, 867358.100450000027195 ] } },
{ "type": "Feature", "properties": { "OBJECTID": 13892, "CE": "Traslape propio", "CT": "Zona", "ESTAMPA_CC": "2026-05-25 14:18:43" }, "geometry": { "type": "Point", "coordinates": [ 1067347.846565347630531, 868294.061999999918044 ] } },
{ "type": "Feature", "properties": { "OBJECTID": 13893, "CE": "Traslape propio", "CT": "", "ESTAMPA_CC": "2026-05-25 14:18:43" }, "geometry": { "type": "Point", "coordinates": [ 1067626.26818719599396, 868132.650249999947846 ] } },
{ "type": "Feature", "properties": { "OBJECTID": 13894, "CE": "Traslape propio", "CT": "", "ESTAMPA_CC": "2026-05-25 14:18:43" }, "geometry": { "type": "Point", "coordinates": [ 1067598.461971744662151, 868141.810899999924004 ] } },
{ "type": "Feature", "properties": { "OBJECTID": 13895, "CE": "Traslape propio", "CT": "Zona", "ESTAMPA_CC": "2026-05-25 14:18:43" }, "geometry": { "type": "Point", "coordinates": [ 1067213.913826507981867, 868523.880700000096112 ] } },
{ "type": "Feature", "properties": { "OBJECTID": 13896, "CE": "Traslape propio", "CT": "", "ESTAMPA_CC": "2026-05-25 14:18:43" }, "geometry": { "type": "Point", "coordinates": [ 1067381.896001125918701, 868176.792099999962375 ] } },
{ "type": "Feature", "properties": { "OBJECTID": 13897, "CE": "Traslape propio", "CT": "", "ESTAMPA_CC": "2026-05-25 14:18:43" }, "geometry": { "type": "Point", "coordinates": [ 1067419.174065354745835, 868182.293349999934435 ] } },
{ "type": "Feature", "properties": { "OBJECTID": 13898, "CE": "", "CT": "Zona", "ESTAMPA_CC": "2026-05-25 14:18:43" }, "geometry": { "type": "Point", "coordinates": [ 1057841.150514541426674, 872829.061500000068918 ] } },
{ "type": "Feature", "properties": { "OBJECTID": 13900, "CE": "Traslape propio", "CT": "", "ESTAMPA_CC": "2026-05-25 14:18:43" }, "geometry": { "type": "Point", "coordinates": [ 1067473.16486736247316, 868155.15535000001546 ] } },
{ "type": "Feature", "properties": { "OBJECTID": 13901, "CE": "Traslape propio", "CT": "", "ESTAMPA_CC": "2026-05-25 14:18:43" }, "geometry": { "type": "Point", "coordinates": [ 1067406.289544315543026, 868184.117550000082701 ] } },
{ "type": "Feature", "properties": { "OBJECTID": 13907, "CE": "Traslape propio", "CT": "Zona", "ESTAMPA_CC": "2026-05-25 14:18:43" }, "geometry": { "type": "Point", "coordinates": [ 1059791.365329258609563, 864866.497699999948964 ] } },
{ "type": "Feature", "properties": { "OBJECTID": 13915, "CE": "", "CT": "Zona; Sector", "ESTAMPA_CC": "2026-05-25 14:18:43" }, "geometry": { "type": "Point", "coordinates": [ 1064180.225426455028355, 877625.508249999955297 ] } },
{ "type": "Feature", "properties": { "OBJECTID": 13928, "CE": "", "CT": "Zona; Sector", "ESTAMPA_CC": "2026-05-25 14:18:43" }, "geometry": { "type": "Point", "coordinates": [ 1066844.414057026151568, 871430.177750000031665 ] } },
{ "type": "Feature", "properties": { "OBJECTID": 13931, "CE": "", "CT": "Zona; Sector", "ESTAMPA_CC": "2026-05-25 14:18:43" }, "geometry": { "type": "Point", "coordinates": [ 1066161.451201006770134, 876404.556300000054762 ] } },
{ "type": "Feature", "properties": { "OBJECTID": 13939, "CE": "Traslape propio", "CT": "", "ESTAMPA_CC": "2026-05-25 14:18:43" }, "geometry": { "type": "Point", "coordinates": [ 1067679.384294134564698, 871723.545450000092387 ] } },
{ "type": "Feature", "properties": { "OBJECTID": 13942, "CE": "", "CT": "Sector", "ESTAMPA_CC": "2026-05-25 14:18:43" }, "geometry": { "type": "Point", "coordinates": [ 1059988.501307969912887, 872254.179599999915808 ] } },
{ "type": "Feature", "properties": { "OBJECTID": 13944, "CE": "", "CT": "Zona", "ESTAMPA_CC": "2026-05-25 14:18:43" }, "geometry": { "type": "Point", "coordinates": [ 1068224.721099567599595, 869676.783199999947101 ] } },
{ "type": "Feature", "properties": { "OBJECTID": 13948, "CE": "", "CT": "Zona; Sector", "ESTAMPA_CC": "2026-05-25 14:18:43" }, "geometry": { "type": "Point", "coordinates": [ 1066860.958993573673069, 869912.938199999975041 ] } },
{ "type": "Feature", "properties": { "OBJECTID": 13957, "CE": "", "CT": "Zona; Sector", "ESTAMPA_CC": "2026-05-25 14:18:43" }, "geometry": { "type": "Point", "coordinates": [ 1064448.09757326869294, 877927.262850000057369 ] } },
{ "type": "Feature", "properties": { "OBJECTID": 13960, "CE": "Traslape propio", "CT": "", "ESTAMPA_CC": "2026-05-25 14:18:43" }, "geometry": { "type": "Point", "coordinates": [ 1062611.255045433528721, 866398.076649999944493 ] } },
{ "type": "Feature", "properties": { "OBJECTID": 13965, "CE": "Traslape propio", "CT": "", "ESTAMPA_CC": "2026-05-25 14:18:43" }, "geometry": { "type": "Point", "coordinates": [ 1065874.477080094628036, 870891.052950000041164 ] } },
{ "type": "Feature", "properties": { "OBJECTID": 13973, "CE": "Traslape propio", "CT": "", "ESTAMPA_CC": "2026-05-25 14:18:43" }, "geometry": { "type": "Point", "coordinates": [ 1061363.043816119199619, 867007.870499999960884 ] } },
{ "type": "Feature", "properties": { "OBJECTID": 13976, "CE": "", "CT": "Zona", "ESTAMPA_CC": "2026-05-25 14:18:43" }, "geometry": { "type": "Point", "coordinates": [ 1062250.24276431882754, 874051.032600000035018 ] } },
{ "type": "Feature", "properties": { "OBJECTID": 13979, "CE": "", "CT": "Sector", "ESTAMPA_CC": "2026-05-25 14:18:43" }, "geometry": { "type": "Point", "coordinates": [ 1058793.607138833263889, 870028.884349999949336 ] } },
{ "type": "Feature", "properties": { "OBJECTID": 13983, "CE": "", "CT": "Zona; Sector", "ESTAMPA_CC": "2026-05-25 14:18:43" }, "geometry": { "type": "Point", "coordinates": [ 1064621.755069306120276, 878036.062050000065938 ] } },
{ "type": "Feature", "properties": { "OBJECTID": 13999, "CE": "Traslape propio", "CT": "", "ESTAMPA_CC": "2026-05-25 14:18:43" }, "geometry": { "type": "Point", "coordinates": [ 1064674.023524751886725, 877907.990999999921769 ] } },
{ "type": "Feature", "properties": { "OBJECTID": 14002, "CE": "", "CT": "Zona", "ESTAMPA_CC": "2026-05-25 14:18:43" }, "geometry": { "type": "Point", "coordinates": [ 1061534.315866024233401, 870466.231249999953434 ] } },
{ "type": "Feature", "properties": { "OBJECTID": 14011, "CE": "Traslape propio", "CT": "", "ESTAMPA_CC": "2026-05-25 14:18:43" }, "geometry": { "type": "Point", "coordinates": [ 1067233.734917189925909, 871823.577250000089407 ] } },
{ "type": "Feature", "properties": { "OBJECTID": 14030, "CE": "", "CT": "Zona; Sector", "ESTAMPA_CC": "2026-05-25 14:18:43" }, "geometry": { "type": "Point", "coordinates": [ 1064806.391855747206137, 878397.998450000071898 ] } },
{ "type": "Feature", "properties": { "OBJECTID": 14034, "CE": "Traslape propio", "CT": "", "ESTAMPA_CC": "2026-05-25 14:18:43" }, "geometry": { "type": "Point", "coordinates": [ 1057525.053262644913048, 865238.655799999949522 ] } },
{ "type": "Feature", "properties": { "OBJECTID": 14045, "CE": "", "CT": "Zona; Sector", "ESTAMPA_CC": "2026-05-25 14:18:43" }, "geometry": { "type": "Point", "coordinates": [ 1065123.34373132372275, 875521.676699999952689 ] } },
{ "type": "Feature", "properties": { "OBJECTID": 14055, "CE": "", "CT": "Zona; Sector", "ESTAMPA_CC": "2026-05-25 14:18:43" }, "geometry": { "type": "Point", "coordinates": [ 1061311.141660105669871, 868610.96570000005886 ] } },
{ "type": "Feature", "properties": { "OBJECTID": 14058, "CE": "", "CT": "Zona", "ESTAMPA_CC": "2026-05-25 14:18:43" }, "geometry": { "type": "Point", "coordinates": [ 1063915.562831951770931, 871757.329850000096485 ] } },
{ "type": "Feature", "properties": { "OBJECTID": 14062, "CE": "", "CT": "Sector", "ESTAMPA_CC": "2026-05-25 14:18:43" }, "geometry": { "type": "Point", "coordinates": [ 1059554.010899381013587, 868158.429400000022724 ] } },
{ "type": "Feature", "properties": { "OBJECTID": 14080, "CE": "", "CT": "Zona", "ESTAMPA_CC": "2026-05-25 14:18:43" }, "geometry": { "type": "Point", "coordinates": [ 1065400.847, 869500.131749999942258 ] } },
{ "type": "Feature", "properties": { "OBJECTID": 14085, "CE": "", "CT": "Zona", "ESTAMPA_CC": "2026-05-25 14:18:43" }, "geometry": { "type": "Point", "coordinates": [ 1062418.801744463853538, 872383.377050000010058 ] } },
{ "type": "Feature", "properties": { "OBJECTID": 14087, "CE": "", "CT": "Sector", "ESTAMPA_CC": "2026-05-25 14:18:43" }, "geometry": { "type": "Point", "coordinates": [ 1064147.446329990867525, 870827.991900000022724 ] } },
{ "type": "Feature", "properties": { "OBJECTID": 14090, "CE": "", "CT": "Zona; Sector", "ESTAMPA_CC": "2026-05-25 14:18:43" }, "geometry": { "type": "Point", "coordinates": [ 1066505.630090829450637, 869747.788549999939278 ] } },
{ "type": "Feature", "properties": { "OBJECTID": 14099, "CE": "", "CT": "Zona", "ESTAMPA_CC": "2026-05-25 14:18:43" }, "geometry": { "type": "Point", "coordinates": [ 1066600.56027048593387, 869752.30309999990277 ] } },
{ "type": "Feature", "properties": { "OBJECTID": 14104, "CE": "", "CT": "Zona", "ESTAMPA_CC": "2026-05-25 14:18:43" }, "geometry": { "type": "Point", "coordinates": [ 1059952.181128901895136, 874158.39055000001099 ] } },
{ "type": "Feature", "properties": { "OBJECTID": 14105, "CE": "Traslape propio", "CT": "Zona", "ESTAMPA_CC": "2026-05-25 14:18:43" }, "geometry": { "type": "Point", "coordinates": [ 1059312.729172363411635, 861782.75055 ] } },
{ "type": "Feature", "properties": { "OBJECTID": 14109, "CE": "Traslape propio", "CT": "", "ESTAMPA_CC": "2026-05-25 14:18:43" }, "geometry": { "type": "Point", "coordinates": [ 1060317.48562473570928, 866485.523150000022724 ] } },
{ "type": "Feature", "properties": { "OBJECTID": 14111, "CE": "", "CT": "Zona; Sector", "ESTAMPA_CC": "2026-05-25 14:18:43" }, "geometry": { "type": "Point", "coordinates": [ 1064036.180965872015804, 870052.3883 ] } },
{ "type": "Feature", "properties": { "OBJECTID": 14117, "CE": "", "CT": "Zona; Sector", "ESTAMPA_CC": "2026-05-25 14:18:43" }, "geometry": { "type": "Point", "coordinates": [ 1062281.006879763677716, 872236.878099999972619 ] } },
{ "type": "Feature", "properties": { "OBJECTID": 14135, "CE": "", "CT": "Zona", "ESTAMPA_CC": "2026-05-25 14:18:43" }, "geometry": { "type": "Point", "coordinates": [ 1063546.812756296247244, 866997.546199999982491 ] } },
{ "type": "Feature", "properties": { "OBJECTID": 14138, "CE": "", "CT": "Zona", "ESTAMPA_CC": "2026-05-25 14:18:43" }, "geometry": { "type": "Point", "coordinates": [ 1064892.615820789476857, 876908.800800000084564 ] } },
{ "type": "Feature", "properties": { "OBJECTID": 14139, "CE": "Traslape propio", "CT": "", "ESTAMPA_CC": "2026-05-25 14:18:43" }, "geometry": { "type": "Point", "coordinates": [ 1057781.932175623718649, 865554.740499999956228 ] } },
{ "type": "Feature", "properties": { "OBJECTID": 14143, "CE": "", "CT": "Zona", "ESTAMPA_CC": "2026-05-25 14:18:43" }, "geometry": { "type": "Point", "coordinates": [ 1058210.526881556492299, 864820.064800000051036 ] } },
{ "type": "Feature", "properties": { "OBJECTID": 14144, "CE": "Traslape propio", "CT": "", "ESTAMPA_CC": "2026-05-25 14:18:43" }, "geometry": { "type": "Point", "coordinates": [ 1067135.987499049399048, 872174.19399999990128 ] } },
{ "type": "Feature", "properties": { "OBJECTID": 14148, "CE": "", "CT": "Zona", "ESTAMPA_CC": "2026-05-25 14:18:43" }, "geometry": { "type": "Point", "coordinates": [ 1062390.267576869111508, 869384.10999999998603 ] } },
{ "type": "Feature", "properties": { "OBJECTID": 14151, "CE": "Traslape propio", "CT": "", "ESTAMPA_CC": "2026-05-25 14:18:43" }, "geometry": { "type": "Point", "coordinates": [ 1059499.180686287581921, 865195.334449999965727 ] } },
{ "type": "Feature", "properties": { "OBJECTID": 14156, "CE": "", "CT": "Zona", "ESTAMPA_CC": "2026-05-25 14:18:43" }, "geometry": { "type": "Point", "coordinates": [ 1064718.001214813906699, 868468.070000000065193 ] } },
{ "type": "Feature", "properties": { "OBJECTID": 14158, "CE": "", "CT": "Zona; Sector", "ESTAMPA_CC": "2026-05-25 14:18:43" }, "geometry": { "type": "Point", "coordinates": [ 1063492.066545850597322, 872637.51390000001993 ] } },
{ "type": "Feature", "properties": { "OBJECTID": 14182, "CE": "", "CT": "Zona; Sector", "ESTAMPA_CC": "2026-05-25 14:18:43" }, "geometry": { "type": "Point", "coordinates": [ 1064911.946775435470045, 873499.862100000027567 ] } },
{ "type": "Feature", "properties": { "OBJECTID": 14196, "CE": "Traslape propio", "CT": "", "ESTAMPA_CC": "2026-05-25 14:18:43" }, "geometry": { "type": "Point", "coordinates": [ 1067675.883429964538664, 868115.981550000025891 ] } },
{ "type": "Feature", "properties": { "OBJECTID": 14198, "CE": "", "CT": "Zona", "ESTAMPA_CC": "2026-05-25 14:18:43" }, "geometry": { "type": "Point", "coordinates": [ 1064432.404660750180483, 876458.952349999919534 ] } },
{ "type": "Feature", "properties": { "OBJECTID": 14199, "CE": "", "CT": "Zona", "ESTAMPA_CC": "2026-05-25 14:18:43" }, "geometry": { "type": "Point", "coordinates": [ 1063859.712674391455948, 869982.8811 ] } },
{ "type": "Feature", "properties": { "OBJECTID": 14200, "CE": "Traslape propio", "CT": "Zona", "ESTAMPA_CC": "2026-05-25 14:18:43" }, "geometry": { "type": "Point", "coordinates": [ 1063159.203471899032593, 867652.1705 ] } },
{ "type": "Feature", "properties": { "OBJECTID": 14204, "CE": "", "CT": "Zona; Sector", "ESTAMPA_CC": "2026-05-25 14:18:43" }, "geometry": { "type": "Point", "coordinates": [ 1066148.204487720970064, 870271.39379999996163 ] } },
{ "type": "Feature", "properties": { "OBJECTID": 14212, "CE": "Traslape propio", "CT": "Zona; Sector", "ESTAMPA_CC": "2026-05-25 14:18:43" }, "geometry": { "type": "Point", "coordinates": [ 1065756.291649750433862, 873896.818900000071153 ] } },
{ "type": "Feature", "properties": { "OBJECTID": 14214, "CE": "", "CT": "Zona; Sector", "ESTAMPA_CC": "2026-05-25 14:18:43" }, "geometry": { "type": "Point", "coordinates": [ 1066199.744602343300357, 874376.2929 ] } },
{ "type": "Feature", "properties": { "OBJECTID": 14225, "CE": "", "CT": "Zona; Sector", "ESTAMPA_CC": "2026-05-25 14:18:43" }, "geometry": { "type": "Point", "coordinates": [ 1064897.147189356153831, 873429.256799999973737 ] } },
{ "type": "Feature", "properties": { "OBJECTID": 14226, "CE": "", "CT": "Zona", "ESTAMPA_CC": "2026-05-25 14:18:43" }, "geometry": { "type": "Point", "coordinates": [ 1057611.797631801106036, 873716.037599999923259 ] } },
{ "type": "Feature", "properties": { "OBJECTID": 14233, "CE": "Traslape propio", "CT": "Zona", "ESTAMPA_CC": "2026-05-25 14:18:43" }, "geometry": { "type": "Point", "coordinates": [ 1068158.573839860968292, 870228.99075 ] } },
{ "type": "Feature", "properties": { "OBJECTID": 14238, "CE": "", "CT": "Zona; Sector", "ESTAMPA_CC": "2026-05-25 14:18:43" }, "geometry": { "type": "Point", "coordinates": [ 1066073.603181702783331, 876486.459200000041164 ] } },
{ "type": "Feature", "properties": { "OBJECTID": 14239, "CE": "", "CT": "Zona", "ESTAMPA_CC": "2026-05-25 14:18:43" }, "geometry": { "type": "Point", "coordinates": [ 1064735.140554975485429, 877367.985650000046007 ] } },
{ "type": "Feature", "properties": { "OBJECTID": 14241, "CE": "", "CT": "Zona", "ESTAMPA_CC": "2026-05-25 14:18:43" }, "geometry": { "type": "Point", "coordinates": [ 1065534.167335339821875, 869784.596450000070035 ] } },
{ "type": "Feature", "properties": { "OBJECTID": 14246, "CE": "Traslape propio", "CT": "", "ESTAMPA_CC": "2026-05-25 14:18:43" }, "geometry": { "type": "Point", "coordinates": [ 1057445.007202784530818, 874310.6139 ] } },
{ "type": "Feature", "properties": { "OBJECTID": 14253, "CE": "Traslape propio", "CT": "Zona", "ESTAMPA_CC": "2026-05-25 14:18:43" }, "geometry": { "type": "Point", "coordinates": [ 1055694.167173920664936, 873851.663850000011735 ] } },
{ "type": "Feature", "properties": { "OBJECTID": 14255, "CE": "", "CT": "Sector", "ESTAMPA_CC": "2026-05-25 14:18:43" }, "geometry": { "type": "Point", "coordinates": [ 1058612.381939448881894, 870211.4312 ] } },
{ "type": "Feature", "properties": { "OBJECTID": 14257, "CE": "Traslape propio", "CT": "Zona", "ESTAMPA_CC": "2026-05-25 14:18:43" }, "geometry": { "type": "Point", "coordinates": [ 1055683.981693520676345, 873876.943399999989197 ] } },
{ "type": "Feature", "properties": { "OBJECTID": 14259, "CE": "", "CT": "Zona", "ESTAMPA_CC": "2026-05-25 14:18:43" }, "geometry": { "type": "Point", "coordinates": [ 1055643.483793440740556, 873860.742199999978766 ] } },
{ "type": "Feature", "properties": { "OBJECTID": 14260, "CE": "Traslape propio", "CT": "", "ESTAMPA_CC": "2026-05-25 14:18:43" }, "geometry": { "type": "Point", "coordinates": [ 1060090.867011540103704, 866459.361400000052527 ] } },
{ "type": "Feature", "properties": { "OBJECTID": 14261, "CE": "Traslape propio", "CT": "", "ESTAMPA_CC": "2026-05-25 14:18:43" }, "geometry": { "type": "Point", "coordinates": [ 1060004.565893298014998, 866407.627749999985099 ] } },
{ "type": "Feature", "properties": { "OBJECTID": 14264, "CE": "Traslape propio", "CT": "", "ESTAMPA_CC": "2026-05-25 14:18:43" }, "geometry": { "type": "Point", "coordinates": [ 1067183.890137976501137, 871637.773049999959767 ] } },
{ "type": "Feature", "properties": { "OBJECTID": 14266, "CE": "Traslape propio", "CT": "", "ESTAMPA_CC": "2026-05-25 14:18:43" }, "geometry": { "type": "Point", "coordinates": [ 1060445.62460508546792, 875184.445850000018254 ] } },
{ "type": "Feature", "properties": { "OBJECTID": 14277, "CE": "", "CT": "Zona", "ESTAMPA_CC": "2026-05-25 14:18:43" }, "geometry": { "type": "Point", "coordinates": [ 1062122.001518415519968, 869535.734149999916553 ] } },
{ "type": "Feature", "properties": { "OBJECTID": 14278, "CE": "", "CT": "Zona", "ESTAMPA_CC": "2026-05-25 14:18:43" }, "geometry": { "type": "Point", "coordinates": [ 1063732.878723393660039, 867621.592549999943003 ] } },
{ "type": "Feature", "properties": { "OBJECTID": 14281, "CE": "Traslape propio", "CT": "", "ESTAMPA_CC": "2026-05-25 14:18:43" }, "geometry": { "type": "Point", "coordinates": [ 1062492.080199962947518, 866203.964549999916926 ] } },
{ "type": "Feature", "properties": { "OBJECTID": 14287, "CE": "", "CT": "Zona; Sector", "ESTAMPA_CC": "2026-05-25 14:18:43" }, "geometry": { "type": "Point", "coordinates": [ 1065875.491822282085195, 872516.504750000080094 ] } },
{ "type": "Feature", "properties": { "OBJECTID": 14289, "CE": "Traslape propio", "CT": "", "ESTAMPA_CC": "2026-05-25 14:18:43" }, "geometry": { "type": "Point", "coordinates": [ 1060009.569744356907904, 866426.62425 ] } },
{ "type": "Feature", "properties": { "OBJECTID": 14304, "CE": "", "CT": "Zona", "ESTAMPA_CC": "2026-05-25 14:18:43" }, "geometry": { "type": "Point", "coordinates": [ 1061778.136131117120385, 870933.21025 ] } },
{ "type": "Feature", "properties": { "OBJECTID": 14305, "CE": "", "CT": "Zona", "ESTAMPA_CC": "2026-05-25 14:18:43" }, "geometry": { "type": "Point", "coordinates": [ 1065563.2220176870469, 877846.467050000093877 ] } },
{ "type": "Feature", "properties": { "OBJECTID": 14308, "CE": "Traslape propio", "CT": "", "ESTAMPA_CC": "2026-05-25 14:18:43" }, "geometry": { "type": "Point", "coordinates": [ 1064403.237837001914158, 870223.816799999913201 ] } },
{ "type": "Feature", "properties": { "OBJECTID": 14312, "CE": "", "CT": "Sector", "ESTAMPA_CC": "2026-05-25 14:18:43" }, "geometry": { "type": "Point", "coordinates": [ 1060398.531824641628191, 870765.098849999951199 ] } },
{ "type": "Feature", "properties": { "OBJECTID": 14313, "CE": "", "CT": "Zona; Sector", "ESTAMPA_CC": "2026-05-25 14:18:43" }, "geometry": { "type": "Point", "coordinates": [ 1065440.503757729195058, 872467.609599999967031 ] } },
{ "type": "Feature", "properties": { "OBJECTID": 14323, "CE": "", "CT": "Zona; Sector", "ESTAMPA_CC": "2026-05-25 14:18:43" }, "geometry": { "type": "Point", "coordinates": [ 1064820.070467006647959, 878859.98320000001695 ] } },
{ "type": "Feature", "properties": { "OBJECTID": 14326, "CE": "", "CT": "Zona", "ESTAMPA_CC": "2026-05-25 14:18:43" }, "geometry": { "type": "Point", "coordinates": [ 1064375.492598832817748, 868328.178850000025705 ] } },
{ "type": "Feature", "properties": { "OBJECTID": 14340, "CE": "", "CT": "Sector", "ESTAMPA_CC": "2026-05-25 14:18:43" }, "geometry": { "type": "Point", "coordinates": [ 1058570.640543056186289, 870094.031500000040978 ] } },
{ "type": "Feature", "properties": { "OBJECTID": 14352, "CE": "", "CT": "Sector", "ESTAMPA_CC": "2026-05-25 14:18:43" }, "geometry": { "type": "Point", "coordinates": [ 1060235.277927426854149, 873006.3419 ] } },
{ "type": "Feature", "properties": { "OBJECTID": 14355, "CE": "", "CT": "Zona", "ESTAMPA_CC": "2026-05-25 14:18:43" }, "geometry": { "type": "Point", "coordinates": [ 1061880.20743273710832, 870739.36199999996461 ] } },
{ "type": "Feature", "properties": { "OBJECTID": 14358, "CE": "Traslape propio", "CT": "", "ESTAMPA_CC": "2026-05-25 14:18:43" }, "geometry": { "type": "Point", "coordinates": [ 1060646.635695760371163, 877514.51769999996759 ] } },
{ "type": "Feature", "properties": { "OBJECTID": 14359, "CE": "Traslape propio", "CT": "Zona", "ESTAMPA_CC": "2026-05-25 14:18:43" }, "geometry": { "type": "Point", "coordinates": [ 1060698.695103406440467, 877448.622899999958463 ] } },
{ "type": "Feature", "properties": { "OBJECTID": 14364, "CE": "", "CT": "Zona; Sector", "ESTAMPA_CC": "2026-05-25 14:18:43" }, "geometry": { "type": "Point", "coordinates": [ 1061921.243547129211947, 873100.561599999899045 ] } },
{ "type": "Feature", "properties": { "OBJECTID": 14368, "CE": "", "CT": "Zona; Sector", "ESTAMPA_CC": "2026-05-25 14:18:43" }, "geometry": { "type": "Point", "coordinates": [ 1060077.371372730936855, 871877.836950000026263 ] } },
{ "type": "Feature", "properties": { "OBJECTID": 14374, "CE": "", "CT": "Zona", "ESTAMPA_CC": "2026-05-25 14:18:43" }, "geometry": { "type": "Point", "coordinates": [ 1063541.177328375866637, 867009.2526 ] } },
{ "type": "Feature", "properties": { "OBJECTID": 14385, "CE": "", "CT": "Zona", "ESTAMPA_CC": "2026-05-25 14:18:43" }, "geometry": { "type": "Point", "coordinates": [ 1063632.747425221605226, 867544.404349999967963 ] } },
{ "type": "Feature", "properties": { "OBJECTID": 14395, "CE": "", "CT": "Zona", "ESTAMPA_CC": "2026-05-25 14:18:43" }, "geometry": { "type": "Point", "coordinates": [ 1065919.234075893182307, 875513.741350000025705 ] } },
{ "type": "Feature", "properties": { "OBJECTID": 14397, "CE": "", "CT": "Zona; Sector", "ESTAMPA_CC": "2026-05-25 14:18:43" }, "geometry": { "type": "Point", "coordinates": [ 1064739.227662914432585, 869816.098149999976158 ] } },
{ "type": "Feature", "properties": { "OBJECTID": 14403, "CE": "", "CT": "Zona", "ESTAMPA_CC": "2026-05-25 14:18:43" }, "geometry": { "type": "Point", "coordinates": [ 1058173.512912321370095, 864464.3911 ] } },
{ "type": "Feature", "properties": { "OBJECTID": 14404, "CE": "", "CT": "Zona", "ESTAMPA_CC": "2026-05-25 14:18:43" }, "geometry": { "type": "Point", "coordinates": [ 1061230.777725897962227, 871576.870600000023842 ] } },
{ "type": "Feature", "properties": { "OBJECTID": 14405, "CE": "", "CT": "Zona; Sector", "ESTAMPA_CC": "2026-05-25 14:18:43" }, "geometry": { "type": "Point", "coordinates": [ 1064590.593999850330874, 872251.259850000031292 ] } },
{ "type": "Feature", "properties": { "OBJECTID": 14406, "CE": "", "CT": "Zona", "ESTAMPA_CC": "2026-05-25 14:18:43" }, "geometry": { "type": "Point", "coordinates": [ 1058120.123010215349495, 864422.605849999934435 ] } },
{ "type": "Feature", "properties": { "OBJECTID": 14408, "CE": "Traslape propio", "CT": "", "ESTAMPA_CC": "2026-05-25 14:18:43" }, "geometry": { "type": "Point", "coordinates": [ 1057000.610688378568739, 869701.609750000061467 ] } },
{ "type": "Feature", "properties": { "OBJECTID": 14412, "CE": "", "CT": "Zona", "ESTAMPA_CC": "2026-05-25 14:18:43" }, "geometry": { "type": "Point", "coordinates": [ 1058768.906262104865164, 861398.728499999968335 ] } },
{ "type": "Feature", "properties": { "OBJECTID": 14421, "CE": "", "CT": "Zona; Sector", "ESTAMPA_CC": "2026-05-25 14:18:43" }, "geometry": { "type": "Point", "coordinates": [ 1064942.448614165186882, 875295.582249999977648 ] } },
{ "type": "Feature", "properties": { "OBJECTID": 14428, "CE": "Traslape propio", "CT": "Sector", "ESTAMPA_CC": "2026-05-25 14:18:43" }, "geometry": { "type": "Point", "coordinates": [ 1058305.75901655619964, 865113.496150000020862 ] } },
{ "type": "Feature", "properties": { "OBJECTID": 14436, "CE": "Traslape propio", "CT": "", "ESTAMPA_CC": "2026-05-25 14:18:43" }, "geometry": { "type": "Point", "coordinates": [ 1062063.201025110203773, 877036.081400000024587 ] } },
{ "type": "Feature", "properties": { "OBJECTID": 14440, "CE": "", "CT": "Zona; Sector", "ESTAMPA_CC": "2026-05-25 14:18:43" }, "geometry": { "type": "Point", "coordinates": [ 1065018.404549808474258, 878459.989950000075623 ] } },
{ "type": "Feature", "properties": { "OBJECTID": 14441, "CE": "", "CT": "Zona", "ESTAMPA_CC": "2026-05-25 14:18:43" }, "geometry": { "type": "Point", "coordinates": [ 1068093.962703345343471, 870287.51734999998007 ] } },
{ "type": "Feature", "properties": { "OBJECTID": 14445, "CE": "Traslape propio", "CT": "", "ESTAMPA_CC": "2026-05-25 14:18:43" }, "geometry": { "type": "Point", "coordinates": [ 1064842.540441695833579, 877606.046499999938533 ] } },
{ "type": "Feature", "properties": { "OBJECTID": 14448, "CE": "", "CT": "Zona; Sector", "ESTAMPA_CC": "2026-05-25 14:18:43" }, "geometry": { "type": "Point", "coordinates": [ 1065684.696208694484085, 873190.475199999986216 ] } },
{ "type": "Feature", "properties": { "OBJECTID": 14453, "CE": "", "CT": "Zona; Sector", "ESTAMPA_CC": "2026-05-25 14:18:43" }, "geometry": { "type": "Point", "coordinates": [ 1065566.187956911046058, 872965.277699999976903 ] } },
{ "type": "Feature", "properties": { "OBJECTID": 14458, "CE": "Traslape propio", "CT": "Zona", "ESTAMPA_CC": "2026-05-25 14:18:43" }, "geometry": { "type": "Point", "coordinates": [ 1058134.909590194001794, 864551.88745000003837 ] } },
{ "type": "Feature", "properties": { "OBJECTID": 14463, "CE": "Traslape propio", "CT": "", "ESTAMPA_CC": "2026-05-25 14:18:43" }, "geometry": { "type": "Point", "coordinates": [ 1057918.64091812632978, 864365.066800000029616 ] } },
{ "type": "Feature", "properties": { "OBJECTID": 14478, "CE": "Traslape propio", "CT": "", "ESTAMPA_CC": "2026-05-25 14:18:43" }, "geometry": { "type": "Point", "coordinates": [ 1067835.127496960107237, 871903.80085 ] } },
{ "type": "Feature", "properties": { "OBJECTID": 14484, "CE": "", "CT": "Zona; Sector", "ESTAMPA_CC": "2026-05-25 14:18:43" }, "geometry": { "type": "Point", "coordinates": [ 1065957.852774586062878, 873207.681050000013784 ] } },
{ "type": "Feature", "properties": { "OBJECTID": 14488, "CE": "", "CT": "Zona; Sector", "ESTAMPA_CC": "2026-05-25 14:18:43" }, "geometry": { "type": "Point", "coordinates": [ 1066626.984203890431672, 874038.88710000005085 ] } },
{ "type": "Feature", "properties": { "OBJECTID": 14489, "CE": "", "CT": "Zona; Sector", "ESTAMPA_CC": "2026-05-25 14:18:43" }, "geometry": { "type": "Point", "coordinates": [ 1066455.220573328435421, 869642.784699999960139 ] } },
{ "type": "Feature", "properties": { "OBJECTID": 14490, "CE": "", "CT": "Zona; Sector", "ESTAMPA_CC": "2026-05-25 14:18:43" }, "geometry": { "type": "Point", "coordinates": [ 1063389.15848607942462, 872716.0688 ] } },
{ "type": "Feature", "properties": { "OBJECTID": 14501, "CE": "Traslape propio", "CT": "", "ESTAMPA_CC": "2026-05-25 14:18:43" }, "geometry": { "type": "Point", "coordinates": [ 1058119.855882788542658, 872899.695899999933317 ] } },
{ "type": "Feature", "properties": { "OBJECTID": 14504, "CE": "", "CT": "Zona; Sector", "ESTAMPA_CC": "2026-05-25 14:18:43" }, "geometry": { "type": "Point", "coordinates": [ 1064864.906476605683565, 872408.964200000045821 ] } },
{ "type": "Feature", "properties": { "OBJECTID": 14506, "CE": "Traslape propio", "CT": "", "ESTAMPA_CC": "2026-05-25 14:18:43" }, "geometry": { "type": "Point", "coordinates": [ 1065785.608510770369321, 873849.084750000038184 ] } },
{ "type": "Feature", "properties": { "OBJECTID": 14508, "CE": "", "CT": "Zona; Sector", "ESTAMPA_CC": "2026-05-25 14:18:43" }, "geometry": { "type": "Point", "coordinates": [ 1065309.214515975210816, 877424.825650000013411 ] } },
{ "type": "Feature", "properties": { "OBJECTID": 14509, "CE": "Traslape propio", "CT": "Zona", "ESTAMPA_CC": "2026-05-25 14:18:43" }, "geometry": { "type": "Point", "coordinates": [ 1058093.506439463235438, 864324.7709 ] } },
{ "type": "Feature", "properties": { "OBJECTID": 14510, "CE": "Traslape propio", "CT": "", "ESTAMPA_CC": "2026-05-25 14:18:43" }, "geometry": { "type": "Point", "coordinates": [ 1058457.403858305886388, 864478.519099999917671 ] } },
{ "type": "Feature", "properties": { "OBJECTID": 14514, "CE": "Traslape propio", "CT": "Zona", "ESTAMPA_CC": "2026-05-25 14:18:43" }, "geometry": { "type": "Point", "coordinates": [ 1057798.058980139903724, 864391.907099999953061 ] } },
{ "type": "Feature", "properties": { "OBJECTID": 14515, "CE": "", "CT": "Zona", "ESTAMPA_CC": "2026-05-25 14:18:43" }, "geometry": { "type": "Point", "coordinates": [ 1058100.155912992544472, 864214.450299999909475 ] } },
{ "type": "Feature", "properties": { "OBJECTID": 14520, "CE": "Traslape propio", "CT": "", "ESTAMPA_CC": "2026-05-25 14:18:43" }, "geometry": { "type": "Point", "coordinates": [ 1062588.708824130007997, 874879.51905 ] } },
{ "type": "Feature", "properties": { "OBJECTID": 14527, "CE": "", "CT": "Sector", "ESTAMPA_CC": "2026-05-25 14:18:43" }, "geometry": { "type": "Point", "coordinates": [ 1059943.346071074251086, 871367.461000000010245 ] } },
{ "type": "Feature", "properties": { "OBJECTID": 14529, "CE": "Traslape propio", "CT": "Zona; Sector", "ESTAMPA_CC": "2026-05-25 14:18:43" }, "geometry": { "type": "Point", "coordinates": [ 1064768.81655908934772, 877534.6873 ] } },
{ "type": "Feature", "properties": { "OBJECTID": 14530, "CE": "", "CT": "Zona", "ESTAMPA_CC": "2026-05-25 14:18:43" }, "geometry": { "type": "Point", "coordinates": [ 1068027.312695009168237, 871639.482150000054389 ] } },
{ "type": "Feature", "properties": { "OBJECTID": 14531, "CE": "Traslape propio", "CT": "Zona", "ESTAMPA_CC": "2026-05-25 14:18:43" }, "geometry": { "type": "Point", "coordinates": [ 1067461.968712826957926, 868495.78605 ] } },
{ "type": "Feature", "properties": { "OBJECTID": 14532, "CE": "", "CT": "Zona", "ESTAMPA_CC": "2026-05-25 14:18:43" }, "geometry": { "type": "Point", "coordinates": [ 1068125.658580481307581, 869663.565500000026077 ] } },
{ "type": "Feature", "properties": { "OBJECTID": 14533, "CE": "Traslape propio", "CT": "Zona", "ESTAMPA_CC": "2026-05-25 14:18:43" }, "geometry": { "type": "Point", "coordinates": [ 1067385.828983902931213, 868551.169 ] } },
{ "type": "Feature", "properties": { "OBJECTID": 14536, "CE": "Traslape propio", "CT": "Zona", "ESTAMPA_CC": "2026-05-25 14:18:43" }, "geometry": { "type": "Point", "coordinates": [ 1064814.480404661037028, 877644.0159 ] } },
{ "type": "Feature", "properties": { "OBJECTID": 14537, "CE": "Traslape propio", "CT": "", "ESTAMPA_CC": "2026-05-25 14:18:43" }, "geometry": { "type": "Point", "coordinates": [ 1067593.775820081587881, 871763.137249999912456 ] } },
{ "type": "Feature", "properties": { "OBJECTID": 14538, "CE": "Traslape propio", "CT": "Zona", "ESTAMPA_CC": "2026-05-25 14:18:43" }, "geometry": { "type": "Point", "coordinates": [ 1067474.735821208916605, 868257.131749999942258 ] } },
{ "type": "Feature", "properties": { "OBJECTID": 14539, "CE": "", "CT": "Zona", "ESTAMPA_CC": "2026-05-25 14:18:43" }, "geometry": { "type": "Point", "coordinates": [ 1066876.705474003218114, 870893.000250000040978 ] } },
{ "type": "Feature", "properties": { "OBJECTID": 14540, "CE": "", "CT": "Zona", "ESTAMPA_CC": "2026-05-25 14:18:43" }, "geometry": { "type": "Point", "coordinates": [ 1066046.11034050071612, 869441.228600000031292 ] } },
{ "type": "Feature", "properties": { "OBJECTID": 14542, "CE": "", "CT": "Zona", "ESTAMPA_CC": "2026-05-25 14:18:43" }, "geometry": { "type": "Point", "coordinates": [ 1063788.268505283165723, 867495.661550000077114 ] } },
{ "type": "Feature", "properties": { "OBJECTID": 14544, "CE": "", "CT": "Zona", "ESTAMPA_CC": "2026-05-25 14:18:43" }, "geometry": { "type": "Point", "coordinates": [ 1065360.940622989786789, 868998.179400000022724 ] } },
{ "type": "Feature", "properties": { "OBJECTID": 14545, "CE": "", "CT": "Zona", "ESTAMPA_CC": "2026-05-25 14:18:43" }, "geometry": { "type": "Point", "coordinates": [ 1065070.245910309022292, 869622.27015 ] } },
{ "type": "Feature", "properties": { "OBJECTID": 14549, "CE": "", "CT": "Zona", "ESTAMPA_CC": "2026-05-25 14:18:43" }, "geometry": { "type": "Point", "coordinates": [ 1063506.849114726530388, 868239.181050000013784 ] } },
{ "type": "Feature", "properties": { "OBJECTID": 14550, "CE": "", "CT": "Zona", "ESTAMPA_CC": "2026-05-25 14:18:43" }, "geometry": { "type": "Point", "coordinates": [ 1063186.860247822245583, 868075.129399999976158 ] } },
{ "type": "Feature", "properties": { "OBJECTID": 14551, "CE": "", "CT": "Zona", "ESTAMPA_CC": "2026-05-25 14:18:43" }, "geometry": { "type": "Point", "coordinates": [ 1063342.071622368413955, 868466.666100000031292 ] } },
{ "type": "Feature", "properties": { "OBJECTID": 14552, "CE": "", "CT": "Zona", "ESTAMPA_CC": "2026-05-25 14:18:43" }, "geometry": { "type": "Point", "coordinates": [ 1059231.569782004924491, 872811.835749999969266 ] } },
{ "type": "Feature", "properties": { "OBJECTID": 14553, "CE": "", "CT": "Zona", "ESTAMPA_CC": "2026-05-25 14:18:43" }, "geometry": { "type": "Point", "coordinates": [ 1064584.287445822264999, 878754.15125 ] } },
{ "type": "Feature", "properties": { "OBJECTID": 14554, "CE": "", "CT": "Zona", "ESTAMPA_CC": "2026-05-25 14:18:43" }, "geometry": { "type": "Point", "coordinates": [ 1060606.512397017795593, 877329.185999999986961 ] } },
{ "type": "Feature", "properties": { "OBJECTID": 14556, "CE": "", "CT": "Zona", "ESTAMPA_CC": "2026-05-25 14:18:43" }, "geometry": { "type": "Point", "coordinates": [ 1061495.638900000136346, 870353.805449999985285 ] } },
{ "type": "Feature", "properties": { "OBJECTID": 14557, "CE": "", "CT": "Zona", "ESTAMPA_CC": "2026-05-25 14:18:43" }, "geometry": { "type": "Point", "coordinates": [ 1065005.282995986286551, 869570.588500000070781 ] } },
{ "type": "Feature", "properties": { "OBJECTID": 14560, "CE": "", "CT": "Sector", "ESTAMPA_CC": "2026-05-25 14:18:43" }, "geometry": { "type": "Point", "coordinates": [ 1061466.365392552223057, 874416.29715 ] } },
{ "type": "Feature", "properties": { "OBJECTID": 14562, "CE": "", "CT": "Zona", "ESTAMPA_CC": "2026-05-25 14:18:43" }, "geometry": { "type": "Point", "coordinates": [ 1063562.261580787133425, 870664.27129999990575 ] } },
{ "type": "Feature", "properties": { "OBJECTID": 14563, "CE": "", "CT": "Zona", "ESTAMPA_CC": "2026-05-25 14:18:43" }, "geometry": { "type": "Point", "coordinates": [ 1062415.67083485936746, 869651.8528 ] } },
{ "type": "Feature", "properties": { "OBJECTID": 14564, "CE": "", "CT": "Zona", "ESTAMPA_CC": "2026-05-25 14:18:43" }, "geometry": { "type": "Point", "coordinates": [ 1063035.056295570451766, 870015.608849999960512 ] } },
{ "type": "Feature", "properties": { "OBJECTID": 14565, "CE": "", "CT": "Zona", "ESTAMPA_CC": "2026-05-25 14:18:43" }, "geometry": { "type": "Point", "coordinates": [ 1062371.238992686849087, 870322.608449999941513 ] } },
{ "type": "Feature", "properties": { "OBJECTID": 14566, "CE": "", "CT": "Zona", "ESTAMPA_CC": "2026-05-25 14:18:43" }, "geometry": { "type": "Point", "coordinates": [ 1063257.679565555881709, 870642.820700000040233 ] } },
{ "type": "Feature", "properties": { "OBJECTID": 14569, "CE": "", "CT": "Zona", "ESTAMPA_CC": "2026-05-25 14:18:43" }, "geometry": { "type": "Point", "coordinates": [ 1062187.095718812197447, 868869.01500000001397 ] } },
{ "type": "Feature", "properties": { "OBJECTID": 14570, "CE": "", "CT": "Zona", "ESTAMPA_CC": "2026-05-25 14:18:43" }, "geometry": { "type": "Point", "coordinates": [ 1064049.667412854731083, 868205.024650000035763 ] } },
{ "type": "Feature", "properties": { "OBJECTID": 14571, "CE": "", "CT": "Zona", "ESTAMPA_CC": "2026-05-25 14:18:43" }, "geometry": { "type": "Point", "coordinates": [ 1064124.72116731852293, 868354.849799999967217 ] } },
{ "type": "Feature", "properties": { "OBJECTID": 14574, "CE": "", "CT": "Zona", "ESTAMPA_CC": "2026-05-25 14:18:43" }, "geometry": { "type": "Point", "coordinates": [ 1064978.225258741527796, 868803.422100000083447 ] } },
{ "type": "Feature", "properties": { "OBJECTID": 14577, "CE": "", "CT": "Zona", "ESTAMPA_CC": "2026-05-25 14:18:43" }, "geometry": { "type": "Point", "coordinates": [ 1063520.487015239428729, 866974.2402 ] } },
{ "type": "Feature", "properties": { "OBJECTID": 14581, "CE": "", "CT": "Zona", "ESTAMPA_CC": "2026-05-25 14:18:43" }, "geometry": { "type": "Point", "coordinates": [ 1063525.423950000200421, 866995.305799999972805 ] } },
{ "type": "Feature", "properties": { "OBJECTID": 14584, "CE": "", "CT": "Zona", "ESTAMPA_CC": "2026-05-25 14:18:43" }, "geometry": { "type": "Point", "coordinates": [ 1062425.970195717643946, 871575.753900000010617 ] } },
{ "type": "Feature", "properties": { "OBJECTID": 14587, "CE": "", "CT": "Zona", "ESTAMPA_CC": "2026-05-25 14:18:43" }, "geometry": { "type": "Point", "coordinates": [ 1063733.848227268550545, 868203.848 ] } },
{ "type": "Feature", "properties": { "OBJECTID": 14589, "CE": "", "CT": "Zona", "ESTAMPA_CC": "2026-05-25 14:18:43" }, "geometry": { "type": "Point", "coordinates": [ 1063470.86376297287643, 868332.429499999969266 ] } },
{ "type": "Feature", "properties": { "OBJECTID": 14592, "CE": "Traslape propio", "CT": "", "ESTAMPA_CC": "2026-05-25 14:18:43" }, "geometry": { "type": "Point", "coordinates": [ 1062766.150396818295121, 867163.0514 ] } },
{ "type": "Feature", "properties": { "OBJECTID": 14594, "CE": "", "CT": "Zona", "ESTAMPA_CC": "2026-05-25 14:18:43" }, "geometry": { "type": "Point", "coordinates": [ 1065298.709717937279493, 869303.013449999969453 ] } },
{ "type": "Feature", "properties": { "OBJECTID": 14596, "CE": "", "CT": "Zona", "ESTAMPA_CC": "2026-05-25 14:18:43" }, "geometry": { "type": "Point", "coordinates": [ 1063485.878536995034665, 866954.2859499999322 ] } },
{ "type": "Feature", "properties": { "OBJECTID": 14597, "CE": "", "CT": "Zona", "ESTAMPA_CC": "2026-05-25 14:18:43" }, "geometry": { "type": "Point", "coordinates": [ 1065309.633538393769413, 869442.991350000025705 ] } },
{ "type": "Feature", "properties": { "OBJECTID": 14598, "CE": "", "CT": "Zona", "ESTAMPA_CC": "2026-05-25 14:18:43" }, "geometry": { "type": "Point", "coordinates": [ 1063435.017246348783374, 867013.269550000084564 ] } },
{ "type": "Feature", "properties": { "OBJECTID": 14599, "CE": "Traslape propio", "CT": "", "ESTAMPA_CC": "2026-05-25 14:18:43" }, "geometry": { "type": "Point", "coordinates": [ 1062791.04303017933853, 867188.574400000041351 ] } },
{ "type": "Feature", "properties": { "OBJECTID": 14600, "CE": "", "CT": "Zona", "ESTAMPA_CC": "2026-05-25 14:18:43" }, "geometry": { "type": "Point", "coordinates": [ 1064963.736928327940404, 869556.32895 ] } },
{ "type": "Feature", "properties": { "OBJECTID": 14601, "CE": "", "CT": "Zona", "ESTAMPA_CC": "2026-05-25 14:18:43" }, "geometry": { "type": "Point", "coordinates": [ 1063742.642546183662489, 868035.28605 ] } },
{ "type": "Feature", "properties": { "OBJECTID": 14603, "CE": "", "CT": "Zona", "ESTAMPA_CC": "2026-05-25 14:18:43" }, "geometry": { "type": "Point", "coordinates": [ 1065093.848936100490391, 868938.160249999957159 ] } },
{ "type": "Feature", "properties": { "OBJECTID": 14607, "CE": "", "CT": "Zona", "ESTAMPA_CC": "2026-05-25 14:18:43" }, "geometry": { "type": "Point", "coordinates": [ 1064882.43643508781679, 869217.738000000012107 ] } },
{ "type": "Feature", "properties": { "OBJECTID": 14608, "CE": "", "CT": "Zona", "ESTAMPA_CC": "2026-05-25 14:18:43" }, "geometry": { "type": "Point", "coordinates": [ 1063578.830359781160951, 867705.486550000030547 ] } },
{ "type": "Feature", "properties": { "OBJECTID": 14611, "CE": "Traslape propio", "CT": "", "ESTAMPA_CC": "2026-05-25 14:18:43" }, "geometry": { "type": "Point", "coordinates": [ 1067156.677509368862957, 871982.484399999957532 ] } },
{ "type": "Feature", "properties": { "OBJECTID": 14615, "CE": "Traslape propio", "CT": "", "ESTAMPA_CC": "2026-05-25 14:18:43" }, "geometry": { "type": "Point", "coordinates": [ 1058053.47019482171163, 864546.037200000020675 ] } },
{ "type": "Feature", "properties": { "OBJECTID": 14616, "CE": "", "CT": "Zona", "ESTAMPA_CC": "2026-05-25 14:18:43" }, "geometry": { "type": "Point", "coordinates": [ 1062402.545830690767616, 870583.647899999981746 ] } },
{ "type": "Feature", "properties": { "OBJECTID": 14619, "CE": "", "CT": "Zona", "ESTAMPA_CC": "2026-05-25 14:18:43" }, "geometry": { "type": "Point", "coordinates": [ 1067704.456791439093649, 869869.020250000059605 ] } },
{ "type": "Feature", "properties": { "OBJECTID": 14620, "CE": "", "CT": "Zona", "ESTAMPA_CC": "2026-05-25 14:18:43" }, "geometry": { "type": "Point", "coordinates": [ 1068020.474716695956886, 869445.126050000078976 ] } },
{ "type": "Feature", "properties": { "OBJECTID": 14621, "CE": "Traslape propio", "CT": "Zona", "ESTAMPA_CC": "2026-05-25 14:18:43" }, "geometry": { "type": "Point", "coordinates": [ 1067569.535480318358168, 868258.772899999981746 ] } },
{ "type": "Feature", "properties": { "OBJECTID": 14622, "CE": "", "CT": "Zona", "ESTAMPA_CC": "2026-05-25 14:18:43" }, "geometry": { "type": "Point", "coordinates": [ 1066724.108550505712628, 868551.399749999982305 ] } },
{ "type": "Feature", "properties": { "OBJECTID": 14624, "CE": "", "CT": "Zona", "ESTAMPA_CC": "2026-05-25 14:18:43" }, "geometry": { "type": "Point", "coordinates": [ 1062899.883558679372072, 869809.090399999986403 ] } },
{ "type": "Feature", "properties": { "OBJECTID": 14626, "CE": "", "CT": "Zona", "ESTAMPA_CC": "2026-05-25 14:18:43" }, "geometry": { "type": "Point", "coordinates": [ 1062336.186067319009453, 869928.045949999941513 ] } },
{ "type": "Feature", "properties": { "OBJECTID": 14627, "CE": "", "CT": "Zona", "ESTAMPA_CC": "2026-05-25 14:18:43" }, "geometry": { "type": "Point", "coordinates": [ 1063668.092713045654818, 867561.617399999988265 ] } },
{ "type": "Feature", "properties": { "OBJECTID": 14633, "CE": "", "CT": "Zona", "ESTAMPA_CC": "2026-05-25 14:18:43" }, "geometry": { "type": "Point", "coordinates": [ 1058552.851502744248137, 870776.756599999964237 ] } },
{ "type": "Feature", "properties": { "OBJECTID": 14636, "CE": "", "CT": "Zona", "ESTAMPA_CC": "2026-05-25 14:18:43" }, "geometry": { "type": "Point", "coordinates": [ 1063662.696140456479043, 867967.5638 ] } },
{ "type": "Feature", "properties": { "OBJECTID": 14637, "CE": "Traslape propio", "CT": "", "ESTAMPA_CC": "2026-05-25 14:18:43" }, "geometry": { "type": "Point", "coordinates": [ 1062798.496926263906062, 866735.478499999968335 ] } },
{ "type": "Feature", "properties": { "OBJECTID": 14639, "CE": "", "CT": "Zona; Sector", "ESTAMPA_CC": "2026-05-25 14:18:43" }, "geometry": { "type": "Point", "coordinates": [ 1065950.276737484615296, 870566.3188 ] } },
{ "type": "Feature", "properties": { "OBJECTID": 14641, "CE": "", "CT": "Zona", "ESTAMPA_CC": "2026-05-25 14:18:43" }, "geometry": { "type": "Point", "coordinates": [ 1063229.469011910259724, 866974.692950000055134 ] } },
{ "type": "Feature", "properties": { "OBJECTID": 14642, "CE": "", "CT": "Zona", "ESTAMPA_CC": "2026-05-25 14:18:43" }, "geometry": { "type": "Point", "coordinates": [ 1063275.556562549201772, 866926.732550000073388 ] } },
{ "type": "Feature", "properties": { "OBJECTID": 14644, "CE": "Traslape propio", "CT": "Zona", "ESTAMPA_CC": "2026-05-25 14:18:43" }, "geometry": { "type": "Point", "coordinates": [ 1062732.567960201995447, 867143.460650000022724 ] } },
{ "type": "Feature", "properties": { "OBJECTID": 14645, "CE": "", "CT": "Zona", "ESTAMPA_CC": "2026-05-25 14:18:43" }, "geometry": { "type": "Point", "coordinates": [ 1063502.023089581402019, 866957.893649999983609 ] } },
{ "type": "Feature", "properties": { "OBJECTID": 14646, "CE": "", "CT": "Zona", "ESTAMPA_CC": "2026-05-25 14:18:43" }, "geometry": { "type": "Point", "coordinates": [ 1062633.750135209411383, 867417.247199999983422 ] } },
{ "type": "Feature", "properties": { "OBJECTID": 14648, "CE": "", "CT": "Zona", "ESTAMPA_CC": "2026-05-25 14:18:43" }, "geometry": { "type": "Point", "coordinates": [ 1064947.374654090963304, 869179.42565 ] } },
{ "type": "Feature", "properties": { "OBJECTID": 14650, "CE": "Traslape propio", "CT": "", "ESTAMPA_CC": "2026-05-25 14:18:43" }, "geometry": { "type": "Point", "coordinates": [ 1063052.195495553314686, 867552.872350000077859 ] } },
{ "type": "Feature", "properties": { "OBJECTID": 14653, "CE": "", "CT": "Zona", "ESTAMPA_CC": "2026-05-25 14:18:43" }, "geometry": { "type": "Point", "coordinates": [ 1064832.43542984733358, 869118.0721 ] } },
{ "type": "Feature", "properties": { "OBJECTID": 14654, "CE": "", "CT": "Zona", "ESTAMPA_CC": "2026-05-25 14:18:43" }, "geometry": { "type": "Point", "coordinates": [ 1063555.432302802801132, 867019.732199999969453 ] } },
{ "type": "Feature", "properties": { "OBJECTID": 14662, "CE": "", "CT": "Zona", "ESTAMPA_CC": "2026-05-25 14:18:43" }, "geometry": { "type": "Point", "coordinates": [ 1065328.704221287043765, 869540.97054999996908 ] } },
{ "type": "Feature", "properties": { "OBJECTID": 14664, "CE": "", "CT": "Zona", "ESTAMPA_CC": "2026-05-25 14:18:43" }, "geometry": { "type": "Point", "coordinates": [ 1065309.843285203445703, 869750.686849999940023 ] } },
{ "type": "Feature", "properties": { "OBJECTID": 14667, "CE": "", "CT": "Zona", "ESTAMPA_CC": "2026-05-25 14:18:43" }, "geometry": { "type": "Point", "coordinates": [ 1063546.508338014129549, 867013.972199999960139 ] } },
{ "type": "Feature", "properties": { "OBJECTID": 14669, "CE": "Traslape propio", "CT": "", "ESTAMPA_CC": "2026-05-25 14:18:43" }, "geometry": { "type": "Point", "coordinates": [ 1067500.749031233135611, 868079.422750000027008 ] } },
{ "type": "Feature", "properties": { "OBJECTID": 14670, "CE": "Traslape propio", "CT": "", "ESTAMPA_CC": "2026-05-25 14:18:43" }, "geometry": { "type": "Point", "coordinates": [ 1067691.2475690478459, 868098.643900000024587 ] } },
{ "type": "Feature", "properties": { "OBJECTID": 14671, "CE": "Traslape propio", "CT": "", "ESTAMPA_CC": "2026-05-25 14:18:43" }, "geometry": { "type": "Point", "coordinates": [ 1067356.792879680171609, 868176.792799999937415 ] } },
{ "type": "Feature", "properties": { "OBJECTID": 14672, "CE": "Traslape propio", "CT": "", "ESTAMPA_CC": "2026-05-25 14:18:43" }, "geometry": { "type": "Point", "coordinates": [ 1067587.896628601010889, 868198.729249999974854 ] } },
{ "type": "Feature", "properties": { "OBJECTID": 14673, "CE": "Traslape propio", "CT": "", "ESTAMPA_CC": "2026-05-25 14:18:43" }, "geometry": { "type": "Point", "coordinates": [ 1067440.668753650970757, 868218.990999999921769 ] } },
{ "type": "Feature", "properties": { "OBJECTID": 14674, "CE": "", "CT": "Zona", "ESTAMPA_CC": "2026-05-25 14:18:43" }, "geometry": { "type": "Point", "coordinates": [ 1061975.146303393878043, 867095.403249999973923 ] } },
{ "type": "Feature", "properties": { "OBJECTID": 14675, "CE": "", "CT": "Zona", "ESTAMPA_CC": "2026-05-25 14:18:43" }, "geometry": { "type": "Point", "coordinates": [ 1061859.149299785494804, 867071.245249999919906 ] } },
{ "type": "Feature", "properties": { "OBJECTID": 14676, "CE": "", "CT": "Zona", "ESTAMPA_CC": "2026-05-25 14:18:43" }, "geometry": { "type": "Point", "coordinates": [ 1061970.077136377803981, 867056.9621 ] } },
{ "type": "Feature", "properties": { "OBJECTID": 14677, "CE": "", "CT": "Zona", "ESTAMPA_CC": "2026-05-25 14:18:43" }, "geometry": { "type": "Point", "coordinates": [ 1061863.695862095337361, 867106.396949999965727 ] } },
{ "type": "Feature", "properties": { "OBJECTID": 14678, "CE": "", "CT": "Zona", "ESTAMPA_CC": "2026-05-25 14:18:43" }, "geometry": { "type": "Point", "coordinates": [ 1065345.272180732805282, 869045.033300000010058 ] } },
{ "type": "Feature", "properties": { "OBJECTID": 14681, "CE": "", "CT": "Zona", "ESTAMPA_CC": "2026-05-25 14:18:43" }, "geometry": { "type": "Point", "coordinates": [ 1063587.923292653635144, 868309.881249999976717 ] } },
{ "type": "Feature", "properties": { "OBJECTID": 14688, "CE": "", "CT": "Zona", "ESTAMPA_CC": "2026-05-25 14:18:43" }, "geometry": { "type": "Point", "coordinates": [ 1063163.525624132016674, 866634.647249999921769 ] } },
{ "type": "Feature", "properties": { "OBJECTID": 14691, "CE": "", "CT": "Zona", "ESTAMPA_CC": "2026-05-25 14:18:43" }, "geometry": { "type": "Point", "coordinates": [ 1065239.704411260550842, 869709.17455 ] } },
{ "type": "Feature", "properties": { "OBJECTID": 14696, "CE": "", "CT": "Zona", "ESTAMPA_CC": "2026-05-25 14:18:43" }, "geometry": { "type": "Point", "coordinates": [ 1063044.35764053533785, 870154.41105 ] } },
{ "type": "Feature", "properties": { "OBJECTID": 14699, "CE": "", "CT": "Zona", "ESTAMPA_CC": "2026-05-25 14:18:43" }, "geometry": { "type": "Point", "coordinates": [ 1065007.249435616424307, 869129.398950000060722 ] } },
{ "type": "Feature", "properties": { "OBJECTID": 14700, "CE": "", "CT": "Zona", "ESTAMPA_CC": "2026-05-25 14:18:43" }, "geometry": { "type": "Point", "coordinates": [ 1063549.463266520295292, 866999.89295 ] } },
{ "type": "Feature", "properties": { "OBJECTID": 14701, "CE": "", "CT": "Zona; Sector", "ESTAMPA_CC": "2026-05-25 14:18:43" }, "geometry": { "type": "Point", "coordinates": [ 1067050.613017691997811, 871426.46765 ] } },
{ "type": "Feature", "properties": { "OBJECTID": 14703, "CE": "", "CT": "Zona", "ESTAMPA_CC": "2026-05-25 14:18:43" }, "geometry": { "type": "Point", "coordinates": [ 1063689.754003325011581, 867987.046450000023469 ] } },
{ "type": "Feature", "properties": { "OBJECTID": 14709, "CE": "Traslape propio", "CT": "Zona", "ESTAMPA_CC": "2026-05-25 14:18:43" }, "geometry": { "type": "Point", "coordinates": [ 1067386.844255476258695, 868279.51775 ] } },
{ "type": "Feature", "properties": { "OBJECTID": 14710, "CE": "", "CT": "Zona", "ESTAMPA_CC": "2026-05-25 14:18:43" }, "geometry": { "type": "Point", "coordinates": [ 1066878.750084878876805, 871073.07285 ] } },
{ "type": "Feature", "properties": { "OBJECTID": 14711, "CE": "", "CT": "Zona", "ESTAMPA_CC": "2026-05-25 14:18:43" }, "geometry": { "type": "Point", "coordinates": [ 1064265.86830041045323, 868247.142600000021048 ] } },
{ "type": "Feature", "properties": { "OBJECTID": 14713, "CE": "", "CT": "Zona", "ESTAMPA_CC": "2026-05-25 14:18:43" }, "geometry": { "type": "Point", "coordinates": [ 1063802.518426034599543, 868127.276150000048801 ] } },
{ "type": "Feature", "properties": { "OBJECTID": 14714, "CE": "Traslape propio", "CT": "", "ESTAMPA_CC": "2026-05-25 14:18:43" }, "geometry": { "type": "Point", "coordinates": [ 1059273.445865876041353, 864436.56695 ] } },
{ "type": "Feature", "properties": { "OBJECTID": 14720, "CE": "", "CT": "Zona", "ESTAMPA_CC": "2026-05-25 14:18:43" }, "geometry": { "type": "Point", "coordinates": [ 1063595.623993806075305, 870384.433549999957904 ] } },
{ "type": "Feature", "properties": { "OBJECTID": 14728, "CE": "", "CT": "Zona", "ESTAMPA_CC": "2026-05-25 14:18:43" }, "geometry": { "type": "Point", "coordinates": [ 1063869.970874406397343, 867969.601999999955297 ] } },
{ "type": "Feature", "properties": { "OBJECTID": 14733, "CE": "Traslape propio", "CT": "", "ESTAMPA_CC": "2026-05-25 14:18:43" }, "geometry": { "type": "Point", "coordinates": [ 1058026.614381583873183, 864736.2992 ] } },
{ "type": "Feature", "properties": { "OBJECTID": 14736, "CE": "", "CT": "Zona", "ESTAMPA_CC": "2026-05-25 14:18:43" }, "geometry": { "type": "Point", "coordinates": [ 1060350.484404389280826, 877569.4867 ] } },
{ "type": "Feature", "properties": { "OBJECTID": 14738, "CE": "Traslape propio", "CT": "Zona", "ESTAMPA_CC": "2026-05-25 14:18:43" }, "geometry": { "type": "Point", "coordinates": [ 1067529.408512107096612, 868070.907300000078976 ] } },
{ "type": "Feature", "properties": { "OBJECTID": 14739, "CE": "Traslape propio", "CT": "", "ESTAMPA_CC": "2026-05-25 14:18:43" }, "geometry": { "type": "Point", "coordinates": [ 1067673.115481547545642, 868189.057550000026822 ] } },
{ "type": "Feature", "properties": { "OBJECTID": 14744, "CE": "", "CT": "Zona", "ESTAMPA_CC": "2026-05-25 14:18:43" }, "geometry": { "type": "Point", "coordinates": [ 1063652.264487158041447, 868082.48589999997057 ] } },
{ "type": "Feature", "properties": { "OBJECTID": 14745, "CE": "", "CT": "Zona", "ESTAMPA_CC": "2026-05-25 14:18:43" }, "geometry": { "type": "Point", "coordinates": [ 1062596.570570528041571, 867508.48589999997057 ] } },
{ "type": "Feature", "properties": { "OBJECTID": 14747, "CE": "", "CT": "Zona", "ESTAMPA_CC": "2026-05-25 14:18:43" }, "geometry": { "type": "Point", "coordinates": [ 1062863.006215024972335, 867758.150000000023283 ] } },
{ "type": "Feature", "properties": { "OBJECTID": 14748, "CE": "", "CT": "Zona", "ESTAMPA_CC": "2026-05-25 14:18:43" }, "geometry": { "type": "Point", "coordinates": [ 1063496.357833354268223, 866969.573549999971874 ] } },
{ "type": "Feature", "properties": { "OBJECTID": 14753, "CE": "", "CT": "Zona", "ESTAMPA_CC": "2026-05-25 14:18:43" }, "geometry": { "type": "Point", "coordinates": [ 1063816.430019810330123, 867635.765200000023469 ] } },
{ "type": "Feature", "properties": { "OBJECTID": 14756, "CE": "", "CT": "Zona", "ESTAMPA_CC": "2026-05-25 14:18:43" }, "geometry": { "type": "Point", "coordinates": [ 1062958.178515105508268, 867712.79105 ] } },
{ "type": "Feature", "properties": { "OBJECTID": 14757, "CE": "", "CT": "Zona", "ESTAMPA_CC": "2026-05-25 14:18:43" }, "geometry": { "type": "Point", "coordinates": [ 1064414.656022596172988, 868363.4965 ] } },
{ "type": "Feature", "properties": { "OBJECTID": 14759, "CE": "", "CT": "Zona", "ESTAMPA_CC": "2026-05-25 14:18:43" }, "geometry": { "type": "Point", "coordinates": [ 1063280.444199999794364, 866637.352049999986775 ] } },
{ "type": "Feature", "properties": { "OBJECTID": 14762, "CE": "", "CT": "Zona", "ESTAMPA_CC": "2026-05-25 14:18:43" }, "geometry": { "type": "Point", "coordinates": [ 1065249.677988508250564, 868904.7842 ] } },
{ "type": "Feature", "properties": { "OBJECTID": 14771, "CE": "Traslape propio", "CT": "", "ESTAMPA_CC": "2026-05-25 14:18:43" }, "geometry": { "type": "Point", "coordinates": [ 1063700.097328995354474, 875740.500400000018999 ] } },
{ "type": "Feature", "properties": { "OBJECTID": 14772, "CE": "", "CT": "Zona", "ESTAMPA_CC": "2026-05-25 14:18:43" }, "geometry": { "type": "Point", "coordinates": [ 1059101.958991225343198, 872470.571149999974295 ] } },
{ "type": "Feature", "properties": { "OBJECTID": 14773, "CE": "", "CT": "Zona", "ESTAMPA_CC": "2026-05-25 14:18:43" }, "geometry": { "type": "Point", "coordinates": [ 1062176.234706033021212, 871558.460500000044703 ] } },
{ "type": "Feature", "properties": { "OBJECTID": 14774, "CE": "", "CT": "Zona", "ESTAMPA_CC": "2026-05-25 14:18:43" }, "geometry": { "type": "Point", "coordinates": [ 1061914.909657566575333, 869290.65865 ] } },
{ "type": "Feature", "properties": { "OBJECTID": 14780, "CE": "", "CT": "Zona", "ESTAMPA_CC": "2026-05-25 14:18:43" }, "geometry": { "type": "Point", "coordinates": [ 1063250.860650000162423, 866714.005649999948218 ] } },
{ "type": "Feature", "properties": { "OBJECTID": 14781, "CE": "Traslape propio", "CT": "Zona", "ESTAMPA_CC": "2026-05-25 14:18:43" }, "geometry": { "type": "Point", "coordinates": [ 1062727.025413762312382, 867258.128999999957159 ] } },
{ "type": "Feature", "properties": { "OBJECTID": 14782, "CE": "", "CT": "Zona", "ESTAMPA_CC": "2026-05-25 14:18:43" }, "geometry": { "type": "Point", "coordinates": [ 1065443.871705800294876, 869597.987149999942631 ] } },
{ "type": "Feature", "properties": { "OBJECTID": 14785, "CE": "", "CT": "Zona", "ESTAMPA_CC": "2026-05-25 14:18:43" }, "geometry": { "type": "Point", "coordinates": [ 1063517.442066710907966, 866988.239899999927729 ] } },
{ "type": "Feature", "properties": { "OBJECTID": 14789, "CE": "", "CT": "Zona", "ESTAMPA_CC": "2026-05-25 14:18:43" }, "geometry": { "type": "Point", "coordinates": [ 1062408.646736792288721, 870375.697150000021793 ] } },
{ "type": "Feature", "properties": { "OBJECTID": 14790, "CE": "", "CT": "Zona", "ESTAMPA_CC": "2026-05-25 14:18:43" }, "geometry": { "type": "Point", "coordinates": [ 1062056.730248858220875, 870898.150050000054762 ] } },
{ "type": "Feature", "properties": { "OBJECTID": 14791, "CE": "", "CT": "Zona", "ESTAMPA_CC": "2026-05-25 14:18:43" }, "geometry": { "type": "Point", "coordinates": [ 1063319.172435369109735, 870766.505149999982677 ] } },
{ "type": "Feature", "properties": { "OBJECTID": 14792, "CE": "", "CT": "Zona", "ESTAMPA_CC": "2026-05-25 14:18:43" }, "geometry": { "type": "Point", "coordinates": [ 1054755.611734180012718, 874347.336850000079721 ] } },
{ "type": "Feature", "properties": { "OBJECTID": 14794, "CE": "", "CT": "Zona", "ESTAMPA_CC": "2026-05-25 14:18:43" }, "geometry": { "type": "Point", "coordinates": [ 1063509.974997858516872, 866964.933849999913946 ] } },
{ "type": "Feature", "properties": { "OBJECTID": 14797, "CE": "", "CT": "Zona", "ESTAMPA_CC": "2026-05-25 14:18:43" }, "geometry": { "type": "Point", "coordinates": [ 1065272.639818117022514, 869331.501500000013039 ] } },
{ "type": "Feature", "properties": { "OBJECTID": 14799, "CE": "", "CT": "Zona", "ESTAMPA_CC": "2026-05-25 14:18:43" }, "geometry": { "type": "Point", "coordinates": [ 1063533.70982509967871, 866985.946250000037253 ] } },
{ "type": "Feature", "properties": { "OBJECTID": 14805, "CE": "", "CT": "Zona", "ESTAMPA_CC": "2026-05-25 14:18:43" }, "geometry": { "type": "Point", "coordinates": [ 1063176.610503436997533, 870397.506199999945238 ] } },
{ "type": "Feature", "properties": { "OBJECTID": 14808, "CE": "", "CT": "Zona", "ESTAMPA_CC": "2026-05-25 14:18:43" }, "geometry": { "type": "Point", "coordinates": [ 1062220.347447095438838, 870755.123799999943003 ] } },
{ "type": "Feature", "properties": { "OBJECTID": 14814, "CE": "", "CT": "Zona", "ESTAMPA_CC": "2026-05-25 14:18:43" }, "geometry": { "type": "Point", "coordinates": [ 1064125.200697707943618, 873440.072000000043772 ] } },
{ "type": "Feature", "properties": { "OBJECTID": 14817, "CE": "", "CT": "Sector", "ESTAMPA_CC": "2026-05-25 14:18:43" }, "geometry": { "type": "Point", "coordinates": [ 1059203.795934930443764, 867877.4704 ] } },
{ "type": "Feature", "properties": { "OBJECTID": 14820, "CE": "", "CT": "Zona; Sector", "ESTAMPA_CC": "2026-05-25 14:18:43" }, "geometry": { "type": "Point", "coordinates": [ 1064837.736940791364759, 878454.620799999916926 ] } },
{ "type": "Feature", "properties": { "OBJECTID": 14821, "CE": "", "CT": "Zona; Sector", "ESTAMPA_CC": "2026-05-25 14:18:43" }, "geometry": { "type": "Point", "coordinates": [ 1064828.673717128578573, 878423.360100000048988 ] } },
{ "type": "Feature", "properties": { "OBJECTID": 14824, "CE": "", "CT": "Zona", "ESTAMPA_CC": "2026-05-25 14:18:43" }, "geometry": { "type": "Point", "coordinates": [ 1063889.265465275384486, 867946.966550000011921 ] } },
{ "type": "Feature", "properties": { "OBJECTID": 14825, "CE": "", "CT": "Zona", "ESTAMPA_CC": "2026-05-25 14:18:43" }, "geometry": { "type": "Point", "coordinates": [ 1063538.526787603739649, 867006.905800000065938 ] } },
{ "type": "Feature", "properties": { "OBJECTID": 14828, "CE": "", "CT": "Zona", "ESTAMPA_CC": "2026-05-25 14:18:43" }, "geometry": { "type": "Point", "coordinates": [ 1063678.763107331469655, 868106.223400000017136 ] } },
{ "type": "Feature", "properties": { "OBJECTID": 14835, "CE": "", "CT": "Zona", "ESTAMPA_CC": "2026-05-25 14:18:43" }, "geometry": { "type": "Point", "coordinates": [ 1065523.798684941837564, 869516.798549999948591 ] } },
{ "type": "Feature", "properties": { "OBJECTID": 14836, "CE": "", "CT": "Zona", "ESTAMPA_CC": "2026-05-25 14:18:43" }, "geometry": { "type": "Point", "coordinates": [ 1063680.451577120693401, 867833.102199999964796 ] } },
{ "type": "Feature", "properties": { "OBJECTID": 14842, "CE": "Traslape propio", "CT": "", "ESTAMPA_CC": "2026-05-25 14:18:43" }, "geometry": { "type": "Point", "coordinates": [ 1056647.17946407571435, 869656.487449999898672 ] } },
{ "type": "Feature", "properties": { "OBJECTID": 14846, "CE": "", "CT": "Zona", "ESTAMPA_CC": "2026-05-25 14:18:43" }, "geometry": { "type": "Point", "coordinates": [ 1057534.625911181326956, 869455.275750000029802 ] } },
{ "type": "Feature", "properties": { "OBJECTID": 14849, "CE": "", "CT": "Zona", "ESTAMPA_CC": "2026-05-25 14:18:43" }, "geometry": { "type": "Point", "coordinates": [ 1063456.919575494714081, 868575.36269999993965 ] } },
{ "type": "Feature", "properties": { "OBJECTID": 14851, "CE": "", "CT": "Sector", "ESTAMPA_CC": "2026-05-25 14:18:43" }, "geometry": { "type": "Point", "coordinates": [ 1063275.31076430878602, 870122.540999999968335 ] } },
{ "type": "Feature", "properties": { "OBJECTID": 14852, "CE": "", "CT": "Zona", "ESTAMPA_CC": "2026-05-25 14:18:43" }, "geometry": { "type": "Point", "coordinates": [ 1062136.354930010158569, 871530.87375000002794 ] } },
{ "type": "Feature", "properties": { "OBJECTID": 14853, "CE": "", "CT": "Zona", "ESTAMPA_CC": "2026-05-25 14:18:43" }, "geometry": { "type": "Point", "coordinates": [ 1062272.517405085265636, 869493.6901 ] } },
{ "type": "Feature", "properties": { "OBJECTID": 14855, "CE": "", "CT": "Zona", "ESTAMPA_CC": "2026-05-25 14:18:43" }, "geometry": { "type": "Point", "coordinates": [ 1063195.651463374495506, 870937.571950000012293 ] } },
{ "type": "Feature", "properties": { "OBJECTID": 14856, "CE": "", "CT": "Zona", "ESTAMPA_CC": "2026-05-25 14:18:43" }, "geometry": { "type": "Point", "coordinates": [ 1062227.927062782924622, 869931.258699999889359 ] } },
{ "type": "Feature", "properties": { "OBJECTID": 14860, "CE": "", "CT": "Zona", "ESTAMPA_CC": "2026-05-25 14:18:43" }, "geometry": { "type": "Point", "coordinates": [ 1063009.677932559978217, 869759.56805 ] } },
{ "type": "Feature", "properties": { "OBJECTID": 14861, "CE": "", "CT": "Zona", "ESTAMPA_CC": "2026-05-25 14:18:43" }, "geometry": { "type": "Point", "coordinates": [ 1057595.845234882552177, 869891.318549999967217 ] } },
{ "type": "Feature", "properties": { "OBJECTID": 14862, "CE": "Traslape propio", "CT": "Zona", "ESTAMPA_CC": "2026-05-25 14:18:43" }, "geometry": { "type": "Point", "coordinates": [ 1056623.600491084158421, 869652.689250000054017 ] } },
{ "type": "Feature", "properties": { "OBJECTID": 14863, "CE": "", "CT": "Zona", "ESTAMPA_CC": "2026-05-25 14:18:43" }, "geometry": { "type": "Point", "coordinates": [ 1062383.249464351218194, 871009.885849999962375 ] } },
{ "type": "Feature", "properties": { "OBJECTID": 14865, "CE": "Traslape propio", "CT": "", "ESTAMPA_CC": "2026-05-25 14:18:43" }, "geometry": { "type": "Point", "coordinates": [ 1061955.548415509518236, 867591.920050000073388 ] } },
{ "type": "Feature", "properties": { "OBJECTID": 14866, "CE": "Traslape propio", "CT": "", "ESTAMPA_CC": "2026-05-25 14:18:43" }, "geometry": { "type": "Point", "coordinates": [ 1061797.008994377218187, 867549.758449999964796 ] } },
{ "type": "Feature", "properties": { "OBJECTID": 14868, "CE": "", "CT": "Zona", "ESTAMPA_CC": "2026-05-25 14:18:43" }, "geometry": { "type": "Point", "coordinates": [ 1063539.474378100130707, 874533.936149999964982 ] } },
{ "type": "Feature", "properties": { "OBJECTID": 14869, "CE": "", "CT": "Zona", "ESTAMPA_CC": "2026-05-25 14:18:43" }, "geometry": { "type": "Point", "coordinates": [ 1062419.168569851666689, 874006.348950000014156 ] } },
{ "type": "Feature", "properties": { "OBJECTID": 14870, "CE": "", "CT": "Zona", "ESTAMPA_CC": "2026-05-25 14:18:43" }, "geometry": { "type": "Point", "coordinates": [ 1057493.960238986182958, 869688.572750000050291 ] } },
{ "type": "Feature", "properties": { "OBJECTID": 14880, "CE": "Traslape propio", "CT": "Zona", "ESTAMPA_CC": "2026-05-25 14:18:43" }, "geometry": { "type": "Point", "coordinates": [ 1067500.361674584913999, 872130.092049999977462 ] } },
{ "type": "Feature", "properties": { "OBJECTID": 14881, "CE": "", "CT": "Zona", "ESTAMPA_CC": "2026-05-25 14:18:43" }, "geometry": { "type": "Point", "coordinates": [ 1067980.054093131097034, 869933.116050000069663 ] } },
{ "type": "Feature", "properties": { "OBJECTID": 14884, "CE": "", "CT": "Zona", "ESTAMPA_CC": "2026-05-25 14:18:43" }, "geometry": { "type": "Point", "coordinates": [ 1065636.788130281027406, 877133.30825 ] } },
{ "type": "Feature", "properties": { "OBJECTID": 14885, "CE": "", "CT": "Zona", "ESTAMPA_CC": "2026-05-25 14:18:43" }, "geometry": { "type": "Point", "coordinates": [ 1067518.9609237362165, 868733.24465 ] } },
{ "type": "Feature", "properties": { "OBJECTID": 14887, "CE": "", "CT": "Zona", "ESTAMPA_CC": "2026-05-25 14:18:43" }, "geometry": { "type": "Point", "coordinates": [ 1067713.282392756082118, 871590.38925 ] } },
{ "type": "Feature", "properties": { "OBJECTID": 14888, "CE": "", "CT": "Zona", "ESTAMPA_CC": "2026-05-25 14:18:43" }, "geometry": { "type": "Point", "coordinates": [ 1063538.950764060020447, 866990.586400000029244 ] } },
{ "type": "Feature", "properties": { "OBJECTID": 14890, "CE": "", "CT": "Zona", "ESTAMPA_CC": "2026-05-25 14:18:43" }, "geometry": { "type": "Point", "coordinates": [ 1065034.74299786798656, 872471.5159 ] } },
{ "type": "Feature", "properties": { "OBJECTID": 14892, "CE": "", "CT": "Zona", "ESTAMPA_CC": "2026-05-25 14:18:43" }, "geometry": { "type": "Point", "coordinates": [ 1064872.703418555436656, 869258.375149999978021 ] } },
{ "type": "Feature", "properties": { "OBJECTID": 14894, "CE": "", "CT": "Zona", "ESTAMPA_CC": "2026-05-25 14:18:43" }, "geometry": { "type": "Point", "coordinates": [ 1065104.466364039108157, 869534.852900000056252 ] } },
{ "type": "Feature", "properties": { "OBJECTID": 14897, "CE": "", "CT": "Zona", "ESTAMPA_CC": "2026-05-25 14:18:43" }, "geometry": { "type": "Point", "coordinates": [ 1063157.009106520097703, 867397.996900000027381 ] } },
{ "type": "Feature", "properties": { "OBJECTID": 14901, "CE": "", "CT": "Zona", "ESTAMPA_CC": "2026-05-25 14:18:43" }, "geometry": { "type": "Point", "coordinates": [ 1061651.570771418977529, 869864.51185 ] } },
{ "type": "Feature", "properties": { "OBJECTID": 14910, "CE": "", "CT": "Zona", "ESTAMPA_CC": "2026-05-25 14:18:43" }, "geometry": { "type": "Point", "coordinates": [ 1063088.895120646571741, 867131.109149999916553 ] } },
{ "type": "Feature", "properties": { "OBJECTID": 14916, "CE": "", "CT": "Zona", "ESTAMPA_CC": "2026-05-25 14:18:43" }, "geometry": { "type": "Point", "coordinates": [ 1064694.205390423070639, 868580.2243 ] } },
{ "type": "Feature", "properties": { "OBJECTID": 14917, "CE": "", "CT": "Zona", "ESTAMPA_CC": "2026-05-25 14:18:43" }, "geometry": { "type": "Point", "coordinates": [ 1065282.677743279840797, 869725.703250000020489 ] } },
{ "type": "Feature", "properties": { "OBJECTID": 14918, "CE": "", "CT": "Zona", "ESTAMPA_CC": "2026-05-25 14:18:43" }, "geometry": { "type": "Point", "coordinates": [ 1064934.110071444418281, 868760.62355000001844 ] } },
{ "type": "Feature", "properties": { "OBJECTID": 14919, "CE": "", "CT": "Zona", "ESTAMPA_CC": "2026-05-25 14:18:43" }, "geometry": { "type": "Point", "coordinates": [ 1063557.414379592984915, 867006.932599999941885 ] } },
{ "type": "Feature", "properties": { "OBJECTID": 14921, "CE": "", "CT": "Zona", "ESTAMPA_CC": "2026-05-25 14:18:43" }, "geometry": { "type": "Point", "coordinates": [ 1063482.264252072898671, 868214.193600000115111 ] } },
{ "type": "Feature", "properties": { "OBJECTID": 14922, "CE": "", "CT": "Zona", "ESTAMPA_CC": "2026-05-25 14:18:43" }, "geometry": { "type": "Point", "coordinates": [ 1065426.628699212800711, 869474.477399999974295 ] } },
{ "type": "Feature", "properties": { "OBJECTID": 14925, "CE": "", "CT": "Zona", "ESTAMPA_CC": "2026-05-25 14:18:43" }, "geometry": { "type": "Point", "coordinates": [ 1064923.296873881015927, 869513.270199999911711 ] } },
{ "type": "Feature", "properties": { "OBJECTID": 14927, "CE": "", "CT": "Zona", "ESTAMPA_CC": "2026-05-25 14:18:43" }, "geometry": { "type": "Point", "coordinates": [ 1064286.417759872507304, 868196.711699999985285 ] } },
{ "type": "Feature", "properties": { "OBJECTID": 14928, "CE": "", "CT": "Zona", "ESTAMPA_CC": "2026-05-25 14:18:43" }, "geometry": { "type": "Point", "coordinates": [ 1065396.226825391873717, 869653.157299999962561 ] } },
{ "type": "Feature", "properties": { "OBJECTID": 14929, "CE": "", "CT": "Zona", "ESTAMPA_CC": "2026-05-25 14:18:43" }, "geometry": { "type": "Point", "coordinates": [ 1065082.611372256185859, 869171.133200000040233 ] } },
{ "type": "Feature", "properties": { "OBJECTID": 14930, "CE": "", "CT": "Zona", "ESTAMPA_CC": "2026-05-25 14:18:43" }, "geometry": { "type": "Point", "coordinates": [ 1063802.327550040557981, 868262.68784999998752 ] } },
{ "type": "Feature", "properties": { "OBJECTID": 14933, "CE": "", "CT": "Zona", "ESTAMPA_CC": "2026-05-25 14:18:43" }, "geometry": { "type": "Point", "coordinates": [ 1063535.906133173499256, 867004.585650000022724 ] } },
{ "type": "Feature", "properties": { "OBJECTID": 14935, "CE": "", "CT": "Zona", "ESTAMPA_CC": "2026-05-25 14:18:43" }, "geometry": { "type": "Point", "coordinates": [ 1063809.106050270842388, 867838.850099999923259 ] } },
{ "type": "Feature", "properties": { "OBJECTID": 14937, "CE": "", "CT": "Zona", "ESTAMPA_CC": "2026-05-25 14:18:43" }, "geometry": { "type": "Point", "coordinates": [ 1066701.221439390443265, 869156.745499999960884 ] } },
{ "type": "Feature", "properties": { "OBJECTID": 14950, "CE": "", "CT": "Zona", "ESTAMPA_CC": "2026-05-25 14:18:43" }, "geometry": { "type": "Point", "coordinates": [ 1062939.875778174493462, 870541.070850000018254 ] } },
{ "type": "Feature", "properties": { "OBJECTID": 14951, "CE": "", "CT": "Zona", "ESTAMPA_CC": "2026-05-25 14:18:43" }, "geometry": { "type": "Point", "coordinates": [ 1061827.576762686716393, 868827.77835000003688 ] } },
{ "type": "Feature", "properties": { "OBJECTID": 14952, "CE": "", "CT": "Zona", "ESTAMPA_CC": "2026-05-25 14:18:43" }, "geometry": { "type": "Point", "coordinates": [ 1063215.53456790978089, 870646.809750000014901 ] } },
{ "type": "Feature", "properties": { "OBJECTID": 14953, "CE": "", "CT": "Zona", "ESTAMPA_CC": "2026-05-25 14:18:43" }, "geometry": { "type": "Point", "coordinates": [ 1062478.79475024016574, 869449.6372 ] } },
{ "type": "Feature", "properties": { "OBJECTID": 14957, "CE": "", "CT": "Zona", "ESTAMPA_CC": "2026-05-25 14:18:43" }, "geometry": { "type": "Point", "coordinates": [ 1065180.272491268115118, 869612.824099999968894 ] } },
{ "type": "Feature", "properties": { "OBJECTID": 14958, "CE": "", "CT": "Zona", "ESTAMPA_CC": "2026-05-25 14:18:43" }, "geometry": { "type": "Point", "coordinates": [ 1062650.164414120838046, 867560.508249999955297 ] } },
{ "type": "Feature", "properties": { "OBJECTID": 14959, "CE": "", "CT": "Zona", "ESTAMPA_CC": "2026-05-25 14:18:43" }, "geometry": { "type": "Point", "coordinates": [ 1063562.65598119655624, 867011.5725 ] } },
{ "type": "Feature", "properties": { "OBJECTID": 14966, "CE": "Traslape propio", "CT": "", "ESTAMPA_CC": "2026-05-25 14:18:43" }, "geometry": { "type": "Point", "coordinates": [ 1065608.026861721882597, 872204.868650000076741 ] } },
{ "type": "Feature", "properties": { "OBJECTID": 14968, "CE": "Traslape propio", "CT": "", "ESTAMPA_CC": "2026-05-25 14:18:43" }, "geometry": { "type": "Point", "coordinates": [ 1065725.243041773792356, 872319.586600000038743 ] } },
{ "type": "Feature", "properties": { "OBJECTID": 14971, "CE": "Traslape propio", "CT": "", "ESTAMPA_CC": "2026-05-25 14:18:43" }, "geometry": { "type": "Point", "coordinates": [ 1063020.498149358667433, 877334.93784999998752 ] } }
]
}
