{
"type": "FeatureCollection",
"name": "map_r_terreno",
"crs": { "type": "name", "properties": { "name": "urn:ogc:def:crs:OGC:1.3:CRS84" } },
"features": [
{ "type": "Feature", "properties": { "OBJECTID": 16, "CE": "Traslape propio", "CT": "", "ESTAMPA_CC": "2026-05-26 14:46:01" }, "geometry": { "type": "Point", "coordinates": [ -76.551907805547003, 3.348344128490953 ] } },
{ "type": "Feature", "properties": { "OBJECTID": 21, "CE": "Traslape propio", "CT": "", "ESTAMPA_CC": "2026-05-26 14:46:01" }, "geometry": { "type": "Point", "coordinates": [ -76.554681793429651, 3.479930173391593 ] } },
{ "type": "Feature", "properties": { "OBJECTID": 28, "CE": "NPN Manzana -> Terreno", "CT": "", "ESTAMPA_CC": "2026-05-26 14:46:01" }, "geometry": { "type": "Point", "coordinates": [ -76.518307784354832, 3.35718023145251 ] } },
{ "type": "Feature", "properties": { "OBJECTID": 58, "CE": "Traslape propio", "CT": "", "ESTAMPA_CC": "2026-05-26 14:46:01" }, "geometry": { "type": "Point", "coordinates": [ -76.529765910400016, 3.326089362227986 ] } },
{ "type": "Feature", "properties": { "OBJECTID": 71, "CE": "Traslape propio", "CT": "", "ESTAMPA_CC": "2026-05-26 14:46:01" }, "geometry": { "type": "Point", "coordinates": [ -76.549351120487714, 3.487405979743375 ] } },
{ "type": "Feature", "properties": { "OBJECTID": 78, "CE": "Traslape propio", "CT": "", "ESTAMPA_CC": "2026-05-26 14:46:01" }, "geometry": { "type": "Point", "coordinates": [ -76.618390898095697, 3.471190449695527 ] } },
{ "type": "Feature", "properties": { "OBJECTID": 84, "CE": "NPN Manzana -> Terreno", "CT": "", "ESTAMPA_CC": "2026-05-26 14:46:01" }, "geometry": { "type": "Point", "coordinates": [ -76.495324684483464, 3.322862323019253 ] } },
{ "type": "Feature", "properties": { "OBJECTID": 108, "CE": "Traslape propio; NPN Manzana -> Terreno", "CT": "", "ESTAMPA_CC": "2026-05-26 14:46:01" }, "geometry": { "type": "Point", "coordinates": [ -76.509000362078254, 3.341129616667732 ] } },
{ "type": "Feature", "properties": { "OBJECTID": 126, "CE": "", "CT": "Terreno", "ESTAMPA_CC": "2026-05-26 14:46:01" }, "geometry": { "type": "Point", "coordinates": [ -76.541537479794144, 3.312518943508248 ] } },
{ "type": "Feature", "properties": { "OBJECTID": 138, "CE": "Traslape propio; NPN Manzana -> Terreno", "CT": "", "ESTAMPA_CC": "2026-05-26 14:46:01" }, "geometry": { "type": "Point", "coordinates": [ -76.517837116045456, 3.359822996308767 ] } },
{ "type": "Feature", "properties": { "OBJECTID": 139, "CE": "Traslape propio; NPN Manzana -> Terreno", "CT": "", "ESTAMPA_CC": "2026-05-26 14:46:01" }, "geometry": { "type": "Point", "coordinates": [ -76.517457572334408, 3.355534857691128 ] } },
{ "type": "Feature", "properties": { "OBJECTID": 173, "CE": "NPN Manzana -> Terreno", "CT": "", "ESTAMPA_CC": "2026-05-26 14:46:01" }, "geometry": { "type": "Point", "coordinates": [ -76.553457085278694, 3.469611650213219 ] } },
{ "type": "Feature", "properties": { "OBJECTID": 175, "CE": "", "CT": "Terreno", "ESTAMPA_CC": "2026-05-26 14:46:01" }, "geometry": { "type": "Point", "coordinates": [ -76.542910952876127, 3.319710124137115 ] } },
{ "type": "Feature", "properties": { "OBJECTID": 182, "CE": "Traslape propio", "CT": "", "ESTAMPA_CC": "2026-05-26 14:46:01" }, "geometry": { "type": "Point", "coordinates": [ -76.64222187152464, 3.454460116709245 ] } },
{ "type": "Feature", "properties": { "OBJECTID": 201, "CE": "Traslape propio", "CT": "", "ESTAMPA_CC": "2026-05-26 14:46:01" }, "geometry": { "type": "Point", "coordinates": [ -76.56893265566616, 3.368406768166836 ] } },
{ "type": "Feature", "properties": { "OBJECTID": 203, "CE": "Traslape propio", "CT": "", "ESTAMPA_CC": "2026-05-26 14:46:01" }, "geometry": { "type": "Point", "coordinates": [ -76.568927336711525, 3.368488168053 ] } },
{ "type": "Feature", "properties": { "OBJECTID": 204, "CE": "Traslape propio", "CT": "", "ESTAMPA_CC": "2026-05-26 14:46:01" }, "geometry": { "type": "Point", "coordinates": [ -76.568928057917304, 3.368375694416985 ] } },
{ "type": "Feature", "properties": { "OBJECTID": 205, "CE": "Traslape propio", "CT": "", "ESTAMPA_CC": "2026-05-26 14:46:01" }, "geometry": { "type": "Point", "coordinates": [ -76.568804107657343, 3.36848761281706 ] } },
{ "type": "Feature", "properties": { "OBJECTID": 214, "CE": "Traslape propio", "CT": "", "ESTAMPA_CC": "2026-05-26 14:46:01" }, "geometry": { "type": "Point", "coordinates": [ -76.493852811255493, 3.335441535382687 ] } },
{ "type": "Feature", "properties": { "OBJECTID": 220, "CE": "Traslape propio", "CT": "", "ESTAMPA_CC": "2026-05-26 14:46:01" }, "geometry": { "type": "Point", "coordinates": [ -76.642358116118217, 3.452052707480305 ] } },
{ "type": "Feature", "properties": { "OBJECTID": 241, "CE": "Traslape propio", "CT": "", "ESTAMPA_CC": "2026-05-26 14:46:01" }, "geometry": { "type": "Point", "coordinates": [ -76.599710850643078, 3.423090514331626 ] } },
{ "type": "Feature", "properties": { "OBJECTID": 245, "CE": "Traslape propio", "CT": "", "ESTAMPA_CC": "2026-05-26 14:46:01" }, "geometry": { "type": "Point", "coordinates": [ -76.570532560767077, 3.398888428163581 ] } },
{ "type": "Feature", "properties": { "OBJECTID": 248, "CE": "Traslape propio", "CT": "", "ESTAMPA_CC": "2026-05-26 14:46:01" }, "geometry": { "type": "Point", "coordinates": [ -76.51052892808903, 3.370429858796292 ] } },
{ "type": "Feature", "properties": { "OBJECTID": 265, "CE": "Traslape propio", "CT": "", "ESTAMPA_CC": "2026-05-26 14:46:01" }, "geometry": { "type": "Point", "coordinates": [ -76.553233208697606, 3.360765918977516 ] } },
{ "type": "Feature", "properties": { "OBJECTID": 267, "CE": "Traslape propio", "CT": "", "ESTAMPA_CC": "2026-05-26 14:46:01" }, "geometry": { "type": "Point", "coordinates": [ -76.559244439972417, 3.356455644782234 ] } },
{ "type": "Feature", "properties": { "OBJECTID": 277, "CE": "Traslape propio", "CT": "", "ESTAMPA_CC": "2026-05-26 14:46:01" }, "geometry": { "type": "Point", "coordinates": [ -76.607713052182476, 3.319916714707297 ] } },
{ "type": "Feature", "properties": { "OBJECTID": 288, "CE": "NPN Manzana -> Terreno", "CT": "", "ESTAMPA_CC": "2026-05-26 14:46:01" }, "geometry": { "type": "Point", "coordinates": [ -76.514129407026473, 3.351061199528803 ] } },
{ "type": "Feature", "properties": { "OBJECTID": 290, "CE": "Traslape propio", "CT": "", "ESTAMPA_CC": "2026-05-26 14:46:01" }, "geometry": { "type": "Point", "coordinates": [ -76.568156083557099, 3.396468958220097 ] } },
{ "type": "Feature", "properties": { "OBJECTID": 312, "CE": "Traslape propio", "CT": "", "ESTAMPA_CC": "2026-05-26 14:46:01" }, "geometry": { "type": "Point", "coordinates": [ -76.575720382019156, 3.425303020761417 ] } },
{ "type": "Feature", "properties": { "OBJECTID": 313, "CE": "Traslape propio", "CT": "", "ESTAMPA_CC": "2026-05-26 14:46:01" }, "geometry": { "type": "Point", "coordinates": [ -76.582462028332245, 3.421000940152822 ] } },
{ "type": "Feature", "properties": { "OBJECTID": 316, "CE": "Traslape propio", "CT": "", "ESTAMPA_CC": "2026-05-26 14:46:01" }, "geometry": { "type": "Point", "coordinates": [ -76.601253513080209, 3.503136663529784 ] } },
{ "type": "Feature", "properties": { "OBJECTID": 318, "CE": "Traslape propio; NPN Manzana -> Terreno", "CT": "", "ESTAMPA_CC": "2026-05-26 14:46:01" }, "geometry": { "type": "Point", "coordinates": [ -76.543105275505994, 3.455267912793638 ] } },
{ "type": "Feature", "properties": { "OBJECTID": 330, "CE": "Traslape propio", "CT": "", "ESTAMPA_CC": "2026-05-26 14:46:01" }, "geometry": { "type": "Point", "coordinates": [ -76.54559082652051, 3.327721881832668 ] } },
{ "type": "Feature", "properties": { "OBJECTID": 337, "CE": "Traslape propio", "CT": "", "ESTAMPA_CC": "2026-05-26 14:46:01" }, "geometry": { "type": "Point", "coordinates": [ -76.573913386969778, 3.395441265822251 ] } },
{ "type": "Feature", "properties": { "OBJECTID": 338, "CE": "Traslape propio; NPN Manzana -> Terreno", "CT": "", "ESTAMPA_CC": "2026-05-26 14:46:01" }, "geometry": { "type": "Point", "coordinates": [ -76.520844038545746, 3.345690658692205 ] } },
{ "type": "Feature", "properties": { "OBJECTID": 339, "CE": "Traslape propio; NPN Manzana -> Terreno", "CT": "", "ESTAMPA_CC": "2026-05-26 14:46:01" }, "geometry": { "type": "Point", "coordinates": [ -76.520662967438568, 3.345678584573712 ] } },
{ "type": "Feature", "properties": { "OBJECTID": 341, "CE": "Traslape propio; NPN Manzana -> Terreno", "CT": "", "ESTAMPA_CC": "2026-05-26 14:46:01" }, "geometry": { "type": "Point", "coordinates": [ -76.518728328136618, 3.346225804648385 ] } },
{ "type": "Feature", "properties": { "OBJECTID": 342, "CE": "Traslape propio; NPN Manzana -> Terreno", "CT": "", "ESTAMPA_CC": "2026-05-26 14:46:01" }, "geometry": { "type": "Point", "coordinates": [ -76.518990544392778, 3.346519004046408 ] } },
{ "type": "Feature", "properties": { "OBJECTID": 343, "CE": "Traslape propio; NPN Manzana -> Terreno", "CT": "", "ESTAMPA_CC": "2026-05-26 14:46:01" }, "geometry": { "type": "Point", "coordinates": [ -76.518602797726558, 3.345861023593587 ] } },
{ "type": "Feature", "properties": { "OBJECTID": 346, "CE": "Traslape propio", "CT": "", "ESTAMPA_CC": "2026-05-26 14:46:01" }, "geometry": { "type": "Point", "coordinates": [ -76.574252442015023, 3.394326847917714 ] } },
{ "type": "Feature", "properties": { "OBJECTID": 347, "CE": "Traslape propio; NPN Manzana -> Terreno", "CT": "", "ESTAMPA_CC": "2026-05-26 14:46:01" }, "geometry": { "type": "Point", "coordinates": [ -76.500446120593452, 3.355398337005039 ] } },
{ "type": "Feature", "properties": { "OBJECTID": 348, "CE": "Traslape propio; NPN Manzana -> Terreno", "CT": "", "ESTAMPA_CC": "2026-05-26 14:46:01" }, "geometry": { "type": "Point", "coordinates": [ -76.505189198357073, 3.35702104748403 ] } },
{ "type": "Feature", "properties": { "OBJECTID": 349, "CE": "Traslape propio; NPN Manzana -> Terreno", "CT": "Terreno", "ESTAMPA_CC": "2026-05-26 14:46:01" }, "geometry": { "type": "Point", "coordinates": [ -76.499647663776656, 3.361279493368309 ] } },
{ "type": "Feature", "properties": { "OBJECTID": 354, "CE": "Traslape propio", "CT": "", "ESTAMPA_CC": "2026-05-26 14:46:01" }, "geometry": { "type": "Point", "coordinates": [ -76.482567147892851, 3.326120335888795 ] } },
{ "type": "Feature", "properties": { "OBJECTID": 355, "CE": "Traslape propio", "CT": "", "ESTAMPA_CC": "2026-05-26 14:46:01" }, "geometry": { "type": "Point", "coordinates": [ -76.601961142213398, 3.329686144798409 ] } },
{ "type": "Feature", "properties": { "OBJECTID": 356, "CE": "Traslape propio", "CT": "", "ESTAMPA_CC": "2026-05-26 14:46:01" }, "geometry": { "type": "Point", "coordinates": [ -76.555011755458281, 3.363093444587382 ] } },
{ "type": "Feature", "properties": { "OBJECTID": 358, "CE": "Traslape propio; NPN Manzana -> Terreno", "CT": "", "ESTAMPA_CC": "2026-05-26 14:46:01" }, "geometry": { "type": "Point", "coordinates": [ -76.461228785254903, 3.425837900456177 ] } },
{ "type": "Feature", "properties": { "OBJECTID": 383, "CE": "Traslape propio", "CT": "", "ESTAMPA_CC": "2026-05-26 14:46:01" }, "geometry": { "type": "Point", "coordinates": [ -76.567524942779627, 3.369696585261312 ] } },
{ "type": "Feature", "properties": { "OBJECTID": 389, "CE": "NPN Manzana -> Terreno", "CT": "", "ESTAMPA_CC": "2026-05-26 14:46:01" }, "geometry": { "type": "Point", "coordinates": [ -76.517116724699932, 3.360684294836957 ] } },
{ "type": "Feature", "properties": { "OBJECTID": 394, "CE": "Traslape propio", "CT": "", "ESTAMPA_CC": "2026-05-26 14:46:01" }, "geometry": { "type": "Point", "coordinates": [ -76.485242317223381, 3.31443518984528 ] } },
{ "type": "Feature", "properties": { "OBJECTID": 396, "CE": "Traslape propio", "CT": "", "ESTAMPA_CC": "2026-05-26 14:46:01" }, "geometry": { "type": "Point", "coordinates": [ -76.55584117552678, 3.480498581996105 ] } },
{ "type": "Feature", "properties": { "OBJECTID": 415, "CE": "Traslape propio; NPN Manzana -> Terreno", "CT": "", "ESTAMPA_CC": "2026-05-26 14:46:01" }, "geometry": { "type": "Point", "coordinates": [ -76.520585204347427, 3.346462454340425 ] } },
{ "type": "Feature", "properties": { "OBJECTID": 422, "CE": "Traslape propio; NPN Manzana -> Terreno", "CT": "", "ESTAMPA_CC": "2026-05-26 14:46:01" }, "geometry": { "type": "Point", "coordinates": [ -76.520129164010697, 3.346249129101717 ] } },
{ "type": "Feature", "properties": { "OBJECTID": 423, "CE": "NPN Manzana -> Terreno", "CT": "", "ESTAMPA_CC": "2026-05-26 14:46:01" }, "geometry": { "type": "Point", "coordinates": [ -76.519048293816212, 3.345922045298624 ] } },
{ "type": "Feature", "properties": { "OBJECTID": 434, "CE": "Traslape propio", "CT": "", "ESTAMPA_CC": "2026-05-26 14:46:01" }, "geometry": { "type": "Point", "coordinates": [ -76.545963658788992, 3.313327509926403 ] } },
{ "type": "Feature", "properties": { "OBJECTID": 438, "CE": "Traslape propio", "CT": "", "ESTAMPA_CC": "2026-05-26 14:46:01" }, "geometry": { "type": "Point", "coordinates": [ -76.644677626877908, 3.469867220197431 ] } },
{ "type": "Feature", "properties": { "OBJECTID": 442, "CE": "Traslape propio", "CT": "", "ESTAMPA_CC": "2026-05-26 14:46:01" }, "geometry": { "type": "Point", "coordinates": [ -76.570741879058787, 3.399066231854558 ] } },
{ "type": "Feature", "properties": { "OBJECTID": 459, "CE": "Traslape propio; NPN Manzana -> Terreno", "CT": "", "ESTAMPA_CC": "2026-05-26 14:46:01" }, "geometry": { "type": "Point", "coordinates": [ -76.496112328640919, 3.364817515619365 ] } },
{ "type": "Feature", "properties": { "OBJECTID": 487, "CE": "Traslape propio", "CT": "", "ESTAMPA_CC": "2026-05-26 14:46:01" }, "geometry": { "type": "Point", "coordinates": [ -76.511062942504211, 3.330055537684792 ] } },
{ "type": "Feature", "properties": { "OBJECTID": 492, "CE": "NPN Manzana -> Terreno", "CT": "", "ESTAMPA_CC": "2026-05-26 14:46:01" }, "geometry": { "type": "Point", "coordinates": [ -76.517300752895082, 3.358216648722154 ] } },
{ "type": "Feature", "properties": { "OBJECTID": 493, "CE": "NPN Manzana -> Terreno", "CT": "", "ESTAMPA_CC": "2026-05-26 14:46:01" }, "geometry": { "type": "Point", "coordinates": [ -76.519250324910487, 3.358171580701819 ] } },
{ "type": "Feature", "properties": { "OBJECTID": 498, "CE": "Traslape propio", "CT": "", "ESTAMPA_CC": "2026-05-26 14:46:01" }, "geometry": { "type": "Point", "coordinates": [ -76.59676301646833, 3.423228617902809 ] } },
{ "type": "Feature", "properties": { "OBJECTID": 522, "CE": "Traslape propio; NPN Manzana -> Terreno", "CT": "", "ESTAMPA_CC": "2026-05-26 14:46:01" }, "geometry": { "type": "Point", "coordinates": [ -76.518822464056811, 3.360295642995445 ] } },
{ "type": "Feature", "properties": { "OBJECTID": 599, "CE": "Traslape propio", "CT": "", "ESTAMPA_CC": "2026-05-26 14:46:01" }, "geometry": { "type": "Point", "coordinates": [ -76.529407565650629, 3.32508412250098 ] } },
{ "type": "Feature", "properties": { "OBJECTID": 607, "CE": "", "CT": "Terreno", "ESTAMPA_CC": "2026-05-26 14:46:01" }, "geometry": { "type": "Point", "coordinates": [ -76.527025782579003, 3.318348430139503 ] } },
{ "type": "Feature", "properties": { "OBJECTID": 608, "CE": "Traslape propio", "CT": "", "ESTAMPA_CC": "2026-05-26 14:46:01" }, "geometry": { "type": "Point", "coordinates": [ -76.529979864333797, 3.325099947174018 ] } },
{ "type": "Feature", "properties": { "OBJECTID": 609, "CE": "Traslape propio", "CT": "", "ESTAMPA_CC": "2026-05-26 14:46:01" }, "geometry": { "type": "Point", "coordinates": [ -76.569067928750215, 3.395567210916974 ] } },
{ "type": "Feature", "properties": { "OBJECTID": 618, "CE": "Traslape propio; NPN Manzana -> Terreno", "CT": "", "ESTAMPA_CC": "2026-05-26 14:46:01" }, "geometry": { "type": "Point", "coordinates": [ -76.519077255226676, 3.360797974296179 ] } },
{ "type": "Feature", "properties": { "OBJECTID": 635, "CE": "NPN Manzana -> Terreno", "CT": "", "ESTAMPA_CC": "2026-05-26 14:46:01" }, "geometry": { "type": "Point", "coordinates": [ -76.51033370235524, 3.349658972874071 ] } },
{ "type": "Feature", "properties": { "OBJECTID": 643, "CE": "Traslape propio", "CT": "", "ESTAMPA_CC": "2026-05-26 14:46:01" }, "geometry": { "type": "Point", "coordinates": [ -76.56903299143147, 3.394892654570009 ] } },
{ "type": "Feature", "properties": { "OBJECTID": 645, "CE": "Traslape propio", "CT": "", "ESTAMPA_CC": "2026-05-26 14:46:01" }, "geometry": { "type": "Point", "coordinates": [ -76.573020300484927, 3.393223955137492 ] } },
{ "type": "Feature", "properties": { "OBJECTID": 668, "CE": "Traslape propio", "CT": "", "ESTAMPA_CC": "2026-05-26 14:46:01" }, "geometry": { "type": "Point", "coordinates": [ -76.575992149285014, 3.391769941329351 ] } },
{ "type": "Feature", "properties": { "OBJECTID": 672, "CE": "Traslape propio", "CT": "", "ESTAMPA_CC": "2026-05-26 14:46:01" }, "geometry": { "type": "Point", "coordinates": [ -76.563884416361589, 3.378828565091295 ] } },
{ "type": "Feature", "properties": { "OBJECTID": 686, "CE": "Traslape propio", "CT": "", "ESTAMPA_CC": "2026-05-26 14:46:01" }, "geometry": { "type": "Point", "coordinates": [ -76.579328551875335, 3.42164884189002 ] } },
{ "type": "Feature", "properties": { "OBJECTID": 693, "CE": "Traslape propio", "CT": "", "ESTAMPA_CC": "2026-05-26 14:46:01" }, "geometry": { "type": "Point", "coordinates": [ -76.530564834341703, 3.330372732827462 ] } },
{ "type": "Feature", "properties": { "OBJECTID": 699, "CE": "NPN Manzana -> Terreno", "CT": "", "ESTAMPA_CC": "2026-05-26 14:46:01" }, "geometry": { "type": "Point", "coordinates": [ -76.51770962316796, 3.34857147131647 ] } },
{ "type": "Feature", "properties": { "OBJECTID": 705, "CE": "Traslape propio", "CT": "", "ESTAMPA_CC": "2026-05-26 14:46:01" }, "geometry": { "type": "Point", "coordinates": [ -76.568818040952564, 3.399566355382716 ] } },
{ "type": "Feature", "properties": { "OBJECTID": 706, "CE": "Traslape propio", "CT": "", "ESTAMPA_CC": "2026-05-26 14:46:01" }, "geometry": { "type": "Point", "coordinates": [ -76.577053100922399, 3.430635892815316 ] } },
{ "type": "Feature", "properties": { "OBJECTID": 726, "CE": "Traslape propio", "CT": "", "ESTAMPA_CC": "2026-05-26 14:46:01" }, "geometry": { "type": "Point", "coordinates": [ -76.50841964637479, 3.382260688556149 ] } },
{ "type": "Feature", "properties": { "OBJECTID": 728, "CE": "Traslape propio", "CT": "", "ESTAMPA_CC": "2026-05-26 14:46:01" }, "geometry": { "type": "Point", "coordinates": [ -76.511525578837549, 3.384067586321374 ] } },
{ "type": "Feature", "properties": { "OBJECTID": 744, "CE": "Traslape propio", "CT": "", "ESTAMPA_CC": "2026-05-26 14:46:01" }, "geometry": { "type": "Point", "coordinates": [ -76.605680557403588, 3.490919669048175 ] } },
{ "type": "Feature", "properties": { "OBJECTID": 748, "CE": "NPN Manzana -> Terreno", "CT": "", "ESTAMPA_CC": "2026-05-26 14:46:01" }, "geometry": { "type": "Point", "coordinates": [ -76.510856924877444, 3.350827466949075 ] } },
{ "type": "Feature", "properties": { "OBJECTID": 784, "CE": "Traslape propio", "CT": "", "ESTAMPA_CC": "2026-05-26 14:46:01" }, "geometry": { "type": "Point", "coordinates": [ -76.551311214460128, 3.31705867934318 ] } },
{ "type": "Feature", "properties": { "OBJECTID": 803, "CE": "NPN Manzana -> Terreno", "CT": "", "ESTAMPA_CC": "2026-05-26 14:46:01" }, "geometry": { "type": "Point", "coordinates": [ -76.51681138083957, 3.351587144243746 ] } },
{ "type": "Feature", "properties": { "OBJECTID": 804, "CE": "NPN Manzana -> Terreno", "CT": "", "ESTAMPA_CC": "2026-05-26 14:46:01" }, "geometry": { "type": "Point", "coordinates": [ -76.519328981515301, 3.357508585963374 ] } },
{ "type": "Feature", "properties": { "OBJECTID": 805, "CE": "NPN Manzana -> Terreno", "CT": "", "ESTAMPA_CC": "2026-05-26 14:46:01" }, "geometry": { "type": "Point", "coordinates": [ -76.523040691902409, 3.357430658733289 ] } },
{ "type": "Feature", "properties": { "OBJECTID": 806, "CE": "NPN Manzana -> Terreno", "CT": "", "ESTAMPA_CC": "2026-05-26 14:46:01" }, "geometry": { "type": "Point", "coordinates": [ -76.519836401659774, 3.351525678840547 ] } },
{ "type": "Feature", "properties": { "OBJECTID": 826, "CE": "NPN Manzana -> Terreno", "CT": "", "ESTAMPA_CC": "2026-05-26 14:46:01" }, "geometry": { "type": "Point", "coordinates": [ -76.516831303900261, 3.36227173657367 ] } },
{ "type": "Feature", "properties": { "OBJECTID": 832, "CE": "Traslape propio", "CT": "", "ESTAMPA_CC": "2026-05-26 14:46:01" }, "geometry": { "type": "Point", "coordinates": [ -76.575093369351492, 3.394806220401549 ] } },
{ "type": "Feature", "properties": { "OBJECTID": 846, "CE": "Traslape propio", "CT": "", "ESTAMPA_CC": "2026-05-26 14:46:01" }, "geometry": { "type": "Point", "coordinates": [ -76.559056610061504, 3.442508669131824 ] } },
{ "type": "Feature", "properties": { "OBJECTID": 865, "CE": "Traslape propio", "CT": "", "ESTAMPA_CC": "2026-05-26 14:46:01" }, "geometry": { "type": "Point", "coordinates": [ -76.532334340427653, 3.312214973392383 ] } },
{ "type": "Feature", "properties": { "OBJECTID": 877, "CE": "NPN Manzana -> Terreno", "CT": "", "ESTAMPA_CC": "2026-05-26 14:46:01" }, "geometry": { "type": "Point", "coordinates": [ -76.518342347271499, 3.356589165776876 ] } },
{ "type": "Feature", "properties": { "OBJECTID": 879, "CE": "Traslape propio", "CT": "", "ESTAMPA_CC": "2026-05-26 14:46:01" }, "geometry": { "type": "Point", "coordinates": [ -76.592986500450863, 3.392273333931645 ] } },
{ "type": "Feature", "properties": { "OBJECTID": 901, "CE": "NPN Manzana -> Terreno", "CT": "", "ESTAMPA_CC": "2026-05-26 14:46:01" }, "geometry": { "type": "Point", "coordinates": [ -76.520476807422881, 3.358229353273462 ] } },
{ "type": "Feature", "properties": { "OBJECTID": 905, "CE": "Traslape propio; NPN Manzana -> Terreno", "CT": "", "ESTAMPA_CC": "2026-05-26 14:46:01" }, "geometry": { "type": "Point", "coordinates": [ -76.556125184580623, 3.349859415871944 ] } },
{ "type": "Feature", "properties": { "OBJECTID": 933, "CE": "Traslape propio", "CT": "", "ESTAMPA_CC": "2026-05-26 14:46:01" }, "geometry": { "type": "Point", "coordinates": [ -76.575232443980696, 3.395745257687924 ] } },
{ "type": "Feature", "properties": { "OBJECTID": 939, "CE": "Traslape propio", "CT": "", "ESTAMPA_CC": "2026-05-26 14:46:01" }, "geometry": { "type": "Point", "coordinates": [ -76.539257996134978, 3.33035371193639 ] } },
{ "type": "Feature", "properties": { "OBJECTID": 944, "CE": "NPN Manzana -> Terreno", "CT": "", "ESTAMPA_CC": "2026-05-26 14:46:01" }, "geometry": { "type": "Point", "coordinates": [ -76.518396239060195, 3.356592410149516 ] } },
{ "type": "Feature", "properties": { "OBJECTID": 955, "CE": "Traslape propio", "CT": "", "ESTAMPA_CC": "2026-05-26 14:46:01" }, "geometry": { "type": "Point", "coordinates": [ -76.565861720508323, 3.371812910934942 ] } },
{ "type": "Feature", "properties": { "OBJECTID": 958, "CE": "Traslape propio; NPN Manzana -> Terreno", "CT": "", "ESTAMPA_CC": "2026-05-26 14:46:01" }, "geometry": { "type": "Point", "coordinates": [ -76.519458513693792, 3.354338332678114 ] } },
{ "type": "Feature", "properties": { "OBJECTID": 999, "CE": "", "CT": "Terreno", "ESTAMPA_CC": "2026-05-26 14:46:01" }, "geometry": { "type": "Point", "coordinates": [ -76.547215833408472, 3.32741375835787 ] } },
{ "type": "Feature", "properties": { "OBJECTID": 1010, "CE": "Traslape propio", "CT": "", "ESTAMPA_CC": "2026-05-26 14:46:01" }, "geometry": { "type": "Point", "coordinates": [ -76.553922197015723, 3.360763638605527 ] } },
{ "type": "Feature", "properties": { "OBJECTID": 1020, "CE": "Traslape propio", "CT": "", "ESTAMPA_CC": "2026-05-26 14:46:01" }, "geometry": { "type": "Point", "coordinates": [ -76.618763838911846, 3.451524984831062 ] } },
{ "type": "Feature", "properties": { "OBJECTID": 1032, "CE": "Traslape propio", "CT": "", "ESTAMPA_CC": "2026-05-26 14:46:01" }, "geometry": { "type": "Point", "coordinates": [ -76.584923078859831, 3.42043776160278 ] } },
{ "type": "Feature", "properties": { "OBJECTID": 1043, "CE": "Traslape propio", "CT": "", "ESTAMPA_CC": "2026-05-26 14:46:01" }, "geometry": { "type": "Point", "coordinates": [ -76.587572590129938, 3.393716356250688 ] } },
{ "type": "Feature", "properties": { "OBJECTID": 1044, "CE": "Traslape propio", "CT": "", "ESTAMPA_CC": "2026-05-26 14:46:01" }, "geometry": { "type": "Point", "coordinates": [ -76.579298092742064, 3.397829178541266 ] } },
{ "type": "Feature", "properties": { "OBJECTID": 1068, "CE": "Traslape propio", "CT": "", "ESTAMPA_CC": "2026-05-26 14:46:01" }, "geometry": { "type": "Point", "coordinates": [ -76.558855235353661, 3.349971459143724 ] } },
{ "type": "Feature", "properties": { "OBJECTID": 1069, "CE": "Traslape propio", "CT": "", "ESTAMPA_CC": "2026-05-26 14:46:01" }, "geometry": { "type": "Point", "coordinates": [ -76.557783340718387, 3.349759108850102 ] } },
{ "type": "Feature", "properties": { "OBJECTID": 1075, "CE": "Traslape propio", "CT": "", "ESTAMPA_CC": "2026-05-26 14:46:01" }, "geometry": { "type": "Point", "coordinates": [ -76.60755987034139, 3.489399915704479 ] } },
{ "type": "Feature", "properties": { "OBJECTID": 1113, "CE": "Traslape propio", "CT": "", "ESTAMPA_CC": "2026-05-26 14:46:01" }, "geometry": { "type": "Point", "coordinates": [ -76.547636083862457, 3.48651951902283 ] } },
{ "type": "Feature", "properties": { "OBJECTID": 1127, "CE": "Traslape propio", "CT": "", "ESTAMPA_CC": "2026-05-26 14:46:01" }, "geometry": { "type": "Point", "coordinates": [ -76.555868068044632, 3.34968739487013 ] } },
{ "type": "Feature", "properties": { "OBJECTID": 1157, "CE": "Traslape propio", "CT": "", "ESTAMPA_CC": "2026-05-26 14:46:01" }, "geometry": { "type": "Point", "coordinates": [ -76.569691351000486, 3.39972537777297 ] } },
{ "type": "Feature", "properties": { "OBJECTID": 1162, "CE": "Traslape propio", "CT": "", "ESTAMPA_CC": "2026-05-26 14:46:01" }, "geometry": { "type": "Point", "coordinates": [ -76.56859808725828, 3.395862873243802 ] } },
{ "type": "Feature", "properties": { "OBJECTID": 1168, "CE": "NPN Manzana -> Terreno", "CT": "", "ESTAMPA_CC": "2026-05-26 14:46:01" }, "geometry": { "type": "Point", "coordinates": [ -76.50885854159543, 3.354421745422589 ] } },
{ "type": "Feature", "properties": { "OBJECTID": 1171, "CE": "NPN Manzana -> Terreno", "CT": "", "ESTAMPA_CC": "2026-05-26 14:46:01" }, "geometry": { "type": "Point", "coordinates": [ -76.515670144378106, 3.359072431527345 ] } },
{ "type": "Feature", "properties": { "OBJECTID": 1180, "CE": "NPN Manzana -> Terreno", "CT": "", "ESTAMPA_CC": "2026-05-26 14:46:01" }, "geometry": { "type": "Point", "coordinates": [ -76.490446387514751, 3.368014845114717 ] } },
{ "type": "Feature", "properties": { "OBJECTID": 1185, "CE": "NPN Manzana -> Terreno", "CT": "", "ESTAMPA_CC": "2026-05-26 14:46:01" }, "geometry": { "type": "Point", "coordinates": [ -76.516918317936458, 3.352740319360683 ] } },
{ "type": "Feature", "properties": { "OBJECTID": 1210, "CE": "Traslape propio", "CT": "", "ESTAMPA_CC": "2026-05-26 14:46:01" }, "geometry": { "type": "Point", "coordinates": [ -76.516375383037158, 3.327641282985826 ] } },
{ "type": "Feature", "properties": { "OBJECTID": 1215, "CE": "Traslape propio", "CT": "", "ESTAMPA_CC": "2026-05-26 14:46:01" }, "geometry": { "type": "Point", "coordinates": [ -76.613567495067826, 3.5278813336518 ] } },
{ "type": "Feature", "properties": { "OBJECTID": 1219, "CE": "Traslape propio", "CT": "", "ESTAMPA_CC": "2026-05-26 14:46:01" }, "geometry": { "type": "Point", "coordinates": [ -76.577567524333475, 3.404768603356603 ] } },
{ "type": "Feature", "properties": { "OBJECTID": 1224, "CE": "Traslape propio", "CT": "", "ESTAMPA_CC": "2026-05-26 14:46:01" }, "geometry": { "type": "Point", "coordinates": [ -76.576723064008917, 3.429867002515636 ] } },
{ "type": "Feature", "properties": { "OBJECTID": 1230, "CE": "Traslape propio; NPN Manzana -> Terreno", "CT": "", "ESTAMPA_CC": "2026-05-26 14:46:01" }, "geometry": { "type": "Point", "coordinates": [ -76.519085604475222, 3.353513341473766 ] } },
{ "type": "Feature", "properties": { "OBJECTID": 1233, "CE": "Traslape propio", "CT": "", "ESTAMPA_CC": "2026-05-26 14:46:01" }, "geometry": { "type": "Point", "coordinates": [ -76.555395243424513, 3.479807529290041 ] } },
{ "type": "Feature", "properties": { "OBJECTID": 1238, "CE": "", "CT": "Terreno", "ESTAMPA_CC": "2026-05-26 14:46:01" }, "geometry": { "type": "Point", "coordinates": [ -76.585286530042836, 3.392255829147235 ] } },
{ "type": "Feature", "properties": { "OBJECTID": 1246, "CE": "Traslape propio", "CT": "", "ESTAMPA_CC": "2026-05-26 14:46:01" }, "geometry": { "type": "Point", "coordinates": [ -76.587135292080916, 3.520106322489094 ] } },
{ "type": "Feature", "properties": { "OBJECTID": 1247, "CE": "NPN Manzana -> Terreno", "CT": "", "ESTAMPA_CC": "2026-05-26 14:46:01" }, "geometry": { "type": "Point", "coordinates": [ -76.512547987183879, 3.351049196528605 ] } },
{ "type": "Feature", "properties": { "OBJECTID": 1252, "CE": "NPN Manzana -> Terreno", "CT": "", "ESTAMPA_CC": "2026-05-26 14:46:01" }, "geometry": { "type": "Point", "coordinates": [ -76.520978721556816, 3.354429501303854 ] } },
{ "type": "Feature", "properties": { "OBJECTID": 1254, "CE": "Traslape propio", "CT": "", "ESTAMPA_CC": "2026-05-26 14:46:01" }, "geometry": { "type": "Point", "coordinates": [ -76.555591314618894, 3.349167943896592 ] } },
{ "type": "Feature", "properties": { "OBJECTID": 1265, "CE": "Traslape propio", "CT": "", "ESTAMPA_CC": "2026-05-26 14:46:01" }, "geometry": { "type": "Point", "coordinates": [ -76.507978367610477, 3.382597951703215 ] } },
{ "type": "Feature", "properties": { "OBJECTID": 1266, "CE": "Traslape propio", "CT": "", "ESTAMPA_CC": "2026-05-26 14:46:01" }, "geometry": { "type": "Point", "coordinates": [ -76.550795732713908, 3.3473555229576 ] } },
{ "type": "Feature", "properties": { "OBJECTID": 1272, "CE": "Traslape propio", "CT": "", "ESTAMPA_CC": "2026-05-26 14:46:01" }, "geometry": { "type": "Point", "coordinates": [ -76.568437705232625, 3.386935367726112 ] } },
{ "type": "Feature", "properties": { "OBJECTID": 1278, "CE": "Traslape propio", "CT": "", "ESTAMPA_CC": "2026-05-26 14:46:01" }, "geometry": { "type": "Point", "coordinates": [ -76.553073489543152, 3.484516739989326 ] } },
{ "type": "Feature", "properties": { "OBJECTID": 1287, "CE": "Traslape propio", "CT": "", "ESTAMPA_CC": "2026-05-26 14:46:01" }, "geometry": { "type": "Point", "coordinates": [ -76.604216596818048, 3.513022663550354 ] } },
{ "type": "Feature", "properties": { "OBJECTID": 1288, "CE": "Traslape propio", "CT": "", "ESTAMPA_CC": "2026-05-26 14:46:01" }, "geometry": { "type": "Point", "coordinates": [ -76.604129260823257, 3.520351336119504 ] } },
{ "type": "Feature", "properties": { "OBJECTID": 1300, "CE": "Traslape propio", "CT": "", "ESTAMPA_CC": "2026-05-26 14:46:01" }, "geometry": { "type": "Point", "coordinates": [ -76.573341448669268, 3.396492366827986 ] } },
{ "type": "Feature", "properties": { "OBJECTID": 1301, "CE": "Traslape propio", "CT": "", "ESTAMPA_CC": "2026-05-26 14:46:01" }, "geometry": { "type": "Point", "coordinates": [ -76.606317782517323, 3.481092901508266 ] } },
{ "type": "Feature", "properties": { "OBJECTID": 1339, "CE": "Traslape propio", "CT": "", "ESTAMPA_CC": "2026-05-26 14:46:01" }, "geometry": { "type": "Point", "coordinates": [ -76.51685862425974, 3.306205550906598 ] } },
{ "type": "Feature", "properties": { "OBJECTID": 1354, "CE": "Traslape propio", "CT": "", "ESTAMPA_CC": "2026-05-26 14:46:01" }, "geometry": { "type": "Point", "coordinates": [ -76.571571311564597, 3.39595642976368 ] } },
{ "type": "Feature", "properties": { "OBJECTID": 1379, "CE": "Traslape propio", "CT": "", "ESTAMPA_CC": "2026-05-26 14:46:01" }, "geometry": { "type": "Point", "coordinates": [ -76.618711015567229, 3.47116484832165 ] } },
{ "type": "Feature", "properties": { "OBJECTID": 1380, "CE": "Traslape propio; NPN Manzana -> Terreno", "CT": "", "ESTAMPA_CC": "2026-05-26 14:46:01" }, "geometry": { "type": "Point", "coordinates": [ -76.493818084595787, 3.368634013355285 ] } },
{ "type": "Feature", "properties": { "OBJECTID": 1382, "CE": "Traslape propio", "CT": "", "ESTAMPA_CC": "2026-05-26 14:46:01" }, "geometry": { "type": "Point", "coordinates": [ -76.532661855771366, 3.312459416773655 ] } },
{ "type": "Feature", "properties": { "OBJECTID": 1395, "CE": "NPN Manzana -> Terreno", "CT": "", "ESTAMPA_CC": "2026-05-26 14:46:01" }, "geometry": { "type": "Point", "coordinates": [ -76.518257077757866, 3.359735865216123 ] } },
{ "type": "Feature", "properties": { "OBJECTID": 1396, "CE": "Traslape propio", "CT": "", "ESTAMPA_CC": "2026-05-26 14:46:01" }, "geometry": { "type": "Point", "coordinates": [ -76.5126600823438, 3.371130048348623 ] } },
{ "type": "Feature", "properties": { "OBJECTID": 1399, "CE": "Traslape propio", "CT": "", "ESTAMPA_CC": "2026-05-26 14:46:01" }, "geometry": { "type": "Point", "coordinates": [ -76.605437950736729, 3.485369041159439 ] } },
{ "type": "Feature", "properties": { "OBJECTID": 1417, "CE": "Traslape propio; NPN Manzana -> Terreno", "CT": "", "ESTAMPA_CC": "2026-05-26 14:46:01" }, "geometry": { "type": "Point", "coordinates": [ -76.515110970680055, 3.350296265211841 ] } },
{ "type": "Feature", "properties": { "OBJECTID": 1436, "CE": "Traslape propio", "CT": "", "ESTAMPA_CC": "2026-05-26 14:46:01" }, "geometry": { "type": "Point", "coordinates": [ -76.555876521186505, 3.471985000319278 ] } },
{ "type": "Feature", "properties": { "OBJECTID": 1461, "CE": "Traslape propio", "CT": "", "ESTAMPA_CC": "2026-05-26 14:46:01" }, "geometry": { "type": "Point", "coordinates": [ -76.560479186913796, 3.360284951678949 ] } },
{ "type": "Feature", "properties": { "OBJECTID": 1474, "CE": "Traslape propio", "CT": "", "ESTAMPA_CC": "2026-05-26 14:46:01" }, "geometry": { "type": "Point", "coordinates": [ -76.604123759744255, 3.488010728003877 ] } },
{ "type": "Feature", "properties": { "OBJECTID": 1477, "CE": "Traslape propio; NPN Manzana -> Terreno", "CT": "", "ESTAMPA_CC": "2026-05-26 14:46:01" }, "geometry": { "type": "Point", "coordinates": [ -76.49430491672004, 3.365474272544042 ] } },
{ "type": "Feature", "properties": { "OBJECTID": 1482, "CE": "", "CT": "Terreno", "ESTAMPA_CC": "2026-05-26 14:46:01" }, "geometry": { "type": "Point", "coordinates": [ -76.56093711344927, 3.362579477470301 ] } },
{ "type": "Feature", "properties": { "OBJECTID": 1497, "CE": "Traslape propio", "CT": "", "ESTAMPA_CC": "2026-05-26 14:46:01" }, "geometry": { "type": "Point", "coordinates": [ -76.585283917985677, 3.395484948528234 ] } },
{ "type": "Feature", "properties": { "OBJECTID": 1524, "CE": "NPN Manzana -> Terreno", "CT": "", "ESTAMPA_CC": "2026-05-26 14:46:01" }, "geometry": { "type": "Point", "coordinates": [ -76.516620616384287, 3.352175830745665 ] } },
{ "type": "Feature", "properties": { "OBJECTID": 1534, "CE": "Traslape propio", "CT": "", "ESTAMPA_CC": "2026-05-26 14:46:01" }, "geometry": { "type": "Point", "coordinates": [ -76.566285387135807, 3.37084554949952 ] } },
{ "type": "Feature", "properties": { "OBJECTID": 1543, "CE": "Traslape propio", "CT": "", "ESTAMPA_CC": "2026-05-26 14:46:01" }, "geometry": { "type": "Point", "coordinates": [ -76.555698346043528, 3.34892218746098 ] } },
{ "type": "Feature", "properties": { "OBJECTID": 1544, "CE": "Traslape propio", "CT": "", "ESTAMPA_CC": "2026-05-26 14:46:01" }, "geometry": { "type": "Point", "coordinates": [ -76.579253179388246, 3.397586836069939 ] } },
{ "type": "Feature", "properties": { "OBJECTID": 1545, "CE": "Traslape propio", "CT": "", "ESTAMPA_CC": "2026-05-26 14:46:01" }, "geometry": { "type": "Point", "coordinates": [ -76.642688217937376, 3.454189113755732 ] } },
{ "type": "Feature", "properties": { "OBJECTID": 1557, "CE": "Traslape propio", "CT": "", "ESTAMPA_CC": "2026-05-26 14:46:01" }, "geometry": { "type": "Point", "coordinates": [ -76.510066743682302, 3.383840038576702 ] } },
{ "type": "Feature", "properties": { "OBJECTID": 1569, "CE": "Traslape propio", "CT": "", "ESTAMPA_CC": "2026-05-26 14:46:01" }, "geometry": { "type": "Point", "coordinates": [ -76.549647420086515, 3.479975244080453 ] } },
{ "type": "Feature", "properties": { "OBJECTID": 1582, "CE": "Traslape propio", "CT": "", "ESTAMPA_CC": "2026-05-26 14:46:01" }, "geometry": { "type": "Point", "coordinates": [ -76.570804319704152, 3.413227106893449 ] } },
{ "type": "Feature", "properties": { "OBJECTID": 1603, "CE": "Traslape propio", "CT": "", "ESTAMPA_CC": "2026-05-26 14:46:01" }, "geometry": { "type": "Point", "coordinates": [ -76.558624006089318, 3.36372708112418 ] } },
{ "type": "Feature", "properties": { "OBJECTID": 1617, "CE": "Traslape propio", "CT": "", "ESTAMPA_CC": "2026-05-26 14:46:01" }, "geometry": { "type": "Point", "coordinates": [ -76.578021025966052, 3.416055753505978 ] } },
{ "type": "Feature", "properties": { "OBJECTID": 1622, "CE": "Traslape propio", "CT": "", "ESTAMPA_CC": "2026-05-26 14:46:01" }, "geometry": { "type": "Point", "coordinates": [ -76.54656134447535, 3.307993777967882 ] } },
{ "type": "Feature", "properties": { "OBJECTID": 1634, "CE": "NPN Manzana -> Terreno", "CT": "", "ESTAMPA_CC": "2026-05-26 14:46:01" }, "geometry": { "type": "Point", "coordinates": [ -76.492222998061692, 3.342236185253611 ] } },
{ "type": "Feature", "properties": { "OBJECTID": 1635, "CE": "NPN Manzana -> Terreno", "CT": "", "ESTAMPA_CC": "2026-05-26 14:46:01" }, "geometry": { "type": "Point", "coordinates": [ -76.5124408198065, 3.348921958011354 ] } },
{ "type": "Feature", "properties": { "OBJECTID": 1636, "CE": "NPN Manzana -> Terreno", "CT": "", "ESTAMPA_CC": "2026-05-26 14:46:01" }, "geometry": { "type": "Point", "coordinates": [ -76.511750562303106, 3.349206254871195 ] } },
{ "type": "Feature", "properties": { "OBJECTID": 1645, "CE": "NPN Manzana -> Terreno", "CT": "", "ESTAMPA_CC": "2026-05-26 14:46:01" }, "geometry": { "type": "Point", "coordinates": [ -76.513022541795763, 3.348300705561174 ] } },
{ "type": "Feature", "properties": { "OBJECTID": 1648, "CE": "Traslape propio", "CT": "", "ESTAMPA_CC": "2026-05-26 14:46:01" }, "geometry": { "type": "Point", "coordinates": [ -76.550032383029688, 3.324367094162165 ] } },
{ "type": "Feature", "properties": { "OBJECTID": 1649, "CE": "Error de área", "CT": "", "ESTAMPA_CC": "2026-05-26 14:46:01" }, "geometry": { "type": "Point", "coordinates": [ -76.550807797066454, 3.325664357184131 ] } },
{ "type": "Feature", "properties": { "OBJECTID": 1679, "CE": "Traslape propio; NPN Manzana -> Terreno", "CT": "", "ESTAMPA_CC": "2026-05-26 14:46:01" }, "geometry": { "type": "Point", "coordinates": [ -76.520211815621593, 3.345648501979047 ] } },
{ "type": "Feature", "properties": { "OBJECTID": 1680, "CE": "Traslape propio; NPN Manzana -> Terreno", "CT": "", "ESTAMPA_CC": "2026-05-26 14:46:01" }, "geometry": { "type": "Point", "coordinates": [ -76.520853630449849, 3.345545375053814 ] } },
{ "type": "Feature", "properties": { "OBJECTID": 1681, "CE": "Traslape propio; NPN Manzana -> Terreno", "CT": "", "ESTAMPA_CC": "2026-05-26 14:46:01" }, "geometry": { "type": "Point", "coordinates": [ -76.520492640503576, 3.345515380719572 ] } },
{ "type": "Feature", "properties": { "OBJECTID": 1690, "CE": "NPN Manzana -> Terreno", "CT": "", "ESTAMPA_CC": "2026-05-26 14:46:01" }, "geometry": { "type": "Point", "coordinates": [ -76.501815359013705, 3.343033420401726 ] } },
{ "type": "Feature", "properties": { "OBJECTID": 1723, "CE": "Traslape propio", "CT": "", "ESTAMPA_CC": "2026-05-26 14:46:01" }, "geometry": { "type": "Point", "coordinates": [ -76.581612348756536, 3.499461803608102 ] } },
{ "type": "Feature", "properties": { "OBJECTID": 1745, "CE": "NPN Manzana -> Terreno", "CT": "", "ESTAMPA_CC": "2026-05-26 14:46:01" }, "geometry": { "type": "Point", "coordinates": [ -76.522000117353315, 3.354909838463519 ] } },
{ "type": "Feature", "properties": { "OBJECTID": 1754, "CE": "NPN Manzana -> Terreno", "CT": "", "ESTAMPA_CC": "2026-05-26 14:46:01" }, "geometry": { "type": "Point", "coordinates": [ -76.490288921610556, 3.355912675960511 ] } },
{ "type": "Feature", "properties": { "OBJECTID": 1755, "CE": "NPN Manzana -> Terreno", "CT": "", "ESTAMPA_CC": "2026-05-26 14:46:01" }, "geometry": { "type": "Point", "coordinates": [ -76.494333983890726, 3.354300222778101 ] } },
{ "type": "Feature", "properties": { "OBJECTID": 1756, "CE": "NPN Manzana -> Terreno", "CT": "", "ESTAMPA_CC": "2026-05-26 14:46:01" }, "geometry": { "type": "Point", "coordinates": [ -76.517361317998009, 3.357134879786238 ] } },
{ "type": "Feature", "properties": { "OBJECTID": 1765, "CE": "Traslape propio", "CT": "", "ESTAMPA_CC": "2026-05-26 14:46:01" }, "geometry": { "type": "Point", "coordinates": [ -76.51868281014076, 3.311280199210175 ] } },
{ "type": "Feature", "properties": { "OBJECTID": 1771, "CE": "Traslape propio", "CT": "", "ESTAMPA_CC": "2026-05-26 14:46:01" }, "geometry": { "type": "Point", "coordinates": [ -76.558853647616971, 3.351585024643113 ] } },
{ "type": "Feature", "properties": { "OBJECTID": 1777, "CE": "Traslape propio", "CT": "", "ESTAMPA_CC": "2026-05-26 14:46:01" }, "geometry": { "type": "Point", "coordinates": [ -76.513010362012693, 3.370746407099306 ] } },
{ "type": "Feature", "properties": { "OBJECTID": 1781, "CE": "Traslape propio", "CT": "", "ESTAMPA_CC": "2026-05-26 14:46:01" }, "geometry": { "type": "Point", "coordinates": [ -76.63309279344638, 3.462506020275448 ] } },
{ "type": "Feature", "properties": { "OBJECTID": 1786, "CE": "NPN Manzana -> Terreno", "CT": "", "ESTAMPA_CC": "2026-05-26 14:46:01" }, "geometry": { "type": "Point", "coordinates": [ -76.521947768171785, 3.355805152477107 ] } },
{ "type": "Feature", "properties": { "OBJECTID": 1790, "CE": "Traslape propio", "CT": "", "ESTAMPA_CC": "2026-05-26 14:46:01" }, "geometry": { "type": "Point", "coordinates": [ -76.566838696663069, 3.369626555670397 ] } },
{ "type": "Feature", "properties": { "OBJECTID": 1809, "CE": "NPN Manzana -> Terreno", "CT": "", "ESTAMPA_CC": "2026-05-26 14:46:01" }, "geometry": { "type": "Point", "coordinates": [ -76.512532933010135, 3.34872810049993 ] } },
{ "type": "Feature", "properties": { "OBJECTID": 1853, "CE": "NPN Manzana -> Terreno", "CT": "", "ESTAMPA_CC": "2026-05-26 14:46:01" }, "geometry": { "type": "Point", "coordinates": [ -76.51274441814293, 3.350082853008295 ] } },
{ "type": "Feature", "properties": { "OBJECTID": 1854, "CE": "NPN Manzana -> Terreno", "CT": "", "ESTAMPA_CC": "2026-05-26 14:46:01" }, "geometry": { "type": "Point", "coordinates": [ -76.513383090348285, 3.348749607234171 ] } },
{ "type": "Feature", "properties": { "OBJECTID": 1857, "CE": "Traslape propio", "CT": "", "ESTAMPA_CC": "2026-05-26 14:46:01" }, "geometry": { "type": "Point", "coordinates": [ -76.635856531060455, 3.328278874975445 ] } },
{ "type": "Feature", "properties": { "OBJECTID": 1866, "CE": "Traslape propio", "CT": "", "ESTAMPA_CC": "2026-05-26 14:46:01" }, "geometry": { "type": "Point", "coordinates": [ -76.55756821022824, 3.352265004200887 ] } },
{ "type": "Feature", "properties": { "OBJECTID": 1869, "CE": "Traslape propio", "CT": "", "ESTAMPA_CC": "2026-05-26 14:46:01" }, "geometry": { "type": "Point", "coordinates": [ -76.536308435420608, 3.331007063699568 ] } },
{ "type": "Feature", "properties": { "OBJECTID": 1876, "CE": "Traslape propio", "CT": "", "ESTAMPA_CC": "2026-05-26 14:46:01" }, "geometry": { "type": "Point", "coordinates": [ -76.569193004354005, 3.395185057764532 ] } },
{ "type": "Feature", "properties": { "OBJECTID": 1910, "CE": "Traslape propio", "CT": "", "ESTAMPA_CC": "2026-05-26 14:46:01" }, "geometry": { "type": "Point", "coordinates": [ -76.559566657615605, 3.362197307524532 ] } },
{ "type": "Feature", "properties": { "OBJECTID": 1925, "CE": "NPN Manzana -> Terreno", "CT": "", "ESTAMPA_CC": "2026-05-26 14:46:01" }, "geometry": { "type": "Point", "coordinates": [ -76.497412506503181, 3.345248278542335 ] } },
{ "type": "Feature", "properties": { "OBJECTID": 1934, "CE": "NPN Manzana -> Terreno", "CT": "", "ESTAMPA_CC": "2026-05-26 14:46:01" }, "geometry": { "type": "Point", "coordinates": [ -76.516687073764771, 3.353946845114005 ] } },
{ "type": "Feature", "properties": { "OBJECTID": 1935, "CE": "Traslape propio; NPN Manzana -> Terreno", "CT": "", "ESTAMPA_CC": "2026-05-26 14:46:01" }, "geometry": { "type": "Point", "coordinates": [ -76.511822014631235, 3.35244952897347 ] } },
{ "type": "Feature", "properties": { "OBJECTID": 1937, "CE": "Traslape propio", "CT": "", "ESTAMPA_CC": "2026-05-26 14:46:01" }, "geometry": { "type": "Point", "coordinates": [ -76.507308446025235, 3.380309755732935 ] } },
{ "type": "Feature", "properties": { "OBJECTID": 1946, "CE": "Traslape propio", "CT": "", "ESTAMPA_CC": "2026-05-26 14:46:01" }, "geometry": { "type": "Point", "coordinates": [ -76.511484696873509, 3.367754417065961 ] } },
{ "type": "Feature", "properties": { "OBJECTID": 1949, "CE": "NPN Manzana -> Terreno", "CT": "", "ESTAMPA_CC": "2026-05-26 14:46:01" }, "geometry": { "type": "Point", "coordinates": [ -76.50853449949075, 3.353842950501972 ] } },
{ "type": "Feature", "properties": { "OBJECTID": 1973, "CE": "Traslape propio", "CT": "", "ESTAMPA_CC": "2026-05-26 14:46:01" }, "geometry": { "type": "Point", "coordinates": [ -76.66997699310096, 3.453196260795163 ] } },
{ "type": "Feature", "properties": { "OBJECTID": 1980, "CE": "Traslape propio", "CT": "", "ESTAMPA_CC": "2026-05-26 14:46:01" }, "geometry": { "type": "Point", "coordinates": [ -76.538744979655235, 3.330495338575836 ] } },
{ "type": "Feature", "properties": { "OBJECTID": 1981, "CE": "Traslape propio", "CT": "", "ESTAMPA_CC": "2026-05-26 14:46:01" }, "geometry": { "type": "Point", "coordinates": [ -76.576397946658318, 3.430982820174205 ] } },
{ "type": "Feature", "properties": { "OBJECTID": 1994, "CE": "Traslape propio", "CT": "", "ESTAMPA_CC": "2026-05-26 14:46:01" }, "geometry": { "type": "Point", "coordinates": [ -76.572962329921921, 3.392749433243351 ] } },
{ "type": "Feature", "properties": { "OBJECTID": 2030, "CE": "Traslape propio", "CT": "", "ESTAMPA_CC": "2026-05-26 14:46:01" }, "geometry": { "type": "Point", "coordinates": [ -76.602302826958649, 3.521593912353266 ] } },
{ "type": "Feature", "properties": { "OBJECTID": 2036, "CE": "NPN Manzana -> Terreno", "CT": "", "ESTAMPA_CC": "2026-05-26 14:46:01" }, "geometry": { "type": "Point", "coordinates": [ -76.562842194788459, 3.424794667202837 ] } },
{ "type": "Feature", "properties": { "OBJECTID": 2052, "CE": "Traslape propio; NPN Manzana -> Terreno", "CT": "", "ESTAMPA_CC": "2026-05-26 14:46:01" }, "geometry": { "type": "Point", "coordinates": [ -76.508517285255365, 3.366956879505164 ] } },
{ "type": "Feature", "properties": { "OBJECTID": 2059, "CE": "Traslape propio", "CT": "", "ESTAMPA_CC": "2026-05-26 14:46:01" }, "geometry": { "type": "Point", "coordinates": [ -76.526237567232187, 3.325982617669283 ] } },
{ "type": "Feature", "properties": { "OBJECTID": 2061, "CE": "Traslape propio", "CT": "", "ESTAMPA_CC": "2026-05-26 14:46:01" }, "geometry": { "type": "Point", "coordinates": [ -76.567657286074436, 3.421727788368912 ] } },
{ "type": "Feature", "properties": { "OBJECTID": 2062, "CE": "Traslape propio", "CT": "", "ESTAMPA_CC": "2026-05-26 14:46:01" }, "geometry": { "type": "Point", "coordinates": [ -76.550090630100513, 3.323918089491392 ] } },
{ "type": "Feature", "properties": { "OBJECTID": 2074, "CE": "Traslape propio", "CT": "", "ESTAMPA_CC": "2026-05-26 14:46:01" }, "geometry": { "type": "Point", "coordinates": [ -76.569215416074684, 3.395567893272025 ] } },
{ "type": "Feature", "properties": { "OBJECTID": 2082, "CE": "NPN Manzana -> Terreno", "CT": "", "ESTAMPA_CC": "2026-05-26 14:46:01" }, "geometry": { "type": "Point", "coordinates": [ -76.511689414397523, 3.353685434389134 ] } },
{ "type": "Feature", "properties": { "OBJECTID": 2108, "CE": "Traslape propio", "CT": "", "ESTAMPA_CC": "2026-05-26 14:46:01" }, "geometry": { "type": "Point", "coordinates": [ -76.510320983960995, 3.329940825273864 ] } },
{ "type": "Feature", "properties": { "OBJECTID": 2110, "CE": "NPN Manzana -> Terreno", "CT": "", "ESTAMPA_CC": "2026-05-26 14:46:01" }, "geometry": { "type": "Point", "coordinates": [ -76.511432821954841, 3.348892452236965 ] } },
{ "type": "Feature", "properties": { "OBJECTID": 2111, "CE": "Traslape propio; NPN Manzana -> Terreno", "CT": "", "ESTAMPA_CC": "2026-05-26 14:46:01" }, "geometry": { "type": "Point", "coordinates": [ -76.520663396778858, 3.341893701171407 ] } },
{ "type": "Feature", "properties": { "OBJECTID": 2117, "CE": "Traslape propio", "CT": "", "ESTAMPA_CC": "2026-05-26 14:46:01" }, "geometry": { "type": "Point", "coordinates": [ -76.571298447888239, 3.328927925345235 ] } },
{ "type": "Feature", "properties": { "OBJECTID": 2136, "CE": "Traslape propio; NPN Manzana -> Terreno", "CT": "", "ESTAMPA_CC": "2026-05-26 14:46:01" }, "geometry": { "type": "Point", "coordinates": [ -76.507979784510596, 3.366350219376808 ] } },
{ "type": "Feature", "properties": { "OBJECTID": 2143, "CE": "Traslape propio", "CT": "", "ESTAMPA_CC": "2026-05-26 14:46:01" }, "geometry": { "type": "Point", "coordinates": [ -76.606753392355699, 3.436856720172143 ] } },
{ "type": "Feature", "properties": { "OBJECTID": 2150, "CE": "Traslape propio", "CT": "", "ESTAMPA_CC": "2026-05-26 14:46:01" }, "geometry": { "type": "Point", "coordinates": [ -76.565361080469131, 3.379620231017452 ] } },
{ "type": "Feature", "properties": { "OBJECTID": 2151, "CE": "Traslape propio", "CT": "", "ESTAMPA_CC": "2026-05-26 14:46:01" }, "geometry": { "type": "Point", "coordinates": [ -76.54752816486166, 3.326118262383468 ] } },
{ "type": "Feature", "properties": { "OBJECTID": 2171, "CE": "Traslape propio", "CT": "", "ESTAMPA_CC": "2026-05-26 14:46:01" }, "geometry": { "type": "Point", "coordinates": [ -76.552793461863075, 3.470716497248314 ] } },
{ "type": "Feature", "properties": { "OBJECTID": 2174, "CE": "Traslape propio", "CT": "", "ESTAMPA_CC": "2026-05-26 14:46:01" }, "geometry": { "type": "Point", "coordinates": [ -76.557171480153187, 3.469695936186679 ] } },
{ "type": "Feature", "properties": { "OBJECTID": 2189, "CE": "Traslape propio", "CT": "", "ESTAMPA_CC": "2026-05-26 14:46:01" }, "geometry": { "type": "Point", "coordinates": [ -76.520598734757854, 3.310902220389669 ] } },
{ "type": "Feature", "properties": { "OBJECTID": 2198, "CE": "Traslape propio", "CT": "", "ESTAMPA_CC": "2026-05-26 14:46:01" }, "geometry": { "type": "Point", "coordinates": [ -76.527624262525975, 3.32630176444603 ] } },
{ "type": "Feature", "properties": { "OBJECTID": 2207, "CE": "Traslape propio", "CT": "", "ESTAMPA_CC": "2026-05-26 14:46:01" }, "geometry": { "type": "Point", "coordinates": [ -76.56070965194877, 3.427847584165922 ] } },
{ "type": "Feature", "properties": { "OBJECTID": 2209, "CE": "NPN Manzana -> Terreno", "CT": "", "ESTAMPA_CC": "2026-05-26 14:46:01" }, "geometry": { "type": "Point", "coordinates": [ -76.517934682601194, 3.359038752937886 ] } },
{ "type": "Feature", "properties": { "OBJECTID": 2214, "CE": "Traslape propio", "CT": "", "ESTAMPA_CC": "2026-05-26 14:46:01" }, "geometry": { "type": "Point", "coordinates": [ -76.567545118551749, 3.421737822792849 ] } },
{ "type": "Feature", "properties": { "OBJECTID": 2238, "CE": "Traslape propio", "CT": "", "ESTAMPA_CC": "2026-05-26 14:46:01" }, "geometry": { "type": "Point", "coordinates": [ -76.552837892174978, 3.439166563890379 ] } },
{ "type": "Feature", "properties": { "OBJECTID": 2248, "CE": "Traslape propio", "CT": "", "ESTAMPA_CC": "2026-05-26 14:46:01" }, "geometry": { "type": "Point", "coordinates": [ -76.511594305757328, 3.364592885161811 ] } },
{ "type": "Feature", "properties": { "OBJECTID": 2250, "CE": "Traslape propio", "CT": "", "ESTAMPA_CC": "2026-05-26 14:46:01" }, "geometry": { "type": "Point", "coordinates": [ -76.608142977845333, 3.486633679846149 ] } },
{ "type": "Feature", "properties": { "OBJECTID": 2258, "CE": "Traslape propio", "CT": "", "ESTAMPA_CC": "2026-05-26 14:46:01" }, "geometry": { "type": "Point", "coordinates": [ -76.569212212993122, 3.448364428303953 ] } },
{ "type": "Feature", "properties": { "OBJECTID": 2266, "CE": "Traslape propio", "CT": "", "ESTAMPA_CC": "2026-05-26 14:46:01" }, "geometry": { "type": "Point", "coordinates": [ -76.511483749236717, 3.367306104548308 ] } },
{ "type": "Feature", "properties": { "OBJECTID": 2314, "CE": "Traslape propio", "CT": "", "ESTAMPA_CC": "2026-05-26 14:46:01" }, "geometry": { "type": "Point", "coordinates": [ -76.609133755560705, 3.535571584535528 ] } },
{ "type": "Feature", "properties": { "OBJECTID": 2319, "CE": "Traslape propio", "CT": "", "ESTAMPA_CC": "2026-05-26 14:46:01" }, "geometry": { "type": "Point", "coordinates": [ -76.565536032920178, 3.507286943151522 ] } },
{ "type": "Feature", "properties": { "OBJECTID": 2332, "CE": "Traslape propio", "CT": "", "ESTAMPA_CC": "2026-05-26 14:46:01" }, "geometry": { "type": "Point", "coordinates": [ -76.572999274169092, 3.378604437741088 ] } },
{ "type": "Feature", "properties": { "OBJECTID": 2372, "CE": "NPN Manzana -> Terreno", "CT": "", "ESTAMPA_CC": "2026-05-26 14:46:01" }, "geometry": { "type": "Point", "coordinates": [ -76.491339618370944, 3.317004498495224 ] } },
{ "type": "Feature", "properties": { "OBJECTID": 2373, "CE": "NPN Manzana -> Terreno", "CT": "", "ESTAMPA_CC": "2026-05-26 14:46:01" }, "geometry": { "type": "Point", "coordinates": [ -76.521461011655376, 3.352433006202739 ] } },
{ "type": "Feature", "properties": { "OBJECTID": 2395, "CE": "Traslape propio", "CT": "", "ESTAMPA_CC": "2026-05-26 14:46:01" }, "geometry": { "type": "Point", "coordinates": [ -76.539199667917714, 3.329670694862263 ] } },
{ "type": "Feature", "properties": { "OBJECTID": 2400, "CE": "Traslape propio; NPN Manzana -> Terreno", "CT": "", "ESTAMPA_CC": "2026-05-26 14:46:01" }, "geometry": { "type": "Point", "coordinates": [ -76.510956466455838, 3.35221342560537 ] } },
{ "type": "Feature", "properties": { "OBJECTID": 2407, "CE": "Traslape propio", "CT": "", "ESTAMPA_CC": "2026-05-26 14:46:01" }, "geometry": { "type": "Point", "coordinates": [ -76.556562148882108, 3.362935847992464 ] } },
{ "type": "Feature", "properties": { "OBJECTID": 2433, "CE": "NPN Manzana -> Terreno", "CT": "", "ESTAMPA_CC": "2026-05-26 14:46:01" }, "geometry": { "type": "Point", "coordinates": [ -76.490055725682979, 3.343791083166396 ] } },
{ "type": "Feature", "properties": { "OBJECTID": 2438, "CE": "Traslape propio", "CT": "", "ESTAMPA_CC": "2026-05-26 14:46:01" }, "geometry": { "type": "Point", "coordinates": [ -76.538296790676739, 3.330419437703858 ] } },
{ "type": "Feature", "properties": { "OBJECTID": 2444, "CE": "Traslape propio", "CT": "", "ESTAMPA_CC": "2026-05-26 14:46:01" }, "geometry": { "type": "Point", "coordinates": [ -76.61227826872738, 3.492138511974569 ] } },
{ "type": "Feature", "properties": { "OBJECTID": 2449, "CE": "NPN Manzana -> Terreno", "CT": "", "ESTAMPA_CC": "2026-05-26 14:46:01" }, "geometry": { "type": "Point", "coordinates": [ -76.516371412081213, 3.355260367337953 ] } },
{ "type": "Feature", "properties": { "OBJECTID": 2470, "CE": "Traslape propio", "CT": "", "ESTAMPA_CC": "2026-05-26 14:46:01" }, "geometry": { "type": "Point", "coordinates": [ -76.540195117407407, 3.331023146071875 ] } },
{ "type": "Feature", "properties": { "OBJECTID": 2482, "CE": "Traslape propio", "CT": "", "ESTAMPA_CC": "2026-05-26 14:46:01" }, "geometry": { "type": "Point", "coordinates": [ -76.548772500419489, 3.321271939294064 ] } },
{ "type": "Feature", "properties": { "OBJECTID": 2486, "CE": "Traslape propio", "CT": "", "ESTAMPA_CC": "2026-05-26 14:46:01" }, "geometry": { "type": "Point", "coordinates": [ -76.597427787943374, 3.506449292223827 ] } },
{ "type": "Feature", "properties": { "OBJECTID": 2495, "CE": "Traslape propio; NPN Manzana -> Terreno", "CT": "", "ESTAMPA_CC": "2026-05-26 14:46:01" }, "geometry": { "type": "Point", "coordinates": [ -76.509669298536821, 3.353693585016358 ] } },
{ "type": "Feature", "properties": { "OBJECTID": 2507, "CE": "Traslape propio", "CT": "", "ESTAMPA_CC": "2026-05-26 14:46:01" }, "geometry": { "type": "Point", "coordinates": [ -76.53561406812149, 3.32247164295022 ] } },
{ "type": "Feature", "properties": { "OBJECTID": 2522, "CE": "Traslape propio", "CT": "", "ESTAMPA_CC": "2026-05-26 14:46:01" }, "geometry": { "type": "Point", "coordinates": [ -76.511203762573828, 3.367965766075317 ] } },
{ "type": "Feature", "properties": { "OBJECTID": 2532, "CE": "Traslape propio", "CT": "", "ESTAMPA_CC": "2026-05-26 14:46:01" }, "geometry": { "type": "Point", "coordinates": [ -76.554305436712013, 3.441510972707902 ] } },
{ "type": "Feature", "properties": { "OBJECTID": 2534, "CE": "Traslape propio", "CT": "", "ESTAMPA_CC": "2026-05-26 14:46:01" }, "geometry": { "type": "Point", "coordinates": [ -76.572564858933845, 3.379133812530215 ] } },
{ "type": "Feature", "properties": { "OBJECTID": 2545, "CE": "Traslape propio", "CT": "", "ESTAMPA_CC": "2026-05-26 14:46:01" }, "geometry": { "type": "Point", "coordinates": [ -76.60582972305933, 3.491434746979087 ] } },
{ "type": "Feature", "properties": { "OBJECTID": 2547, "CE": "Traslape propio", "CT": "", "ESTAMPA_CC": "2026-05-26 14:46:01" }, "geometry": { "type": "Point", "coordinates": [ -76.577909760838864, 3.399856701047684 ] } },
{ "type": "Feature", "properties": { "OBJECTID": 2588, "CE": "NPN Manzana -> Terreno", "CT": "", "ESTAMPA_CC": "2026-05-26 14:46:01" }, "geometry": { "type": "Point", "coordinates": [ -76.510266448332146, 3.351294054233328 ] } },
{ "type": "Feature", "properties": { "OBJECTID": 2590, "CE": "Traslape propio", "CT": "", "ESTAMPA_CC": "2026-05-26 14:46:01" }, "geometry": { "type": "Point", "coordinates": [ -76.538845467522265, 3.328956586939052 ] } },
{ "type": "Feature", "properties": { "OBJECTID": 2593, "CE": "Traslape propio", "CT": "", "ESTAMPA_CC": "2026-05-26 14:46:01" }, "geometry": { "type": "Point", "coordinates": [ -76.556811926500657, 3.356378892407006 ] } },
{ "type": "Feature", "properties": { "OBJECTID": 2611, "CE": "Traslape propio", "CT": "", "ESTAMPA_CC": "2026-05-26 14:46:01" }, "geometry": { "type": "Point", "coordinates": [ -76.569518963491447, 3.395634293435316 ] } },
{ "type": "Feature", "properties": { "OBJECTID": 2616, "CE": "Traslape propio", "CT": "", "ESTAMPA_CC": "2026-05-26 14:46:01" }, "geometry": { "type": "Point", "coordinates": [ -76.542149432643015, 3.456450823325674 ] } },
{ "type": "Feature", "properties": { "OBJECTID": 2638, "CE": "Traslape propio", "CT": "", "ESTAMPA_CC": "2026-05-26 14:46:01" }, "geometry": { "type": "Point", "coordinates": [ -76.549965279511568, 3.347420821361247 ] } },
{ "type": "Feature", "properties": { "OBJECTID": 2642, "CE": "Traslape propio", "CT": "", "ESTAMPA_CC": "2026-05-26 14:46:01" }, "geometry": { "type": "Point", "coordinates": [ -76.549485441949869, 3.483073743376109 ] } },
{ "type": "Feature", "properties": { "OBJECTID": 2655, "CE": "Traslape propio", "CT": "", "ESTAMPA_CC": "2026-05-26 14:46:01" }, "geometry": { "type": "Point", "coordinates": [ -76.554559271063226, 3.350401585922416 ] } },
{ "type": "Feature", "properties": { "OBJECTID": 2660, "CE": "Traslape propio", "CT": "", "ESTAMPA_CC": "2026-05-26 14:46:01" }, "geometry": { "type": "Point", "coordinates": [ -76.558889141876875, 3.468131530929343 ] } },
{ "type": "Feature", "properties": { "OBJECTID": 2663, "CE": "Traslape propio", "CT": "", "ESTAMPA_CC": "2026-05-26 14:46:01" }, "geometry": { "type": "Point", "coordinates": [ -76.5586630353705, 3.469097610311264 ] } },
{ "type": "Feature", "properties": { "OBJECTID": 2675, "CE": "NPN Manzana -> Terreno", "CT": "", "ESTAMPA_CC": "2026-05-26 14:46:01" }, "geometry": { "type": "Point", "coordinates": [ -76.511222094289451, 3.350283257928219 ] } },
{ "type": "Feature", "properties": { "OBJECTID": 2693, "CE": "NPN Manzana -> Terreno", "CT": "", "ESTAMPA_CC": "2026-05-26 14:46:01" }, "geometry": { "type": "Point", "coordinates": [ -76.521447160674171, 3.357182827397921 ] } },
{ "type": "Feature", "properties": { "OBJECTID": 2695, "CE": "Traslape propio; NPN Manzana -> Terreno", "CT": "", "ESTAMPA_CC": "2026-05-26 14:46:01" }, "geometry": { "type": "Point", "coordinates": [ -76.511120692943166, 3.352430100623181 ] } },
{ "type": "Feature", "properties": { "OBJECTID": 2699, "CE": "Traslape propio", "CT": "", "ESTAMPA_CC": "2026-05-26 14:46:01" }, "geometry": { "type": "Point", "coordinates": [ -76.553863250019589, 3.349368658427744 ] } },
{ "type": "Feature", "properties": { "OBJECTID": 2732, "CE": "NPN Manzana -> Terreno", "CT": "", "ESTAMPA_CC": "2026-05-26 14:46:01" }, "geometry": { "type": "Point", "coordinates": [ -76.502826738094441, 3.34303343983177 ] } },
{ "type": "Feature", "properties": { "OBJECTID": 2736, "CE": "NPN Manzana -> Terreno", "CT": "", "ESTAMPA_CC": "2026-05-26 14:46:01" }, "geometry": { "type": "Point", "coordinates": [ -76.51130086119467, 3.353746097124754 ] } },
{ "type": "Feature", "properties": { "OBJECTID": 2764, "CE": "Traslape propio", "CT": "", "ESTAMPA_CC": "2026-05-26 14:46:01" }, "geometry": { "type": "Point", "coordinates": [ -76.529182179281307, 3.327148805516894 ] } },
{ "type": "Feature", "properties": { "OBJECTID": 2768, "CE": "Traslape propio", "CT": "", "ESTAMPA_CC": "2026-05-26 14:46:01" }, "geometry": { "type": "Point", "coordinates": [ -76.576114671532551, 3.431009552103558 ] } },
{ "type": "Feature", "properties": { "OBJECTID": 2775, "CE": "Traslape propio", "CT": "", "ESTAMPA_CC": "2026-05-26 14:46:01" }, "geometry": { "type": "Point", "coordinates": [ -76.511358380167835, 3.364691410214627 ] } },
{ "type": "Feature", "properties": { "OBJECTID": 2776, "CE": "Traslape propio", "CT": "", "ESTAMPA_CC": "2026-05-26 14:46:01" }, "geometry": { "type": "Point", "coordinates": [ -76.546986417151231, 3.316925751525835 ] } },
{ "type": "Feature", "properties": { "OBJECTID": 2785, "CE": "Traslape propio", "CT": "", "ESTAMPA_CC": "2026-05-26 14:46:01" }, "geometry": { "type": "Point", "coordinates": [ -76.553073517734589, 3.352809052783614 ] } },
{ "type": "Feature", "properties": { "OBJECTID": 2799, "CE": "Traslape propio", "CT": "", "ESTAMPA_CC": "2026-05-26 14:46:01" }, "geometry": { "type": "Point", "coordinates": [ -76.549702724756415, 3.348149077722078 ] } },
{ "type": "Feature", "properties": { "OBJECTID": 2800, "CE": "Traslape propio", "CT": "", "ESTAMPA_CC": "2026-05-26 14:46:01" }, "geometry": { "type": "Point", "coordinates": [ -76.54448887749335, 3.324148011470045 ] } },
{ "type": "Feature", "properties": { "OBJECTID": 2805, "CE": "NPN Manzana -> Terreno", "CT": "", "ESTAMPA_CC": "2026-05-26 14:46:01" }, "geometry": { "type": "Point", "coordinates": [ -76.562852595209733, 3.424362693920582 ] } },
{ "type": "Feature", "properties": { "OBJECTID": 2820, "CE": "Traslape propio", "CT": "", "ESTAMPA_CC": "2026-05-26 14:46:01" }, "geometry": { "type": "Point", "coordinates": [ -76.529261497439762, 3.479386517888748 ] } },
{ "type": "Feature", "properties": { "OBJECTID": 2844, "CE": "NPN Manzana -> Terreno", "CT": "", "ESTAMPA_CC": "2026-05-26 14:46:01" }, "geometry": { "type": "Point", "coordinates": [ -76.498210073542253, 3.343334942168846 ] } },
{ "type": "Feature", "properties": { "OBJECTID": 2872, "CE": "Traslape propio", "CT": "", "ESTAMPA_CC": "2026-05-26 14:46:01" }, "geometry": { "type": "Point", "coordinates": [ -76.53770984658037, 3.329197423026138 ] } },
{ "type": "Feature", "properties": { "OBJECTID": 2876, "CE": "Traslape propio", "CT": "", "ESTAMPA_CC": "2026-05-26 14:46:01" }, "geometry": { "type": "Point", "coordinates": [ -76.553156325718533, 3.330759815172533 ] } },
{ "type": "Feature", "properties": { "OBJECTID": 2877, "CE": "Traslape propio", "CT": "", "ESTAMPA_CC": "2026-05-26 14:46:01" }, "geometry": { "type": "Point", "coordinates": [ -76.538526264086698, 3.329834314064806 ] } },
{ "type": "Feature", "properties": { "OBJECTID": 2880, "CE": "NPN Manzana -> Terreno", "CT": "", "ESTAMPA_CC": "2026-05-26 14:46:01" }, "geometry": { "type": "Point", "coordinates": [ -76.562909286778435, 3.42487184666775 ] } },
{ "type": "Feature", "properties": { "OBJECTID": 2881, "CE": "Traslape propio", "CT": "", "ESTAMPA_CC": "2026-05-26 14:46:01" }, "geometry": { "type": "Point", "coordinates": [ -76.57489892003548, 3.397579780723085 ] } },
{ "type": "Feature", "properties": { "OBJECTID": 2905, "CE": "Traslape propio", "CT": "", "ESTAMPA_CC": "2026-05-26 14:46:01" }, "geometry": { "type": "Point", "coordinates": [ -76.567335512440579, 3.36996653043553 ] } },
{ "type": "Feature", "properties": { "OBJECTID": 2910, "CE": "Traslape propio", "CT": "", "ESTAMPA_CC": "2026-05-26 14:46:01" }, "geometry": { "type": "Point", "coordinates": [ -76.641493955970148, 3.463378312563002 ] } },
{ "type": "Feature", "properties": { "OBJECTID": 2911, "CE": "Traslape propio", "CT": "", "ESTAMPA_CC": "2026-05-26 14:46:01" }, "geometry": { "type": "Point", "coordinates": [ -76.641562526298287, 3.465961849774069 ] } },
{ "type": "Feature", "properties": { "OBJECTID": 2921, "CE": "", "CT": "Terreno", "ESTAMPA_CC": "2026-05-26 14:46:01" }, "geometry": { "type": "Point", "coordinates": [ -76.555580782706301, 3.473659847604203 ] } },
{ "type": "Feature", "properties": { "OBJECTID": 2923, "CE": "Traslape propio", "CT": "", "ESTAMPA_CC": "2026-05-26 14:46:01" }, "geometry": { "type": "Point", "coordinates": [ -76.552806681507505, 3.481202567387442 ] } },
{ "type": "Feature", "properties": { "OBJECTID": 2928, "CE": "Traslape propio", "CT": "", "ESTAMPA_CC": "2026-05-26 14:46:01" }, "geometry": { "type": "Point", "coordinates": [ -76.628667710607431, 3.45644910151968 ] } },
{ "type": "Feature", "properties": { "OBJECTID": 2930, "CE": "Traslape propio", "CT": "", "ESTAMPA_CC": "2026-05-26 14:46:01" }, "geometry": { "type": "Point", "coordinates": [ -76.576005300945312, 3.394841319495634 ] } },
{ "type": "Feature", "properties": { "OBJECTID": 2935, "CE": "Traslape propio", "CT": "", "ESTAMPA_CC": "2026-05-26 14:46:01" }, "geometry": { "type": "Point", "coordinates": [ -76.5453012106926, 3.322012993251046 ] } },
{ "type": "Feature", "properties": { "OBJECTID": 2936, "CE": "Traslape propio", "CT": "", "ESTAMPA_CC": "2026-05-26 14:46:01" }, "geometry": { "type": "Point", "coordinates": [ -76.545174113284517, 3.321660775456968 ] } },
{ "type": "Feature", "properties": { "OBJECTID": 2937, "CE": "Traslape propio", "CT": "", "ESTAMPA_CC": "2026-05-26 14:46:01" }, "geometry": { "type": "Point", "coordinates": [ -76.465881381323356, 3.406549966081938 ] } },
{ "type": "Feature", "properties": { "OBJECTID": 2980, "CE": "Traslape propio", "CT": "", "ESTAMPA_CC": "2026-05-26 14:46:01" }, "geometry": { "type": "Point", "coordinates": [ -76.545384480269888, 3.356726858754499 ] } },
{ "type": "Feature", "properties": { "OBJECTID": 2981, "CE": "", "CT": "Terreno", "ESTAMPA_CC": "2026-05-26 14:46:01" }, "geometry": { "type": "Point", "coordinates": [ -76.53365462401932, 3.310836012293664 ] } },
{ "type": "Feature", "properties": { "OBJECTID": 2990, "CE": "Traslape propio", "CT": "", "ESTAMPA_CC": "2026-05-26 14:46:01" }, "geometry": { "type": "Point", "coordinates": [ -76.600135713197403, 3.522479976857662 ] } },
{ "type": "Feature", "properties": { "OBJECTID": 3008, "CE": "Traslape propio", "CT": "", "ESTAMPA_CC": "2026-05-26 14:46:01" }, "geometry": { "type": "Point", "coordinates": [ -76.554489060448077, 3.348309004964778 ] } },
{ "type": "Feature", "properties": { "OBJECTID": 3021, "CE": "Traslape propio", "CT": "", "ESTAMPA_CC": "2026-05-26 14:46:01" }, "geometry": { "type": "Point", "coordinates": [ -76.573510387361964, 3.379080430011012 ] } },
{ "type": "Feature", "properties": { "OBJECTID": 3033, "CE": "Traslape propio", "CT": "", "ESTAMPA_CC": "2026-05-26 14:46:01" }, "geometry": { "type": "Point", "coordinates": [ -76.548395366535161, 3.360196450940659 ] } },
{ "type": "Feature", "properties": { "OBJECTID": 3057, "CE": "Traslape propio", "CT": "", "ESTAMPA_CC": "2026-05-26 14:46:01" }, "geometry": { "type": "Point", "coordinates": [ -76.611481696363612, 3.323116841534655 ] } },
{ "type": "Feature", "properties": { "OBJECTID": 3062, "CE": "Traslape propio", "CT": "", "ESTAMPA_CC": "2026-05-26 14:46:01" }, "geometry": { "type": "Point", "coordinates": [ -76.615675917970194, 3.325924563900557 ] } },
{ "type": "Feature", "properties": { "OBJECTID": 3108, "CE": "NPN Manzana -> Terreno", "CT": "", "ESTAMPA_CC": "2026-05-26 14:46:01" }, "geometry": { "type": "Point", "coordinates": [ -76.522518974143296, 3.357440358788803 ] } },
{ "type": "Feature", "properties": { "OBJECTID": 3109, "CE": "NPN Manzana -> Terreno", "CT": "", "ESTAMPA_CC": "2026-05-26 14:46:01" }, "geometry": { "type": "Point", "coordinates": [ -76.517411731177688, 3.356127446864134 ] } },
{ "type": "Feature", "properties": { "OBJECTID": 3128, "CE": "Traslape propio", "CT": "", "ESTAMPA_CC": "2026-05-26 14:46:01" }, "geometry": { "type": "Point", "coordinates": [ -76.52770905683289, 3.325101919588514 ] } },
{ "type": "Feature", "properties": { "OBJECTID": 3148, "CE": "Traslape propio", "CT": "", "ESTAMPA_CC": "2026-05-26 14:46:01" }, "geometry": { "type": "Point", "coordinates": [ -76.565252084935622, 3.380171766932 ] } },
{ "type": "Feature", "properties": { "OBJECTID": 3161, "CE": "Traslape propio; NPN Manzana -> Terreno", "CT": "", "ESTAMPA_CC": "2026-05-26 14:46:01" }, "geometry": { "type": "Point", "coordinates": [ -76.510264940195214, 3.352241303701375 ] } },
{ "type": "Feature", "properties": { "OBJECTID": 3162, "CE": "Traslape propio", "CT": "", "ESTAMPA_CC": "2026-05-26 14:46:01" }, "geometry": { "type": "Point", "coordinates": [ -76.509921452616723, 3.37042982189258 ] } },
{ "type": "Feature", "properties": { "OBJECTID": 3165, "CE": "Traslape propio", "CT": "", "ESTAMPA_CC": "2026-05-26 14:46:01" }, "geometry": { "type": "Point", "coordinates": [ -76.511291999363564, 3.367082453016025 ] } },
{ "type": "Feature", "properties": { "OBJECTID": 3166, "CE": "Traslape propio", "CT": "", "ESTAMPA_CC": "2026-05-26 14:46:01" }, "geometry": { "type": "Point", "coordinates": [ -76.51110142342587, 3.36796518999376 ] } },
{ "type": "Feature", "properties": { "OBJECTID": 3167, "CE": "Traslape propio", "CT": "", "ESTAMPA_CC": "2026-05-26 14:46:01" }, "geometry": { "type": "Point", "coordinates": [ -76.511561704910903, 3.36798241122673 ] } },
{ "type": "Feature", "properties": { "OBJECTID": 3168, "CE": "Traslape propio", "CT": "", "ESTAMPA_CC": "2026-05-26 14:46:01" }, "geometry": { "type": "Point", "coordinates": [ -76.544586249926837, 3.327488509534288 ] } },
{ "type": "Feature", "properties": { "OBJECTID": 3176, "CE": "NPN Manzana -> Terreno", "CT": "", "ESTAMPA_CC": "2026-05-26 14:46:01" }, "geometry": { "type": "Point", "coordinates": [ -76.51675980275958, 3.352554399719896 ] } },
{ "type": "Feature", "properties": { "OBJECTID": 3178, "CE": "Traslape propio", "CT": "", "ESTAMPA_CC": "2026-05-26 14:46:01" }, "geometry": { "type": "Point", "coordinates": [ -76.564240251127828, 3.380879476042415 ] } },
{ "type": "Feature", "properties": { "OBJECTID": 3185, "CE": "NPN Manzana -> Terreno", "CT": "", "ESTAMPA_CC": "2026-05-26 14:46:01" }, "geometry": { "type": "Point", "coordinates": [ -76.511842273820292, 3.35404374664895 ] } },
{ "type": "Feature", "properties": { "OBJECTID": 3199, "CE": "NPN Manzana -> Terreno", "CT": "", "ESTAMPA_CC": "2026-05-26 14:46:01" }, "geometry": { "type": "Point", "coordinates": [ -76.49139978737972, 3.318334839659544 ] } },
{ "type": "Feature", "properties": { "OBJECTID": 3211, "CE": "NPN Manzana -> Terreno", "CT": "", "ESTAMPA_CC": "2026-05-26 14:46:01" }, "geometry": { "type": "Point", "coordinates": [ -76.518757858615714, 3.346311616786843 ] } },
{ "type": "Feature", "properties": { "OBJECTID": 3212, "CE": "Traslape propio; NPN Manzana -> Terreno", "CT": "", "ESTAMPA_CC": "2026-05-26 14:46:01" }, "geometry": { "type": "Point", "coordinates": [ -76.518842875610872, 3.346089892746222 ] } },
{ "type": "Feature", "properties": { "OBJECTID": 3213, "CE": "Traslape propio; NPN Manzana -> Terreno", "CT": "", "ESTAMPA_CC": "2026-05-26 14:46:01" }, "geometry": { "type": "Point", "coordinates": [ -76.520316242933603, 3.346048490322842 ] } },
{ "type": "Feature", "properties": { "OBJECTID": 3214, "CE": "NPN Manzana -> Terreno", "CT": "", "ESTAMPA_CC": "2026-05-26 14:46:01" }, "geometry": { "type": "Point", "coordinates": [ -76.520912516236635, 3.345940673742591 ] } },
{ "type": "Feature", "properties": { "OBJECTID": 3215, "CE": "Traslape propio; NPN Manzana -> Terreno", "CT": "", "ESTAMPA_CC": "2026-05-26 14:46:01" }, "geometry": { "type": "Point", "coordinates": [ -76.521030393871484, 3.345934729972395 ] } },
{ "type": "Feature", "properties": { "OBJECTID": 3216, "CE": "Traslape propio; NPN Manzana -> Terreno", "CT": "", "ESTAMPA_CC": "2026-05-26 14:46:01" }, "geometry": { "type": "Point", "coordinates": [ -76.52004348343344, 3.34544929484737 ] } },
{ "type": "Feature", "properties": { "OBJECTID": 3240, "CE": "Traslape propio", "CT": "", "ESTAMPA_CC": "2026-05-26 14:46:01" }, "geometry": { "type": "Point", "coordinates": [ -76.511176206169011, 3.367419607294563 ] } },
{ "type": "Feature", "properties": { "OBJECTID": 3245, "CE": "Traslape propio", "CT": "", "ESTAMPA_CC": "2026-05-26 14:46:01" }, "geometry": { "type": "Point", "coordinates": [ -76.603717547959491, 3.42255610612589 ] } },
{ "type": "Feature", "properties": { "OBJECTID": 3254, "CE": "NPN Manzana -> Terreno", "CT": "", "ESTAMPA_CC": "2026-05-26 14:46:01" }, "geometry": { "type": "Point", "coordinates": [ -76.51849324281315, 3.346307515727141 ] } },
{ "type": "Feature", "properties": { "OBJECTID": 3258, "CE": "Traslape propio", "CT": "", "ESTAMPA_CC": "2026-05-26 14:46:01" }, "geometry": { "type": "Point", "coordinates": [ -76.555112789343028, 3.302435308873559 ] } },
{ "type": "Feature", "properties": { "OBJECTID": 3261, "CE": "NPN Manzana -> Terreno", "CT": "", "ESTAMPA_CC": "2026-05-26 14:46:01" }, "geometry": { "type": "Point", "coordinates": [ -76.513383231690511, 3.349625072303816 ] } },
{ "type": "Feature", "properties": { "OBJECTID": 3269, "CE": "Traslape propio", "CT": "", "ESTAMPA_CC": "2026-05-26 14:46:01" }, "geometry": { "type": "Point", "coordinates": [ -76.473311389396898, 3.370685954512752 ] } },
{ "type": "Feature", "properties": { "OBJECTID": 3301, "CE": "Traslape propio", "CT": "", "ESTAMPA_CC": "2026-05-26 14:46:01" }, "geometry": { "type": "Point", "coordinates": [ -76.583457228082196, 3.410890632843016 ] } },
{ "type": "Feature", "properties": { "OBJECTID": 3308, "CE": "Traslape propio; NPN Manzana -> Terreno", "CT": "", "ESTAMPA_CC": "2026-05-26 14:46:01" }, "geometry": { "type": "Point", "coordinates": [ -76.517034768447047, 3.358745338155564 ] } },
{ "type": "Feature", "properties": { "OBJECTID": 3310, "CE": "Traslape propio; NPN Manzana -> Terreno", "CT": "", "ESTAMPA_CC": "2026-05-26 14:46:01" }, "geometry": { "type": "Point", "coordinates": [ -76.511635152536087, 3.351445883621365 ] } },
{ "type": "Feature", "properties": { "OBJECTID": 3325, "CE": "Traslape propio", "CT": "", "ESTAMPA_CC": "2026-05-26 14:46:01" }, "geometry": { "type": "Point", "coordinates": [ -76.51133117368326, 3.367626723497213 ] } },
{ "type": "Feature", "properties": { "OBJECTID": 3326, "CE": "Traslape propio", "CT": "", "ESTAMPA_CC": "2026-05-26 14:46:01" }, "geometry": { "type": "Point", "coordinates": [ -76.511445498575426, 3.367059185973178 ] } },
{ "type": "Feature", "properties": { "OBJECTID": 3340, "CE": "Traslape propio", "CT": "", "ESTAMPA_CC": "2026-05-26 14:46:01" }, "geometry": { "type": "Point", "coordinates": [ -76.556985209507204, 3.34954427979126 ] } },
{ "type": "Feature", "properties": { "OBJECTID": 3361, "CE": "NPN Manzana -> Terreno", "CT": "", "ESTAMPA_CC": "2026-05-26 14:46:01" }, "geometry": { "type": "Point", "coordinates": [ -76.517192295090851, 3.349623164365763 ] } },
{ "type": "Feature", "properties": { "OBJECTID": 3366, "CE": "Traslape propio; NPN Manzana -> Terreno", "CT": "", "ESTAMPA_CC": "2026-05-26 14:46:01" }, "geometry": { "type": "Point", "coordinates": [ -76.519927704203369, 3.346002729787153 ] } },
{ "type": "Feature", "properties": { "OBJECTID": 3372, "CE": "Traslape propio", "CT": "", "ESTAMPA_CC": "2026-05-26 14:46:01" }, "geometry": { "type": "Point", "coordinates": [ -76.47105968758045, 3.322542814990358 ] } },
{ "type": "Feature", "properties": { "OBJECTID": 3373, "CE": "Traslape propio", "CT": "", "ESTAMPA_CC": "2026-05-26 14:46:01" }, "geometry": { "type": "Point", "coordinates": [ -76.549752520256575, 3.313229015649404 ] } },
{ "type": "Feature", "properties": { "OBJECTID": 3393, "CE": "Traslape propio", "CT": "", "ESTAMPA_CC": "2026-05-26 14:46:01" }, "geometry": { "type": "Point", "coordinates": [ -76.613069495153567, 3.449522633402056 ] } },
{ "type": "Feature", "properties": { "OBJECTID": 3409, "CE": "Traslape propio", "CT": "", "ESTAMPA_CC": "2026-05-26 14:46:01" }, "geometry": { "type": "Point", "coordinates": [ -76.554823711716139, 3.471900041478084 ] } },
{ "type": "Feature", "properties": { "OBJECTID": 3415, "CE": "", "CT": "Terreno", "ESTAMPA_CC": "2026-05-26 14:46:01" }, "geometry": { "type": "Point", "coordinates": [ -76.538779851948249, 3.31344588248629 ] } },
{ "type": "Feature", "properties": { "OBJECTID": 3424, "CE": "Traslape propio", "CT": "", "ESTAMPA_CC": "2026-05-26 14:46:01" }, "geometry": { "type": "Point", "coordinates": [ -76.637281723359578, 3.326944605492629 ] } },
{ "type": "Feature", "properties": { "OBJECTID": 3435, "CE": "Traslape propio", "CT": "", "ESTAMPA_CC": "2026-05-26 14:46:01" }, "geometry": { "type": "Point", "coordinates": [ -76.557240387876405, 3.469445394474122 ] } },
{ "type": "Feature", "properties": { "OBJECTID": 3438, "CE": "Traslape propio", "CT": "", "ESTAMPA_CC": "2026-05-26 14:46:01" }, "geometry": { "type": "Point", "coordinates": [ -76.566728361701763, 3.369563402636174 ] } },
{ "type": "Feature", "properties": { "OBJECTID": 3453, "CE": "Traslape propio", "CT": "", "ESTAMPA_CC": "2026-05-26 14:46:01" }, "geometry": { "type": "Point", "coordinates": [ -76.553787583492777, 3.34018066951845 ] } },
{ "type": "Feature", "properties": { "OBJECTID": 3461, "CE": "Traslape propio", "CT": "", "ESTAMPA_CC": "2026-05-26 14:46:01" }, "geometry": { "type": "Point", "coordinates": [ -76.544855850344277, 3.320973156303417 ] } },
{ "type": "Feature", "properties": { "OBJECTID": 3468, "CE": "NPN Manzana -> Terreno", "CT": "", "ESTAMPA_CC": "2026-05-26 14:46:01" }, "geometry": { "type": "Point", "coordinates": [ -76.516823272138765, 3.352624583964301 ] } },
{ "type": "Feature", "properties": { "OBJECTID": 3485, "CE": "Traslape propio", "CT": "", "ESTAMPA_CC": "2026-05-26 14:46:01" }, "geometry": { "type": "Point", "coordinates": [ -76.511136177676761, 3.371167550357949 ] } },
{ "type": "Feature", "properties": { "OBJECTID": 3488, "CE": "Traslape propio", "CT": "", "ESTAMPA_CC": "2026-05-26 14:46:01" }, "geometry": { "type": "Point", "coordinates": [ -76.544632981796639, 3.318661039298395 ] } },
{ "type": "Feature", "properties": { "OBJECTID": 3489, "CE": "Traslape propio", "CT": "", "ESTAMPA_CC": "2026-05-26 14:46:01" }, "geometry": { "type": "Point", "coordinates": [ -76.544105382431823, 3.319986641205825 ] } },
{ "type": "Feature", "properties": { "OBJECTID": 3490, "CE": "Traslape propio", "CT": "", "ESTAMPA_CC": "2026-05-26 14:46:01" }, "geometry": { "type": "Point", "coordinates": [ -76.544408592138012, 3.320771267897234 ] } },
{ "type": "Feature", "properties": { "OBJECTID": 3491, "CE": "NPN Manzana -> Terreno", "CT": "", "ESTAMPA_CC": "2026-05-26 14:46:01" }, "geometry": { "type": "Point", "coordinates": [ -76.514655201402746, 3.358331776468304 ] } },
{ "type": "Feature", "properties": { "OBJECTID": 3501, "CE": "Traslape propio", "CT": "", "ESTAMPA_CC": "2026-05-26 14:46:01" }, "geometry": { "type": "Point", "coordinates": [ -76.550317153249551, 3.489712547575774 ] } },
{ "type": "Feature", "properties": { "OBJECTID": 3557, "CE": "", "CT": "Terreno", "ESTAMPA_CC": "2026-05-26 14:46:01" }, "geometry": { "type": "Point", "coordinates": [ -76.5364313495418, 3.308477072402939 ] } },
{ "type": "Feature", "properties": { "OBJECTID": 3572, "CE": "Traslape propio", "CT": "", "ESTAMPA_CC": "2026-05-26 14:46:01" }, "geometry": { "type": "Point", "coordinates": [ -76.635857623352692, 3.327169914762413 ] } },
{ "type": "Feature", "properties": { "OBJECTID": 3605, "CE": "Traslape propio; NPN Manzana -> Terreno", "CT": "", "ESTAMPA_CC": "2026-05-26 14:46:01" }, "geometry": { "type": "Point", "coordinates": [ -76.518270137446748, 3.346590558235139 ] } },
{ "type": "Feature", "properties": { "OBJECTID": 3606, "CE": "Traslape propio; NPN Manzana -> Terreno", "CT": "", "ESTAMPA_CC": "2026-05-26 14:46:01" }, "geometry": { "type": "Point", "coordinates": [ -76.513933906406706, 3.34739577508795 ] } },
{ "type": "Feature", "properties": { "OBJECTID": 3607, "CE": "Traslape propio; NPN Manzana -> Terreno", "CT": "", "ESTAMPA_CC": "2026-05-26 14:46:01" }, "geometry": { "type": "Point", "coordinates": [ -76.517097608877265, 3.361792259314535 ] } },
{ "type": "Feature", "properties": { "OBJECTID": 3608, "CE": "Traslape propio; NPN Manzana -> Terreno", "CT": "", "ESTAMPA_CC": "2026-05-26 14:46:01" }, "geometry": { "type": "Point", "coordinates": [ -76.519040568645039, 3.344322118716117 ] } },
{ "type": "Feature", "properties": { "OBJECTID": 3617, "CE": "Traslape propio", "CT": "", "ESTAMPA_CC": "2026-05-26 14:46:01" }, "geometry": { "type": "Point", "coordinates": [ -76.557167959917862, 3.469438723864381 ] } },
{ "type": "Feature", "properties": { "OBJECTID": 3639, "CE": "Traslape propio", "CT": "", "ESTAMPA_CC": "2026-05-26 14:46:01" }, "geometry": { "type": "Point", "coordinates": [ -76.582713705770431, 3.50059056326911 ] } },
{ "type": "Feature", "properties": { "OBJECTID": 3679, "CE": "Traslape propio", "CT": "", "ESTAMPA_CC": "2026-05-26 14:46:01" }, "geometry": { "type": "Point", "coordinates": [ -76.572644524680939, 3.394739589920109 ] } },
{ "type": "Feature", "properties": { "OBJECTID": 3719, "CE": "NPN Manzana -> Terreno", "CT": "", "ESTAMPA_CC": "2026-05-26 14:46:01" }, "geometry": { "type": "Point", "coordinates": [ -76.517192155053664, 3.357526172782096 ] } },
{ "type": "Feature", "properties": { "OBJECTID": 3722, "CE": "NPN Manzana -> Terreno", "CT": "", "ESTAMPA_CC": "2026-05-26 14:46:01" }, "geometry": { "type": "Point", "coordinates": [ -76.4934721347134, 3.341990504727254 ] } },
{ "type": "Feature", "properties": { "OBJECTID": 3753, "CE": "Traslape propio", "CT": "", "ESTAMPA_CC": "2026-05-26 14:46:01" }, "geometry": { "type": "Point", "coordinates": [ -76.511189701026879, 3.36708245155968 ] } },
{ "type": "Feature", "properties": { "OBJECTID": 3787, "CE": "Traslape propio", "CT": "", "ESTAMPA_CC": "2026-05-26 14:46:01" }, "geometry": { "type": "Point", "coordinates": [ -76.573128565271247, 3.379069958052679 ] } },
{ "type": "Feature", "properties": { "OBJECTID": 3791, "CE": "", "CT": "Terreno", "ESTAMPA_CC": "2026-05-26 14:46:01" }, "geometry": { "type": "Point", "coordinates": [ -76.535085488336463, 3.332618968633572 ] } },
{ "type": "Feature", "properties": { "OBJECTID": 3794, "CE": "Traslape propio", "CT": "", "ESTAMPA_CC": "2026-05-26 14:46:01" }, "geometry": { "type": "Point", "coordinates": [ -76.572009898714896, 3.395971543667836 ] } },
{ "type": "Feature", "properties": { "OBJECTID": 3803, "CE": "Traslape propio", "CT": "", "ESTAMPA_CC": "2026-05-26 14:46:01" }, "geometry": { "type": "Point", "coordinates": [ -76.641918443266846, 3.462450946396901 ] } },
{ "type": "Feature", "properties": { "OBJECTID": 3841, "CE": "Traslape propio", "CT": "", "ESTAMPA_CC": "2026-05-26 14:46:01" }, "geometry": { "type": "Point", "coordinates": [ -76.576460016926504, 3.392817266712424 ] } },
{ "type": "Feature", "properties": { "OBJECTID": 3871, "CE": "Traslape propio", "CT": "", "ESTAMPA_CC": "2026-05-26 14:46:01" }, "geometry": { "type": "Point", "coordinates": [ -76.557222083260129, 3.362993756715219 ] } },
{ "type": "Feature", "properties": { "OBJECTID": 3873, "CE": "", "CT": "Terreno", "ESTAMPA_CC": "2026-05-26 14:46:01" }, "geometry": { "type": "Point", "coordinates": [ -76.534448137102217, 3.331536984333853 ] } },
{ "type": "Feature", "properties": { "OBJECTID": 3874, "CE": "NPN Manzana -> Terreno", "CT": "", "ESTAMPA_CC": "2026-05-26 14:46:01" }, "geometry": { "type": "Point", "coordinates": [ -76.514208376362419, 3.35741930166174 ] } },
{ "type": "Feature", "properties": { "OBJECTID": 3876, "CE": "Traslape propio", "CT": "", "ESTAMPA_CC": "2026-05-26 14:46:01" }, "geometry": { "type": "Point", "coordinates": [ -76.551230800079551, 3.484082287220504 ] } },
{ "type": "Feature", "properties": { "OBJECTID": 3900, "CE": "Traslape propio", "CT": "", "ESTAMPA_CC": "2026-05-26 14:46:01" }, "geometry": { "type": "Point", "coordinates": [ -76.600810000300498, 3.539554866708037 ] } },
{ "type": "Feature", "properties": { "OBJECTID": 3910, "CE": "Traslape propio", "CT": "", "ESTAMPA_CC": "2026-05-26 14:46:01" }, "geometry": { "type": "Point", "coordinates": [ -76.638700879578877, 3.329185534125159 ] } },
{ "type": "Feature", "properties": { "OBJECTID": 3918, "CE": "", "CT": "Terreno", "ESTAMPA_CC": "2026-05-26 14:46:01" }, "geometry": { "type": "Point", "coordinates": [ -76.555984553295588, 3.473996297695568 ] } },
{ "type": "Feature", "properties": { "OBJECTID": 3941, "CE": "Traslape propio", "CT": "", "ESTAMPA_CC": "2026-05-26 14:46:01" }, "geometry": { "type": "Point", "coordinates": [ -76.501341065080226, 3.322520160885791 ] } },
{ "type": "Feature", "properties": { "OBJECTID": 3968, "CE": "Traslape propio", "CT": "", "ESTAMPA_CC": "2026-05-26 14:46:01" }, "geometry": { "type": "Point", "coordinates": [ -76.568404528270364, 3.39532585957734 ] } },
{ "type": "Feature", "properties": { "OBJECTID": 3978, "CE": "NPN Manzana -> Terreno", "CT": "", "ESTAMPA_CC": "2026-05-26 14:46:01" }, "geometry": { "type": "Point", "coordinates": [ -76.512810052778207, 3.349173009212627 ] } },
{ "type": "Feature", "properties": { "OBJECTID": 4014, "CE": "Traslape propio; NPN Manzana -> Terreno", "CT": "", "ESTAMPA_CC": "2026-05-26 14:46:01" }, "geometry": { "type": "Point", "coordinates": [ -76.518688388936425, 3.345089797801863 ] } },
{ "type": "Feature", "properties": { "OBJECTID": 4015, "CE": "Traslape propio; NPN Manzana -> Terreno", "CT": "", "ESTAMPA_CC": "2026-05-26 14:46:01" }, "geometry": { "type": "Point", "coordinates": [ -76.51483386727881, 3.345989759234707 ] } },
{ "type": "Feature", "properties": { "OBJECTID": 4026, "CE": "Traslape propio", "CT": "", "ESTAMPA_CC": "2026-05-26 14:46:01" }, "geometry": { "type": "Point", "coordinates": [ -76.583536930343641, 3.398283438005407 ] } },
{ "type": "Feature", "properties": { "OBJECTID": 4032, "CE": "", "CT": "Terreno", "ESTAMPA_CC": "2026-05-26 14:46:01" }, "geometry": { "type": "Point", "coordinates": [ -76.538896228809321, 3.314471177950743 ] } },
{ "type": "Feature", "properties": { "OBJECTID": 4034, "CE": "NPN Manzana -> Terreno", "CT": "", "ESTAMPA_CC": "2026-05-26 14:46:01" }, "geometry": { "type": "Point", "coordinates": [ -76.520352264205073, 3.355705318689396 ] } },
{ "type": "Feature", "properties": { "OBJECTID": 4051, "CE": "Traslape propio", "CT": "", "ESTAMPA_CC": "2026-05-26 14:46:01" }, "geometry": { "type": "Point", "coordinates": [ -76.554304385847985, 3.349482686079977 ] } },
{ "type": "Feature", "properties": { "OBJECTID": 4085, "CE": "Traslape propio", "CT": "", "ESTAMPA_CC": "2026-05-26 14:46:01" }, "geometry": { "type": "Point", "coordinates": [ -76.574565314172247, 3.425507365373998 ] } },
{ "type": "Feature", "properties": { "OBJECTID": 4086, "CE": "Traslape propio", "CT": "", "ESTAMPA_CC": "2026-05-26 14:46:01" }, "geometry": { "type": "Point", "coordinates": [ -76.547268721300227, 3.487712771222542 ] } },
{ "type": "Feature", "properties": { "OBJECTID": 4096, "CE": "NPN Manzana -> Terreno", "CT": "", "ESTAMPA_CC": "2026-05-26 14:46:01" }, "geometry": { "type": "Point", "coordinates": [ -76.51894115380756, 3.355134970273252 ] } },
{ "type": "Feature", "properties": { "OBJECTID": 4099, "CE": "Traslape propio", "CT": "", "ESTAMPA_CC": "2026-05-26 14:46:01" }, "geometry": { "type": "Point", "coordinates": [ -76.550409244476825, 3.356514141255442 ] } },
{ "type": "Feature", "properties": { "OBJECTID": 4100, "CE": "Traslape propio", "CT": "", "ESTAMPA_CC": "2026-05-26 14:46:01" }, "geometry": { "type": "Point", "coordinates": [ -76.507154668548282, 3.380239117484726 ] } },
{ "type": "Feature", "properties": { "OBJECTID": 4102, "CE": "Traslape propio", "CT": "", "ESTAMPA_CC": "2026-05-26 14:46:01" }, "geometry": { "type": "Point", "coordinates": [ -76.511394255587192, 3.367082741090447 ] } },
{ "type": "Feature", "properties": { "OBJECTID": 4104, "CE": "Traslape propio", "CT": "", "ESTAMPA_CC": "2026-05-26 14:46:01" }, "geometry": { "type": "Point", "coordinates": [ -76.568751408183687, 3.377675411759165 ] } },
{ "type": "Feature", "properties": { "OBJECTID": 4124, "CE": "NPN Manzana -> Terreno", "CT": "", "ESTAMPA_CC": "2026-05-26 14:46:01" }, "geometry": { "type": "Point", "coordinates": [ -76.52036228697618, 3.35207600548813 ] } },
{ "type": "Feature", "properties": { "OBJECTID": 4129, "CE": "Traslape propio", "CT": "", "ESTAMPA_CC": "2026-05-26 14:46:01" }, "geometry": { "type": "Point", "coordinates": [ -76.570534529522718, 3.400226157354495 ] } },
{ "type": "Feature", "properties": { "OBJECTID": 4130, "CE": "Traslape propio", "CT": "", "ESTAMPA_CC": "2026-05-26 14:46:01" }, "geometry": { "type": "Point", "coordinates": [ -76.576875702111536, 3.390507847870326 ] } },
{ "type": "Feature", "properties": { "OBJECTID": 4138, "CE": "Traslape propio", "CT": "", "ESTAMPA_CC": "2026-05-26 14:46:01" }, "geometry": { "type": "Point", "coordinates": [ -76.598939803269147, 3.426499516365695 ] } },
{ "type": "Feature", "properties": { "OBJECTID": 4151, "CE": "Traslape propio", "CT": "", "ESTAMPA_CC": "2026-05-26 14:46:01" }, "geometry": { "type": "Point", "coordinates": [ -76.546552928051184, 3.356713836935439 ] } },
{ "type": "Feature", "properties": { "OBJECTID": 4154, "CE": "Traslape propio", "CT": "", "ESTAMPA_CC": "2026-05-26 14:46:01" }, "geometry": { "type": "Point", "coordinates": [ -76.559312290180472, 3.350222917304649 ] } },
{ "type": "Feature", "properties": { "OBJECTID": 4186, "CE": "Traslape propio", "CT": "", "ESTAMPA_CC": "2026-05-26 14:46:01" }, "geometry": { "type": "Point", "coordinates": [ -76.511357147202617, 3.367966055108371 ] } },
{ "type": "Feature", "properties": { "OBJECTID": 4200, "CE": "Traslape propio", "CT": "", "ESTAMPA_CC": "2026-05-26 14:46:01" }, "geometry": { "type": "Point", "coordinates": [ -76.588348558523805, 3.535543633129406 ] } },
{ "type": "Feature", "properties": { "OBJECTID": 4206, "CE": "Traslape propio", "CT": "", "ESTAMPA_CC": "2026-05-26 14:46:01" }, "geometry": { "type": "Point", "coordinates": [ -76.511484209807236, 3.371167712887232 ] } },
{ "type": "Feature", "properties": { "OBJECTID": 4208, "CE": "Traslape propio", "CT": "", "ESTAMPA_CC": "2026-05-26 14:46:01" }, "geometry": { "type": "Point", "coordinates": [ -76.544497781969781, 3.318286196424182 ] } },
{ "type": "Feature", "properties": { "OBJECTID": 4210, "CE": "Traslape propio", "CT": "", "ESTAMPA_CC": "2026-05-26 14:46:01" }, "geometry": { "type": "Point", "coordinates": [ -76.589103833120248, 3.536525011475906 ] } },
{ "type": "Feature", "properties": { "OBJECTID": 4218, "CE": "Traslape propio", "CT": "", "ESTAMPA_CC": "2026-05-26 14:46:01" }, "geometry": { "type": "Point", "coordinates": [ -76.569372199706322, 3.370217051977756 ] } },
{ "type": "Feature", "properties": { "OBJECTID": 4220, "CE": "Traslape propio", "CT": "", "ESTAMPA_CC": "2026-05-26 14:46:01" }, "geometry": { "type": "Point", "coordinates": [ -76.567909338990617, 3.394846692756305 ] } },
{ "type": "Feature", "properties": { "OBJECTID": 4222, "CE": "Traslape propio", "CT": "", "ESTAMPA_CC": "2026-05-26 14:46:01" }, "geometry": { "type": "Point", "coordinates": [ -76.58120327448006, 3.500493922133304 ] } },
{ "type": "Feature", "properties": { "OBJECTID": 4229, "CE": "NPN Manzana -> Terreno", "CT": "", "ESTAMPA_CC": "2026-05-26 14:46:01" }, "geometry": { "type": "Point", "coordinates": [ -76.521490449006933, 3.357816290319426 ] } },
{ "type": "Feature", "properties": { "OBJECTID": 4241, "CE": "Traslape propio", "CT": "", "ESTAMPA_CC": "2026-05-26 14:46:01" }, "geometry": { "type": "Point", "coordinates": [ -76.544808108513976, 3.326113166008961 ] } },
{ "type": "Feature", "properties": { "OBJECTID": 4243, "CE": "Traslape propio", "CT": "", "ESTAMPA_CC": "2026-05-26 14:46:01" }, "geometry": { "type": "Point", "coordinates": [ -76.544599244684633, 3.320729362738652 ] } },
{ "type": "Feature", "properties": { "OBJECTID": 4257, "CE": "Traslape propio", "CT": "", "ESTAMPA_CC": "2026-05-26 14:46:01" }, "geometry": { "type": "Point", "coordinates": [ -76.554818005386409, 3.350187961236792 ] } },
{ "type": "Feature", "properties": { "OBJECTID": 4258, "CE": "NPN Manzana -> Terreno", "CT": "", "ESTAMPA_CC": "2026-05-26 14:46:01" }, "geometry": { "type": "Point", "coordinates": [ -76.562741005749999, 3.424539548384627 ] } },
{ "type": "Feature", "properties": { "OBJECTID": 4260, "CE": "Traslape propio", "CT": "", "ESTAMPA_CC": "2026-05-26 14:46:01" }, "geometry": { "type": "Point", "coordinates": [ -76.546810152114006, 3.322984098712898 ] } },
{ "type": "Feature", "properties": { "OBJECTID": 4261, "CE": "Traslape propio; NPN Manzana -> Terreno", "CT": "", "ESTAMPA_CC": "2026-05-26 14:46:01" }, "geometry": { "type": "Point", "coordinates": [ -76.507036094653515, 3.371707745432449 ] } },
{ "type": "Feature", "properties": { "OBJECTID": 4270, "CE": "Traslape propio", "CT": "", "ESTAMPA_CC": "2026-05-26 14:46:01" }, "geometry": { "type": "Point", "coordinates": [ -76.644586032840095, 3.45531536610225 ] } },
{ "type": "Feature", "properties": { "OBJECTID": 4271, "CE": "Traslape propio", "CT": "", "ESTAMPA_CC": "2026-05-26 14:46:01" }, "geometry": { "type": "Point", "coordinates": [ -76.511086153869343, 3.37116753403665 ] } },
{ "type": "Feature", "properties": { "OBJECTID": 4278, "CE": "NPN Manzana -> Terreno", "CT": "", "ESTAMPA_CC": "2026-05-26 14:46:01" }, "geometry": { "type": "Point", "coordinates": [ -76.499976875823023, 3.342437888727326 ] } },
{ "type": "Feature", "properties": { "OBJECTID": 4297, "CE": "Traslape propio", "CT": "", "ESTAMPA_CC": "2026-05-26 14:46:01" }, "geometry": { "type": "Point", "coordinates": [ -76.568944407988496, 3.448156329522576 ] } },
{ "type": "Feature", "properties": { "OBJECTID": 4332, "CE": "Traslape propio", "CT": "", "ESTAMPA_CC": "2026-05-26 14:46:01" }, "geometry": { "type": "Point", "coordinates": [ -76.511278908892095, 3.367420007957977 ] } },
{ "type": "Feature", "properties": { "OBJECTID": 4333, "CE": "Traslape propio", "CT": "", "ESTAMPA_CC": "2026-05-26 14:46:01" }, "geometry": { "type": "Point", "coordinates": [ -76.511330360978434, 3.36728938135716 ] } },
{ "type": "Feature", "properties": { "OBJECTID": 4362, "CE": "Traslape propio", "CT": "", "ESTAMPA_CC": "2026-05-26 14:46:01" }, "geometry": { "type": "Point", "coordinates": [ -76.555637654868306, 3.47186640332771 ] } },
{ "type": "Feature", "properties": { "OBJECTID": 4372, "CE": "Traslape propio", "CT": "", "ESTAMPA_CC": "2026-05-26 14:46:01" }, "geometry": { "type": "Point", "coordinates": [ -76.600966422682419, 3.508054094222491 ] } },
{ "type": "Feature", "properties": { "OBJECTID": 4375, "CE": "Traslape propio", "CT": "", "ESTAMPA_CC": "2026-05-26 14:46:01" }, "geometry": { "type": "Point", "coordinates": [ -76.509531844456632, 3.3764505606407 ] } },
{ "type": "Feature", "properties": { "OBJECTID": 4410, "CE": "Traslape propio", "CT": "", "ESTAMPA_CC": "2026-05-26 14:46:01" }, "geometry": { "type": "Point", "coordinates": [ -76.547367572616778, 3.362414408150647 ] } },
{ "type": "Feature", "properties": { "OBJECTID": 4425, "CE": "NPN Manzana -> Terreno", "CT": "", "ESTAMPA_CC": "2026-05-26 14:46:01" }, "geometry": { "type": "Point", "coordinates": [ -76.562653673891077, 3.424771979854983 ] } },
{ "type": "Feature", "properties": { "OBJECTID": 4440, "CE": "Traslape propio; NPN Manzana -> Terreno", "CT": "", "ESTAMPA_CC": "2026-05-26 14:46:01" }, "geometry": { "type": "Point", "coordinates": [ -76.519290294458415, 3.360355792080348 ] } },
{ "type": "Feature", "properties": { "OBJECTID": 4480, "CE": "NPN Manzana -> Terreno", "CT": "", "ESTAMPA_CC": "2026-05-26 14:46:01" }, "geometry": { "type": "Point", "coordinates": [ -76.518382827163535, 3.360863066788126 ] } },
{ "type": "Feature", "properties": { "OBJECTID": 4495, "CE": "Traslape propio", "CT": "", "ESTAMPA_CC": "2026-05-26 14:46:01" }, "geometry": { "type": "Point", "coordinates": [ -76.572601409522903, 3.380377680413697 ] } },
{ "type": "Feature", "properties": { "OBJECTID": 4498, "CE": "Traslape propio", "CT": "", "ESTAMPA_CC": "2026-05-26 14:46:01" }, "geometry": { "type": "Point", "coordinates": [ -76.565292844168013, 3.509596317719927 ] } },
{ "type": "Feature", "properties": { "OBJECTID": 4506, "CE": "Traslape propio; NPN Manzana -> Terreno", "CT": "", "ESTAMPA_CC": "2026-05-26 14:46:01" }, "geometry": { "type": "Point", "coordinates": [ -76.558143828142803, 3.46929406217714 ] } },
{ "type": "Feature", "properties": { "OBJECTID": 4524, "CE": "NPN Manzana -> Terreno", "CT": "", "ESTAMPA_CC": "2026-05-26 14:46:01" }, "geometry": { "type": "Point", "coordinates": [ -76.513301278483695, 3.349402840681477 ] } },
{ "type": "Feature", "properties": { "OBJECTID": 4525, "CE": "NPN Manzana -> Terreno", "CT": "", "ESTAMPA_CC": "2026-05-26 14:46:01" }, "geometry": { "type": "Point", "coordinates": [ -76.512156396399973, 3.349323636950268 ] } },
{ "type": "Feature", "properties": { "OBJECTID": 4566, "CE": "Traslape propio", "CT": "", "ESTAMPA_CC": "2026-05-26 14:46:01" }, "geometry": { "type": "Point", "coordinates": [ -76.545563811688524, 3.328237282181094 ] } },
{ "type": "Feature", "properties": { "OBJECTID": 4573, "CE": "Traslape propio", "CT": "", "ESTAMPA_CC": "2026-05-26 14:46:01" }, "geometry": { "type": "Point", "coordinates": [ -76.571494053407235, 3.44702786243081 ] } },
{ "type": "Feature", "properties": { "OBJECTID": 4608, "CE": "Traslape propio; NPN Manzana -> Terreno", "CT": "", "ESTAMPA_CC": "2026-05-26 14:46:01" }, "geometry": { "type": "Point", "coordinates": [ -76.521760708074922, 3.343440664277964 ] } },
{ "type": "Feature", "properties": { "OBJECTID": 4610, "CE": "Traslape propio", "CT": "", "ESTAMPA_CC": "2026-05-26 14:46:01" }, "geometry": { "type": "Point", "coordinates": [ -76.546611481122838, 3.493281899511763 ] } },
{ "type": "Feature", "properties": { "OBJECTID": 4631, "CE": "Traslape propio", "CT": "", "ESTAMPA_CC": "2026-05-26 14:46:01" }, "geometry": { "type": "Point", "coordinates": [ -76.565263919252644, 3.378352454300354 ] } },
{ "type": "Feature", "properties": { "OBJECTID": 4635, "CE": "Traslape propio", "CT": "", "ESTAMPA_CC": "2026-05-26 14:46:01" }, "geometry": { "type": "Point", "coordinates": [ -76.511279232710649, 3.367289380858685 ] } },
{ "type": "Feature", "properties": { "OBJECTID": 4636, "CE": "NPN Manzana -> Terreno", "CT": "", "ESTAMPA_CC": "2026-05-26 14:46:01" }, "geometry": { "type": "Point", "coordinates": [ -76.517200845545986, 3.35312543879109 ] } },
{ "type": "Feature", "properties": { "OBJECTID": 4641, "CE": "Traslape propio", "CT": "", "ESTAMPA_CC": "2026-05-26 14:46:01" }, "geometry": { "type": "Point", "coordinates": [ -76.565537135392375, 3.380844662806901 ] } },
{ "type": "Feature", "properties": { "OBJECTID": 4646, "CE": "Traslape propio", "CT": "", "ESTAMPA_CC": "2026-05-26 14:46:01" }, "geometry": { "type": "Point", "coordinates": [ -76.555418583850269, 3.34829097738451 ] } },
{ "type": "Feature", "properties": { "OBJECTID": 4648, "CE": "Traslape propio", "CT": "", "ESTAMPA_CC": "2026-05-26 14:46:01" }, "geometry": { "type": "Point", "coordinates": [ -76.604227584118874, 3.520786288195031 ] } },
{ "type": "Feature", "properties": { "OBJECTID": 4675, "CE": "Traslape propio; NPN Manzana -> Terreno", "CT": "", "ESTAMPA_CC": "2026-05-26 14:46:01" }, "geometry": { "type": "Point", "coordinates": [ -76.513934432029913, 3.356532768741891 ] } },
{ "type": "Feature", "properties": { "OBJECTID": 4676, "CE": "Traslape propio; NPN Manzana -> Terreno", "CT": "", "ESTAMPA_CC": "2026-05-26 14:46:01" }, "geometry": { "type": "Point", "coordinates": [ -76.516052892217175, 3.354883505042437 ] } },
{ "type": "Feature", "properties": { "OBJECTID": 4678, "CE": "Traslape propio", "CT": "", "ESTAMPA_CC": "2026-05-26 14:46:01" }, "geometry": { "type": "Point", "coordinates": [ -76.642001579378757, 3.325427369555994 ] } },
{ "type": "Feature", "properties": { "OBJECTID": 4682, "CE": "Traslape propio; NPN Manzana -> Terreno", "CT": "", "ESTAMPA_CC": "2026-05-26 14:46:01" }, "geometry": { "type": "Point", "coordinates": [ -76.497466738694953, 3.35673410647666 ] } },
{ "type": "Feature", "properties": { "OBJECTID": 4691, "CE": "Traslape propio", "CT": "", "ESTAMPA_CC": "2026-05-26 14:46:01" }, "geometry": { "type": "Point", "coordinates": [ -76.599844713251841, 3.332153962975195 ] } },
{ "type": "Feature", "properties": { "OBJECTID": 4693, "CE": "Traslape propio", "CT": "", "ESTAMPA_CC": "2026-05-26 14:46:01" }, "geometry": { "type": "Point", "coordinates": [ -76.565822905875379, 3.37593402526643 ] } },
{ "type": "Feature", "properties": { "OBJECTID": 4702, "CE": "Traslape propio", "CT": "", "ESTAMPA_CC": "2026-05-26 14:46:01" }, "geometry": { "type": "Point", "coordinates": [ -76.511616032504875, 3.328016323313865 ] } },
{ "type": "Feature", "properties": { "OBJECTID": 4752, "CE": "", "CT": "Terreno", "ESTAMPA_CC": "2026-05-26 14:46:01" }, "geometry": { "type": "Point", "coordinates": [ -76.620761482370796, 3.444107231255585 ] } },
{ "type": "Feature", "properties": { "OBJECTID": 4754, "CE": "NPN Manzana -> Terreno", "CT": "", "ESTAMPA_CC": "2026-05-26 14:46:01" }, "geometry": { "type": "Point", "coordinates": [ -76.513846595003741, 3.349577796744917 ] } },
{ "type": "Feature", "properties": { "OBJECTID": 4755, "CE": "NPN Manzana -> Terreno", "CT": "", "ESTAMPA_CC": "2026-05-26 14:46:01" }, "geometry": { "type": "Point", "coordinates": [ -76.512689117192352, 3.348583531129327 ] } },
{ "type": "Feature", "properties": { "OBJECTID": 4766, "CE": "NPN Manzana -> Terreno", "CT": "", "ESTAMPA_CC": "2026-05-26 14:46:01" }, "geometry": { "type": "Point", "coordinates": [ -76.509436874972153, 3.355251644708492 ] } },
{ "type": "Feature", "properties": { "OBJECTID": 4779, "CE": "Traslape propio", "CT": "", "ESTAMPA_CC": "2026-05-26 14:46:01" }, "geometry": { "type": "Point", "coordinates": [ -76.604399450529598, 3.520202661455115 ] } },
{ "type": "Feature", "properties": { "OBJECTID": 4807, "CE": "Traslape propio", "CT": "", "ESTAMPA_CC": "2026-05-26 14:46:01" }, "geometry": { "type": "Point", "coordinates": [ -76.557619791505644, 3.351769685605632 ] } },
{ "type": "Feature", "properties": { "OBJECTID": 4813, "CE": "NPN Manzana -> Terreno", "CT": "", "ESTAMPA_CC": "2026-05-26 14:46:01" }, "geometry": { "type": "Point", "coordinates": [ -76.498833718619949, 3.362865250573732 ] } },
{ "type": "Feature", "properties": { "OBJECTID": 4837, "CE": "Traslape propio", "CT": "", "ESTAMPA_CC": "2026-05-26 14:46:01" }, "geometry": { "type": "Point", "coordinates": [ -76.53464930765071, 3.311309796630295 ] } },
{ "type": "Feature", "properties": { "OBJECTID": 4843, "CE": "Traslape propio", "CT": "", "ESTAMPA_CC": "2026-05-26 14:46:01" }, "geometry": { "type": "Point", "coordinates": [ -76.557258584871036, 3.346495847371497 ] } },
{ "type": "Feature", "properties": { "OBJECTID": 4849, "CE": "Traslape propio", "CT": "", "ESTAMPA_CC": "2026-05-26 14:46:01" }, "geometry": { "type": "Point", "coordinates": [ -76.53920572664957, 3.328762294407085 ] } },
{ "type": "Feature", "properties": { "OBJECTID": 4866, "CE": "Traslape propio", "CT": "", "ESTAMPA_CC": "2026-05-26 14:46:01" }, "geometry": { "type": "Point", "coordinates": [ -76.549896049417043, 3.489476286185606 ] } },
{ "type": "Feature", "properties": { "OBJECTID": 4880, "CE": "Traslape propio", "CT": "", "ESTAMPA_CC": "2026-05-26 14:46:01" }, "geometry": { "type": "Point", "coordinates": [ -76.571163228578982, 3.412779689919715 ] } },
{ "type": "Feature", "properties": { "OBJECTID": 4883, "CE": "", "CT": "Terreno", "ESTAMPA_CC": "2026-05-26 14:46:01" }, "geometry": { "type": "Point", "coordinates": [ -76.593797582531693, 3.345225325652925 ] } },
{ "type": "Feature", "properties": { "OBJECTID": 4898, "CE": "Traslape propio", "CT": "", "ESTAMPA_CC": "2026-05-26 14:46:01" }, "geometry": { "type": "Point", "coordinates": [ -76.575786080908387, 3.395549811691914 ] } },
{ "type": "Feature", "properties": { "OBJECTID": 4904, "CE": "Traslape propio", "CT": "", "ESTAMPA_CC": "2026-05-26 14:46:01" }, "geometry": { "type": "Point", "coordinates": [ -76.601235952255777, 3.535159896978748 ] } },
{ "type": "Feature", "properties": { "OBJECTID": 4922, "CE": "Traslape propio", "CT": "", "ESTAMPA_CC": "2026-05-26 14:46:01" }, "geometry": { "type": "Point", "coordinates": [ -76.560676820294432, 3.297694776954296 ] } },
{ "type": "Feature", "properties": { "OBJECTID": 4934, "CE": "NPN Manzana -> Terreno", "CT": "", "ESTAMPA_CC": "2026-05-26 14:46:01" }, "geometry": { "type": "Point", "coordinates": [ -76.511953610958756, 3.348430314493243 ] } },
{ "type": "Feature", "properties": { "OBJECTID": 4937, "CE": "Traslape propio; NPN Manzana -> Terreno", "CT": "", "ESTAMPA_CC": "2026-05-26 14:46:01" }, "geometry": { "type": "Point", "coordinates": [ -76.510133246479441, 3.352755190992234 ] } },
{ "type": "Feature", "properties": { "OBJECTID": 4959, "CE": "Traslape propio", "CT": "", "ESTAMPA_CC": "2026-05-26 14:46:01" }, "geometry": { "type": "Point", "coordinates": [ -76.570657023770053, 3.379493811442341 ] } },
{ "type": "Feature", "properties": { "OBJECTID": 4968, "CE": "NPN Manzana -> Terreno", "CT": "", "ESTAMPA_CC": "2026-05-26 14:46:01" }, "geometry": { "type": "Point", "coordinates": [ -76.523699289041545, 3.358487040228693 ] } },
{ "type": "Feature", "properties": { "OBJECTID": 5013, "CE": "Traslape propio", "CT": "", "ESTAMPA_CC": "2026-05-26 14:46:01" }, "geometry": { "type": "Point", "coordinates": [ -76.616414309912187, 3.327830405890517 ] } },
{ "type": "Feature", "properties": { "OBJECTID": 5016, "CE": "Traslape propio", "CT": "", "ESTAMPA_CC": "2026-05-26 14:46:01" }, "geometry": { "type": "Point", "coordinates": [ -76.511228063629105, 3.36728898160749 ] } },
{ "type": "Feature", "properties": { "OBJECTID": 5017, "CE": "Traslape propio", "CT": "", "ESTAMPA_CC": "2026-05-26 14:46:01" }, "geometry": { "type": "Point", "coordinates": [ -76.555975732035478, 3.315564826267043 ] } },
{ "type": "Feature", "properties": { "OBJECTID": 5024, "CE": "Traslape propio", "CT": "", "ESTAMPA_CC": "2026-05-26 14:46:01" }, "geometry": { "type": "Point", "coordinates": [ -76.549984608755921, 3.496433301475744 ] } },
{ "type": "Feature", "properties": { "OBJECTID": 5027, "CE": "Traslape propio", "CT": "", "ESTAMPA_CC": "2026-05-26 14:46:01" }, "geometry": { "type": "Point", "coordinates": [ -76.485760206405686, 3.404845974755141 ] } },
{ "type": "Feature", "properties": { "OBJECTID": 5032, "CE": "Traslape propio", "CT": "", "ESTAMPA_CC": "2026-05-26 14:46:01" }, "geometry": { "type": "Point", "coordinates": [ -76.573357930748656, 3.357784382433506 ] } },
{ "type": "Feature", "properties": { "OBJECTID": 5042, "CE": "Traslape propio", "CT": "", "ESTAMPA_CC": "2026-05-26 14:46:01" }, "geometry": { "type": "Point", "coordinates": [ -76.604814210454776, 3.486238084122925 ] } },
{ "type": "Feature", "properties": { "OBJECTID": 5043, "CE": "Traslape propio", "CT": "", "ESTAMPA_CC": "2026-05-26 14:46:01" }, "geometry": { "type": "Point", "coordinates": [ -76.489732217329532, 3.408157619558538 ] } },
{ "type": "Feature", "properties": { "OBJECTID": 5044, "CE": "Traslape propio", "CT": "", "ESTAMPA_CC": "2026-05-26 14:46:01" }, "geometry": { "type": "Point", "coordinates": [ -76.503336927049915, 3.315964166353224 ] } },
{ "type": "Feature", "properties": { "OBJECTID": 5045, "CE": "Traslape propio", "CT": "", "ESTAMPA_CC": "2026-05-26 14:46:01" }, "geometry": { "type": "Point", "coordinates": [ -76.604797636262859, 3.538101600101659 ] } },
{ "type": "Feature", "properties": { "OBJECTID": 5051, "CE": "NPN Manzana -> Terreno", "CT": "", "ESTAMPA_CC": "2026-05-26 14:46:01" }, "geometry": { "type": "Point", "coordinates": [ -76.510166814468576, 3.350735260335845 ] } },
{ "type": "Feature", "properties": { "OBJECTID": 5057, "CE": "Traslape propio; NPN Manzana -> Terreno", "CT": "", "ESTAMPA_CC": "2026-05-26 14:46:01" }, "geometry": { "type": "Point", "coordinates": [ -76.495734141072035, 3.3689516802672 ] } },
{ "type": "Feature", "properties": { "OBJECTID": 5064, "CE": "Traslape propio", "CT": "", "ESTAMPA_CC": "2026-05-26 14:46:01" }, "geometry": { "type": "Point", "coordinates": [ -76.604324166376841, 3.487481762267557 ] } },
{ "type": "Feature", "properties": { "OBJECTID": 5079, "CE": "Traslape propio", "CT": "", "ESTAMPA_CC": "2026-05-26 14:46:01" }, "geometry": { "type": "Point", "coordinates": [ -76.568206487789567, 3.395780189056773 ] } },
{ "type": "Feature", "properties": { "OBJECTID": 5081, "CE": "NPN Manzana -> Terreno", "CT": "", "ESTAMPA_CC": "2026-05-26 14:46:01" }, "geometry": { "type": "Point", "coordinates": [ -76.519342543857618, 3.35613661847904 ] } },
{ "type": "Feature", "properties": { "OBJECTID": 5091, "CE": "Traslape propio", "CT": "", "ESTAMPA_CC": "2026-05-26 14:46:01" }, "geometry": { "type": "Point", "coordinates": [ -76.540157612286762, 3.330621780091707 ] } },
{ "type": "Feature", "properties": { "OBJECTID": 5121, "CE": "Traslape propio", "CT": "", "ESTAMPA_CC": "2026-05-26 14:46:01" }, "geometry": { "type": "Point", "coordinates": [ -76.509765580358334, 3.370429829174981 ] } },
{ "type": "Feature", "properties": { "OBJECTID": 5126, "CE": "NPN Manzana -> Terreno", "CT": "", "ESTAMPA_CC": "2026-05-26 14:46:01" }, "geometry": { "type": "Point", "coordinates": [ -76.51357287585725, 3.349317821355399 ] } },
{ "type": "Feature", "properties": { "OBJECTID": 5128, "CE": "Traslape propio", "CT": "", "ESTAMPA_CC": "2026-05-26 14:46:01" }, "geometry": { "type": "Point", "coordinates": [ -76.604497817578007, 3.48630111321151 ] } },
{ "type": "Feature", "properties": { "OBJECTID": 5144, "CE": "NPN Manzana -> Terreno", "CT": "", "ESTAMPA_CC": "2026-05-26 14:46:01" }, "geometry": { "type": "Point", "coordinates": [ -76.519336845719621, 3.35724219006934 ] } },
{ "type": "Feature", "properties": { "OBJECTID": 5147, "CE": "Traslape propio", "CT": "", "ESTAMPA_CC": "2026-05-26 14:46:01" }, "geometry": { "type": "Point", "coordinates": [ -76.668354221300973, 3.451975474340814 ] } },
{ "type": "Feature", "properties": { "OBJECTID": 5154, "CE": "Traslape propio", "CT": "", "ESTAMPA_CC": "2026-05-26 14:46:01" }, "geometry": { "type": "Point", "coordinates": [ -76.586054735092787, 3.520816838679936 ] } },
{ "type": "Feature", "properties": { "OBJECTID": 5159, "CE": "Traslape propio", "CT": "", "ESTAMPA_CC": "2026-05-26 14:46:01" }, "geometry": { "type": "Point", "coordinates": [ -76.55292275495114, 3.475840533725397 ] } },
{ "type": "Feature", "properties": { "OBJECTID": 5160, "CE": "", "CT": "Terreno", "ESTAMPA_CC": "2026-05-26 14:46:01" }, "geometry": { "type": "Point", "coordinates": [ -76.52600200698015, 3.328439396044375 ] } },
{ "type": "Feature", "properties": { "OBJECTID": 5173, "CE": "Traslape propio", "CT": "", "ESTAMPA_CC": "2026-05-26 14:46:01" }, "geometry": { "type": "Point", "coordinates": [ -76.631375904934572, 3.326816452364943 ] } },
{ "type": "Feature", "properties": { "OBJECTID": 5184, "CE": "Traslape propio", "CT": "", "ESTAMPA_CC": "2026-05-26 14:46:01" }, "geometry": { "type": "Point", "coordinates": [ -76.511330817917852, 3.367754592352338 ] } },
{ "type": "Feature", "properties": { "OBJECTID": 5185, "CE": "Traslape propio", "CT": "", "ESTAMPA_CC": "2026-05-26 14:46:01" }, "geometry": { "type": "Point", "coordinates": [ -76.511227558512417, 3.367419607800788 ] } },
{ "type": "Feature", "properties": { "OBJECTID": 5186, "CE": "Traslape propio", "CT": "", "ESTAMPA_CC": "2026-05-26 14:46:01" }, "geometry": { "type": "Point", "coordinates": [ -76.511228337491318, 3.367767602250411 ] } },
{ "type": "Feature", "properties": { "OBJECTID": 5199, "CE": "NPN Manzana -> Terreno", "CT": "", "ESTAMPA_CC": "2026-05-26 14:46:01" }, "geometry": { "type": "Point", "coordinates": [ -76.521489687399111, 3.355777579186003 ] } },
{ "type": "Feature", "properties": { "OBJECTID": 5243, "CE": "Traslape propio", "CT": "", "ESTAMPA_CC": "2026-05-26 14:46:01" }, "geometry": { "type": "Point", "coordinates": [ -76.576540947023105, 3.431194389993858 ] } },
{ "type": "Feature", "properties": { "OBJECTID": 5255, "CE": "Traslape propio", "CT": "", "ESTAMPA_CC": "2026-05-26 14:46:01" }, "geometry": { "type": "Point", "coordinates": [ -76.604240613948832, 3.503348973399346 ] } },
{ "type": "Feature", "properties": { "OBJECTID": 5260, "CE": "Traslape propio; NPN Manzana -> Terreno", "CT": "", "ESTAMPA_CC": "2026-05-26 14:46:01" }, "geometry": { "type": "Point", "coordinates": [ -76.518929428261615, 3.349253906500762 ] } },
{ "type": "Feature", "properties": { "OBJECTID": 5276, "CE": "NPN Manzana -> Terreno", "CT": "", "ESTAMPA_CC": "2026-05-26 14:46:01" }, "geometry": { "type": "Point", "coordinates": [ -76.522904744694401, 3.356457860235592 ] } },
{ "type": "Feature", "properties": { "OBJECTID": 5332, "CE": "Traslape propio", "CT": "", "ESTAMPA_CC": "2026-05-26 14:46:01" }, "geometry": { "type": "Point", "coordinates": [ -76.572559467602105, 3.382309204814045 ] } },
{ "type": "Feature", "properties": { "OBJECTID": 5335, "CE": "Traslape propio; NPN Manzana -> Terreno", "CT": "", "ESTAMPA_CC": "2026-05-26 14:46:01" }, "geometry": { "type": "Point", "coordinates": [ -76.515797054617693, 3.361422207752327 ] } },
{ "type": "Feature", "properties": { "OBJECTID": 5340, "CE": "NPN Manzana -> Terreno", "CT": "", "ESTAMPA_CC": "2026-05-26 14:46:01" }, "geometry": { "type": "Point", "coordinates": [ -76.517050053971118, 3.352704027769442 ] } },
{ "type": "Feature", "properties": { "OBJECTID": 5341, "CE": "Traslape propio; NPN Manzana -> Terreno", "CT": "", "ESTAMPA_CC": "2026-05-26 14:46:01" }, "geometry": { "type": "Point", "coordinates": [ -76.522654920721891, 3.354555762551694 ] } },
{ "type": "Feature", "properties": { "OBJECTID": 5351, "CE": "NPN Manzana -> Terreno", "CT": "", "ESTAMPA_CC": "2026-05-26 14:46:01" }, "geometry": { "type": "Point", "coordinates": [ -76.511631503622169, 3.359063969616738 ] } },
{ "type": "Feature", "properties": { "OBJECTID": 5386, "CE": "NPN Manzana -> Terreno", "CT": "", "ESTAMPA_CC": "2026-05-26 14:46:01" }, "geometry": { "type": "Point", "coordinates": [ -76.51999116200038, 3.352698075003356 ] } },
{ "type": "Feature", "properties": { "OBJECTID": 5399, "CE": "NPN Manzana -> Terreno", "CT": "", "ESTAMPA_CC": "2026-05-26 14:46:01" }, "geometry": { "type": "Point", "coordinates": [ -76.495235402303919, 3.365165214914089 ] } },
{ "type": "Feature", "properties": { "OBJECTID": 5404, "CE": "NPN Manzana -> Terreno", "CT": "", "ESTAMPA_CC": "2026-05-26 14:46:01" }, "geometry": { "type": "Point", "coordinates": [ -76.522417917438858, 3.356321743490997 ] } },
{ "type": "Feature", "properties": { "OBJECTID": 5411, "CE": "NPN Manzana -> Terreno", "CT": "", "ESTAMPA_CC": "2026-05-26 14:46:01" }, "geometry": { "type": "Point", "coordinates": [ -76.580187769411694, 3.456532425331817 ] } },
{ "type": "Feature", "properties": { "OBJECTID": 5417, "CE": "", "CT": "Terreno", "ESTAMPA_CC": "2026-05-26 14:46:01" }, "geometry": { "type": "Point", "coordinates": [ -76.534167963525604, 3.311586242889303 ] } },
{ "type": "Feature", "properties": { "OBJECTID": 5420, "CE": "Traslape propio", "CT": "", "ESTAMPA_CC": "2026-05-26 14:46:01" }, "geometry": { "type": "Point", "coordinates": [ -76.568033069654817, 3.396364765961915 ] } },
{ "type": "Feature", "properties": { "OBJECTID": 5435, "CE": "Traslape propio", "CT": "", "ESTAMPA_CC": "2026-05-26 14:46:01" }, "geometry": { "type": "Point", "coordinates": [ -76.565914554815663, 3.37487744485533 ] } },
{ "type": "Feature", "properties": { "OBJECTID": 5449, "CE": "Traslape propio", "CT": "", "ESTAMPA_CC": "2026-05-26 14:46:01" }, "geometry": { "type": "Point", "coordinates": [ -76.558925761573235, 3.361276860045998 ] } },
{ "type": "Feature", "properties": { "OBJECTID": 5456, "CE": "Traslape propio", "CT": "", "ESTAMPA_CC": "2026-05-26 14:46:01" }, "geometry": { "type": "Point", "coordinates": [ -76.596941498121055, 3.505586259261565 ] } },
{ "type": "Feature", "properties": { "OBJECTID": 5470, "CE": "Traslape propio", "CT": "", "ESTAMPA_CC": "2026-05-26 14:46:01" }, "geometry": { "type": "Point", "coordinates": [ -76.537706911193524, 3.328171274075982 ] } },
{ "type": "Feature", "properties": { "OBJECTID": 5482, "CE": "NPN Manzana -> Terreno", "CT": "", "ESTAMPA_CC": "2026-05-26 14:46:01" }, "geometry": { "type": "Point", "coordinates": [ -76.522401413789638, 3.356833504682705 ] } },
{ "type": "Feature", "properties": { "OBJECTID": 5490, "CE": "NPN Manzana -> Terreno", "CT": "", "ESTAMPA_CC": "2026-05-26 14:46:01" }, "geometry": { "type": "Point", "coordinates": [ -76.518400772287094, 3.355590008908879 ] } },
{ "type": "Feature", "properties": { "OBJECTID": 5499, "CE": "Traslape propio", "CT": "", "ESTAMPA_CC": "2026-05-26 14:46:01" }, "geometry": { "type": "Point", "coordinates": [ -76.578478091015299, 3.48981729538384 ] } },
{ "type": "Feature", "properties": { "OBJECTID": 5501, "CE": "Traslape propio", "CT": "", "ESTAMPA_CC": "2026-05-26 14:46:01" }, "geometry": { "type": "Point", "coordinates": [ -76.520576796290669, 3.310373121310218 ] } },
{ "type": "Feature", "properties": { "OBJECTID": 5503, "CE": "Traslape propio", "CT": "", "ESTAMPA_CC": "2026-05-26 14:46:01" }, "geometry": { "type": "Point", "coordinates": [ -76.538453321285317, 3.328977549557766 ] } },
{ "type": "Feature", "properties": { "OBJECTID": 5515, "CE": "Traslape propio", "CT": "", "ESTAMPA_CC": "2026-05-26 14:46:01" }, "geometry": { "type": "Point", "coordinates": [ -76.563868306149018, 3.377349345086503 ] } },
{ "type": "Feature", "properties": { "OBJECTID": 5517, "CE": "Traslape propio", "CT": "", "ESTAMPA_CC": "2026-05-26 14:46:01" }, "geometry": { "type": "Point", "coordinates": [ -76.569509356246073, 3.395214770054489 ] } },
{ "type": "Feature", "properties": { "OBJECTID": 5525, "CE": "Traslape propio", "CT": "", "ESTAMPA_CC": "2026-05-26 14:46:01" }, "geometry": { "type": "Point", "coordinates": [ -76.555031662418983, 3.472220887656216 ] } },
{ "type": "Feature", "properties": { "OBJECTID": 5526, "CE": "Traslape propio", "CT": "", "ESTAMPA_CC": "2026-05-26 14:46:01" }, "geometry": { "type": "Point", "coordinates": [ -76.560521193457063, 3.427325113089842 ] } },
{ "type": "Feature", "properties": { "OBJECTID": 5535, "CE": "Traslape propio; NPN Manzana -> Terreno", "CT": "", "ESTAMPA_CC": "2026-05-26 14:46:01" }, "geometry": { "type": "Point", "coordinates": [ -76.497244339200918, 3.370629196038057 ] } },
{ "type": "Feature", "properties": { "OBJECTID": 5537, "CE": "Traslape propio", "CT": "", "ESTAMPA_CC": "2026-05-26 14:46:01" }, "geometry": { "type": "Point", "coordinates": [ -76.546013684419464, 3.327162743680064 ] } },
{ "type": "Feature", "properties": { "OBJECTID": 5543, "CE": "", "CT": "Terreno", "ESTAMPA_CC": "2026-05-26 14:46:01" }, "geometry": { "type": "Point", "coordinates": [ -76.556176261701722, 3.472611564844859 ] } },
{ "type": "Feature", "properties": { "OBJECTID": 5545, "CE": "Traslape propio", "CT": "", "ESTAMPA_CC": "2026-05-26 14:46:01" }, "geometry": { "type": "Point", "coordinates": [ -76.557022561415749, 3.469645868102065 ] } },
{ "type": "Feature", "properties": { "OBJECTID": 5550, "CE": "Traslape propio", "CT": "", "ESTAMPA_CC": "2026-05-26 14:46:01" }, "geometry": { "type": "Point", "coordinates": [ -76.606147860089152, 3.516967388341089 ] } },
{ "type": "Feature", "properties": { "OBJECTID": 5561, "CE": "Traslape propio", "CT": "", "ESTAMPA_CC": "2026-05-26 14:46:01" }, "geometry": { "type": "Point", "coordinates": [ -76.565819132688574, 3.375412134147755 ] } },
{ "type": "Feature", "properties": { "OBJECTID": 5562, "CE": "Traslape propio", "CT": "", "ESTAMPA_CC": "2026-05-26 14:46:01" }, "geometry": { "type": "Point", "coordinates": [ -76.552567044216502, 3.347216805761906 ] } },
{ "type": "Feature", "properties": { "OBJECTID": 5568, "CE": "Traslape propio", "CT": "", "ESTAMPA_CC": "2026-05-26 14:46:01" }, "geometry": { "type": "Point", "coordinates": [ -76.507333012937679, 3.379776714257335 ] } },
{ "type": "Feature", "properties": { "OBJECTID": 5569, "CE": "Traslape propio", "CT": "", "ESTAMPA_CC": "2026-05-26 14:46:01" }, "geometry": { "type": "Point", "coordinates": [ -76.545121996488206, 3.323448125619534 ] } },
{ "type": "Feature", "properties": { "OBJECTID": 5570, "CE": "Traslape propio", "CT": "", "ESTAMPA_CC": "2026-05-26 14:46:01" }, "geometry": { "type": "Point", "coordinates": [ -76.564380310074498, 3.423635846612202 ] } },
{ "type": "Feature", "properties": { "OBJECTID": 5571, "CE": "Traslape propio", "CT": "", "ESTAMPA_CC": "2026-05-26 14:46:01" }, "geometry": { "type": "Point", "coordinates": [ -76.568763044786664, 3.409080168832416 ] } },
{ "type": "Feature", "properties": { "OBJECTID": 5574, "CE": "Traslape propio; NPN Manzana -> Terreno", "CT": "", "ESTAMPA_CC": "2026-05-26 14:46:01" }, "geometry": { "type": "Point", "coordinates": [ -76.517109724586831, 3.361003749725347 ] } },
{ "type": "Feature", "properties": { "OBJECTID": 5575, "CE": "Traslape propio; NPN Manzana -> Terreno", "CT": "", "ESTAMPA_CC": "2026-05-26 14:46:01" }, "geometry": { "type": "Point", "coordinates": [ -76.517748696033621, 3.361427617648509 ] } },
{ "type": "Feature", "properties": { "OBJECTID": 5577, "CE": "Traslape propio", "CT": "", "ESTAMPA_CC": "2026-05-26 14:46:01" }, "geometry": { "type": "Point", "coordinates": [ -76.558034497107798, 3.349843766344043 ] } },
{ "type": "Feature", "properties": { "OBJECTID": 5590, "CE": "Traslape propio", "CT": "", "ESTAMPA_CC": "2026-05-26 14:46:01" }, "geometry": { "type": "Point", "coordinates": [ -76.567054454715986, 3.419554348116276 ] } },
{ "type": "Feature", "properties": { "OBJECTID": 5598, "CE": "NPN Manzana -> Terreno", "CT": "", "ESTAMPA_CC": "2026-05-26 14:46:01" }, "geometry": { "type": "Point", "coordinates": [ -76.493275448032719, 3.343283311644742 ] } },
{ "type": "Feature", "properties": { "OBJECTID": 5602, "CE": "Traslape propio", "CT": "", "ESTAMPA_CC": "2026-05-26 14:46:01" }, "geometry": { "type": "Point", "coordinates": [ -76.536644736571503, 3.327391372870843 ] } },
{ "type": "Feature", "properties": { "OBJECTID": 5604, "CE": "Traslape propio; NPN Manzana -> Terreno", "CT": "", "ESTAMPA_CC": "2026-05-26 14:46:01" }, "geometry": { "type": "Point", "coordinates": [ -76.510173162689242, 3.35454270435315 ] } },
{ "type": "Feature", "properties": { "OBJECTID": 5608, "CE": "NPN Manzana -> Terreno", "CT": "", "ESTAMPA_CC": "2026-05-26 14:46:01" }, "geometry": { "type": "Point", "coordinates": [ -76.519397674849827, 3.355651647753446 ] } },
{ "type": "Feature", "properties": { "OBJECTID": 5622, "CE": "NPN Manzana -> Terreno", "CT": "", "ESTAMPA_CC": "2026-05-26 14:46:01" }, "geometry": { "type": "Point", "coordinates": [ -76.51694553636942, 3.352737791790358 ] } },
{ "type": "Feature", "properties": { "OBJECTID": 5629, "CE": "Traslape propio", "CT": "", "ESTAMPA_CC": "2026-05-26 14:46:01" }, "geometry": { "type": "Point", "coordinates": [ -76.503337504998413, 3.315854603365243 ] } },
{ "type": "Feature", "properties": { "OBJECTID": 5636, "CE": "Traslape propio", "CT": "", "ESTAMPA_CC": "2026-05-26 14:46:01" }, "geometry": { "type": "Point", "coordinates": [ -76.569807988822575, 3.424159590040809 ] } },
{ "type": "Feature", "properties": { "OBJECTID": 5645, "CE": "Traslape propio; NPN Manzana -> Terreno", "CT": "", "ESTAMPA_CC": "2026-05-26 14:46:01" }, "geometry": { "type": "Point", "coordinates": [ -76.514148075929285, 3.346269192396275 ] } },
{ "type": "Feature", "properties": { "OBJECTID": 5652, "CE": "Traslape propio", "CT": "", "ESTAMPA_CC": "2026-05-26 14:46:01" }, "geometry": { "type": "Point", "coordinates": [ -76.557343969495577, 3.445618927558391 ] } },
{ "type": "Feature", "properties": { "OBJECTID": 5657, "CE": "Traslape propio", "CT": "", "ESTAMPA_CC": "2026-05-26 14:46:01" }, "geometry": { "type": "Point", "coordinates": [ -76.543170559061764, 3.48997029565128 ] } },
{ "type": "Feature", "properties": { "OBJECTID": 5669, "CE": "Traslape propio", "CT": "", "ESTAMPA_CC": "2026-05-26 14:46:01" }, "geometry": { "type": "Point", "coordinates": [ -76.580454049121045, 3.4315080869912 ] } },
{ "type": "Feature", "properties": { "OBJECTID": 5671, "CE": "Traslape propio", "CT": "", "ESTAMPA_CC": "2026-05-26 14:46:01" }, "geometry": { "type": "Point", "coordinates": [ -76.603356380388433, 3.539978028442563 ] } },
{ "type": "Feature", "properties": { "OBJECTID": 5679, "CE": "", "CT": "Terreno", "ESTAMPA_CC": "2026-05-26 14:46:01" }, "geometry": { "type": "Point", "coordinates": [ -76.541908220547271, 3.306616265322027 ] } },
{ "type": "Feature", "properties": { "OBJECTID": 5680, "CE": "Traslape propio", "CT": "", "ESTAMPA_CC": "2026-05-26 14:46:01" }, "geometry": { "type": "Point", "coordinates": [ -76.629058990295448, 3.456999395053589 ] } },
{ "type": "Feature", "properties": { "OBJECTID": 5708, "CE": "Traslape propio", "CT": "", "ESTAMPA_CC": "2026-05-26 14:46:01" }, "geometry": { "type": "Point", "coordinates": [ -76.560173882908288, 3.361117624536842 ] } },
{ "type": "Feature", "properties": { "OBJECTID": 5725, "CE": "Traslape propio", "CT": "", "ESTAMPA_CC": "2026-05-26 14:46:01" }, "geometry": { "type": "Point", "coordinates": [ -76.551728026257706, 3.3203812329452 ] } },
{ "type": "Feature", "properties": { "OBJECTID": 5730, "CE": "Traslape propio", "CT": "", "ESTAMPA_CC": "2026-05-26 14:46:01" }, "geometry": { "type": "Point", "coordinates": [ -76.572437850685489, 3.393204976454872 ] } },
{ "type": "Feature", "properties": { "OBJECTID": 5736, "CE": "Traslape propio", "CT": "", "ESTAMPA_CC": "2026-05-26 14:46:01" }, "geometry": { "type": "Point", "coordinates": [ -76.603554379407782, 3.502978935687771 ] } },
{ "type": "Feature", "properties": { "OBJECTID": 5741, "CE": "Traslape propio", "CT": "", "ESTAMPA_CC": "2026-05-26 14:46:01" }, "geometry": { "type": "Point", "coordinates": [ -76.55493351102696, 3.358077721759547 ] } },
{ "type": "Feature", "properties": { "OBJECTID": 5754, "CE": "Traslape propio", "CT": "", "ESTAMPA_CC": "2026-05-26 14:46:01" }, "geometry": { "type": "Point", "coordinates": [ -76.560730614585225, 3.330299541558805 ] } },
{ "type": "Feature", "properties": { "OBJECTID": 5755, "CE": "Traslape propio", "CT": "", "ESTAMPA_CC": "2026-05-26 14:46:01" }, "geometry": { "type": "Point", "coordinates": [ -76.605857319817574, 3.483278154804087 ] } },
{ "type": "Feature", "properties": { "OBJECTID": 5763, "CE": "Traslape propio", "CT": "", "ESTAMPA_CC": "2026-05-26 14:46:01" }, "geometry": { "type": "Point", "coordinates": [ -76.537722364286878, 3.328835012792599 ] } },
{ "type": "Feature", "properties": { "OBJECTID": 5771, "CE": "Traslape propio", "CT": "", "ESTAMPA_CC": "2026-05-26 14:46:01" }, "geometry": { "type": "Point", "coordinates": [ -76.604142545445526, 3.509947871911669 ] } },
{ "type": "Feature", "properties": { "OBJECTID": 5772, "CE": "Traslape propio", "CT": "", "ESTAMPA_CC": "2026-05-26 14:46:01" }, "geometry": { "type": "Point", "coordinates": [ -76.602082055192255, 3.537340577993474 ] } },
{ "type": "Feature", "properties": { "OBJECTID": 5793, "CE": "Traslape propio", "CT": "", "ESTAMPA_CC": "2026-05-26 14:46:01" }, "geometry": { "type": "Point", "coordinates": [ -76.608315980076299, 3.492525210454144 ] } },
{ "type": "Feature", "properties": { "OBJECTID": 5794, "CE": "Traslape propio; NPN Manzana -> Terreno", "CT": "", "ESTAMPA_CC": "2026-05-26 14:46:01" }, "geometry": { "type": "Point", "coordinates": [ -76.509851903590629, 3.354254273287864 ] } },
{ "type": "Feature", "properties": { "OBJECTID": 5801, "CE": "Traslape propio", "CT": "", "ESTAMPA_CC": "2026-05-26 14:46:01" }, "geometry": { "type": "Point", "coordinates": [ -76.545077074230065, 3.32476233075203 ] } },
{ "type": "Feature", "properties": { "OBJECTID": 5827, "CE": "Traslape propio", "CT": "", "ESTAMPA_CC": "2026-05-26 14:46:01" }, "geometry": { "type": "Point", "coordinates": [ -76.512803661404661, 3.327245138539551 ] } },
{ "type": "Feature", "properties": { "OBJECTID": 5848, "CE": "Traslape propio", "CT": "", "ESTAMPA_CC": "2026-05-26 14:46:01" }, "geometry": { "type": "Point", "coordinates": [ -76.527414361108143, 3.317107412525194 ] } },
{ "type": "Feature", "properties": { "OBJECTID": 5853, "CE": "Traslape propio", "CT": "", "ESTAMPA_CC": "2026-05-26 14:46:01" }, "geometry": { "type": "Point", "coordinates": [ -76.545560210561362, 3.324960094774741 ] } },
{ "type": "Feature", "properties": { "OBJECTID": 5854, "CE": "Traslape propio", "CT": "", "ESTAMPA_CC": "2026-05-26 14:46:01" }, "geometry": { "type": "Point", "coordinates": [ -76.550499171708978, 3.346854769751513 ] } },
{ "type": "Feature", "properties": { "OBJECTID": 5864, "CE": "NPN Manzana -> Terreno", "CT": "", "ESTAMPA_CC": "2026-05-26 14:46:01" }, "geometry": { "type": "Point", "coordinates": [ -76.510659021181468, 3.34901813423253 ] } },
{ "type": "Feature", "properties": { "OBJECTID": 5872, "CE": "Traslape propio", "CT": "", "ESTAMPA_CC": "2026-05-26 14:46:01" }, "geometry": { "type": "Point", "coordinates": [ -76.6117452891216, 3.510001852719533 ] } },
{ "type": "Feature", "properties": { "OBJECTID": 5891, "CE": "Traslape propio", "CT": "", "ESTAMPA_CC": "2026-05-26 14:46:01" }, "geometry": { "type": "Point", "coordinates": [ -76.562626470660447, 3.355154871222562 ] } },
{ "type": "Feature", "properties": { "OBJECTID": 5895, "CE": "Traslape propio", "CT": "", "ESTAMPA_CC": "2026-05-26 14:46:01" }, "geometry": { "type": "Point", "coordinates": [ -76.565147601352152, 3.380891066782005 ] } },
{ "type": "Feature", "properties": { "OBJECTID": 5898, "CE": "NPN Manzana -> Terreno", "CT": "", "ESTAMPA_CC": "2026-05-26 14:46:01" }, "geometry": { "type": "Point", "coordinates": [ -76.510561612228074, 3.350192396881522 ] } },
{ "type": "Feature", "properties": { "OBJECTID": 5904, "CE": "Traslape propio", "CT": "", "ESTAMPA_CC": "2026-05-26 14:46:01" }, "geometry": { "type": "Point", "coordinates": [ -76.549699869546089, 3.34870718207828 ] } },
{ "type": "Feature", "properties": { "OBJECTID": 5907, "CE": "NPN Manzana -> Terreno", "CT": "", "ESTAMPA_CC": "2026-05-26 14:46:01" }, "geometry": { "type": "Point", "coordinates": [ -76.495519591080054, 3.343431269337119 ] } },
{ "type": "Feature", "properties": { "OBJECTID": 5910, "CE": "NPN Manzana -> Terreno", "CT": "", "ESTAMPA_CC": "2026-05-26 14:46:01" }, "geometry": { "type": "Point", "coordinates": [ -76.521889441071906, 3.356802686987032 ] } },
{ "type": "Feature", "properties": { "OBJECTID": 5914, "CE": "Traslape propio", "CT": "", "ESTAMPA_CC": "2026-05-26 14:46:01" }, "geometry": { "type": "Point", "coordinates": [ -76.509581341416393, 3.370681929467334 ] } },
{ "type": "Feature", "properties": { "OBJECTID": 5928, "CE": "Traslape propio", "CT": "", "ESTAMPA_CC": "2026-05-26 14:46:01" }, "geometry": { "type": "Point", "coordinates": [ -76.553654469096173, 3.473375424683042 ] } },
{ "type": "Feature", "properties": { "OBJECTID": 5932, "CE": "Traslape propio", "CT": "", "ESTAMPA_CC": "2026-05-26 14:46:01" }, "geometry": { "type": "Point", "coordinates": [ -76.531498846756222, 3.306774069979727 ] } },
{ "type": "Feature", "properties": { "OBJECTID": 5933, "CE": "Traslape propio", "CT": "", "ESTAMPA_CC": "2026-05-26 14:46:01" }, "geometry": { "type": "Point", "coordinates": [ -76.545382972824527, 3.320454108173312 ] } },
{ "type": "Feature", "properties": { "OBJECTID": 5952, "CE": "Traslape propio", "CT": "", "ESTAMPA_CC": "2026-05-26 14:46:01" }, "geometry": { "type": "Point", "coordinates": [ -76.567127359438302, 3.410761812177485 ] } },
{ "type": "Feature", "properties": { "OBJECTID": 5958, "CE": "Traslape propio", "CT": "", "ESTAMPA_CC": "2026-05-26 14:46:01" }, "geometry": { "type": "Point", "coordinates": [ -76.606218195957609, 3.325719303910907 ] } },
{ "type": "Feature", "properties": { "OBJECTID": 5973, "CE": "Traslape propio", "CT": "", "ESTAMPA_CC": "2026-05-26 14:46:01" }, "geometry": { "type": "Point", "coordinates": [ -76.60547897294974, 3.484241246674154 ] } },
{ "type": "Feature", "properties": { "OBJECTID": 5989, "CE": "Traslape propio", "CT": "", "ESTAMPA_CC": "2026-05-26 14:46:01" }, "geometry": { "type": "Point", "coordinates": [ -76.608262681185252, 3.493059168627229 ] } },
{ "type": "Feature", "properties": { "OBJECTID": 5998, "CE": "Traslape propio", "CT": "", "ESTAMPA_CC": "2026-05-26 14:46:01" }, "geometry": { "type": "Point", "coordinates": [ -76.53637408041557, 3.329786705387583 ] } },
{ "type": "Feature", "properties": { "OBJECTID": 6016, "CE": "Traslape propio", "CT": "", "ESTAMPA_CC": "2026-05-26 14:46:01" }, "geometry": { "type": "Point", "coordinates": [ -76.532402821518033, 3.304523402210138 ] } },
{ "type": "Feature", "properties": { "OBJECTID": 6017, "CE": "Traslape propio", "CT": "", "ESTAMPA_CC": "2026-05-26 14:46:01" }, "geometry": { "type": "Point", "coordinates": [ -76.597260090222562, 3.339650200580748 ] } },
{ "type": "Feature", "properties": { "OBJECTID": 6018, "CE": "Traslape propio", "CT": "", "ESTAMPA_CC": "2026-05-26 14:46:01" }, "geometry": { "type": "Point", "coordinates": [ -76.604592936058808, 3.485434838995586 ] } },
{ "type": "Feature", "properties": { "OBJECTID": 6019, "CE": "NPN Manzana -> Terreno", "CT": "", "ESTAMPA_CC": "2026-05-26 14:46:01" }, "geometry": { "type": "Point", "coordinates": [ -76.543792623199735, 3.315629957271994 ] } },
{ "type": "Feature", "properties": { "OBJECTID": 6024, "CE": "NPN Manzana -> Terreno", "CT": "", "ESTAMPA_CC": "2026-05-26 14:46:01" }, "geometry": { "type": "Point", "coordinates": [ -76.518375769365989, 3.35174230385686 ] } },
{ "type": "Feature", "properties": { "OBJECTID": 6025, "CE": "Traslape propio; NPN Manzana -> Terreno", "CT": "", "ESTAMPA_CC": "2026-05-26 14:46:01" }, "geometry": { "type": "Point", "coordinates": [ -76.542980242764344, 3.454991700753796 ] } },
{ "type": "Feature", "properties": { "OBJECTID": 6026, "CE": "Traslape propio", "CT": "", "ESTAMPA_CC": "2026-05-26 14:46:01" }, "geometry": { "type": "Point", "coordinates": [ -76.608478641946007, 3.489740719036514 ] } },
{ "type": "Feature", "properties": { "OBJECTID": 6027, "CE": "Traslape propio", "CT": "", "ESTAMPA_CC": "2026-05-26 14:46:01" }, "geometry": { "type": "Point", "coordinates": [ -76.512997735384985, 3.365037886070944 ] } },
{ "type": "Feature", "properties": { "OBJECTID": 6033, "CE": "Traslape propio", "CT": "", "ESTAMPA_CC": "2026-05-26 14:46:01" }, "geometry": { "type": "Point", "coordinates": [ -76.533448635803069, 3.31050353573502 ] } },
{ "type": "Feature", "properties": { "OBJECTID": 6046, "CE": "Traslape propio", "CT": "", "ESTAMPA_CC": "2026-05-26 14:46:01" }, "geometry": { "type": "Point", "coordinates": [ -76.544038377640959, 3.318807813014554 ] } },
{ "type": "Feature", "properties": { "OBJECTID": 6047, "CE": "Traslape propio", "CT": "", "ESTAMPA_CC": "2026-05-26 14:46:01" }, "geometry": { "type": "Point", "coordinates": [ -76.544058389337678, 3.319159873122216 ] } },
{ "type": "Feature", "properties": { "OBJECTID": 6052, "CE": "NPN Manzana -> Terreno", "CT": "", "ESTAMPA_CC": "2026-05-26 14:46:01" }, "geometry": { "type": "Point", "coordinates": [ -76.512099072586366, 3.348405005149684 ] } },
{ "type": "Feature", "properties": { "OBJECTID": 6054, "CE": "NPN Manzana -> Terreno", "CT": "", "ESTAMPA_CC": "2026-05-26 14:46:01" }, "geometry": { "type": "Point", "coordinates": [ -76.51936634531944, 3.356244950899685 ] } },
{ "type": "Feature", "properties": { "OBJECTID": 6088, "CE": "Traslape propio", "CT": "", "ESTAMPA_CC": "2026-05-26 14:46:01" }, "geometry": { "type": "Point", "coordinates": [ -76.544728681602408, 3.318248567061873 ] } },
{ "type": "Feature", "properties": { "OBJECTID": 6089, "CE": "Traslape propio", "CT": "", "ESTAMPA_CC": "2026-05-26 14:46:01" }, "geometry": { "type": "Point", "coordinates": [ -76.544726726868305, 3.318880892598753 ] } },
{ "type": "Feature", "properties": { "OBJECTID": 6090, "CE": "Traslape propio", "CT": "", "ESTAMPA_CC": "2026-05-26 14:46:01" }, "geometry": { "type": "Point", "coordinates": [ -76.544680149923778, 3.318768601926942 ] } },
{ "type": "Feature", "properties": { "OBJECTID": 6091, "CE": "Traslape propio", "CT": "", "ESTAMPA_CC": "2026-05-26 14:46:01" }, "geometry": { "type": "Point", "coordinates": [ -76.544018367151139, 3.318455752906441 ] } },
{ "type": "Feature", "properties": { "OBJECTID": 6101, "CE": "Traslape propio", "CT": "", "ESTAMPA_CC": "2026-05-26 14:46:01" }, "geometry": { "type": "Point", "coordinates": [ -76.552443732748216, 3.348314435904078 ] } },
{ "type": "Feature", "properties": { "OBJECTID": 6108, "CE": "Traslape propio", "CT": "", "ESTAMPA_CC": "2026-05-26 14:46:01" }, "geometry": { "type": "Point", "coordinates": [ -76.547331606332335, 3.321584212319642 ] } },
{ "type": "Feature", "properties": { "OBJECTID": 6119, "CE": "NPN Manzana -> Terreno", "CT": "", "ESTAMPA_CC": "2026-05-26 14:46:01" }, "geometry": { "type": "Point", "coordinates": [ -76.517865381867324, 3.360272178732685 ] } },
{ "type": "Feature", "properties": { "OBJECTID": 6134, "CE": "Traslape propio; NPN Manzana -> Terreno", "CT": "", "ESTAMPA_CC": "2026-05-26 14:46:01" }, "geometry": { "type": "Point", "coordinates": [ -76.565968759392547, 3.411581064001553 ] } },
{ "type": "Feature", "properties": { "OBJECTID": 6138, "CE": "Traslape propio", "CT": "", "ESTAMPA_CC": "2026-05-26 14:46:01" }, "geometry": { "type": "Point", "coordinates": [ -76.554291085161907, 3.349938070365174 ] } },
{ "type": "Feature", "properties": { "OBJECTID": 6153, "CE": "Traslape propio", "CT": "", "ESTAMPA_CC": "2026-05-26 14:46:01" }, "geometry": { "type": "Point", "coordinates": [ -76.568895580545615, 3.394595545676885 ] } },
{ "type": "Feature", "properties": { "OBJECTID": 6188, "CE": "NPN Manzana -> Terreno", "CT": "", "ESTAMPA_CC": "2026-05-26 14:46:01" }, "geometry": { "type": "Point", "coordinates": [ -76.513821155098526, 3.350297118175364 ] } },
{ "type": "Feature", "properties": { "OBJECTID": 6193, "CE": "Traslape propio; NPN Manzana -> Terreno", "CT": "", "ESTAMPA_CC": "2026-05-26 14:46:01" }, "geometry": { "type": "Point", "coordinates": [ -76.558657717463149, 3.433606573130006 ] } },
{ "type": "Feature", "properties": { "OBJECTID": 6202, "CE": "Traslape propio", "CT": "", "ESTAMPA_CC": "2026-05-26 14:46:01" }, "geometry": { "type": "Point", "coordinates": [ -76.555166958135757, 3.348966180544944 ] } },
{ "type": "Feature", "properties": { "OBJECTID": 6203, "CE": "Traslape propio", "CT": "", "ESTAMPA_CC": "2026-05-26 14:46:01" }, "geometry": { "type": "Point", "coordinates": [ -76.508085070090132, 3.382397934090412 ] } },
{ "type": "Feature", "properties": { "OBJECTID": 6204, "CE": "Traslape propio", "CT": "", "ESTAMPA_CC": "2026-05-26 14:46:01" }, "geometry": { "type": "Point", "coordinates": [ -76.544459497891481, 3.323509989396266 ] } },
{ "type": "Feature", "properties": { "OBJECTID": 6208, "CE": "Traslape propio", "CT": "", "ESTAMPA_CC": "2026-05-26 14:46:01" }, "geometry": { "type": "Point", "coordinates": [ -76.551461222135217, 3.347205623603539 ] } },
{ "type": "Feature", "properties": { "OBJECTID": 6209, "CE": "NPN Manzana -> Terreno", "CT": "", "ESTAMPA_CC": "2026-05-26 14:46:01" }, "geometry": { "type": "Point", "coordinates": [ -76.513191855414419, 3.349006035194559 ] } },
{ "type": "Feature", "properties": { "OBJECTID": 6222, "CE": "Traslape propio", "CT": "", "ESTAMPA_CC": "2026-05-26 14:46:01" }, "geometry": { "type": "Point", "coordinates": [ -76.557982251935627, 3.395296593495952 ] } },
{ "type": "Feature", "properties": { "OBJECTID": 6225, "CE": "Traslape propio", "CT": "", "ESTAMPA_CC": "2026-05-26 14:46:01" }, "geometry": { "type": "Point", "coordinates": [ -76.574343063930272, 3.378510520355427 ] } },
{ "type": "Feature", "properties": { "OBJECTID": 6236, "CE": "NPN Manzana -> Terreno", "CT": "", "ESTAMPA_CC": "2026-05-26 14:46:01" }, "geometry": { "type": "Point", "coordinates": [ -76.516854337906452, 3.35278181890616 ] } },
{ "type": "Feature", "properties": { "OBJECTID": 6237, "CE": "Traslape propio; NPN Manzana -> Terreno", "CT": "", "ESTAMPA_CC": "2026-05-26 14:46:01" }, "geometry": { "type": "Point", "coordinates": [ -76.522330377422691, 3.343091543676799 ] } },
{ "type": "Feature", "properties": { "OBJECTID": 6240, "CE": "NPN Manzana -> Terreno", "CT": "", "ESTAMPA_CC": "2026-05-26 14:46:01" }, "geometry": { "type": "Point", "coordinates": [ -76.518241670064256, 3.349814607990523 ] } },
{ "type": "Feature", "properties": { "OBJECTID": 6249, "CE": "Traslape propio", "CT": "", "ESTAMPA_CC": "2026-05-26 14:46:01" }, "geometry": { "type": "Point", "coordinates": [ -76.530254247045619, 3.313264519774602 ] } },
{ "type": "Feature", "properties": { "OBJECTID": 6250, "CE": "Traslape propio", "CT": "", "ESTAMPA_CC": "2026-05-26 14:46:01" }, "geometry": { "type": "Point", "coordinates": [ -76.539846838492053, 3.298031400824342 ] } },
{ "type": "Feature", "properties": { "OBJECTID": 6251, "CE": "Traslape propio", "CT": "", "ESTAMPA_CC": "2026-05-26 14:46:01" }, "geometry": { "type": "Point", "coordinates": [ -76.555083027092223, 3.331167012343192 ] } },
{ "type": "Feature", "properties": { "OBJECTID": 6256, "CE": "NPN Manzana -> Terreno", "CT": "", "ESTAMPA_CC": "2026-05-26 14:46:01" }, "geometry": { "type": "Point", "coordinates": [ -76.518306691008874, 3.348008424521658 ] } },
{ "type": "Feature", "properties": { "OBJECTID": 6260, "CE": "Traslape propio; NPN Manzana -> Terreno", "CT": "", "ESTAMPA_CC": "2026-05-26 14:46:01" }, "geometry": { "type": "Point", "coordinates": [ -76.515667235418121, 3.353349950733144 ] } },
{ "type": "Feature", "properties": { "OBJECTID": 6273, "CE": "Traslape propio", "CT": "", "ESTAMPA_CC": "2026-05-26 14:46:01" }, "geometry": { "type": "Point", "coordinates": [ -76.571350115474516, 3.417796448602123 ] } },
{ "type": "Feature", "properties": { "OBJECTID": 6275, "CE": "Traslape propio", "CT": "", "ESTAMPA_CC": "2026-05-26 14:46:01" }, "geometry": { "type": "Point", "coordinates": [ -76.556169698511397, 3.35038707290338 ] } },
{ "type": "Feature", "properties": { "OBJECTID": 6276, "CE": "Traslape propio", "CT": "", "ESTAMPA_CC": "2026-05-26 14:46:01" }, "geometry": { "type": "Point", "coordinates": [ -76.559093177982675, 3.351115720621807 ] } },
{ "type": "Feature", "properties": { "OBJECTID": 6284, "CE": "NPN Manzana -> Terreno", "CT": "", "ESTAMPA_CC": "2026-05-26 14:46:01" }, "geometry": { "type": "Point", "coordinates": [ -76.49288970513436, 3.339375171813028 ] } },
{ "type": "Feature", "properties": { "OBJECTID": 6288, "CE": "NPN Manzana -> Terreno", "CT": "", "ESTAMPA_CC": "2026-05-26 14:46:01" }, "geometry": { "type": "Point", "coordinates": [ -76.517203202146973, 3.352734216197435 ] } },
{ "type": "Feature", "properties": { "OBJECTID": 6297, "CE": "NPN Manzana -> Terreno", "CT": "", "ESTAMPA_CC": "2026-05-26 14:46:01" }, "geometry": { "type": "Point", "coordinates": [ -76.514719551990282, 3.351901659375868 ] } },
{ "type": "Feature", "properties": { "OBJECTID": 6299, "CE": "Traslape propio", "CT": "", "ESTAMPA_CC": "2026-05-26 14:46:01" }, "geometry": { "type": "Point", "coordinates": [ -76.54044053633848, 3.485941013601427 ] } },
{ "type": "Feature", "properties": { "OBJECTID": 6302, "CE": "Traslape propio", "CT": "", "ESTAMPA_CC": "2026-05-26 14:46:01" }, "geometry": { "type": "Point", "coordinates": [ -76.639266724627404, 3.447291136577908 ] } },
{ "type": "Feature", "properties": { "OBJECTID": 6313, "CE": "NPN Manzana -> Terreno", "CT": "", "ESTAMPA_CC": "2026-05-26 14:46:01" }, "geometry": { "type": "Point", "coordinates": [ -76.52149621728725, 3.357655470364433 ] } },
{ "type": "Feature", "properties": { "OBJECTID": 6314, "CE": "Traslape propio", "CT": "", "ESTAMPA_CC": "2026-05-26 14:46:01" }, "geometry": { "type": "Point", "coordinates": [ -76.556967328813201, 3.46959362634201 ] } },
{ "type": "Feature", "properties": { "OBJECTID": 6337, "CE": "NPN Manzana -> Terreno", "CT": "", "ESTAMPA_CC": "2026-05-26 14:46:01" }, "geometry": { "type": "Point", "coordinates": [ -76.51176953484314, 3.348566161177319 ] } },
{ "type": "Feature", "properties": { "OBJECTID": 6338, "CE": "NPN Manzana -> Terreno", "CT": "", "ESTAMPA_CC": "2026-05-26 14:46:01" }, "geometry": { "type": "Point", "coordinates": [ -76.517311805769111, 3.352763275110937 ] } },
{ "type": "Feature", "properties": { "OBJECTID": 6342, "CE": "Traslape propio", "CT": "", "ESTAMPA_CC": "2026-05-26 14:46:01" }, "geometry": { "type": "Point", "coordinates": [ -76.576699603146508, 3.404930169883139 ] } },
{ "type": "Feature", "properties": { "OBJECTID": 6344, "CE": "Traslape propio", "CT": "", "ESTAMPA_CC": "2026-05-26 14:46:01" }, "geometry": { "type": "Point", "coordinates": [ -76.593575593992824, 3.424847978722302 ] } },
{ "type": "Feature", "properties": { "OBJECTID": 6357, "CE": "Traslape propio", "CT": "", "ESTAMPA_CC": "2026-05-26 14:46:01" }, "geometry": { "type": "Point", "coordinates": [ -76.576702493718841, 3.392353704680978 ] } },
{ "type": "Feature", "properties": { "OBJECTID": 6377, "CE": "Traslape propio", "CT": "", "ESTAMPA_CC": "2026-05-26 14:46:01" }, "geometry": { "type": "Point", "coordinates": [ -76.615486629646512, 3.494162835477878 ] } },
{ "type": "Feature", "properties": { "OBJECTID": 6384, "CE": "Traslape propio; NPN Manzana -> Terreno", "CT": "", "ESTAMPA_CC": "2026-05-26 14:46:01" }, "geometry": { "type": "Point", "coordinates": [ -76.507642463373131, 3.365890655068877 ] } },
{ "type": "Feature", "properties": { "OBJECTID": 6398, "CE": "Traslape propio", "CT": "", "ESTAMPA_CC": "2026-05-26 14:46:01" }, "geometry": { "type": "Point", "coordinates": [ -76.566818453243428, 3.376138347295804 ] } },
{ "type": "Feature", "properties": { "OBJECTID": 6400, "CE": "Traslape propio", "CT": "", "ESTAMPA_CC": "2026-05-26 14:46:01" }, "geometry": { "type": "Point", "coordinates": [ -76.57024584022453, 3.417865634910682 ] } },
{ "type": "Feature", "properties": { "OBJECTID": 6403, "CE": "NPN Manzana -> Terreno", "CT": "", "ESTAMPA_CC": "2026-05-26 14:46:01" }, "geometry": { "type": "Point", "coordinates": [ -76.509752735316894, 3.349815009078057 ] } },
{ "type": "Feature", "properties": { "OBJECTID": 6415, "CE": "NPN Manzana -> Terreno", "CT": "", "ESTAMPA_CC": "2026-05-26 14:46:01" }, "geometry": { "type": "Point", "coordinates": [ -76.521976271290441, 3.35531767250185 ] } },
{ "type": "Feature", "properties": { "OBJECTID": 6437, "CE": "Traslape propio", "CT": "", "ESTAMPA_CC": "2026-05-26 14:46:01" }, "geometry": { "type": "Point", "coordinates": [ -76.643397031437914, 3.453760153617332 ] } },
{ "type": "Feature", "properties": { "OBJECTID": 6450, "CE": "Traslape propio", "CT": "", "ESTAMPA_CC": "2026-05-26 14:46:01" }, "geometry": { "type": "Point", "coordinates": [ -76.602775578321044, 3.469954333613181 ] } },
{ "type": "Feature", "properties": { "OBJECTID": 6463, "CE": "Traslape propio", "CT": "", "ESTAMPA_CC": "2026-05-26 14:46:01" }, "geometry": { "type": "Point", "coordinates": [ -76.61083127985701, 3.509764740541641 ] } },
{ "type": "Feature", "properties": { "OBJECTID": 6466, "CE": "Traslape propio; NPN Manzana -> Terreno", "CT": "", "ESTAMPA_CC": "2026-05-26 14:46:01" }, "geometry": { "type": "Point", "coordinates": [ -76.509264538651905, 3.352809211167292 ] } },
{ "type": "Feature", "properties": { "OBJECTID": 6467, "CE": "Traslape propio; NPN Manzana -> Terreno", "CT": "", "ESTAMPA_CC": "2026-05-26 14:46:01" }, "geometry": { "type": "Point", "coordinates": [ -76.507952177785413, 3.346201942831639 ] } },
{ "type": "Feature", "properties": { "OBJECTID": 6471, "CE": "Traslape propio", "CT": "", "ESTAMPA_CC": "2026-05-26 14:46:01" }, "geometry": { "type": "Point", "coordinates": [ -76.553261970811675, 3.348315304586619 ] } },
{ "type": "Feature", "properties": { "OBJECTID": 6489, "CE": "Traslape propio", "CT": "", "ESTAMPA_CC": "2026-05-26 14:46:01" }, "geometry": { "type": "Point", "coordinates": [ -76.545476545896832, 3.322822431296168 ] } },
{ "type": "Feature", "properties": { "OBJECTID": 6508, "CE": "Traslape propio", "CT": "", "ESTAMPA_CC": "2026-05-26 14:46:01" }, "geometry": { "type": "Point", "coordinates": [ -76.553654454453877, 3.339338171943349 ] } },
{ "type": "Feature", "properties": { "OBJECTID": 6519, "CE": "NPN Manzana -> Terreno", "CT": "", "ESTAMPA_CC": "2026-05-26 14:46:01" }, "geometry": { "type": "Point", "coordinates": [ -76.511605269657267, 3.348802855485034 ] } },
{ "type": "Feature", "properties": { "OBJECTID": 6520, "CE": "NPN Manzana -> Terreno", "CT": "", "ESTAMPA_CC": "2026-05-26 14:46:01" }, "geometry": { "type": "Point", "coordinates": [ -76.489846080757545, 3.370861517570183 ] } },
{ "type": "Feature", "properties": { "OBJECTID": 6521, "CE": "Traslape propio", "CT": "", "ESTAMPA_CC": "2026-05-26 14:46:01" }, "geometry": { "type": "Point", "coordinates": [ -76.510604988874604, 3.329709141686585 ] } },
{ "type": "Feature", "properties": { "OBJECTID": 6522, "CE": "NPN Manzana -> Terreno", "CT": "", "ESTAMPA_CC": "2026-05-26 14:46:01" }, "geometry": { "type": "Point", "coordinates": [ -76.511888745149051, 3.349345407083066 ] } },
{ "type": "Feature", "properties": { "OBJECTID": 6532, "CE": "NPN Manzana -> Terreno", "CT": "", "ESTAMPA_CC": "2026-05-26 14:46:01" }, "geometry": { "type": "Point", "coordinates": [ -76.517140698636624, 3.359592281715411 ] } },
{ "type": "Feature", "properties": { "OBJECTID": 6534, "CE": "Traslape propio", "CT": "", "ESTAMPA_CC": "2026-05-26 14:46:01" }, "geometry": { "type": "Point", "coordinates": [ -76.63510730781951, 3.329535097783782 ] } },
{ "type": "Feature", "properties": { "OBJECTID": 6537, "CE": "Traslape propio", "CT": "", "ESTAMPA_CC": "2026-05-26 14:46:01" }, "geometry": { "type": "Point", "coordinates": [ -76.547103029217993, 3.496510637539555 ] } },
{ "type": "Feature", "properties": { "OBJECTID": 6540, "CE": "Traslape propio", "CT": "", "ESTAMPA_CC": "2026-05-26 14:46:01" }, "geometry": { "type": "Point", "coordinates": [ -76.561504089659579, 3.35704484222209 ] } },
{ "type": "Feature", "properties": { "OBJECTID": 6558, "CE": "NPN Manzana -> Terreno", "CT": "", "ESTAMPA_CC": "2026-05-26 14:46:01" }, "geometry": { "type": "Point", "coordinates": [ -76.51186587462216, 3.348062346962033 ] } },
{ "type": "Feature", "properties": { "OBJECTID": 6559, "CE": "NPN Manzana -> Terreno", "CT": "", "ESTAMPA_CC": "2026-05-26 14:46:01" }, "geometry": { "type": "Point", "coordinates": [ -76.511645905675536, 3.348170390230635 ] } },
{ "type": "Feature", "properties": { "OBJECTID": 6567, "CE": "NPN Manzana -> Terreno", "CT": "", "ESTAMPA_CC": "2026-05-26 14:46:01" }, "geometry": { "type": "Point", "coordinates": [ -76.512097600617793, 3.353636720141692 ] } },
{ "type": "Feature", "properties": { "OBJECTID": 6568, "CE": "NPN Manzana -> Terreno", "CT": "", "ESTAMPA_CC": "2026-05-26 14:46:01" }, "geometry": { "type": "Point", "coordinates": [ -76.511431273258154, 3.354051705118073 ] } },
{ "type": "Feature", "properties": { "OBJECTID": 6570, "CE": "NPN Manzana -> Terreno", "CT": "", "ESTAMPA_CC": "2026-05-26 14:46:01" }, "geometry": { "type": "Point", "coordinates": [ -76.515961888404306, 3.357889092564104 ] } },
{ "type": "Feature", "properties": { "OBJECTID": 6575, "CE": "Traslape propio", "CT": "", "ESTAMPA_CC": "2026-05-26 14:46:01" }, "geometry": { "type": "Point", "coordinates": [ -76.549237532399204, 3.486507708911652 ] } },
{ "type": "Feature", "properties": { "OBJECTID": 6586, "CE": "Traslape propio", "CT": "", "ESTAMPA_CC": "2026-05-26 14:46:01" }, "geometry": { "type": "Point", "coordinates": [ -76.544118723224216, 3.320221352012254 ] } },
{ "type": "Feature", "properties": { "OBJECTID": 6587, "CE": "Traslape propio; NPN Manzana -> Terreno", "CT": "", "ESTAMPA_CC": "2026-05-26 14:46:01" }, "geometry": { "type": "Point", "coordinates": [ -76.505016096070165, 3.371219905901439 ] } },
{ "type": "Feature", "properties": { "OBJECTID": 6589, "CE": "NPN Manzana -> Terreno", "CT": "", "ESTAMPA_CC": "2026-05-26 14:46:01" }, "geometry": { "type": "Point", "coordinates": [ -76.515778427903754, 3.35653669498319 ] } },
{ "type": "Feature", "properties": { "OBJECTID": 6590, "CE": "NPN Manzana -> Terreno", "CT": "", "ESTAMPA_CC": "2026-05-26 14:46:01" }, "geometry": { "type": "Point", "coordinates": [ -76.504927311173887, 3.37103262958551 ] } },
{ "type": "Feature", "properties": { "OBJECTID": 6591, "CE": "NPN Manzana -> Terreno", "CT": "", "ESTAMPA_CC": "2026-05-26 14:46:01" }, "geometry": { "type": "Point", "coordinates": [ -76.508426084366036, 3.36669929109783 ] } },
{ "type": "Feature", "properties": { "OBJECTID": 6605, "CE": "Traslape propio", "CT": "", "ESTAMPA_CC": "2026-05-26 14:46:01" }, "geometry": { "type": "Point", "coordinates": [ -76.605184007857929, 3.527703043687167 ] } },
{ "type": "Feature", "properties": { "OBJECTID": 6609, "CE": "Traslape propio", "CT": "", "ESTAMPA_CC": "2026-05-26 14:46:01" }, "geometry": { "type": "Point", "coordinates": [ -76.606434660694546, 3.48930615598026 ] } },
{ "type": "Feature", "properties": { "OBJECTID": 6630, "CE": "Traslape propio; NPN Manzana -> Terreno", "CT": "", "ESTAMPA_CC": "2026-05-26 14:46:01" }, "geometry": { "type": "Point", "coordinates": [ -76.499862907980528, 3.35379934187794 ] } },
{ "type": "Feature", "properties": { "OBJECTID": 6631, "CE": "Traslape propio; NPN Manzana -> Terreno", "CT": "", "ESTAMPA_CC": "2026-05-26 14:46:01" }, "geometry": { "type": "Point", "coordinates": [ -76.499898414879866, 3.355987897272454 ] } },
{ "type": "Feature", "properties": { "OBJECTID": 6632, "CE": "Traslape propio; NPN Manzana -> Terreno", "CT": "", "ESTAMPA_CC": "2026-05-26 14:46:01" }, "geometry": { "type": "Point", "coordinates": [ -76.508860918163165, 3.352022657842448 ] } },
{ "type": "Feature", "properties": { "OBJECTID": 6633, "CE": "Traslape propio; NPN Manzana -> Terreno", "CT": "", "ESTAMPA_CC": "2026-05-26 14:46:01" }, "geometry": { "type": "Point", "coordinates": [ -76.500730975713026, 3.350829914436924 ] } },
{ "type": "Feature", "properties": { "OBJECTID": 6644, "CE": "Traslape propio", "CT": "", "ESTAMPA_CC": "2026-05-26 14:46:01" }, "geometry": { "type": "Point", "coordinates": [ -76.558794286084321, 3.353845669431633 ] } },
{ "type": "Feature", "properties": { "OBJECTID": 6654, "CE": "Traslape propio", "CT": "", "ESTAMPA_CC": "2026-05-26 14:46:01" }, "geometry": { "type": "Point", "coordinates": [ -76.556270980302514, 3.473021687875483 ] } },
{ "type": "Feature", "properties": { "OBJECTID": 6700, "CE": "Traslape propio", "CT": "", "ESTAMPA_CC": "2026-05-26 14:46:01" }, "geometry": { "type": "Point", "coordinates": [ -76.532503105706169, 3.3123373657008 ] } },
{ "type": "Feature", "properties": { "OBJECTID": 6701, "CE": "Traslape propio", "CT": "", "ESTAMPA_CC": "2026-05-26 14:46:01" }, "geometry": { "type": "Point", "coordinates": [ -76.539443019703782, 3.491667012610408 ] } },
{ "type": "Feature", "properties": { "OBJECTID": 6706, "CE": "Traslape propio", "CT": "", "ESTAMPA_CC": "2026-05-26 14:46:01" }, "geometry": { "type": "Point", "coordinates": [ -76.56495652105923, 3.380087382873345 ] } },
{ "type": "Feature", "properties": { "OBJECTID": 6712, "CE": "NPN Manzana -> Terreno", "CT": "", "ESTAMPA_CC": "2026-05-26 14:46:01" }, "geometry": { "type": "Point", "coordinates": [ -76.509826885437292, 3.350047355232862 ] } },
{ "type": "Feature", "properties": { "OBJECTID": 6716, "CE": "NPN Manzana -> Terreno", "CT": "", "ESTAMPA_CC": "2026-05-26 14:46:01" }, "geometry": { "type": "Point", "coordinates": [ -76.523052924824796, 3.357911625724969 ] } },
{ "type": "Feature", "properties": { "OBJECTID": 6720, "CE": "Traslape propio", "CT": "", "ESTAMPA_CC": "2026-05-26 14:46:01" }, "geometry": { "type": "Point", "coordinates": [ -76.602646743168663, 3.332512381572011 ] } },
{ "type": "Feature", "properties": { "OBJECTID": 6724, "CE": "Traslape propio", "CT": "", "ESTAMPA_CC": "2026-05-26 14:46:01" }, "geometry": { "type": "Point", "coordinates": [ -76.57018442386385, 3.396451876796538 ] } },
{ "type": "Feature", "properties": { "OBJECTID": 6726, "CE": "Traslape propio", "CT": "", "ESTAMPA_CC": "2026-05-26 14:46:01" }, "geometry": { "type": "Point", "coordinates": [ -76.509453095210972, 3.370438360709983 ] } },
{ "type": "Feature", "properties": { "OBJECTID": 6788, "CE": "NPN Manzana -> Terreno", "CT": "", "ESTAMPA_CC": "2026-05-26 14:46:01" }, "geometry": { "type": "Point", "coordinates": [ -76.512645393433402, 3.349421062634502 ] } },
{ "type": "Feature", "properties": { "OBJECTID": 6793, "CE": "Traslape propio", "CT": "", "ESTAMPA_CC": "2026-05-26 14:46:01" }, "geometry": { "type": "Point", "coordinates": [ -76.55609847786053, 3.473032027926855 ] } },
{ "type": "Feature", "properties": { "OBJECTID": 6794, "CE": "Traslape propio", "CT": "", "ESTAMPA_CC": "2026-05-26 14:46:01" }, "geometry": { "type": "Point", "coordinates": [ -76.570842050033619, 3.416095140990218 ] } },
{ "type": "Feature", "properties": { "OBJECTID": 6802, "CE": "Traslape propio", "CT": "", "ESTAMPA_CC": "2026-05-26 14:46:01" }, "geometry": { "type": "Point", "coordinates": [ -76.535604540496522, 3.328161682304202 ] } },
{ "type": "Feature", "properties": { "OBJECTID": 6807, "CE": "Traslape propio", "CT": "", "ESTAMPA_CC": "2026-05-26 14:46:01" }, "geometry": { "type": "Point", "coordinates": [ -76.5527183943437, 3.348252337898975 ] } },
{ "type": "Feature", "properties": { "OBJECTID": 6829, "CE": "Traslape propio", "CT": "", "ESTAMPA_CC": "2026-05-26 14:46:01" }, "geometry": { "type": "Point", "coordinates": [ -76.50677621763549, 3.379648442797576 ] } },
{ "type": "Feature", "properties": { "OBJECTID": 6837, "CE": "Traslape propio", "CT": "", "ESTAMPA_CC": "2026-05-26 14:46:01" }, "geometry": { "type": "Point", "coordinates": [ -76.604982996809937, 3.487813975804015 ] } },
{ "type": "Feature", "properties": { "OBJECTID": 6854, "CE": "Traslape propio", "CT": "", "ESTAMPA_CC": "2026-05-26 14:46:01" }, "geometry": { "type": "Point", "coordinates": [ -76.53883951755806, 3.470672277953293 ] } },
{ "type": "Feature", "properties": { "OBJECTID": 6856, "CE": "Traslape propio; NPN Manzana -> Terreno", "CT": "", "ESTAMPA_CC": "2026-05-26 14:46:01" }, "geometry": { "type": "Point", "coordinates": [ -76.513873170195637, 3.357885201606484 ] } },
{ "type": "Feature", "properties": { "OBJECTID": 6863, "CE": "Traslape propio", "CT": "", "ESTAMPA_CC": "2026-05-26 14:46:01" }, "geometry": { "type": "Point", "coordinates": [ -76.546162975935118, 3.355852698563889 ] } },
{ "type": "Feature", "properties": { "OBJECTID": 6871, "CE": "Traslape propio", "CT": "", "ESTAMPA_CC": "2026-05-26 14:46:01" }, "geometry": { "type": "Point", "coordinates": [ -76.573075852045548, 3.381971847827499 ] } },
{ "type": "Feature", "properties": { "OBJECTID": 6875, "CE": "NPN Manzana -> Terreno", "CT": "", "ESTAMPA_CC": "2026-05-26 14:46:01" }, "geometry": { "type": "Point", "coordinates": [ -76.510524951386344, 3.351163660468198 ] } },
{ "type": "Feature", "properties": { "OBJECTID": 6878, "CE": "Traslape propio", "CT": "", "ESTAMPA_CC": "2026-05-26 14:46:01" }, "geometry": { "type": "Point", "coordinates": [ -76.530632167150728, 3.329270544012046 ] } },
{ "type": "Feature", "properties": { "OBJECTID": 6884, "CE": "NPN Manzana -> Terreno", "CT": "", "ESTAMPA_CC": "2026-05-26 14:46:01" }, "geometry": { "type": "Point", "coordinates": [ -76.50995186893654, 3.348856652007798 ] } },
{ "type": "Feature", "properties": { "OBJECTID": 6895, "CE": "Traslape propio", "CT": "", "ESTAMPA_CC": "2026-05-26 14:46:01" }, "geometry": { "type": "Point", "coordinates": [ -76.551395706283344, 3.346646304419461 ] } },
{ "type": "Feature", "properties": { "OBJECTID": 6905, "CE": "Traslape propio", "CT": "", "ESTAMPA_CC": "2026-05-26 14:46:01" }, "geometry": { "type": "Point", "coordinates": [ -76.554797220098692, 3.349689427828501 ] } },
{ "type": "Feature", "properties": { "OBJECTID": 6906, "CE": "Traslape propio; NPN Manzana -> Terreno", "CT": "", "ESTAMPA_CC": "2026-05-26 14:46:01" }, "geometry": { "type": "Point", "coordinates": [ -76.513167399410491, 3.34646211721298 ] } },
{ "type": "Feature", "properties": { "OBJECTID": 6907, "CE": "Traslape propio; NPN Manzana -> Terreno", "CT": "", "ESTAMPA_CC": "2026-05-26 14:46:01" }, "geometry": { "type": "Point", "coordinates": [ -76.523936527467484, 3.345609728730301 ] } },
{ "type": "Feature", "properties": { "OBJECTID": 6908, "CE": "Traslape propio; NPN Manzana -> Terreno", "CT": "", "ESTAMPA_CC": "2026-05-26 14:46:01" }, "geometry": { "type": "Point", "coordinates": [ -76.522646335881419, 3.34552655834254 ] } },
{ "type": "Feature", "properties": { "OBJECTID": 6909, "CE": "Traslape propio; NPN Manzana -> Terreno", "CT": "", "ESTAMPA_CC": "2026-05-26 14:46:01" }, "geometry": { "type": "Point", "coordinates": [ -76.514849383654052, 3.347852240786407 ] } },
{ "type": "Feature", "properties": { "OBJECTID": 6910, "CE": "Traslape propio", "CT": "", "ESTAMPA_CC": "2026-05-26 14:46:01" }, "geometry": { "type": "Point", "coordinates": [ -76.645589143206749, 3.462695799362195 ] } },
{ "type": "Feature", "properties": { "OBJECTID": 6922, "CE": "Traslape propio", "CT": "", "ESTAMPA_CC": "2026-05-26 14:46:01" }, "geometry": { "type": "Point", "coordinates": [ -76.641648013748593, 3.464318106342129 ] } },
{ "type": "Feature", "properties": { "OBJECTID": 6936, "CE": "Traslape propio", "CT": "", "ESTAMPA_CC": "2026-05-26 14:46:01" }, "geometry": { "type": "Point", "coordinates": [ -76.568781015369382, 3.408905066677805 ] } },
{ "type": "Feature", "properties": { "OBJECTID": 6944, "CE": "Traslape propio", "CT": "", "ESTAMPA_CC": "2026-05-26 14:46:01" }, "geometry": { "type": "Point", "coordinates": [ -76.606342981234732, 3.491362070925551 ] } },
{ "type": "Feature", "properties": { "OBJECTID": 6961, "CE": "Traslape propio", "CT": "", "ESTAMPA_CC": "2026-05-26 14:46:01" }, "geometry": { "type": "Point", "coordinates": [ -76.59994542447231, 3.521681142777864 ] } },
{ "type": "Feature", "properties": { "OBJECTID": 6974, "CE": "Traslape propio", "CT": "", "ESTAMPA_CC": "2026-05-26 14:46:01" }, "geometry": { "type": "Point", "coordinates": [ -76.569085000533477, 3.448183168322659 ] } },
{ "type": "Feature", "properties": { "OBJECTID": 6990, "CE": "Traslape propio", "CT": "", "ESTAMPA_CC": "2026-05-26 14:46:01" }, "geometry": { "type": "Point", "coordinates": [ -76.576151280904, 3.380901267084758 ] } },
{ "type": "Feature", "properties": { "OBJECTID": 6993, "CE": "Traslape propio; NPN Manzana -> Terreno", "CT": "", "ESTAMPA_CC": "2026-05-26 14:46:01" }, "geometry": { "type": "Point", "coordinates": [ -76.518739103850649, 3.359705902630393 ] } },
{ "type": "Feature", "properties": { "OBJECTID": 6997, "CE": "Traslape propio", "CT": "", "ESTAMPA_CC": "2026-05-26 14:46:01" }, "geometry": { "type": "Point", "coordinates": [ -76.554820664369501, 3.44130978284573 ] } },
{ "type": "Feature", "properties": { "OBJECTID": 7000, "CE": "Traslape propio", "CT": "", "ESTAMPA_CC": "2026-05-26 14:46:01" }, "geometry": { "type": "Point", "coordinates": [ -76.511799034136445, 3.295960326659436 ] } },
{ "type": "Feature", "properties": { "OBJECTID": 7004, "CE": "Traslape propio", "CT": "", "ESTAMPA_CC": "2026-05-26 14:46:01" }, "geometry": { "type": "Point", "coordinates": [ -76.567209691596275, 3.369817387559503 ] } },
{ "type": "Feature", "properties": { "OBJECTID": 7017, "CE": "Traslape propio", "CT": "", "ESTAMPA_CC": "2026-05-26 14:46:01" }, "geometry": { "type": "Point", "coordinates": [ -76.550994958202878, 3.346867686990691 ] } },
{ "type": "Feature", "properties": { "OBJECTID": 7018, "CE": "NPN Manzana -> Terreno", "CT": "", "ESTAMPA_CC": "2026-05-26 14:46:01" }, "geometry": { "type": "Point", "coordinates": [ -76.517380112316289, 3.349023352083739 ] } },
{ "type": "Feature", "properties": { "OBJECTID": 7029, "CE": "NPN Manzana -> Terreno", "CT": "", "ESTAMPA_CC": "2026-05-26 14:46:01" }, "geometry": { "type": "Point", "coordinates": [ -76.510819115675559, 3.357558519716785 ] } },
{ "type": "Feature", "properties": { "OBJECTID": 7032, "CE": "Traslape propio", "CT": "", "ESTAMPA_CC": "2026-05-26 14:46:01" }, "geometry": { "type": "Point", "coordinates": [ -76.56702758922323, 3.369568621064087 ] } },
{ "type": "Feature", "properties": { "OBJECTID": 7046, "CE": "Traslape propio", "CT": "", "ESTAMPA_CC": "2026-05-26 14:46:01" }, "geometry": { "type": "Point", "coordinates": [ -76.558334596227724, 3.353525735608233 ] } },
{ "type": "Feature", "properties": { "OBJECTID": 7065, "CE": "Traslape propio", "CT": "", "ESTAMPA_CC": "2026-05-26 14:46:01" }, "geometry": { "type": "Point", "coordinates": [ -76.643373212102674, 3.45456477772567 ] } },
{ "type": "Feature", "properties": { "OBJECTID": 7081, "CE": "Traslape propio", "CT": "", "ESTAMPA_CC": "2026-05-26 14:46:01" }, "geometry": { "type": "Point", "coordinates": [ -76.549450316596648, 3.483006693937091 ] } },
{ "type": "Feature", "properties": { "OBJECTID": 7083, "CE": "Traslape propio", "CT": "", "ESTAMPA_CC": "2026-05-26 14:46:01" }, "geometry": { "type": "Point", "coordinates": [ -76.555379131567548, 3.305202275727472 ] } },
{ "type": "Feature", "properties": { "OBJECTID": 7086, "CE": "NPN Manzana -> Terreno", "CT": "", "ESTAMPA_CC": "2026-05-26 14:46:01" }, "geometry": { "type": "Point", "coordinates": [ -76.500880045936569, 3.342404033605884 ] } },
{ "type": "Feature", "properties": { "OBJECTID": 7102, "CE": "Traslape propio", "CT": "", "ESTAMPA_CC": "2026-05-26 14:46:01" }, "geometry": { "type": "Point", "coordinates": [ -76.483129311458427, 3.318928665667907 ] } },
{ "type": "Feature", "properties": { "OBJECTID": 7116, "CE": "Traslape propio", "CT": "", "ESTAMPA_CC": "2026-05-26 14:46:01" }, "geometry": { "type": "Point", "coordinates": [ -76.552620067447222, 3.354743390096137 ] } },
{ "type": "Feature", "properties": { "OBJECTID": 7138, "CE": "Traslape propio", "CT": "", "ESTAMPA_CC": "2026-05-26 14:46:01" }, "geometry": { "type": "Point", "coordinates": [ -76.557531895910714, 3.349692280198781 ] } },
{ "type": "Feature", "properties": { "OBJECTID": 7143, "CE": "NPN Manzana -> Terreno", "CT": "", "ESTAMPA_CC": "2026-05-26 14:46:01" }, "geometry": { "type": "Point", "coordinates": [ -76.521477329413528, 3.352326613292978 ] } },
{ "type": "Feature", "properties": { "OBJECTID": 7145, "CE": "NPN Manzana -> Terreno", "CT": "", "ESTAMPA_CC": "2026-05-26 14:46:01" }, "geometry": { "type": "Point", "coordinates": [ -76.517337933364331, 3.35740627173542 ] } },
{ "type": "Feature", "properties": { "OBJECTID": 7152, "CE": "Traslape propio", "CT": "", "ESTAMPA_CC": "2026-05-26 14:46:01" }, "geometry": { "type": "Point", "coordinates": [ -76.535033721808006, 3.310533791191946 ] } },
{ "type": "Feature", "properties": { "OBJECTID": 7158, "CE": "Traslape propio", "CT": "", "ESTAMPA_CC": "2026-05-26 14:46:01" }, "geometry": { "type": "Point", "coordinates": [ -76.511240871320382, 3.367082452515486 ] } },
{ "type": "Feature", "properties": { "OBJECTID": 7159, "CE": "Traslape propio", "CT": "", "ESTAMPA_CC": "2026-05-26 14:46:01" }, "geometry": { "type": "Point", "coordinates": [ -76.511381550943312, 3.367436973444241 ] } },
{ "type": "Feature", "properties": { "OBJECTID": 7186, "CE": "Traslape propio", "CT": "", "ESTAMPA_CC": "2026-05-26 14:46:01" }, "geometry": { "type": "Point", "coordinates": [ -76.511434409648103, 3.371255855051793 ] } },
{ "type": "Feature", "properties": { "OBJECTID": 7204, "CE": "Traslape propio", "CT": "", "ESTAMPA_CC": "2026-05-26 14:46:01" }, "geometry": { "type": "Point", "coordinates": [ -76.5463431807853, 3.491686994920894 ] } },
{ "type": "Feature", "properties": { "OBJECTID": 7209, "CE": "Traslape propio", "CT": "", "ESTAMPA_CC": "2026-05-26 14:46:01" }, "geometry": { "type": "Point", "coordinates": [ -76.562193912847846, 3.448581278833379 ] } },
{ "type": "Feature", "properties": { "OBJECTID": 7224, "CE": "Traslape propio", "CT": "", "ESTAMPA_CC": "2026-05-26 14:46:01" }, "geometry": { "type": "Point", "coordinates": [ -76.510937125282453, 3.371261864387784 ] } },
{ "type": "Feature", "properties": { "OBJECTID": 7225, "CE": "Traslape propio", "CT": "", "ESTAMPA_CC": "2026-05-26 14:46:01" }, "geometry": { "type": "Point", "coordinates": [ -76.511185932122558, 3.371167568030244 ] } },
{ "type": "Feature", "properties": { "OBJECTID": 7226, "CE": "Traslape propio", "CT": "", "ESTAMPA_CC": "2026-05-26 14:46:01" }, "geometry": { "type": "Point", "coordinates": [ -76.511023219296064, 3.367755750749242 ] } },
{ "type": "Feature", "properties": { "OBJECTID": 7229, "CE": "Traslape propio", "CT": "", "ESTAMPA_CC": "2026-05-26 14:46:01" }, "geometry": { "type": "Point", "coordinates": [ -76.544070669198746, 3.319375788022262 ] } },
{ "type": "Feature", "properties": { "OBJECTID": 7230, "CE": "Traslape propio", "CT": "", "ESTAMPA_CC": "2026-05-26 14:46:01" }, "geometry": { "type": "Point", "coordinates": [ -76.544282668059296, 3.318555581115247 ] } },
{ "type": "Feature", "properties": { "OBJECTID": 7231, "CE": "Traslape propio", "CT": "", "ESTAMPA_CC": "2026-05-26 14:46:01" }, "geometry": { "type": "Point", "coordinates": [ -76.544302374191858, 3.318902271217084 ] } },
{ "type": "Feature", "properties": { "OBJECTID": 7233, "CE": "Traslape propio", "CT": "", "ESTAMPA_CC": "2026-05-26 14:46:01" }, "geometry": { "type": "Point", "coordinates": [ -76.617349745690319, 3.472221458276261 ] } },
{ "type": "Feature", "properties": { "OBJECTID": 7236, "CE": "Traslape propio", "CT": "", "ESTAMPA_CC": "2026-05-26 14:46:01" }, "geometry": { "type": "Point", "coordinates": [ -76.527495944640961, 3.327262845427879 ] } },
{ "type": "Feature", "properties": { "OBJECTID": 7238, "CE": "NPN Manzana -> Terreno", "CT": "", "ESTAMPA_CC": "2026-05-26 14:46:01" }, "geometry": { "type": "Point", "coordinates": [ -76.518219407098968, 3.360614696506804 ] } },
{ "type": "Feature", "properties": { "OBJECTID": 7251, "CE": "Traslape propio; NPN Manzana -> Terreno", "CT": "", "ESTAMPA_CC": "2026-05-26 14:46:01" }, "geometry": { "type": "Point", "coordinates": [ -76.507839424781196, 3.36615839952546 ] } },
{ "type": "Feature", "properties": { "OBJECTID": 7252, "CE": "Traslape propio; NPN Manzana -> Terreno", "CT": "", "ESTAMPA_CC": "2026-05-26 14:46:01" }, "geometry": { "type": "Point", "coordinates": [ -76.507726725604101, 3.366005184139492 ] } },
{ "type": "Feature", "properties": { "OBJECTID": 7253, "CE": "Traslape propio", "CT": "", "ESTAMPA_CC": "2026-05-26 14:46:01" }, "geometry": { "type": "Point", "coordinates": [ -76.551170510287207, 3.346527212624597 ] } },
{ "type": "Feature", "properties": { "OBJECTID": 7282, "CE": "NPN Manzana -> Terreno", "CT": "", "ESTAMPA_CC": "2026-05-26 14:46:01" }, "geometry": { "type": "Point", "coordinates": [ -76.517942597993297, 3.355564055578336 ] } },
{ "type": "Feature", "properties": { "OBJECTID": 7287, "CE": "Traslape propio", "CT": "", "ESTAMPA_CC": "2026-05-26 14:46:01" }, "geometry": { "type": "Point", "coordinates": [ -76.575072808369683, 3.384701947353087 ] } },
{ "type": "Feature", "properties": { "OBJECTID": 7288, "CE": "Traslape propio", "CT": "", "ESTAMPA_CC": "2026-05-26 14:46:01" }, "geometry": { "type": "Point", "coordinates": [ -76.575502430449362, 3.3847743236702 ] } },
{ "type": "Feature", "properties": { "OBJECTID": 7298, "CE": "Traslape propio", "CT": "", "ESTAMPA_CC": "2026-05-26 14:46:01" }, "geometry": { "type": "Point", "coordinates": [ -76.569168530750545, 3.416760513741666 ] } },
{ "type": "Feature", "properties": { "OBJECTID": 7300, "CE": "Error de área", "CT": "", "ESTAMPA_CC": "2026-05-26 14:46:01" }, "geometry": { "type": "Point", "coordinates": [ -76.563994262309691, 3.428300864000522 ] } },
{ "type": "Feature", "properties": { "OBJECTID": 7309, "CE": "Traslape propio", "CT": "", "ESTAMPA_CC": "2026-05-26 14:46:01" }, "geometry": { "type": "Point", "coordinates": [ -76.551343265269949, 3.34755664866649 ] } },
{ "type": "Feature", "properties": { "OBJECTID": 7318, "CE": "Traslape propio; NPN Manzana -> Terreno", "CT": "", "ESTAMPA_CC": "2026-05-26 14:46:01" }, "geometry": { "type": "Point", "coordinates": [ -76.512202333238164, 3.346031645035718 ] } },
{ "type": "Feature", "properties": { "OBJECTID": 7344, "CE": "Traslape propio", "CT": "", "ESTAMPA_CC": "2026-05-26 14:46:01" }, "geometry": { "type": "Point", "coordinates": [ -76.571848926810461, 3.396313383831636 ] } },
{ "type": "Feature", "properties": { "OBJECTID": 7366, "CE": "Traslape propio", "CT": "", "ESTAMPA_CC": "2026-05-26 14:46:01" }, "geometry": { "type": "Point", "coordinates": [ -76.559172572453818, 3.350769739306943 ] } },
{ "type": "Feature", "properties": { "OBJECTID": 7384, "CE": "Traslape propio", "CT": "", "ESTAMPA_CC": "2026-05-26 14:46:01" }, "geometry": { "type": "Point", "coordinates": [ -76.55006747704978, 3.346924289987783 ] } },
{ "type": "Feature", "properties": { "OBJECTID": 7393, "CE": "Traslape propio", "CT": "", "ESTAMPA_CC": "2026-05-26 14:46:01" }, "geometry": { "type": "Point", "coordinates": [ -76.479912951382005, 3.304341785577479 ] } },
{ "type": "Feature", "properties": { "OBJECTID": 7402, "CE": "Traslape propio; NPN Manzana -> Terreno", "CT": "", "ESTAMPA_CC": "2026-05-26 14:46:01" }, "geometry": { "type": "Point", "coordinates": [ -76.517647649439226, 3.344778362725001 ] } },
{ "type": "Feature", "properties": { "OBJECTID": 7428, "CE": "Traslape propio", "CT": "", "ESTAMPA_CC": "2026-05-26 14:46:01" }, "geometry": { "type": "Point", "coordinates": [ -76.547984363362445, 3.495778732089386 ] } },
{ "type": "Feature", "properties": { "OBJECTID": 7430, "CE": "Traslape propio", "CT": "", "ESTAMPA_CC": "2026-05-26 14:46:01" }, "geometry": { "type": "Point", "coordinates": [ -76.554379738499037, 3.479619279790995 ] } },
{ "type": "Feature", "properties": { "OBJECTID": 7432, "CE": "Traslape propio", "CT": "", "ESTAMPA_CC": "2026-05-26 14:46:01" }, "geometry": { "type": "Point", "coordinates": [ -76.635991818341438, 3.466189766213013 ] } },
{ "type": "Feature", "properties": { "OBJECTID": 7455, "CE": "Traslape propio", "CT": "", "ESTAMPA_CC": "2026-05-26 14:46:01" }, "geometry": { "type": "Point", "coordinates": [ -76.513136626638513, 3.371104074700571 ] } },
{ "type": "Feature", "properties": { "OBJECTID": 7457, "CE": "Traslape propio", "CT": "", "ESTAMPA_CC": "2026-05-26 14:46:01" }, "geometry": { "type": "Point", "coordinates": [ -76.546725718549325, 3.323803658439513 ] } },
{ "type": "Feature", "properties": { "OBJECTID": 7480, "CE": "Traslape propio", "CT": "", "ESTAMPA_CC": "2026-05-26 14:46:01" }, "geometry": { "type": "Point", "coordinates": [ -76.554404283590955, 3.441116291210772 ] } },
{ "type": "Feature", "properties": { "OBJECTID": 7482, "CE": "Traslape propio", "CT": "", "ESTAMPA_CC": "2026-05-26 14:46:01" }, "geometry": { "type": "Point", "coordinates": [ -76.554175530670406, 3.347804718624874 ] } },
{ "type": "Feature", "properties": { "OBJECTID": 7487, "CE": "NPN Manzana -> Terreno", "CT": "", "ESTAMPA_CC": "2026-05-26 14:46:01" }, "geometry": { "type": "Point", "coordinates": [ -76.512220345151263, 3.352271032901458 ] } },
{ "type": "Feature", "properties": { "OBJECTID": 7492, "CE": "Traslape propio", "CT": "", "ESTAMPA_CC": "2026-05-26 14:46:01" }, "geometry": { "type": "Point", "coordinates": [ -76.554480392055197, 3.301358271123241 ] } },
{ "type": "Feature", "properties": { "OBJECTID": 7503, "CE": "Traslape propio", "CT": "", "ESTAMPA_CC": "2026-05-26 14:46:01" }, "geometry": { "type": "Point", "coordinates": [ -76.618288328957959, 3.471419065372279 ] } },
{ "type": "Feature", "properties": { "OBJECTID": 7504, "CE": "Traslape propio", "CT": "", "ESTAMPA_CC": "2026-05-26 14:46:01" }, "geometry": { "type": "Point", "coordinates": [ -76.618015160661784, 3.471340319152169 ] } },
{ "type": "Feature", "properties": { "OBJECTID": 7514, "CE": "", "CT": "Terreno", "ESTAMPA_CC": "2026-05-26 14:46:01" }, "geometry": { "type": "Point", "coordinates": [ -76.614756288523324, 3.52042025762726 ] } },
{ "type": "Feature", "properties": { "OBJECTID": 7518, "CE": "Traslape propio", "CT": "", "ESTAMPA_CC": "2026-05-26 14:46:01" }, "geometry": { "type": "Point", "coordinates": [ -76.608070164183758, 3.48041202461739 ] } },
{ "type": "Feature", "properties": { "OBJECTID": 7527, "CE": "Traslape propio", "CT": "", "ESTAMPA_CC": "2026-05-26 14:46:01" }, "geometry": { "type": "Point", "coordinates": [ -76.559291386028448, 3.42630678613023 ] } },
{ "type": "Feature", "properties": { "OBJECTID": 7538, "CE": "Traslape propio", "CT": "", "ESTAMPA_CC": "2026-05-26 14:46:01" }, "geometry": { "type": "Point", "coordinates": [ -76.563406532347429, 3.449319863716624 ] } },
{ "type": "Feature", "properties": { "OBJECTID": 7543, "CE": "Traslape propio", "CT": "", "ESTAMPA_CC": "2026-05-26 14:46:01" }, "geometry": { "type": "Point", "coordinates": [ -76.552559100658669, 3.357080375649615 ] } },
{ "type": "Feature", "properties": { "OBJECTID": 7546, "CE": "NPN Manzana -> Terreno", "CT": "", "ESTAMPA_CC": "2026-05-26 14:46:01" }, "geometry": { "type": "Point", "coordinates": [ -76.511461418940357, 3.349427498475682 ] } },
{ "type": "Feature", "properties": { "OBJECTID": 7548, "CE": "Traslape propio", "CT": "", "ESTAMPA_CC": "2026-05-26 14:46:01" }, "geometry": { "type": "Point", "coordinates": [ -76.557543949165435, 3.44283926324315 ] } },
{ "type": "Feature", "properties": { "OBJECTID": 7570, "CE": "Traslape propio", "CT": "", "ESTAMPA_CC": "2026-05-26 14:46:01" }, "geometry": { "type": "Point", "coordinates": [ -76.549297881200431, 3.323935930505711 ] } },
{ "type": "Feature", "properties": { "OBJECTID": 7580, "CE": "Traslape propio", "CT": "", "ESTAMPA_CC": "2026-05-26 14:46:01" }, "geometry": { "type": "Point", "coordinates": [ -76.537307906418917, 3.329096523503002 ] } },
{ "type": "Feature", "properties": { "OBJECTID": 7581, "CE": "Traslape propio; NPN Manzana -> Terreno", "CT": "", "ESTAMPA_CC": "2026-05-26 14:46:01" }, "geometry": { "type": "Point", "coordinates": [ -76.509064983243377, 3.367687837197062 ] } },
{ "type": "Feature", "properties": { "OBJECTID": 7582, "CE": "Traslape propio", "CT": "", "ESTAMPA_CC": "2026-05-26 14:46:01" }, "geometry": { "type": "Point", "coordinates": [ -76.571917930481249, 3.392890697376727 ] } },
{ "type": "Feature", "properties": { "OBJECTID": 7592, "CE": "Traslape propio; NPN Manzana -> Terreno", "CT": "", "ESTAMPA_CC": "2026-05-26 14:46:01" }, "geometry": { "type": "Point", "coordinates": [ -76.516380300133889, 3.346028380459119 ] } },
{ "type": "Feature", "properties": { "OBJECTID": 7616, "CE": "Traslape propio", "CT": "", "ESTAMPA_CC": "2026-05-26 14:46:01" }, "geometry": { "type": "Point", "coordinates": [ -76.545400723143658, 3.324916008199129 ] } },
{ "type": "Feature", "properties": { "OBJECTID": 7622, "CE": "Traslape propio", "CT": "", "ESTAMPA_CC": "2026-05-26 14:46:01" }, "geometry": { "type": "Point", "coordinates": [ -76.550140218565389, 3.311129797865566 ] } },
{ "type": "Feature", "properties": { "OBJECTID": 7632, "CE": "NPN Manzana -> Terreno", "CT": "", "ESTAMPA_CC": "2026-05-26 14:46:01" }, "geometry": { "type": "Point", "coordinates": [ -76.51632345225697, 3.356473725431986 ] } },
{ "type": "Feature", "properties": { "OBJECTID": 7642, "CE": "NPN Manzana -> Terreno", "CT": "", "ESTAMPA_CC": "2026-05-26 14:46:01" }, "geometry": { "type": "Point", "coordinates": [ -76.510598097028847, 3.348552588052606 ] } },
{ "type": "Feature", "properties": { "OBJECTID": 7648, "CE": "Traslape propio", "CT": "", "ESTAMPA_CC": "2026-05-26 14:46:01" }, "geometry": { "type": "Point", "coordinates": [ -76.608803208514502, 3.492972515763575 ] } },
{ "type": "Feature", "properties": { "OBJECTID": 7652, "CE": "NPN Manzana -> Terreno", "CT": "", "ESTAMPA_CC": "2026-05-26 14:46:01" }, "geometry": { "type": "Point", "coordinates": [ -76.513131541181011, 3.350690120509901 ] } },
{ "type": "Feature", "properties": { "OBJECTID": 7662, "CE": "NPN Manzana -> Terreno", "CT": "", "ESTAMPA_CC": "2026-05-26 14:46:01" }, "geometry": { "type": "Point", "coordinates": [ -76.516703228718242, 3.353143656408576 ] } },
{ "type": "Feature", "properties": { "OBJECTID": 7667, "CE": "Error de área; Traslape propio", "CT": "", "ESTAMPA_CC": "2026-05-26 14:46:01" }, "geometry": { "type": "Point", "coordinates": [ -76.506808598677381, 3.380119107452097 ] } },
{ "type": "Feature", "properties": { "OBJECTID": 7668, "CE": "Traslape propio", "CT": "", "ESTAMPA_CC": "2026-05-26 14:46:01" }, "geometry": { "type": "Point", "coordinates": [ -76.485182390171516, 3.314681114374273 ] } },
{ "type": "Feature", "properties": { "OBJECTID": 7669, "CE": "Traslape propio", "CT": "", "ESTAMPA_CC": "2026-05-26 14:46:01" }, "geometry": { "type": "Point", "coordinates": [ -76.548754334970056, 3.489664719079473 ] } },
{ "type": "Feature", "properties": { "OBJECTID": 7673, "CE": "NPN Manzana -> Terreno", "CT": "", "ESTAMPA_CC": "2026-05-26 14:46:01" }, "geometry": { "type": "Point", "coordinates": [ -76.519339345383472, 3.356649182106723 ] } },
{ "type": "Feature", "properties": { "OBJECTID": 7689, "CE": "Traslape propio", "CT": "", "ESTAMPA_CC": "2026-05-26 14:46:01" }, "geometry": { "type": "Point", "coordinates": [ -76.544466417655599, 3.323660268981756 ] } },
{ "type": "Feature", "properties": { "OBJECTID": 7698, "CE": "Traslape propio", "CT": "", "ESTAMPA_CC": "2026-05-26 14:46:01" }, "geometry": { "type": "Point", "coordinates": [ -76.569361157380357, 3.395611453026786 ] } },
{ "type": "Feature", "properties": { "OBJECTID": 7700, "CE": "NPN Manzana -> Terreno", "CT": "", "ESTAMPA_CC": "2026-05-26 14:46:01" }, "geometry": { "type": "Point", "coordinates": [ -76.562431635074873, 3.424872920328482 ] } },
{ "type": "Feature", "properties": { "OBJECTID": 7707, "CE": "Traslape propio", "CT": "", "ESTAMPA_CC": "2026-05-26 14:46:01" }, "geometry": { "type": "Point", "coordinates": [ -76.604479516284755, 3.513426725123501 ] } },
{ "type": "Feature", "properties": { "OBJECTID": 7708, "CE": "Traslape propio", "CT": "", "ESTAMPA_CC": "2026-05-26 14:46:01" }, "geometry": { "type": "Point", "coordinates": [ -76.555193940745781, 3.480200231281788 ] } },
{ "type": "Feature", "properties": { "OBJECTID": 7709, "CE": "Traslape propio", "CT": "", "ESTAMPA_CC": "2026-05-26 14:46:01" }, "geometry": { "type": "Point", "coordinates": [ -76.555205594989417, 3.479952466774311 ] } },
{ "type": "Feature", "properties": { "OBJECTID": 7719, "CE": "Traslape propio", "CT": "", "ESTAMPA_CC": "2026-05-26 14:46:01" }, "geometry": { "type": "Point", "coordinates": [ -76.545722373111019, 3.328696989675629 ] } },
{ "type": "Feature", "properties": { "OBJECTID": 7723, "CE": "Traslape propio", "CT": "", "ESTAMPA_CC": "2026-05-26 14:46:01" }, "geometry": { "type": "Point", "coordinates": [ -76.508703942463782, 3.32949624137837 ] } },
{ "type": "Feature", "properties": { "OBJECTID": 7741, "CE": "Traslape propio; NPN Manzana -> Terreno", "CT": "", "ESTAMPA_CC": "2026-05-26 14:46:01" }, "geometry": { "type": "Point", "coordinates": [ -76.513719268430307, 3.355255631130961 ] } },
{ "type": "Feature", "properties": { "OBJECTID": 7752, "CE": "Traslape propio", "CT": "", "ESTAMPA_CC": "2026-05-26 14:46:01" }, "geometry": { "type": "Point", "coordinates": [ -76.565723712866273, 3.407696325401915 ] } },
{ "type": "Feature", "properties": { "OBJECTID": 7753, "CE": "Traslape propio", "CT": "", "ESTAMPA_CC": "2026-05-26 14:46:01" }, "geometry": { "type": "Point", "coordinates": [ -76.550267478345376, 3.348377096599264 ] } },
{ "type": "Feature", "properties": { "OBJECTID": 7754, "CE": "NPN Manzana -> Terreno", "CT": "", "ESTAMPA_CC": "2026-05-26 14:46:01" }, "geometry": { "type": "Point", "coordinates": [ -76.514871199240545, 3.357921259685003 ] } },
{ "type": "Feature", "properties": { "OBJECTID": 7776, "CE": "Traslape propio", "CT": "", "ESTAMPA_CC": "2026-05-26 14:46:01" }, "geometry": { "type": "Point", "coordinates": [ -76.525223041647294, 3.328944818425994 ] } },
{ "type": "Feature", "properties": { "OBJECTID": 7784, "CE": "Traslape propio", "CT": "", "ESTAMPA_CC": "2026-05-26 14:46:01" }, "geometry": { "type": "Point", "coordinates": [ -76.635381880470547, 3.32776440584863 ] } },
{ "type": "Feature", "properties": { "OBJECTID": 7791, "CE": "Traslape propio", "CT": "", "ESTAMPA_CC": "2026-05-26 14:46:01" }, "geometry": { "type": "Point", "coordinates": [ -76.511381489159774, 3.367289493520842 ] } },
{ "type": "Feature", "properties": { "OBJECTID": 7794, "CE": "NPN Manzana -> Terreno", "CT": "", "ESTAMPA_CC": "2026-05-26 14:46:01" }, "geometry": { "type": "Point", "coordinates": [ -76.513252219244777, 3.348879337733896 ] } },
{ "type": "Feature", "properties": { "OBJECTID": 7802, "CE": "Traslape propio", "CT": "", "ESTAMPA_CC": "2026-05-26 14:46:01" }, "geometry": { "type": "Point", "coordinates": [ -76.543728464950988, 3.323594324059 ] } },
{ "type": "Feature", "properties": { "OBJECTID": 7803, "CE": "Traslape propio", "CT": "", "ESTAMPA_CC": "2026-05-26 14:46:01" }, "geometry": { "type": "Point", "coordinates": [ -76.543999344007233, 3.323112293836565 ] } },
{ "type": "Feature", "properties": { "OBJECTID": 7829, "CE": "Traslape propio", "CT": "", "ESTAMPA_CC": "2026-05-26 14:46:01" }, "geometry": { "type": "Point", "coordinates": [ -76.511125771653965, 3.367753289653615 ] } },
{ "type": "Feature", "properties": { "OBJECTID": 7834, "CE": "Traslape propio", "CT": "", "ESTAMPA_CC": "2026-05-26 14:46:01" }, "geometry": { "type": "Point", "coordinates": [ -76.575478574148718, 3.389922649421372 ] } },
{ "type": "Feature", "properties": { "OBJECTID": 7837, "CE": "Traslape propio", "CT": "", "ESTAMPA_CC": "2026-05-26 14:46:01" }, "geometry": { "type": "Point", "coordinates": [ -76.604862503479183, 3.503843867892317 ] } },
{ "type": "Feature", "properties": { "OBJECTID": 7844, "CE": "Traslape propio; NPN Manzana -> Terreno", "CT": "", "ESTAMPA_CC": "2026-05-26 14:46:01" }, "geometry": { "type": "Point", "coordinates": [ -76.565388463595227, 3.407335689483189 ] } },
{ "type": "Feature", "properties": { "OBJECTID": 7854, "CE": "Traslape propio", "CT": "", "ESTAMPA_CC": "2026-05-26 14:46:01" }, "geometry": { "type": "Point", "coordinates": [ -76.576896907523164, 3.460467036216411 ] } },
{ "type": "Feature", "properties": { "OBJECTID": 7865, "CE": "Traslape propio", "CT": "", "ESTAMPA_CC": "2026-05-26 14:46:01" }, "geometry": { "type": "Point", "coordinates": [ -76.568253224051517, 3.403477239639797 ] } },
{ "type": "Feature", "properties": { "OBJECTID": 7867, "CE": "Traslape propio", "CT": "", "ESTAMPA_CC": "2026-05-26 14:46:01" }, "geometry": { "type": "Point", "coordinates": [ -76.529169120438851, 3.329744469094613 ] } },
{ "type": "Feature", "properties": { "OBJECTID": 7876, "CE": "Traslape propio", "CT": "", "ESTAMPA_CC": "2026-05-26 14:46:01" }, "geometry": { "type": "Point", "coordinates": [ -76.63416000122136, 3.327084170318257 ] } },
{ "type": "Feature", "properties": { "OBJECTID": 7877, "CE": "Traslape propio", "CT": "", "ESTAMPA_CC": "2026-05-26 14:46:01" }, "geometry": { "type": "Point", "coordinates": [ -76.633225821903963, 3.327180906060989 ] } },
{ "type": "Feature", "properties": { "OBJECTID": 7879, "CE": "Traslape propio", "CT": "", "ESTAMPA_CC": "2026-05-26 14:46:01" }, "geometry": { "type": "Point", "coordinates": [ -76.568815098858309, 3.368422881008165 ] } },
{ "type": "Feature", "properties": { "OBJECTID": 7888, "CE": "Traslape propio", "CT": "", "ESTAMPA_CC": "2026-05-26 14:46:01" }, "geometry": { "type": "Point", "coordinates": [ -76.572726746286321, 3.382274068605756 ] } },
{ "type": "Feature", "properties": { "OBJECTID": 7892, "CE": "NPN Manzana -> Terreno", "CT": "", "ESTAMPA_CC": "2026-05-26 14:46:01" }, "geometry": { "type": "Point", "coordinates": [ -76.522935980425416, 3.35681972041534 ] } },
{ "type": "Feature", "properties": { "OBJECTID": 7894, "CE": "Traslape propio; NPN Manzana -> Terreno", "CT": "", "ESTAMPA_CC": "2026-05-26 14:46:01" }, "geometry": { "type": "Point", "coordinates": [ -76.521338674131272, 3.349123162940205 ] } },
{ "type": "Feature", "properties": { "OBJECTID": 7905, "CE": "Traslape propio", "CT": "Terreno", "ESTAMPA_CC": "2026-05-26 14:46:01" }, "geometry": { "type": "Point", "coordinates": [ -76.535983001449381, 3.330499173310401 ] } },
{ "type": "Feature", "properties": { "OBJECTID": 7907, "CE": "", "CT": "Terreno", "ESTAMPA_CC": "2026-05-26 14:46:01" }, "geometry": { "type": "Point", "coordinates": [ -76.54553492944072, 3.331419953232424 ] } },
{ "type": "Feature", "properties": { "OBJECTID": 7912, "CE": "NPN Manzana -> Terreno", "CT": "", "ESTAMPA_CC": "2026-05-26 14:46:01" }, "geometry": { "type": "Point", "coordinates": [ -76.521215941720996, 3.344327688189895 ] } },
{ "type": "Feature", "properties": { "OBJECTID": 7913, "CE": "Traslape propio", "CT": "", "ESTAMPA_CC": "2026-05-26 14:46:01" }, "geometry": { "type": "Point", "coordinates": [ -76.64237523407175, 3.464182120670131 ] } },
{ "type": "Feature", "properties": { "OBJECTID": 7929, "CE": "Traslape propio", "CT": "", "ESTAMPA_CC": "2026-05-26 14:46:01" }, "geometry": { "type": "Point", "coordinates": [ -76.510281901352272, 3.370517965340753 ] } },
{ "type": "Feature", "properties": { "OBJECTID": 7932, "CE": "Traslape propio", "CT": "", "ESTAMPA_CC": "2026-05-26 14:46:01" }, "geometry": { "type": "Point", "coordinates": [ -76.60494459496816, 3.321388225008742 ] } },
{ "type": "Feature", "properties": { "OBJECTID": 7955, "CE": "Traslape propio", "CT": "", "ESTAMPA_CC": "2026-05-26 14:46:01" }, "geometry": { "type": "Point", "coordinates": [ -76.551001012395957, 3.296961582387467 ] } },
{ "type": "Feature", "properties": { "OBJECTID": 7975, "CE": "Traslape propio", "CT": "", "ESTAMPA_CC": "2026-05-26 14:46:01" }, "geometry": { "type": "Point", "coordinates": [ -76.5111770214247, 3.367756484226949 ] } },
{ "type": "Feature", "properties": { "OBJECTID": 7976, "CE": "Traslape propio", "CT": "", "ESTAMPA_CC": "2026-05-26 14:46:01" }, "geometry": { "type": "Point", "coordinates": [ -76.511408250356482, 3.367982841512392 ] } },
{ "type": "Feature", "properties": { "OBJECTID": 7982, "CE": "Traslape propio", "CT": "", "ESTAMPA_CC": "2026-05-26 14:46:01" }, "geometry": { "type": "Point", "coordinates": [ -76.568712720084349, 3.395983893356743 ] } },
{ "type": "Feature", "properties": { "OBJECTID": 7990, "CE": "Traslape propio", "CT": "", "ESTAMPA_CC": "2026-05-26 14:46:01" }, "geometry": { "type": "Point", "coordinates": [ -76.633399523775395, 3.463932155576258 ] } },
{ "type": "Feature", "properties": { "OBJECTID": 8000, "CE": "NPN Manzana -> Terreno", "CT": "", "ESTAMPA_CC": "2026-05-26 14:46:01" }, "geometry": { "type": "Point", "coordinates": [ -76.509725649532214, 3.352534947820224 ] } },
{ "type": "Feature", "properties": { "OBJECTID": 8004, "CE": "Traslape propio", "CT": "", "ESTAMPA_CC": "2026-05-26 14:46:01" }, "geometry": { "type": "Point", "coordinates": [ -76.544964980464059, 3.325054663637006 ] } },
{ "type": "Feature", "properties": { "OBJECTID": 8029, "CE": "NPN Manzana -> Terreno", "CT": "", "ESTAMPA_CC": "2026-05-26 14:46:01" }, "geometry": { "type": "Point", "coordinates": [ -76.540337424105957, 3.45358550582303 ] } },
{ "type": "Feature", "properties": { "OBJECTID": 8030, "CE": "NPN Manzana -> Terreno", "CT": "", "ESTAMPA_CC": "2026-05-26 14:46:01" }, "geometry": { "type": "Point", "coordinates": [ -76.535258962317215, 3.489305325442868 ] } },
{ "type": "Feature", "properties": { "OBJECTID": 8031, "CE": "Traslape propio; NPN Manzana -> Terreno", "CT": "", "ESTAMPA_CC": "2026-05-26 14:46:01" }, "geometry": { "type": "Point", "coordinates": [ -76.53916433756136, 3.457296030310587 ] } },
{ "type": "Feature", "properties": { "OBJECTID": 8033, "CE": "NPN Manzana -> Terreno", "CT": "", "ESTAMPA_CC": "2026-05-26 14:46:01" }, "geometry": { "type": "Point", "coordinates": [ -76.513598664654481, 3.350593365795949 ] } },
{ "type": "Feature", "properties": { "OBJECTID": 8044, "CE": "Traslape propio; NPN Manzana -> Terreno", "CT": "", "ESTAMPA_CC": "2026-05-26 14:46:01" }, "geometry": { "type": "Point", "coordinates": [ -76.504166543851611, 3.352931121639333 ] } },
{ "type": "Feature", "properties": { "OBJECTID": 8050, "CE": "Traslape propio", "CT": "", "ESTAMPA_CC": "2026-05-26 14:46:01" }, "geometry": { "type": "Point", "coordinates": [ -76.56845792533413, 3.395799035183182 ] } },
{ "type": "Feature", "properties": { "OBJECTID": 8057, "CE": "Traslape propio", "CT": "", "ESTAMPA_CC": "2026-05-26 14:46:01" }, "geometry": { "type": "Point", "coordinates": [ -76.533977968738341, 3.311176378057921 ] } },
{ "type": "Feature", "properties": { "OBJECTID": 8072, "CE": "Traslape propio", "CT": "", "ESTAMPA_CC": "2026-05-26 14:46:01" }, "geometry": { "type": "Point", "coordinates": [ -76.624298668797763, 3.439893468668201 ] } },
{ "type": "Feature", "properties": { "OBJECTID": 8077, "CE": "Traslape propio; NPN Manzana -> Terreno", "CT": "", "ESTAMPA_CC": "2026-05-26 14:46:01" }, "geometry": { "type": "Point", "coordinates": [ -76.506630243259167, 3.354433196345548 ] } },
{ "type": "Feature", "properties": { "OBJECTID": 8078, "CE": "NPN Manzana -> Terreno", "CT": "", "ESTAMPA_CC": "2026-05-26 14:46:01" }, "geometry": { "type": "Point", "coordinates": [ -76.501026689478621, 3.354952574239009 ] } },
{ "type": "Feature", "properties": { "OBJECTID": 8079, "CE": "Traslape propio; NPN Manzana -> Terreno", "CT": "", "ESTAMPA_CC": "2026-05-26 14:46:01" }, "geometry": { "type": "Point", "coordinates": [ -76.500505146697478, 3.358879943678954 ] } },
{ "type": "Feature", "properties": { "OBJECTID": 8080, "CE": "Traslape propio; NPN Manzana -> Terreno", "CT": "", "ESTAMPA_CC": "2026-05-26 14:46:01" }, "geometry": { "type": "Point", "coordinates": [ -76.501959016953236, 3.359133131780121 ] } },
{ "type": "Feature", "properties": { "OBJECTID": 8090, "CE": "Traslape propio", "CT": "", "ESTAMPA_CC": "2026-05-26 14:46:01" }, "geometry": { "type": "Point", "coordinates": [ -76.570062467417017, 3.309208940688102 ] } },
{ "type": "Feature", "properties": { "OBJECTID": 8098, "CE": "Traslape propio", "CT": "", "ESTAMPA_CC": "2026-05-26 14:46:01" }, "geometry": { "type": "Point", "coordinates": [ -76.507357435538793, 3.379246822538979 ] } },
{ "type": "Feature", "properties": { "OBJECTID": 8108, "CE": "NPN Manzana -> Terreno", "CT": "", "ESTAMPA_CC": "2026-05-26 14:46:01" }, "geometry": { "type": "Point", "coordinates": [ -76.515419004884251, 3.356847208251771 ] } },
{ "type": "Feature", "properties": { "OBJECTID": 8125, "CE": "Traslape propio", "CT": "", "ESTAMPA_CC": "2026-05-26 14:46:01" }, "geometry": { "type": "Point", "coordinates": [ -76.577876427607521, 3.398739295106576 ] } },
{ "type": "Feature", "properties": { "OBJECTID": 8127, "CE": "Traslape propio", "CT": "", "ESTAMPA_CC": "2026-05-26 14:46:01" }, "geometry": { "type": "Point", "coordinates": [ -76.568373154298499, 3.370067455077105 ] } },
{ "type": "Feature", "properties": { "OBJECTID": 8130, "CE": "Traslape propio", "CT": "", "ESTAMPA_CC": "2026-05-26 14:46:01" }, "geometry": { "type": "Point", "coordinates": [ -76.511572161204569, 3.371319676188696 ] } },
{ "type": "Feature", "properties": { "OBJECTID": 8136, "CE": "NPN Manzana -> Terreno", "CT": "", "ESTAMPA_CC": "2026-05-26 14:46:01" }, "geometry": { "type": "Point", "coordinates": [ -76.509325905955748, 3.351743868341989 ] } },
{ "type": "Feature", "properties": { "OBJECTID": 8137, "CE": "Traslape propio", "CT": "", "ESTAMPA_CC": "2026-05-26 14:46:01" }, "geometry": { "type": "Point", "coordinates": [ -76.596772770107833, 3.329633783145567 ] } },
{ "type": "Feature", "properties": { "OBJECTID": 8144, "CE": "Traslape propio", "CT": "", "ESTAMPA_CC": "2026-05-26 14:46:01" }, "geometry": { "type": "Point", "coordinates": [ -76.552079793218269, 3.347952620799407 ] } },
{ "type": "Feature", "properties": { "OBJECTID": 8146, "CE": "Traslape propio", "CT": "", "ESTAMPA_CC": "2026-05-26 14:46:01" }, "geometry": { "type": "Point", "coordinates": [ -76.507362851319002, 3.379129317175504 ] } },
{ "type": "Feature", "properties": { "OBJECTID": 8147, "CE": "", "CT": "Terreno", "ESTAMPA_CC": "2026-05-26 14:46:01" }, "geometry": { "type": "Point", "coordinates": [ -76.53218912886679, 3.31493847087985 ] } },
{ "type": "Feature", "properties": { "OBJECTID": 8149, "CE": "Traslape propio", "CT": "", "ESTAMPA_CC": "2026-05-26 14:46:01" }, "geometry": { "type": "Point", "coordinates": [ -76.465934456764984, 3.397400819924754 ] } },
{ "type": "Feature", "properties": { "OBJECTID": 8159, "CE": "Traslape propio", "CT": "", "ESTAMPA_CC": "2026-05-26 14:46:01" }, "geometry": { "type": "Point", "coordinates": [ -76.547875474089992, 3.48771121096102 ] } },
{ "type": "Feature", "properties": { "OBJECTID": 8167, "CE": "Traslape propio", "CT": "", "ESTAMPA_CC": "2026-05-26 14:46:01" }, "geometry": { "type": "Point", "coordinates": [ -76.558717965847279, 3.426480462065262 ] } },
{ "type": "Feature", "properties": { "OBJECTID": 8168, "CE": "Traslape propio; NPN Manzana -> Terreno", "CT": "", "ESTAMPA_CC": "2026-05-26 14:46:01" }, "geometry": { "type": "Point", "coordinates": [ -76.518305667890161, 3.344735313578975 ] } },
{ "type": "Feature", "properties": { "OBJECTID": 8176, "CE": "Traslape propio", "CT": "", "ESTAMPA_CC": "2026-05-26 14:46:01" }, "geometry": { "type": "Point", "coordinates": [ -76.55856799055708, 3.363269259641624 ] } },
{ "type": "Feature", "properties": { "OBJECTID": 8177, "CE": "Traslape propio; NPN Manzana -> Terreno", "CT": "", "ESTAMPA_CC": "2026-05-26 14:46:01" }, "geometry": { "type": "Point", "coordinates": [ -76.535620482992883, 3.488682404240489 ] } },
{ "type": "Feature", "properties": { "OBJECTID": 8178, "CE": "NPN Manzana -> Terreno", "CT": "", "ESTAMPA_CC": "2026-05-26 14:46:01" }, "geometry": { "type": "Point", "coordinates": [ -76.541121823100298, 3.452715473675033 ] } },
{ "type": "Feature", "properties": { "OBJECTID": 8179, "CE": "NPN Manzana -> Terreno", "CT": "", "ESTAMPA_CC": "2026-05-26 14:46:01" }, "geometry": { "type": "Point", "coordinates": [ -76.540545442520425, 3.453424405740363 ] } },
{ "type": "Feature", "properties": { "OBJECTID": 8181, "CE": "Traslape propio", "CT": "", "ESTAMPA_CC": "2026-05-26 14:46:01" }, "geometry": { "type": "Point", "coordinates": [ -76.556933991776233, 3.305483268517721 ] } },
{ "type": "Feature", "properties": { "OBJECTID": 8182, "CE": "Traslape propio", "CT": "", "ESTAMPA_CC": "2026-05-26 14:46:01" }, "geometry": { "type": "Point", "coordinates": [ -76.55700815503991, 3.306129192500016 ] } },
{ "type": "Feature", "properties": { "OBJECTID": 8183, "CE": "Traslape propio", "CT": "", "ESTAMPA_CC": "2026-05-26 14:46:01" }, "geometry": { "type": "Point", "coordinates": [ -76.562136959042874, 3.433524636965362 ] } },
{ "type": "Feature", "properties": { "OBJECTID": 8184, "CE": "Traslape propio", "CT": "", "ESTAMPA_CC": "2026-05-26 14:46:01" }, "geometry": { "type": "Point", "coordinates": [ -76.545124881818282, 3.320471641330016 ] } },
{ "type": "Feature", "properties": { "OBJECTID": 8187, "CE": "Traslape propio", "CT": "", "ESTAMPA_CC": "2026-05-26 14:46:01" }, "geometry": { "type": "Point", "coordinates": [ -76.606078696688101, 3.489125809524854 ] } },
{ "type": "Feature", "properties": { "OBJECTID": 8200, "CE": "Traslape propio", "CT": "", "ESTAMPA_CC": "2026-05-26 14:46:01" }, "geometry": { "type": "Point", "coordinates": [ -76.643436154112194, 3.451549720541974 ] } },
{ "type": "Feature", "properties": { "OBJECTID": 8205, "CE": "NPN Manzana -> Terreno", "CT": "", "ESTAMPA_CC": "2026-05-26 14:46:01" }, "geometry": { "type": "Point", "coordinates": [ -76.493773468457448, 3.340033499235979 ] } },
{ "type": "Feature", "properties": { "OBJECTID": 8208, "CE": "NPN Manzana -> Terreno", "CT": "", "ESTAMPA_CC": "2026-05-26 14:46:01" }, "geometry": { "type": "Point", "coordinates": [ -76.520990200720149, 3.355258363303023 ] } },
{ "type": "Feature", "properties": { "OBJECTID": 8217, "CE": "NPN Manzana -> Terreno", "CT": "", "ESTAMPA_CC": "2026-05-26 14:46:01" }, "geometry": { "type": "Point", "coordinates": [ -76.535762614581088, 3.488970925769088 ] } },
{ "type": "Feature", "properties": { "OBJECTID": 8218, "CE": "NPN Manzana -> Terreno", "CT": "", "ESTAMPA_CC": "2026-05-26 14:46:01" }, "geometry": { "type": "Point", "coordinates": [ -76.54116452098657, 3.452916480958942 ] } },
{ "type": "Feature", "properties": { "OBJECTID": 8219, "CE": "Traslape propio", "CT": "", "ESTAMPA_CC": "2026-05-26 14:46:01" }, "geometry": { "type": "Point", "coordinates": [ -76.538040891798104, 3.489144713356584 ] } },
{ "type": "Feature", "properties": { "OBJECTID": 8220, "CE": "NPN Manzana -> Terreno", "CT": "", "ESTAMPA_CC": "2026-05-26 14:46:01" }, "geometry": { "type": "Point", "coordinates": [ -76.535236042145911, 3.489035918022661 ] } },
{ "type": "Feature", "properties": { "OBJECTID": 8221, "CE": "NPN Manzana -> Terreno", "CT": "", "ESTAMPA_CC": "2026-05-26 14:46:01" }, "geometry": { "type": "Point", "coordinates": [ -76.540722131236691, 3.453774185396233 ] } },
{ "type": "Feature", "properties": { "OBJECTID": 8222, "CE": "NPN Manzana -> Terreno", "CT": "", "ESTAMPA_CC": "2026-05-26 14:46:01" }, "geometry": { "type": "Point", "coordinates": [ -76.540001976544275, 3.453756078100996 ] } },
{ "type": "Feature", "properties": { "OBJECTID": 8223, "CE": "NPN Manzana -> Terreno", "CT": "", "ESTAMPA_CC": "2026-05-26 14:46:01" }, "geometry": { "type": "Point", "coordinates": [ -76.541217194401639, 3.453335495532993 ] } },
{ "type": "Feature", "properties": { "OBJECTID": 8224, "CE": "NPN Manzana -> Terreno", "CT": "", "ESTAMPA_CC": "2026-05-26 14:46:01" }, "geometry": { "type": "Point", "coordinates": [ -76.540491555183124, 3.452935071985162 ] } },
{ "type": "Feature", "properties": { "OBJECTID": 8225, "CE": "Traslape propio; NPN Manzana -> Terreno", "CT": "", "ESTAMPA_CC": "2026-05-26 14:46:01" }, "geometry": { "type": "Point", "coordinates": [ -76.520012263339851, 3.354107082373821 ] } },
{ "type": "Feature", "properties": { "OBJECTID": 8229, "CE": "NPN Manzana -> Terreno", "CT": "", "ESTAMPA_CC": "2026-05-26 14:46:01" }, "geometry": { "type": "Point", "coordinates": [ -76.564152613908504, 3.415039836831261 ] } },
{ "type": "Feature", "properties": { "OBJECTID": 8241, "CE": "NPN Manzana -> Terreno", "CT": "", "ESTAMPA_CC": "2026-05-26 14:46:01" }, "geometry": { "type": "Point", "coordinates": [ -76.511430070971272, 3.350667773433652 ] } },
{ "type": "Feature", "properties": { "OBJECTID": 8245, "CE": "", "CT": "Terreno", "ESTAMPA_CC": "2026-05-26 14:46:01" }, "geometry": { "type": "Point", "coordinates": [ -76.527820317293134, 3.320320555657737 ] } },
{ "type": "Feature", "properties": { "OBJECTID": 8262, "CE": "Traslape propio", "CT": "", "ESTAMPA_CC": "2026-05-26 14:46:01" }, "geometry": { "type": "Point", "coordinates": [ -76.57968894827647, 3.458452383689848 ] } },
{ "type": "Feature", "properties": { "OBJECTID": 8263, "CE": "Traslape propio; NPN Manzana -> Terreno", "CT": "", "ESTAMPA_CC": "2026-05-26 14:46:01" }, "geometry": { "type": "Point", "coordinates": [ -76.501935633022867, 3.352347193587592 ] } },
{ "type": "Feature", "properties": { "OBJECTID": 8297, "CE": "Traslape propio", "CT": "", "ESTAMPA_CC": "2026-05-26 14:46:01" }, "geometry": { "type": "Point", "coordinates": [ -76.568366893402654, 3.396601422906504 ] } },
{ "type": "Feature", "properties": { "OBJECTID": 8301, "CE": "Traslape propio", "CT": "", "ESTAMPA_CC": "2026-05-26 14:46:01" }, "geometry": { "type": "Point", "coordinates": [ -76.64218854313296, 3.460642696014633 ] } },
{ "type": "Feature", "properties": { "OBJECTID": 8305, "CE": "Traslape propio", "CT": "", "ESTAMPA_CC": "2026-05-26 14:46:01" }, "geometry": { "type": "Point", "coordinates": [ -76.554908168342507, 3.349461489696562 ] } },
{ "type": "Feature", "properties": { "OBJECTID": 8307, "CE": "Traslape propio", "CT": "", "ESTAMPA_CC": "2026-05-26 14:46:01" }, "geometry": { "type": "Point", "coordinates": [ -76.553975817591635, 3.348498377668959 ] } },
{ "type": "Feature", "properties": { "OBJECTID": 8308, "CE": "Traslape propio; NPN Manzana -> Terreno", "CT": "", "ESTAMPA_CC": "2026-05-26 14:46:01" }, "geometry": { "type": "Point", "coordinates": [ -76.512781145886009, 3.346435263632488 ] } },
{ "type": "Feature", "properties": { "OBJECTID": 8309, "CE": "Traslape propio; NPN Manzana -> Terreno", "CT": "", "ESTAMPA_CC": "2026-05-26 14:46:01" }, "geometry": { "type": "Point", "coordinates": [ -76.519029677485804, 3.347122772889324 ] } },
{ "type": "Feature", "properties": { "OBJECTID": 8322, "CE": "Traslape propio", "CT": "", "ESTAMPA_CC": "2026-05-26 14:46:01" }, "geometry": { "type": "Point", "coordinates": [ -76.589767966702624, 3.463254383122539 ] } },
{ "type": "Feature", "properties": { "OBJECTID": 8326, "CE": "Traslape propio", "CT": "", "ESTAMPA_CC": "2026-05-26 14:46:01" }, "geometry": { "type": "Point", "coordinates": [ -76.511306018869249, 3.367966054611338 ] } },
{ "type": "Feature", "properties": { "OBJECTID": 8327, "CE": "Traslape propio", "CT": "", "ESTAMPA_CC": "2026-05-26 14:46:01" }, "geometry": { "type": "Point", "coordinates": [ -76.511074439662536, 3.367755751262421 ] } },
{ "type": "Feature", "properties": { "OBJECTID": 8329, "CE": "Traslape propio", "CT": "", "ESTAMPA_CC": "2026-05-26 14:46:01" }, "geometry": { "type": "Point", "coordinates": [ -76.51148391360357, 3.36740320368578 ] } },
{ "type": "Feature", "properties": { "OBJECTID": 8331, "CE": "Traslape propio", "CT": "", "ESTAMPA_CC": "2026-05-26 14:46:01" }, "geometry": { "type": "Point", "coordinates": [ -76.511384942872027, 3.371167664914914 ] } },
{ "type": "Feature", "properties": { "OBJECTID": 8332, "CE": "Traslape propio", "CT": "", "ESTAMPA_CC": "2026-05-26 14:46:01" }, "geometry": { "type": "Point", "coordinates": [ -76.511285171676121, 3.371167616475197 ] } },
{ "type": "Feature", "properties": { "OBJECTID": 8333, "CE": "Traslape propio", "CT": "", "ESTAMPA_CC": "2026-05-26 14:46:01" }, "geometry": { "type": "Point", "coordinates": [ -76.51098691434035, 3.371167471555893 ] } },
{ "type": "Feature", "properties": { "OBJECTID": 8342, "CE": "", "CT": "Terreno", "ESTAMPA_CC": "2026-05-26 14:46:01" }, "geometry": { "type": "Point", "coordinates": [ -76.551590556659576, 3.484804211624438 ] } },
{ "type": "Feature", "properties": { "OBJECTID": 8346, "CE": "Traslape propio", "CT": "Terreno", "ESTAMPA_CC": "2026-05-26 14:46:01" }, "geometry": { "type": "Point", "coordinates": [ -76.544531439398114, 3.318975569375901 ] } },
{ "type": "Feature", "properties": { "OBJECTID": 8347, "CE": "NPN Manzana -> Terreno", "CT": "", "ESTAMPA_CC": "2026-05-26 14:46:01" }, "geometry": { "type": "Point", "coordinates": [ -76.536287119248016, 3.462948366436142 ] } },
{ "type": "Feature", "properties": { "OBJECTID": 8348, "CE": "", "CT": "Terreno", "ESTAMPA_CC": "2026-05-26 14:46:01" }, "geometry": { "type": "Point", "coordinates": [ -76.510008052457181, 3.327955266922951 ] } },
{ "type": "Feature", "properties": { "OBJECTID": 8354, "CE": "Traslape propio", "CT": "", "ESTAMPA_CC": "2026-05-26 14:46:01" }, "geometry": { "type": "Point", "coordinates": [ -76.546600856392573, 3.311399908783896 ] } },
{ "type": "Feature", "properties": { "OBJECTID": 8358, "CE": "Traslape propio", "CT": "", "ESTAMPA_CC": "2026-05-26 14:46:01" }, "geometry": { "type": "Point", "coordinates": [ -76.534419030356844, 3.311242506734896 ] } },
{ "type": "Feature", "properties": { "OBJECTID": 8359, "CE": "Traslape propio; NPN Manzana -> Terreno", "CT": "", "ESTAMPA_CC": "2026-05-26 14:46:01" }, "geometry": { "type": "Point", "coordinates": [ -76.543216906868608, 3.45521797330974 ] } },
{ "type": "Feature", "properties": { "OBJECTID": 8364, "CE": "NPN Manzana -> Terreno", "CT": "", "ESTAMPA_CC": "2026-05-26 14:46:01" }, "geometry": { "type": "Point", "coordinates": [ -76.563008930095847, 3.424592476103355 ] } },
{ "type": "Feature", "properties": { "OBJECTID": 8381, "CE": "NPN Manzana -> Terreno", "CT": "Número Unidad; Llave IDTERRENO", "ESTAMPA_CC": "2026-05-26 14:46:01" }, "geometry": { "type": "Point", "coordinates": [ -76.537080572530627, 3.48963273988212 ] } },
{ "type": "Feature", "properties": { "OBJECTID": 8382, "CE": "NPN Manzana -> Terreno", "CT": "", "ESTAMPA_CC": "2026-05-26 14:46:01" }, "geometry": { "type": "Point", "coordinates": [ -76.535370821235603, 3.488504361963936 ] } },
{ "type": "Feature", "properties": { "OBJECTID": 8383, "CE": "NPN Manzana -> Terreno", "CT": "", "ESTAMPA_CC": "2026-05-26 14:46:01" }, "geometry": { "type": "Point", "coordinates": [ -76.51442467044167, 3.356446281809965 ] } },
{ "type": "Feature", "properties": { "OBJECTID": 8384, "CE": "Traslape propio; NPN Manzana -> Terreno", "CT": "", "ESTAMPA_CC": "2026-05-26 14:46:01" }, "geometry": { "type": "Point", "coordinates": [ -76.504364692091414, 3.369309607460032 ] } },
{ "type": "Feature", "properties": { "OBJECTID": 8385, "CE": "Traslape propio; NPN Manzana -> Terreno", "CT": "", "ESTAMPA_CC": "2026-05-26 14:46:01" }, "geometry": { "type": "Point", "coordinates": [ -76.509579240425253, 3.349522369663812 ] } },
{ "type": "Feature", "properties": { "OBJECTID": 8399, "CE": "Traslape propio", "CT": "", "ESTAMPA_CC": "2026-05-26 14:46:01" }, "geometry": { "type": "Point", "coordinates": [ -76.55299415493954, 3.348249808531432 ] } },
{ "type": "Feature", "properties": { "OBJECTID": 8400, "CE": "Traslape propio", "CT": "", "ESTAMPA_CC": "2026-05-26 14:46:01" }, "geometry": { "type": "Point", "coordinates": [ -76.56881415853816, 3.368455673912842 ] } },
{ "type": "Feature", "properties": { "OBJECTID": 8401, "CE": "Traslape propio", "CT": "", "ESTAMPA_CC": "2026-05-26 14:46:01" }, "geometry": { "type": "Point", "coordinates": [ -76.56892076866005, 3.368635734661202 ] } },
{ "type": "Feature", "properties": { "OBJECTID": 8403, "CE": "Traslape propio", "CT": "", "ESTAMPA_CC": "2026-05-26 14:46:01" }, "geometry": { "type": "Point", "coordinates": [ -76.623604729472575, 3.445753991054712 ] } },
{ "type": "Feature", "properties": { "OBJECTID": 8405, "CE": "NPN Manzana -> Terreno", "CT": "", "ESTAMPA_CC": "2026-05-26 14:46:01" }, "geometry": { "type": "Point", "coordinates": [ -76.517994962583558, 3.354668539698233 ] } },
{ "type": "Feature", "properties": { "OBJECTID": 8427, "CE": "Traslape propio; NPN Manzana -> Terreno", "CT": "", "ESTAMPA_CC": "2026-05-26 14:46:01" }, "geometry": { "type": "Point", "coordinates": [ -76.537118002804689, 3.490369670472081 ] } },
{ "type": "Feature", "properties": { "OBJECTID": 8442, "CE": "NPN Manzana -> Terreno", "CT": "", "ESTAMPA_CC": "2026-05-26 14:46:01" }, "geometry": { "type": "Point", "coordinates": [ -76.520350854014183, 3.358194381741426 ] } },
{ "type": "Feature", "properties": { "OBJECTID": 8458, "CE": "Traslape propio", "CT": "", "ESTAMPA_CC": "2026-05-26 14:46:01" }, "geometry": { "type": "Point", "coordinates": [ -76.667048874743713, 3.450419839374006 ] } },
{ "type": "Feature", "properties": { "OBJECTID": 8462, "CE": "Traslape propio", "CT": "", "ESTAMPA_CC": "2026-05-26 14:46:01" }, "geometry": { "type": "Point", "coordinates": [ -76.553274800425783, 3.34750780101078 ] } },
{ "type": "Feature", "properties": { "OBJECTID": 8464, "CE": "Traslape propio", "CT": "", "ESTAMPA_CC": "2026-05-26 14:46:01" }, "geometry": { "type": "Point", "coordinates": [ -76.570981170922124, 3.412852543734352 ] } },
{ "type": "Feature", "properties": { "OBJECTID": 8465, "CE": "Traslape propio; NPN Manzana -> Terreno", "CT": "", "ESTAMPA_CC": "2026-05-26 14:46:01" }, "geometry": { "type": "Point", "coordinates": [ -76.543121160456892, 3.455099280682745 ] } },
{ "type": "Feature", "properties": { "OBJECTID": 8466, "CE": "Traslape propio", "CT": "", "ESTAMPA_CC": "2026-05-26 14:46:01" }, "geometry": { "type": "Point", "coordinates": [ -76.571258739462721, 3.384553383907192 ] } },
{ "type": "Feature", "properties": { "OBJECTID": 8470, "CE": "Traslape propio; NPN Manzana -> Terreno", "CT": "", "ESTAMPA_CC": "2026-05-26 14:46:01" }, "geometry": { "type": "Point", "coordinates": [ -76.53651141717431, 3.490839776750533 ] } },
{ "type": "Feature", "properties": { "OBJECTID": 8471, "CE": "Traslape propio", "CT": "", "ESTAMPA_CC": "2026-05-26 14:46:01" }, "geometry": { "type": "Point", "coordinates": [ -76.543331440080038, 3.362752240376802 ] } },
{ "type": "Feature", "properties": { "OBJECTID": 8472, "CE": "Traslape propio", "CT": "", "ESTAMPA_CC": "2026-05-26 14:46:01" }, "geometry": { "type": "Point", "coordinates": [ -76.576704155527807, 3.380304893731383 ] } },
{ "type": "Feature", "properties": { "OBJECTID": 8473, "CE": "Traslape propio", "CT": "", "ESTAMPA_CC": "2026-05-26 14:46:01" }, "geometry": { "type": "Point", "coordinates": [ -76.576533218313173, 3.380412767840454 ] } },
{ "type": "Feature", "properties": { "OBJECTID": 8474, "CE": "NPN Manzana -> Terreno", "CT": "", "ESTAMPA_CC": "2026-05-26 14:46:01" }, "geometry": { "type": "Point", "coordinates": [ -76.536780062414067, 3.49028719346294 ] } },
{ "type": "Feature", "properties": { "OBJECTID": 8475, "CE": "Traslape propio; NPN Manzana -> Terreno", "CT": "", "ESTAMPA_CC": "2026-05-26 14:46:01" }, "geometry": { "type": "Point", "coordinates": [ -76.535507281551943, 3.491763613089984 ] } },
{ "type": "Feature", "properties": { "OBJECTID": 8476, "CE": "NPN Manzana -> Terreno", "CT": "", "ESTAMPA_CC": "2026-05-26 14:46:01" }, "geometry": { "type": "Point", "coordinates": [ -76.521842471713924, 3.346732165513784 ] } },
{ "type": "Feature", "properties": { "OBJECTID": 8477, "CE": "Traslape propio; NPN Manzana -> Terreno", "CT": "", "ESTAMPA_CC": "2026-05-26 14:46:01" }, "geometry": { "type": "Point", "coordinates": [ -76.519311001814117, 3.344153668216255 ] } },
{ "type": "Feature", "properties": { "OBJECTID": 8478, "CE": "Traslape propio; NPN Manzana -> Terreno", "CT": "", "ESTAMPA_CC": "2026-05-26 14:46:01" }, "geometry": { "type": "Point", "coordinates": [ -76.520185995036556, 3.346425568574982 ] } },
{ "type": "Feature", "properties": { "OBJECTID": 8492, "CE": "Traslape propio", "CT": "", "ESTAMPA_CC": "2026-05-26 14:46:01" }, "geometry": { "type": "Point", "coordinates": [ -76.544025037597663, 3.318573105823754 ] } },
{ "type": "Feature", "properties": { "OBJECTID": 8493, "CE": "Traslape propio", "CT": "", "ESTAMPA_CC": "2026-05-26 14:46:01" }, "geometry": { "type": "Point", "coordinates": [ -76.544315714765531, 3.319136977047685 ] } },
{ "type": "Feature", "properties": { "OBJECTID": 8494, "CE": "Traslape propio", "CT": "", "ESTAMPA_CC": "2026-05-26 14:46:01" }, "geometry": { "type": "Point", "coordinates": [ -76.544579395920564, 3.318541519768068 ] } },
{ "type": "Feature", "properties": { "OBJECTID": 8504, "CE": "Traslape propio", "CT": "", "ESTAMPA_CC": "2026-05-26 14:46:01" }, "geometry": { "type": "Point", "coordinates": [ -76.56794862766877, 3.395516913769139 ] } },
{ "type": "Feature", "properties": { "OBJECTID": 8517, "CE": "Traslape propio", "CT": "", "ESTAMPA_CC": "2026-05-26 14:46:01" }, "geometry": { "type": "Point", "coordinates": [ -76.507409784129095, 3.382314056460308 ] } },
{ "type": "Feature", "properties": { "OBJECTID": 8526, "CE": "Traslape propio; NPN Manzana -> Terreno", "CT": "", "ESTAMPA_CC": "2026-05-26 14:46:01" }, "geometry": { "type": "Point", "coordinates": [ -76.518480653556423, 3.361042873675226 ] } },
{ "type": "Feature", "properties": { "OBJECTID": 8529, "CE": "Traslape propio", "CT": "", "ESTAMPA_CC": "2026-05-26 14:46:01" }, "geometry": { "type": "Point", "coordinates": [ -76.59367920870146, 3.467515766758431 ] } },
{ "type": "Feature", "properties": { "OBJECTID": 8538, "CE": "", "CT": "Terreno", "ESTAMPA_CC": "2026-05-26 14:46:01" }, "geometry": { "type": "Point", "coordinates": [ -76.531157471223679, 3.33215955213527 ] } },
{ "type": "Feature", "properties": { "OBJECTID": 8551, "CE": "Traslape propio", "CT": "", "ESTAMPA_CC": "2026-05-26 14:46:01" }, "geometry": { "type": "Point", "coordinates": [ -76.556021447690881, 3.349388099615632 ] } },
{ "type": "Feature", "properties": { "OBJECTID": 8561, "CE": "Traslape propio; NPN Manzana -> Terreno", "CT": "", "ESTAMPA_CC": "2026-05-26 14:46:01" }, "geometry": { "type": "Point", "coordinates": [ -76.517104620375719, 3.346992422384229 ] } },
{ "type": "Feature", "properties": { "OBJECTID": 8572, "CE": "Traslape propio", "CT": "", "ESTAMPA_CC": "2026-05-26 14:46:01" }, "geometry": { "type": "Point", "coordinates": [ -76.537852345258102, 3.330179414486189 ] } },
{ "type": "Feature", "properties": { "OBJECTID": 8573, "CE": "Traslape propio", "CT": "", "ESTAMPA_CC": "2026-05-26 14:46:01" }, "geometry": { "type": "Point", "coordinates": [ -76.576371307741539, 3.394943541604015 ] } },
{ "type": "Feature", "properties": { "OBJECTID": 8574, "CE": "Traslape propio; NPN Manzana -> Terreno", "CT": "", "ESTAMPA_CC": "2026-05-26 14:46:01" }, "geometry": { "type": "Point", "coordinates": [ -76.535950428907981, 3.489837093603195 ] } },
{ "type": "Feature", "properties": { "OBJECTID": 8575, "CE": "NPN Manzana -> Terreno", "CT": "", "ESTAMPA_CC": "2026-05-26 14:46:01" }, "geometry": { "type": "Point", "coordinates": [ -76.533129637097176, 3.491490216539455 ] } },
{ "type": "Feature", "properties": { "OBJECTID": 8581, "CE": "NPN Manzana -> Terreno", "CT": "", "ESTAMPA_CC": "2026-05-26 14:46:01" }, "geometry": { "type": "Point", "coordinates": [ -76.51984021193276, 3.356678766492035 ] } },
{ "type": "Feature", "properties": { "OBJECTID": 8582, "CE": "NPN Manzana -> Terreno", "CT": "", "ESTAMPA_CC": "2026-05-26 14:46:01" }, "geometry": { "type": "Point", "coordinates": [ -76.517814197447947, 3.357759869157263 ] } },
{ "type": "Feature", "properties": { "OBJECTID": 8583, "CE": "Traslape propio", "CT": "", "ESTAMPA_CC": "2026-05-26 14:46:01" }, "geometry": { "type": "Point", "coordinates": [ -76.552902353609326, 3.472417067764198 ] } },
{ "type": "Feature", "properties": { "OBJECTID": 8584, "CE": "NPN Manzana -> Terreno", "CT": "", "ESTAMPA_CC": "2026-05-26 14:46:01" }, "geometry": { "type": "Point", "coordinates": [ -76.516822865123544, 3.352597196377769 ] } },
{ "type": "Feature", "properties": { "OBJECTID": 8603, "CE": "Traslape propio", "CT": "", "ESTAMPA_CC": "2026-05-26 14:46:01" }, "geometry": { "type": "Point", "coordinates": [ -76.56552451914574, 3.380312249547862 ] } },
{ "type": "Feature", "properties": { "OBJECTID": 8611, "CE": "Traslape propio", "CT": "", "ESTAMPA_CC": "2026-05-26 14:46:01" }, "geometry": { "type": "Point", "coordinates": [ -76.576051427413091, 3.38401082738296 ] } },
{ "type": "Feature", "properties": { "OBJECTID": 8616, "CE": "NPN Manzana -> Terreno", "CT": "", "ESTAMPA_CC": "2026-05-26 14:46:01" }, "geometry": { "type": "Point", "coordinates": [ -76.53623687805262, 3.490504420729872 ] } },
{ "type": "Feature", "properties": { "OBJECTID": 8617, "CE": "Traslape propio; NPN Manzana -> Terreno", "CT": "", "ESTAMPA_CC": "2026-05-26 14:46:01" }, "geometry": { "type": "Point", "coordinates": [ -76.504509166842467, 3.370477233634856 ] } },
{ "type": "Feature", "properties": { "OBJECTID": 8619, "CE": "Traslape propio", "CT": "", "ESTAMPA_CC": "2026-05-26 14:46:01" }, "geometry": { "type": "Point", "coordinates": [ -76.595709849262889, 3.425193871253634 ] } },
{ "type": "Feature", "properties": { "OBJECTID": 8626, "CE": "NPN Manzana -> Terreno", "CT": "", "ESTAMPA_CC": "2026-05-26 14:46:01" }, "geometry": { "type": "Point", "coordinates": [ -76.518998644132893, 3.359278945387153 ] } },
{ "type": "Feature", "properties": { "OBJECTID": 8641, "CE": "Traslape propio", "CT": "", "ESTAMPA_CC": "2026-05-26 14:46:01" }, "geometry": { "type": "Point", "coordinates": [ -76.507102287910129, 3.377564117039843 ] } },
{ "type": "Feature", "properties": { "OBJECTID": 8644, "CE": "Traslape propio; NPN Manzana -> Terreno", "CT": "", "ESTAMPA_CC": "2026-05-26 14:46:01" }, "geometry": { "type": "Point", "coordinates": [ -76.503540536845918, 3.353176510690355 ] } },
{ "type": "Feature", "properties": { "OBJECTID": 8645, "CE": "Traslape propio; NPN Manzana -> Terreno", "CT": "", "ESTAMPA_CC": "2026-05-26 14:46:01" }, "geometry": { "type": "Point", "coordinates": [ -76.503797628439671, 3.353485797995487 ] } },
{ "type": "Feature", "properties": { "OBJECTID": 8646, "CE": "Traslape propio; NPN Manzana -> Terreno", "CT": "", "ESTAMPA_CC": "2026-05-26 14:46:01" }, "geometry": { "type": "Point", "coordinates": [ -76.503812501687932, 3.353009080493969 ] } },
{ "type": "Feature", "properties": { "OBJECTID": 8648, "CE": "Traslape propio", "CT": "", "ESTAMPA_CC": "2026-05-26 14:46:01" }, "geometry": { "type": "Point", "coordinates": [ -76.611704359186078, 3.497175235413046 ] } },
{ "type": "Feature", "properties": { "OBJECTID": 8649, "CE": "Traslape propio", "CT": "", "ESTAMPA_CC": "2026-05-26 14:46:01" }, "geometry": { "type": "Point", "coordinates": [ -76.609616140581224, 3.494043131761492 ] } },
{ "type": "Feature", "properties": { "OBJECTID": 8650, "CE": "Traslape propio", "CT": "", "ESTAMPA_CC": "2026-05-26 14:46:01" }, "geometry": { "type": "Point", "coordinates": [ -76.613245464325075, 3.493708798776006 ] } },
{ "type": "Feature", "properties": { "OBJECTID": 8651, "CE": "Traslape propio", "CT": "", "ESTAMPA_CC": "2026-05-26 14:46:01" }, "geometry": { "type": "Point", "coordinates": [ -76.561589786911597, 3.397354078597874 ] } },
{ "type": "Feature", "properties": { "OBJECTID": 8652, "CE": "Traslape propio", "CT": "", "ESTAMPA_CC": "2026-05-26 14:46:01" }, "geometry": { "type": "Point", "coordinates": [ -76.611355128613681, 3.493012780883899 ] } },
{ "type": "Feature", "properties": { "OBJECTID": 8662, "CE": "Traslape propio", "CT": "", "ESTAMPA_CC": "2026-05-26 14:46:01" }, "geometry": { "type": "Point", "coordinates": [ -76.548928703351066, 3.36092908486398 ] } },
{ "type": "Feature", "properties": { "OBJECTID": 8684, "CE": "Traslape propio", "CT": "", "ESTAMPA_CC": "2026-05-26 14:46:01" }, "geometry": { "type": "Point", "coordinates": [ -76.549701177699859, 3.48941577176528 ] } },
{ "type": "Feature", "properties": { "OBJECTID": 8687, "CE": "Traslape propio", "CT": "", "ESTAMPA_CC": "2026-05-26 14:46:01" }, "geometry": { "type": "Point", "coordinates": [ -76.533214555366428, 3.310264936999046 ] } },
{ "type": "Feature", "properties": { "OBJECTID": 8688, "CE": "Traslape propio", "CT": "", "ESTAMPA_CC": "2026-05-26 14:46:01" }, "geometry": { "type": "Point", "coordinates": [ -76.560920784365294, 3.309042047208021 ] } },
{ "type": "Feature", "properties": { "OBJECTID": 8701, "CE": "Traslape propio", "CT": "", "ESTAMPA_CC": "2026-05-26 14:46:01" }, "geometry": { "type": "Point", "coordinates": [ -76.552932532090907, 3.359149109646265 ] } },
{ "type": "Feature", "properties": { "OBJECTID": 8739, "CE": "", "CT": "Terreno", "ESTAMPA_CC": "2026-05-26 14:46:01" }, "geometry": { "type": "Point", "coordinates": [ -76.61377583769297, 3.438830434623589 ] } },
{ "type": "Feature", "properties": { "OBJECTID": 8775, "CE": "NPN Manzana -> Terreno", "CT": "", "ESTAMPA_CC": "2026-05-26 14:46:01" }, "geometry": { "type": "Point", "coordinates": [ -76.522160562568743, 3.343885159594761 ] } },
{ "type": "Feature", "properties": { "OBJECTID": 8782, "CE": "Traslape propio", "CT": "", "ESTAMPA_CC": "2026-05-26 14:46:01" }, "geometry": { "type": "Point", "coordinates": [ -76.568955460124769, 3.448468750148774 ] } },
{ "type": "Feature", "properties": { "OBJECTID": 8783, "CE": "Traslape propio; NPN Manzana -> Terreno", "CT": "", "ESTAMPA_CC": "2026-05-26 14:46:01" }, "geometry": { "type": "Point", "coordinates": [ -76.518509030838317, 3.347100123202051 ] } },
{ "type": "Feature", "properties": { "OBJECTID": 8809, "CE": "Traslape propio", "CT": "", "ESTAMPA_CC": "2026-05-26 14:46:01" }, "geometry": { "type": "Point", "coordinates": [ -76.552529868663967, 3.350177762150143 ] } },
{ "type": "Feature", "properties": { "OBJECTID": 8832, "CE": "Traslape propio", "CT": "", "ESTAMPA_CC": "2026-05-26 14:46:01" }, "geometry": { "type": "Point", "coordinates": [ -76.510237626063329, 3.367939282616913 ] } },
{ "type": "Feature", "properties": { "OBJECTID": 8862, "CE": "Traslape propio", "CT": "", "ESTAMPA_CC": "2026-05-26 14:46:01" }, "geometry": { "type": "Point", "coordinates": [ -76.551296643152583, 3.480603041871661 ] } },
{ "type": "Feature", "properties": { "OBJECTID": 8863, "CE": "Traslape propio", "CT": "", "ESTAMPA_CC": "2026-05-26 14:46:01" }, "geometry": { "type": "Point", "coordinates": [ -76.552625554535908, 3.481180486319684 ] } },
{ "type": "Feature", "properties": { "OBJECTID": 8891, "CE": "Traslape propio; NPN Manzana -> Terreno", "CT": "", "ESTAMPA_CC": "2026-05-26 14:46:01" }, "geometry": { "type": "Point", "coordinates": [ -76.51502484087402, 3.357909496577096 ] } },
{ "type": "Feature", "properties": { "OBJECTID": 8917, "CE": "Traslape propio", "CT": "", "ESTAMPA_CC": "2026-05-26 14:46:01" }, "geometry": { "type": "Point", "coordinates": [ -76.533331513748834, 3.308372532838225 ] } },
{ "type": "Feature", "properties": { "OBJECTID": 8922, "CE": "", "CT": "Terreno", "ESTAMPA_CC": "2026-05-26 14:46:01" }, "geometry": { "type": "Point", "coordinates": [ -76.570872569544136, 3.395050454225745 ] } },
{ "type": "Feature", "properties": { "OBJECTID": 8941, "CE": "Traslape propio", "CT": "", "ESTAMPA_CC": "2026-05-26 14:46:01" }, "geometry": { "type": "Point", "coordinates": [ -76.588110303240228, 3.535001705134543 ] } },
{ "type": "Feature", "properties": { "OBJECTID": 8948, "CE": "Traslape propio", "CT": "", "ESTAMPA_CC": "2026-05-26 14:46:01" }, "geometry": { "type": "Point", "coordinates": [ -76.546918845169486, 3.31068821522143 ] } },
{ "type": "Feature", "properties": { "OBJECTID": 8955, "CE": "Traslape propio", "CT": "", "ESTAMPA_CC": "2026-05-26 14:46:01" }, "geometry": { "type": "Point", "coordinates": [ -76.552860753610219, 3.480927599242602 ] } },
{ "type": "Feature", "properties": { "OBJECTID": 8961, "CE": "NPN Manzana -> Terreno", "CT": "", "ESTAMPA_CC": "2026-05-26 14:46:01" }, "geometry": { "type": "Point", "coordinates": [ -76.520988389836518, 3.356235740533053 ] } },
{ "type": "Feature", "properties": { "OBJECTID": 8962, "CE": "NPN Manzana -> Terreno", "CT": "", "ESTAMPA_CC": "2026-05-26 14:46:01" }, "geometry": { "type": "Point", "coordinates": [ -76.518454568907913, 3.355594876306268 ] } },
{ "type": "Feature", "properties": { "OBJECTID": 8974, "CE": "Traslape propio", "CT": "", "ESTAMPA_CC": "2026-05-26 14:46:01" }, "geometry": { "type": "Point", "coordinates": [ -76.569814769925998, 3.378816046792913 ] } },
{ "type": "Feature", "properties": { "OBJECTID": 8983, "CE": "Traslape propio", "CT": "", "ESTAMPA_CC": "2026-05-26 14:46:01" }, "geometry": { "type": "Point", "coordinates": [ -76.552833231024948, 3.47213155141135 ] } },
{ "type": "Feature", "properties": { "OBJECTID": 8984, "CE": "Traslape propio", "CT": "", "ESTAMPA_CC": "2026-05-26 14:46:01" }, "geometry": { "type": "Point", "coordinates": [ -76.603921076446682, 3.504297501488328 ] } },
{ "type": "Feature", "properties": { "OBJECTID": 8987, "CE": "Traslape propio; NPN Manzana -> Terreno", "CT": "", "ESTAMPA_CC": "2026-05-26 14:46:01" }, "geometry": { "type": "Point", "coordinates": [ -76.516460992350261, 3.34707362051452 ] } },
{ "type": "Feature", "properties": { "OBJECTID": 8990, "CE": "Traslape propio; NPN Manzana -> Terreno", "CT": "", "ESTAMPA_CC": "2026-05-26 14:46:01" }, "geometry": { "type": "Point", "coordinates": [ -76.504086941883031, 3.357361515013229 ] } },
{ "type": "Feature", "properties": { "OBJECTID": 8991, "CE": "NPN Manzana -> Terreno", "CT": "", "ESTAMPA_CC": "2026-05-26 14:46:01" }, "geometry": { "type": "Point", "coordinates": [ -76.535280770090978, 3.488704741801652 ] } },
{ "type": "Feature", "properties": { "OBJECTID": 8992, "CE": "NPN Manzana -> Terreno", "CT": "", "ESTAMPA_CC": "2026-05-26 14:46:01" }, "geometry": { "type": "Point", "coordinates": [ -76.521868086153418, 3.353801178329809 ] } },
{ "type": "Feature", "properties": { "OBJECTID": 8993, "CE": "NPN Manzana -> Terreno", "CT": "", "ESTAMPA_CC": "2026-05-26 14:46:01" }, "geometry": { "type": "Point", "coordinates": [ -76.534650154240794, 3.488359944206408 ] } },
{ "type": "Feature", "properties": { "OBJECTID": 8994, "CE": "NPN Manzana -> Terreno", "CT": "", "ESTAMPA_CC": "2026-05-26 14:46:01" }, "geometry": { "type": "Point", "coordinates": [ -76.53474314725257, 3.488439543091492 ] } },
{ "type": "Feature", "properties": { "OBJECTID": 8995, "CE": "NPN Manzana -> Terreno", "CT": "", "ESTAMPA_CC": "2026-05-26 14:46:01" }, "geometry": { "type": "Point", "coordinates": [ -76.537374155600503, 3.459655522280651 ] } },
{ "type": "Feature", "properties": { "OBJECTID": 8996, "CE": "NPN Manzana -> Terreno", "CT": "", "ESTAMPA_CC": "2026-05-26 14:46:01" }, "geometry": { "type": "Point", "coordinates": [ -76.54032281785733, 3.453735347804689 ] } },
{ "type": "Feature", "properties": { "OBJECTID": 8997, "CE": "NPN Manzana -> Terreno", "CT": "", "ESTAMPA_CC": "2026-05-26 14:46:01" }, "geometry": { "type": "Point", "coordinates": [ -76.540012251650879, 3.452987926185475 ] } },
{ "type": "Feature", "properties": { "OBJECTID": 8998, "CE": "NPN Manzana -> Terreno", "CT": "", "ESTAMPA_CC": "2026-05-26 14:46:01" }, "geometry": { "type": "Point", "coordinates": [ -76.540347482091519, 3.453433293139172 ] } },
{ "type": "Feature", "properties": { "OBJECTID": 8999, "CE": "NPN Manzana -> Terreno", "CT": "", "ESTAMPA_CC": "2026-05-26 14:46:01" }, "geometry": { "type": "Point", "coordinates": [ -76.535661133610034, 3.488924646216526 ] } },
{ "type": "Feature", "properties": { "OBJECTID": 9000, "CE": "NPN Manzana -> Terreno", "CT": "", "ESTAMPA_CC": "2026-05-26 14:46:01" }, "geometry": { "type": "Point", "coordinates": [ -76.540791946369126, 3.452881429296732 ] } },
{ "type": "Feature", "properties": { "OBJECTID": 9001, "CE": "NPN Manzana -> Terreno", "CT": "", "ESTAMPA_CC": "2026-05-26 14:46:01" }, "geometry": { "type": "Point", "coordinates": [ -76.53442721332253, 3.488463951952653 ] } },
{ "type": "Feature", "properties": { "OBJECTID": 9003, "CE": "Traslape propio", "CT": "", "ESTAMPA_CC": "2026-05-26 14:46:01" }, "geometry": { "type": "Point", "coordinates": [ -76.578393105775376, 3.424668278052057 ] } },
{ "type": "Feature", "properties": { "OBJECTID": 9024, "CE": "Traslape propio", "CT": "", "ESTAMPA_CC": "2026-05-26 14:46:01" }, "geometry": { "type": "Point", "coordinates": [ -76.54955722137521, 3.321983004127277 ] } },
{ "type": "Feature", "properties": { "OBJECTID": 9037, "CE": "NPN Manzana -> Terreno", "CT": "Terreno", "ESTAMPA_CC": "2026-05-26 14:46:01" }, "geometry": { "type": "Point", "coordinates": [ -76.516232403735216, 3.352686960443144 ] } },
{ "type": "Feature", "properties": { "OBJECTID": 9061, "CE": "NPN Manzana -> Terreno", "CT": "", "ESTAMPA_CC": "2026-05-26 14:46:01" }, "geometry": { "type": "Point", "coordinates": [ -76.517979621400869, 3.353690093670065 ] } },
{ "type": "Feature", "properties": { "OBJECTID": 9068, "CE": "Traslape propio; NPN Manzana -> Terreno", "CT": "", "ESTAMPA_CC": "2026-05-26 14:46:01" }, "geometry": { "type": "Point", "coordinates": [ -76.537554781410137, 3.490686890642406 ] } },
{ "type": "Feature", "properties": { "OBJECTID": 9084, "CE": "Traslape propio", "CT": "", "ESTAMPA_CC": "2026-05-26 14:46:01" }, "geometry": { "type": "Point", "coordinates": [ -76.555289563355316, 3.471850288462341 ] } },
{ "type": "Feature", "properties": { "OBJECTID": 9085, "CE": "NPN Manzana -> Terreno", "CT": "", "ESTAMPA_CC": "2026-05-26 14:46:01" }, "geometry": { "type": "Point", "coordinates": [ -76.518272105496422, 3.357790396414592 ] } },
{ "type": "Feature", "properties": { "OBJECTID": 9087, "CE": "Traslape propio", "CT": "", "ESTAMPA_CC": "2026-05-26 14:46:01" }, "geometry": { "type": "Point", "coordinates": [ -76.576027503016022, 3.395035615932884 ] } },
{ "type": "Feature", "properties": { "OBJECTID": 9092, "CE": "Traslape propio", "CT": "", "ESTAMPA_CC": "2026-05-26 14:46:01" }, "geometry": { "type": "Point", "coordinates": [ -76.606641899889908, 3.486817495050404 ] } },
{ "type": "Feature", "properties": { "OBJECTID": 9093, "CE": "Traslape propio", "CT": "", "ESTAMPA_CC": "2026-05-26 14:46:01" }, "geometry": { "type": "Point", "coordinates": [ -76.552330360077107, 3.471776081318481 ] } },
{ "type": "Feature", "properties": { "OBJECTID": 9094, "CE": "NPN Manzana -> Terreno", "CT": "", "ESTAMPA_CC": "2026-05-26 14:46:01" }, "geometry": { "type": "Point", "coordinates": [ -76.538821765134898, 3.457788689786 ] } },
{ "type": "Feature", "properties": { "OBJECTID": 9107, "CE": "Traslape propio; NPN Manzana -> Terreno", "CT": "", "ESTAMPA_CC": "2026-05-26 14:46:01" }, "geometry": { "type": "Point", "coordinates": [ -76.51335457931026, 3.345058498030166 ] } },
{ "type": "Feature", "properties": { "OBJECTID": 9111, "CE": "Traslape propio", "CT": "", "ESTAMPA_CC": "2026-05-26 14:46:01" }, "geometry": { "type": "Point", "coordinates": [ -76.557491671895363, 3.445878908803873 ] } },
{ "type": "Feature", "properties": { "OBJECTID": 9112, "CE": "Traslape propio", "CT": "", "ESTAMPA_CC": "2026-05-26 14:46:01" }, "geometry": { "type": "Point", "coordinates": [ -76.555712934101621, 3.471830280705853 ] } },
{ "type": "Feature", "properties": { "OBJECTID": 9113, "CE": "Traslape propio", "CT": "", "ESTAMPA_CC": "2026-05-26 14:46:01" }, "geometry": { "type": "Point", "coordinates": [ -76.55778455012954, 3.445862250706118 ] } },
{ "type": "Feature", "properties": { "OBJECTID": 9115, "CE": "Traslape propio; NPN Manzana -> Terreno", "CT": "", "ESTAMPA_CC": "2026-05-26 14:46:01" }, "geometry": { "type": "Point", "coordinates": [ -76.517100913943139, 3.361416166151122 ] } },
{ "type": "Feature", "properties": { "OBJECTID": 9117, "CE": "Traslape propio; NPN Manzana -> Terreno", "CT": "", "ESTAMPA_CC": "2026-05-26 14:46:01" }, "geometry": { "type": "Point", "coordinates": [ -76.505722400763844, 3.367768118986051 ] } },
{ "type": "Feature", "properties": { "OBJECTID": 9120, "CE": "NPN Manzana -> Terreno", "CT": "", "ESTAMPA_CC": "2026-05-26 14:46:01" }, "geometry": { "type": "Point", "coordinates": [ -76.494379460700173, 3.343630567251026 ] } },
{ "type": "Feature", "properties": { "OBJECTID": 9137, "CE": "Traslape propio", "CT": "", "ESTAMPA_CC": "2026-05-26 14:46:01" }, "geometry": { "type": "Point", "coordinates": [ -76.575938232546065, 3.380211473977444 ] } },
{ "type": "Feature", "properties": { "OBJECTID": 9138, "CE": "NPN Manzana -> Terreno", "CT": "", "ESTAMPA_CC": "2026-05-26 14:46:01" }, "geometry": { "type": "Point", "coordinates": [ -76.53473065046434, 3.488506482117988 ] } },
{ "type": "Feature", "properties": { "OBJECTID": 9139, "CE": "NPN Manzana -> Terreno", "CT": "", "ESTAMPA_CC": "2026-05-26 14:46:01" }, "geometry": { "type": "Point", "coordinates": [ -76.534861036671018, 3.48843110428961 ] } },
{ "type": "Feature", "properties": { "OBJECTID": 9163, "CE": "Traslape propio", "CT": "", "ESTAMPA_CC": "2026-05-26 14:46:01" }, "geometry": { "type": "Point", "coordinates": [ -76.597940255468089, 3.389875041878269 ] } },
{ "type": "Feature", "properties": { "OBJECTID": 9166, "CE": "Traslape propio", "CT": "", "ESTAMPA_CC": "2026-05-26 14:46:01" }, "geometry": { "type": "Point", "coordinates": [ -76.512437524638571, 3.371130210129501 ] } },
{ "type": "Feature", "properties": { "OBJECTID": 9173, "CE": "NPN Manzana -> Terreno", "CT": "", "ESTAMPA_CC": "2026-05-26 14:46:01" }, "geometry": { "type": "Point", "coordinates": [ -76.538927570230314, 3.456984237623757 ] } },
{ "type": "Feature", "properties": { "OBJECTID": 9175, "CE": "Traslape propio; NPN Manzana -> Terreno", "CT": "Zona", "ESTAMPA_CC": "2026-05-26 14:46:01" }, "geometry": { "type": "Point", "coordinates": [ -76.537071578780541, 3.48900374108138 ] } },
{ "type": "Feature", "properties": { "OBJECTID": 9177, "CE": "NPN Manzana -> Terreno", "CT": "", "ESTAMPA_CC": "2026-05-26 14:46:01" }, "geometry": { "type": "Point", "coordinates": [ -76.540534438932141, 3.452731840818331 ] } },
{ "type": "Feature", "properties": { "OBJECTID": 9178, "CE": "NPN Manzana -> Terreno", "CT": "", "ESTAMPA_CC": "2026-05-26 14:46:01" }, "geometry": { "type": "Point", "coordinates": [ -76.537002349333832, 3.490090684770642 ] } },
{ "type": "Feature", "properties": { "OBJECTID": 9180, "CE": "NPN Manzana -> Terreno", "CT": "", "ESTAMPA_CC": "2026-05-26 14:46:01" }, "geometry": { "type": "Point", "coordinates": [ -76.534771019175835, 3.488681860796522 ] } },
{ "type": "Feature", "properties": { "OBJECTID": 9181, "CE": "Traslape propio", "CT": "", "ESTAMPA_CC": "2026-05-26 14:46:01" }, "geometry": { "type": "Point", "coordinates": [ -76.527819360460384, 3.317598042826039 ] } },
{ "type": "Feature", "properties": { "OBJECTID": 9182, "CE": "Traslape propio", "CT": "", "ESTAMPA_CC": "2026-05-26 14:46:01" }, "geometry": { "type": "Point", "coordinates": [ -76.531488877973231, 3.47190238598771 ] } },
{ "type": "Feature", "properties": { "OBJECTID": 9183, "CE": "NPN Manzana -> Terreno", "CT": "", "ESTAMPA_CC": "2026-05-26 14:46:01" }, "geometry": { "type": "Point", "coordinates": [ -76.535872889538098, 3.489023062085895 ] } },
{ "type": "Feature", "properties": { "OBJECTID": 9185, "CE": "NPN Manzana -> Terreno", "CT": "", "ESTAMPA_CC": "2026-05-26 14:46:01" }, "geometry": { "type": "Point", "coordinates": [ -76.53468345701792, 3.488674547172709 ] } },
{ "type": "Feature", "properties": { "OBJECTID": 9186, "CE": "NPN Manzana -> Terreno", "CT": "", "ESTAMPA_CC": "2026-05-26 14:46:01" }, "geometry": { "type": "Point", "coordinates": [ -76.534999210659251, 3.488948378942717 ] } },
{ "type": "Feature", "properties": { "OBJECTID": 9187, "CE": "NPN Manzana -> Terreno", "CT": "", "ESTAMPA_CC": "2026-05-26 14:46:01" }, "geometry": { "type": "Point", "coordinates": [ -76.540758270613239, 3.453611171104306 ] } },
{ "type": "Feature", "properties": { "OBJECTID": 9188, "CE": "NPN Manzana -> Terreno", "CT": "", "ESTAMPA_CC": "2026-05-26 14:46:01" }, "geometry": { "type": "Point", "coordinates": [ -76.54051209379756, 3.452593204834784 ] } },
{ "type": "Feature", "properties": { "OBJECTID": 9199, "CE": "Traslape propio", "CT": "", "ESTAMPA_CC": "2026-05-26 14:46:01" }, "geometry": { "type": "Point", "coordinates": [ -76.637543284867675, 3.328148782992169 ] } },
{ "type": "Feature", "properties": { "OBJECTID": 9236, "CE": "Traslape propio", "CT": "", "ESTAMPA_CC": "2026-05-26 14:46:01" }, "geometry": { "type": "Point", "coordinates": [ -76.570472710295348, 3.393735692667506 ] } },
{ "type": "Feature", "properties": { "OBJECTID": 9237, "CE": "Traslape propio", "CT": "", "ESTAMPA_CC": "2026-05-26 14:46:01" }, "geometry": { "type": "Point", "coordinates": [ -76.537234459557183, 3.331785632186885 ] } },
{ "type": "Feature", "properties": { "OBJECTID": 9238, "CE": "NPN Manzana -> Terreno", "CT": "", "ESTAMPA_CC": "2026-05-26 14:46:01" }, "geometry": { "type": "Point", "coordinates": [ -76.518271667937768, 3.359630931274314 ] } },
{ "type": "Feature", "properties": { "OBJECTID": 9243, "CE": "NPN Manzana -> Terreno", "CT": "", "ESTAMPA_CC": "2026-05-26 14:46:01" }, "geometry": { "type": "Point", "coordinates": [ -76.539381186998085, 3.456474779608123 ] } },
{ "type": "Feature", "properties": { "OBJECTID": 9244, "CE": "Traslape propio; NPN Manzana -> Terreno", "CT": "", "ESTAMPA_CC": "2026-05-26 14:46:01" }, "geometry": { "type": "Point", "coordinates": [ -76.514068005203796, 3.361461581479745 ] } },
{ "type": "Feature", "properties": { "OBJECTID": 9247, "CE": "NPN Manzana -> Terreno", "CT": "", "ESTAMPA_CC": "2026-05-26 14:46:01" }, "geometry": { "type": "Point", "coordinates": [ -76.511989007201834, 3.352955738095903 ] } },
{ "type": "Feature", "properties": { "OBJECTID": 9256, "CE": "NPN Manzana -> Terreno", "CT": "", "ESTAMPA_CC": "2026-05-26 14:46:01" }, "geometry": { "type": "Point", "coordinates": [ -76.652550128665624, 3.458578663756356 ] } },
{ "type": "Feature", "properties": { "OBJECTID": 9267, "CE": "NPN Manzana -> Terreno", "CT": "", "ESTAMPA_CC": "2026-05-26 14:46:01" }, "geometry": { "type": "Point", "coordinates": [ -76.513538996358207, 3.349900316459437 ] } },
{ "type": "Feature", "properties": { "OBJECTID": 9272, "CE": "Traslape propio", "CT": "", "ESTAMPA_CC": "2026-05-26 14:46:01" }, "geometry": { "type": "Point", "coordinates": [ -76.605013237050343, 3.540617016205725 ] } },
{ "type": "Feature", "properties": { "OBJECTID": 9273, "CE": "Traslape propio", "CT": "", "ESTAMPA_CC": "2026-05-26 14:46:01" }, "geometry": { "type": "Point", "coordinates": [ -76.613130568913732, 3.494916978225395 ] } },
{ "type": "Feature", "properties": { "OBJECTID": 9283, "CE": "Traslape propio", "CT": "", "ESTAMPA_CC": "2026-05-26 14:46:01" }, "geometry": { "type": "Point", "coordinates": [ -76.576954141311816, 3.380222915990508 ] } },
{ "type": "Feature", "properties": { "OBJECTID": 9345, "CE": "Traslape propio", "CT": "", "ESTAMPA_CC": "2026-05-26 14:46:01" }, "geometry": { "type": "Point", "coordinates": [ -76.610980499376751, 3.473080491184114 ] } },
{ "type": "Feature", "properties": { "OBJECTID": 9349, "CE": "Traslape propio", "CT": "", "ESTAMPA_CC": "2026-05-26 14:46:01" }, "geometry": { "type": "Point", "coordinates": [ -76.565617447436296, 3.511602283953549 ] } },
{ "type": "Feature", "properties": { "OBJECTID": 9367, "CE": "NPN Manzana -> Terreno", "CT": "", "ESTAMPA_CC": "2026-05-26 14:46:01" }, "geometry": { "type": "Point", "coordinates": [ -76.517785630044756, 3.358248403297631 ] } },
{ "type": "Feature", "properties": { "OBJECTID": 9368, "CE": "NPN Manzana -> Terreno", "CT": "", "ESTAMPA_CC": "2026-05-26 14:46:01" }, "geometry": { "type": "Point", "coordinates": [ -76.518765447692019, 3.35813982687428 ] } },
{ "type": "Feature", "properties": { "OBJECTID": 9375, "CE": "Traslape propio", "CT": "", "ESTAMPA_CC": "2026-05-26 14:46:01" }, "geometry": { "type": "Point", "coordinates": [ -76.570554899753503, 3.41319191661828 ] } },
{ "type": "Feature", "properties": { "OBJECTID": 9377, "CE": "Traslape propio", "CT": "", "ESTAMPA_CC": "2026-05-26 14:46:01" }, "geometry": { "type": "Point", "coordinates": [ -76.572421543747254, 3.392617878285957 ] } },
{ "type": "Feature", "properties": { "OBJECTID": 9378, "CE": "Traslape propio", "CT": "", "ESTAMPA_CC": "2026-05-26 14:46:01" }, "geometry": { "type": "Point", "coordinates": [ -76.638069730178174, 3.479410537176814 ] } },
{ "type": "Feature", "properties": { "OBJECTID": 9379, "CE": "Traslape propio", "CT": "", "ESTAMPA_CC": "2026-05-26 14:46:01" }, "geometry": { "type": "Point", "coordinates": [ -76.638264072275206, 3.481426644292653 ] } },
{ "type": "Feature", "properties": { "OBJECTID": 9380, "CE": "Traslape propio", "CT": "", "ESTAMPA_CC": "2026-05-26 14:46:01" }, "geometry": { "type": "Point", "coordinates": [ -76.635664932400658, 3.479670882382288 ] } },
{ "type": "Feature", "properties": { "OBJECTID": 9437, "CE": "", "CT": "Terreno", "ESTAMPA_CC": "2026-05-26 14:46:01" }, "geometry": { "type": "Point", "coordinates": [ -76.530480924050579, 3.331293920251413 ] } },
{ "type": "Feature", "properties": { "OBJECTID": 9462, "CE": "Traslape propio", "CT": "", "ESTAMPA_CC": "2026-05-26 14:46:01" }, "geometry": { "type": "Point", "coordinates": [ -76.580600005441937, 3.396306168997522 ] } },
{ "type": "Feature", "properties": { "OBJECTID": 9494, "CE": "Traslape propio", "CT": "", "ESTAMPA_CC": "2026-05-26 14:46:01" }, "geometry": { "type": "Point", "coordinates": [ -76.574186402101347, 3.424852404514574 ] } },
{ "type": "Feature", "properties": { "OBJECTID": 9498, "CE": "Traslape propio", "CT": "", "ESTAMPA_CC": "2026-05-26 14:46:01" }, "geometry": { "type": "Point", "coordinates": [ -76.507874091595269, 3.379659691808729 ] } },
{ "type": "Feature", "properties": { "OBJECTID": 9531, "CE": "Traslape propio; NPN Manzana -> Terreno", "CT": "", "ESTAMPA_CC": "2026-05-26 14:46:01" }, "geometry": { "type": "Point", "coordinates": [ -76.513404046610987, 3.346462210802259 ] } },
{ "type": "Feature", "properties": { "OBJECTID": 9532, "CE": "Traslape propio; NPN Manzana -> Terreno", "CT": "", "ESTAMPA_CC": "2026-05-26 14:46:01" }, "geometry": { "type": "Point", "coordinates": [ -76.519232293176657, 3.347716533902159 ] } },
{ "type": "Feature", "properties": { "OBJECTID": 9556, "CE": "Traslape propio", "CT": "", "ESTAMPA_CC": "2026-05-26 14:46:01" }, "geometry": { "type": "Point", "coordinates": [ -76.604943827494296, 3.523343067650497 ] } },
{ "type": "Feature", "properties": { "OBJECTID": 9584, "CE": "Traslape propio", "CT": "", "ESTAMPA_CC": "2026-05-26 14:46:01" }, "geometry": { "type": "Point", "coordinates": [ -76.622002569274102, 3.4433274767325 ] } },
{ "type": "Feature", "properties": { "OBJECTID": 9591, "CE": "Traslape propio; NPN Manzana -> Terreno", "CT": "", "ESTAMPA_CC": "2026-05-26 14:46:01" }, "geometry": { "type": "Point", "coordinates": [ -76.517386344079128, 3.36108841806315 ] } },
{ "type": "Feature", "properties": { "OBJECTID": 9615, "CE": "NPN Manzana -> Terreno", "CT": "", "ESTAMPA_CC": "2026-05-26 14:46:01" }, "geometry": { "type": "Point", "coordinates": [ -76.5173549977807, 3.356936491458011 ] } },
{ "type": "Feature", "properties": { "OBJECTID": 9626, "CE": "Traslape propio", "CT": "", "ESTAMPA_CC": "2026-05-26 14:46:01" }, "geometry": { "type": "Point", "coordinates": [ -76.472245628714248, 3.377558756541497 ] } },
{ "type": "Feature", "properties": { "OBJECTID": 9641, "CE": "NPN Manzana -> Terreno", "CT": "", "ESTAMPA_CC": "2026-05-26 14:46:01" }, "geometry": { "type": "Point", "coordinates": [ -76.499073294702185, 3.342536443940178 ] } },
{ "type": "Feature", "properties": { "OBJECTID": 9655, "CE": "Traslape propio", "CT": "", "ESTAMPA_CC": "2026-05-26 14:46:01" }, "geometry": { "type": "Point", "coordinates": [ -76.553110605249614, 3.473988147953872 ] } },
{ "type": "Feature", "properties": { "OBJECTID": 9658, "CE": "Traslape propio", "CT": "", "ESTAMPA_CC": "2026-05-26 14:46:01" }, "geometry": { "type": "Point", "coordinates": [ -76.534869974666236, 3.324530978048167 ] } },
{ "type": "Feature", "properties": { "OBJECTID": 9669, "CE": "Traslape propio", "CT": "", "ESTAMPA_CC": "2026-05-26 14:46:01" }, "geometry": { "type": "Point", "coordinates": [ -76.554480405086323, 3.478848577381003 ] } },
{ "type": "Feature", "properties": { "OBJECTID": 9676, "CE": "Traslape propio", "CT": "", "ESTAMPA_CC": "2026-05-26 14:46:01" }, "geometry": { "type": "Point", "coordinates": [ -76.602394532892632, 3.529378891198912 ] } },
{ "type": "Feature", "properties": { "OBJECTID": 9687, "CE": "Traslape propio", "CT": "", "ESTAMPA_CC": "2026-05-26 14:46:01" }, "geometry": { "type": "Point", "coordinates": [ -76.605864114970899, 3.534555920063722 ] } },
{ "type": "Feature", "properties": { "OBJECTID": 9696, "CE": "Traslape propio", "CT": "", "ESTAMPA_CC": "2026-05-26 14:46:01" }, "geometry": { "type": "Point", "coordinates": [ -76.575652218822341, 3.498465294081077 ] } },
{ "type": "Feature", "properties": { "OBJECTID": 9703, "CE": "Traslape propio", "CT": "", "ESTAMPA_CC": "2026-05-26 14:46:01" }, "geometry": { "type": "Point", "coordinates": [ -76.563903606619093, 3.310255451714441 ] } },
{ "type": "Feature", "properties": { "OBJECTID": 9708, "CE": "NPN Manzana -> Terreno", "CT": "", "ESTAMPA_CC": "2026-05-26 14:46:01" }, "geometry": { "type": "Point", "coordinates": [ -76.575946587981591, 3.411710748841646 ] } },
{ "type": "Feature", "properties": { "OBJECTID": 9717, "CE": "Traslape propio", "CT": "", "ESTAMPA_CC": "2026-05-26 14:46:01" }, "geometry": { "type": "Point", "coordinates": [ -76.57790884672194, 3.459569697352961 ] } },
{ "type": "Feature", "properties": { "OBJECTID": 9721, "CE": "Traslape propio", "CT": "", "ESTAMPA_CC": "2026-05-26 14:46:01" }, "geometry": { "type": "Point", "coordinates": [ -76.589917371804063, 3.464804606107179 ] } },
{ "type": "Feature", "properties": { "OBJECTID": 9728, "CE": "Traslape propio", "CT": "", "ESTAMPA_CC": "2026-05-26 14:46:01" }, "geometry": { "type": "Point", "coordinates": [ -76.612160521833189, 3.511018274244816 ] } },
{ "type": "Feature", "properties": { "OBJECTID": 9733, "CE": "Traslape propio", "CT": "", "ESTAMPA_CC": "2026-05-26 14:46:01" }, "geometry": { "type": "Point", "coordinates": [ -76.557403979484178, 3.435837938361504 ] } },
{ "type": "Feature", "properties": { "OBJECTID": 9736, "CE": "Traslape propio", "CT": "", "ESTAMPA_CC": "2026-05-26 14:46:01" }, "geometry": { "type": "Point", "coordinates": [ -76.5702897934205, 3.375254990391027 ] } },
{ "type": "Feature", "properties": { "OBJECTID": 9739, "CE": "Traslape propio", "CT": "", "ESTAMPA_CC": "2026-05-26 14:46:01" }, "geometry": { "type": "Point", "coordinates": [ -76.552870675076861, 3.484672852843925 ] } },
{ "type": "Feature", "properties": { "OBJECTID": 9740, "CE": "Traslape propio", "CT": "", "ESTAMPA_CC": "2026-05-26 14:46:01" }, "geometry": { "type": "Point", "coordinates": [ -76.55309975282735, 3.484584523351453 ] } },
{ "type": "Feature", "properties": { "OBJECTID": 9744, "CE": "NPN Manzana -> Terreno", "CT": "", "ESTAMPA_CC": "2026-05-26 14:46:01" }, "geometry": { "type": "Point", "coordinates": [ -76.51244400069406, 3.348099227826011 ] } },
{ "type": "Feature", "properties": { "OBJECTID": 9752, "CE": "Traslape propio", "CT": "", "ESTAMPA_CC": "2026-05-26 14:46:01" }, "geometry": { "type": "Point", "coordinates": [ -76.51025340274856, 3.370682036914949 ] } },
{ "type": "Feature", "properties": { "OBJECTID": 9754, "CE": "Traslape propio", "CT": "", "ESTAMPA_CC": "2026-05-26 14:46:01" }, "geometry": { "type": "Point", "coordinates": [ -76.511050257021395, 3.367964459345901 ] } },
{ "type": "Feature", "properties": { "OBJECTID": 9755, "CE": "Traslape propio", "CT": "", "ESTAMPA_CC": "2026-05-26 14:46:01" }, "geometry": { "type": "Point", "coordinates": [ -76.511075412148813, 3.367625128238551 ] } },
{ "type": "Feature", "properties": { "OBJECTID": 9757, "CE": "Traslape propio", "CT": "", "ESTAMPA_CC": "2026-05-26 14:46:01" }, "geometry": { "type": "Point", "coordinates": [ -76.570372390603268, 3.377307085150462 ] } },
{ "type": "Feature", "properties": { "OBJECTID": 9758, "CE": "Traslape propio; NPN Manzana -> Terreno", "CT": "", "ESTAMPA_CC": "2026-05-26 14:46:01" }, "geometry": { "type": "Point", "coordinates": [ -76.519291717881671, 3.346126086079362 ] } },
{ "type": "Feature", "properties": { "OBJECTID": 9759, "CE": "Traslape propio", "CT": "", "ESTAMPA_CC": "2026-05-26 14:46:01" }, "geometry": { "type": "Point", "coordinates": [ -76.543642369254044, 3.494180954483256 ] } },
{ "type": "Feature", "properties": { "OBJECTID": 9760, "CE": "Traslape propio; NPN Manzana -> Terreno", "CT": "", "ESTAMPA_CC": "2026-05-26 14:46:01" }, "geometry": { "type": "Point", "coordinates": [ -76.520392892302866, 3.346445226264687 ] } },
{ "type": "Feature", "properties": { "OBJECTID": 9761, "CE": "Traslape propio", "CT": "", "ESTAMPA_CC": "2026-05-26 14:46:01" }, "geometry": { "type": "Point", "coordinates": [ -76.549276566051688, 3.487416114850577 ] } },
{ "type": "Feature", "properties": { "OBJECTID": 9762, "CE": "NPN Manzana -> Terreno", "CT": "", "ESTAMPA_CC": "2026-05-26 14:46:01" }, "geometry": { "type": "Point", "coordinates": [ -76.497422222494933, 3.368926991390352 ] } },
{ "type": "Feature", "properties": { "OBJECTID": 9772, "CE": "Traslape propio", "CT": "", "ESTAMPA_CC": "2026-05-26 14:46:01" }, "geometry": { "type": "Point", "coordinates": [ -76.545048174696674, 3.328150922484274 ] } },
{ "type": "Feature", "properties": { "OBJECTID": 9784, "CE": "Traslape propio; NPN Manzana -> Terreno", "CT": "", "ESTAMPA_CC": "2026-05-26 14:46:01" }, "geometry": { "type": "Point", "coordinates": [ -76.52350532229957, 3.346293780974798 ] } },
{ "type": "Feature", "properties": { "OBJECTID": 9786, "CE": "Traslape propio", "CT": "", "ESTAMPA_CC": "2026-05-26 14:46:01" }, "geometry": { "type": "Point", "coordinates": [ -76.693456050050798, 3.436514438206821 ] } },
{ "type": "Feature", "properties": { "OBJECTID": 9792, "CE": "NPN Manzana -> Terreno", "CT": "", "ESTAMPA_CC": "2026-05-26 14:46:01" }, "geometry": { "type": "Point", "coordinates": [ -76.516345397419826, 3.342403459223725 ] } },
{ "type": "Feature", "properties": { "OBJECTID": 9798, "CE": "NPN Manzana -> Terreno", "CT": "", "ESTAMPA_CC": "2026-05-26 14:46:01" }, "geometry": { "type": "Point", "coordinates": [ -76.616355379466711, 3.439220806035091 ] } },
{ "type": "Feature", "properties": { "OBJECTID": 9807, "CE": "Traslape propio", "CT": "", "ESTAMPA_CC": "2026-05-26 14:46:01" }, "geometry": { "type": "Point", "coordinates": [ -76.569665769160508, 3.396121618406414 ] } },
{ "type": "Feature", "properties": { "OBJECTID": 9810, "CE": "NPN Manzana -> Terreno", "CT": "", "ESTAMPA_CC": "2026-05-26 14:46:01" }, "geometry": { "type": "Point", "coordinates": [ -76.509994201470221, 3.350379749231818 ] } },
{ "type": "Feature", "properties": { "OBJECTID": 9812, "CE": "Traslape propio", "CT": "", "ESTAMPA_CC": "2026-05-26 14:46:01" }, "geometry": { "type": "Point", "coordinates": [ -76.463876844401227, 3.41623061908781 ] } },
{ "type": "Feature", "properties": { "OBJECTID": 9818, "CE": "NPN Manzana -> Terreno", "CT": "", "ESTAMPA_CC": "2026-05-26 14:46:01" }, "geometry": { "type": "Point", "coordinates": [ -76.513161652850798, 3.349785799680471 ] } },
{ "type": "Feature", "properties": { "OBJECTID": 9857, "CE": "Traslape propio", "CT": "", "ESTAMPA_CC": "2026-05-26 14:46:01" }, "geometry": { "type": "Point", "coordinates": [ -76.565789255569513, 3.399698746455563 ] } },
{ "type": "Feature", "properties": { "OBJECTID": 9867, "CE": "NPN Manzana -> Terreno", "CT": "", "ESTAMPA_CC": "2026-05-26 14:46:01" }, "geometry": { "type": "Point", "coordinates": [ -76.6402392468908, 3.464191874508648 ] } },
{ "type": "Feature", "properties": { "OBJECTID": 9875, "CE": "Traslape propio", "CT": "", "ESTAMPA_CC": "2026-05-26 14:46:01" }, "geometry": { "type": "Point", "coordinates": [ -76.616047453215359, 3.504573716394638 ] } },
{ "type": "Feature", "properties": { "OBJECTID": 9877, "CE": "NPN Manzana -> Terreno", "CT": "", "ESTAMPA_CC": "2026-05-26 14:46:01" }, "geometry": { "type": "Point", "coordinates": [ -76.514359183304379, 3.357892009418116 ] } },
{ "type": "Feature", "properties": { "OBJECTID": 9887, "CE": "Traslape propio", "CT": "", "ESTAMPA_CC": "2026-05-26 14:46:01" }, "geometry": { "type": "Point", "coordinates": [ -76.611110617355138, 3.511327305462477 ] } },
{ "type": "Feature", "properties": { "OBJECTID": 9908, "CE": "NPN Manzana -> Terreno", "CT": "", "ESTAMPA_CC": "2026-05-26 14:46:01" }, "geometry": { "type": "Point", "coordinates": [ -76.523064413029985, 3.35841504837707 ] } },
{ "type": "Feature", "properties": { "OBJECTID": 9922, "CE": "NPN Manzana -> Terreno", "CT": "", "ESTAMPA_CC": "2026-05-26 14:46:01" }, "geometry": { "type": "Point", "coordinates": [ -76.492170436269603, 3.342623156573775 ] } },
{ "type": "Feature", "properties": { "OBJECTID": 9925, "CE": "Traslape propio", "CT": "", "ESTAMPA_CC": "2026-05-26 14:46:01" }, "geometry": { "type": "Point", "coordinates": [ -76.511260955864145, 3.330486075699316 ] } },
{ "type": "Feature", "properties": { "OBJECTID": 9927, "CE": "Traslape propio; NPN Manzana -> Terreno", "CT": "", "ESTAMPA_CC": "2026-05-26 14:46:01" }, "geometry": { "type": "Point", "coordinates": [ -76.511857618689348, 3.351763030837111 ] } },
{ "type": "Feature", "properties": { "OBJECTID": 9938, "CE": "Traslape propio", "CT": "", "ESTAMPA_CC": "2026-05-26 14:46:01" }, "geometry": { "type": "Point", "coordinates": [ -76.575532747106422, 3.394693288812659 ] } },
{ "type": "Feature", "properties": { "OBJECTID": 9967, "CE": "Traslape propio", "CT": "", "ESTAMPA_CC": "2026-05-26 14:46:01" }, "geometry": { "type": "Point", "coordinates": [ -76.568960963725615, 3.408583492672363 ] } },
{ "type": "Feature", "properties": { "OBJECTID": 9968, "CE": "Traslape propio", "CT": "", "ESTAMPA_CC": "2026-05-26 14:46:01" }, "geometry": { "type": "Point", "coordinates": [ -76.568747695999477, 3.409345951116395 ] } },
{ "type": "Feature", "properties": { "OBJECTID": 9970, "CE": "Traslape propio", "CT": "", "ESTAMPA_CC": "2026-05-26 14:46:01" }, "geometry": { "type": "Point", "coordinates": [ -76.556812149876691, 3.436139662652673 ] } },
{ "type": "Feature", "properties": { "OBJECTID": 9979, "CE": "Traslape propio", "CT": "", "ESTAMPA_CC": "2026-05-26 14:46:01" }, "geometry": { "type": "Point", "coordinates": [ -76.5573838717266, 3.352967780803051 ] } },
{ "type": "Feature", "properties": { "OBJECTID": 9996, "CE": "NPN Manzana -> Terreno", "CT": "", "ESTAMPA_CC": "2026-05-26 14:46:01" }, "geometry": { "type": "Point", "coordinates": [ -76.642745452392248, 3.352298834592329 ] } },
{ "type": "Feature", "properties": { "OBJECTID": 10000, "CE": "Traslape propio", "CT": "", "ESTAMPA_CC": "2026-05-26 14:46:01" }, "geometry": { "type": "Point", "coordinates": [ -76.511036378673083, 3.371502554152599 ] } },
{ "type": "Feature", "properties": { "OBJECTID": 10007, "CE": "Traslape propio; NPN Manzana -> Terreno", "CT": "", "ESTAMPA_CC": "2026-05-26 14:46:01" }, "geometry": { "type": "Point", "coordinates": [ -76.519232796815416, 3.342315403228286 ] } },
{ "type": "Feature", "properties": { "OBJECTID": 10025, "CE": "Traslape propio", "CT": "", "ESTAMPA_CC": "2026-05-26 14:46:01" }, "geometry": { "type": "Point", "coordinates": [ -76.578412533359554, 3.345760607176487 ] } },
{ "type": "Feature", "properties": { "OBJECTID": 10026, "CE": "Traslape propio", "CT": "", "ESTAMPA_CC": "2026-05-26 14:46:01" }, "geometry": { "type": "Point", "coordinates": [ -76.640375992338861, 3.44128722074408 ] } },
{ "type": "Feature", "properties": { "OBJECTID": 10031, "CE": "Traslape propio; NPN Manzana -> Terreno", "CT": "", "ESTAMPA_CC": "2026-05-26 14:46:01" }, "geometry": { "type": "Point", "coordinates": [ -76.51190442583551, 3.352049657154332 ] } },
{ "type": "Feature", "properties": { "OBJECTID": 10056, "CE": "NPN Manzana -> Terreno", "CT": "", "ESTAMPA_CC": "2026-05-26 14:46:01" }, "geometry": { "type": "Point", "coordinates": [ -76.51188386454939, 3.348544661851547 ] } },
{ "type": "Feature", "properties": { "OBJECTID": 10060, "CE": "Traslape propio", "CT": "", "ESTAMPA_CC": "2026-05-26 14:46:01" }, "geometry": { "type": "Point", "coordinates": [ -76.549118903758895, 3.487474937877417 ] } },
{ "type": "Feature", "properties": { "OBJECTID": 10071, "CE": "Traslape propio", "CT": "", "ESTAMPA_CC": "2026-05-26 14:46:01" }, "geometry": { "type": "Point", "coordinates": [ -76.554114443667942, 3.478643313922275 ] } },
{ "type": "Feature", "properties": { "OBJECTID": 10080, "CE": "Traslape propio", "CT": "", "ESTAMPA_CC": "2026-05-26 14:46:01" }, "geometry": { "type": "Point", "coordinates": [ -76.606207204174254, 3.481632286735421 ] } },
{ "type": "Feature", "properties": { "OBJECTID": 10081, "CE": "Traslape propio", "CT": "", "ESTAMPA_CC": "2026-05-26 14:46:01" }, "geometry": { "type": "Point", "coordinates": [ -76.537315464807833, 3.491652088560842 ] } },
{ "type": "Feature", "properties": { "OBJECTID": 10086, "CE": "Traslape propio", "CT": "", "ESTAMPA_CC": "2026-05-26 14:46:01" }, "geometry": { "type": "Point", "coordinates": [ -76.606036755164126, 3.490793467633173 ] } },
{ "type": "Feature", "properties": { "OBJECTID": 10137, "CE": "Traslape propio", "CT": "", "ESTAMPA_CC": "2026-05-26 14:46:01" }, "geometry": { "type": "Point", "coordinates": [ -76.557284021782422, 3.349612891183567 ] } },
{ "type": "Feature", "properties": { "OBJECTID": 10139, "CE": "Traslape propio", "CT": "", "ESTAMPA_CC": "2026-05-26 14:46:01" }, "geometry": { "type": "Point", "coordinates": [ -76.485092340476982, 3.357445160543372 ] } },
{ "type": "Feature", "properties": { "OBJECTID": 10141, "CE": "Traslape propio", "CT": "", "ESTAMPA_CC": "2026-05-26 14:46:01" }, "geometry": { "type": "Point", "coordinates": [ -76.527824047428766, 3.317032352334226 ] } },
{ "type": "Feature", "properties": { "OBJECTID": 10142, "CE": "Traslape propio", "CT": "", "ESTAMPA_CC": "2026-05-26 14:46:01" }, "geometry": { "type": "Point", "coordinates": [ -76.561172153396839, 3.339646731607773 ] } },
{ "type": "Feature", "properties": { "OBJECTID": 10146, "CE": "Traslape propio", "CT": "", "ESTAMPA_CC": "2026-05-26 14:46:01" }, "geometry": { "type": "Point", "coordinates": [ -76.571434107606976, 3.384082493787891 ] } },
{ "type": "Feature", "properties": { "OBJECTID": 10149, "CE": "Traslape propio", "CT": "", "ESTAMPA_CC": "2026-05-26 14:46:01" }, "geometry": { "type": "Point", "coordinates": [ -76.550539152662509, 3.480461469748992 ] } },
{ "type": "Feature", "properties": { "OBJECTID": 10159, "CE": "Traslape propio", "CT": "", "ESTAMPA_CC": "2026-05-26 14:46:01" }, "geometry": { "type": "Point", "coordinates": [ -76.58958640835364, 3.360132299631895 ] } },
{ "type": "Feature", "properties": { "OBJECTID": 10161, "CE": "Traslape propio; NPN Manzana -> Terreno", "CT": "", "ESTAMPA_CC": "2026-05-26 14:46:01" }, "geometry": { "type": "Point", "coordinates": [ -76.512285571187419, 3.346342823686681 ] } },
{ "type": "Feature", "properties": { "OBJECTID": 10165, "CE": "Traslape propio", "CT": "", "ESTAMPA_CC": "2026-05-26 14:46:01" }, "geometry": { "type": "Point", "coordinates": [ -76.555759355618449, 3.300725706490626 ] } },
{ "type": "Feature", "properties": { "OBJECTID": 10170, "CE": "Traslape propio", "CT": "", "ESTAMPA_CC": "2026-05-26 14:46:01" }, "geometry": { "type": "Point", "coordinates": [ -76.566921986306539, 3.374974039627773 ] } },
{ "type": "Feature", "properties": { "OBJECTID": 10194, "CE": "NPN Manzana -> Terreno", "CT": "", "ESTAMPA_CC": "2026-05-26 14:46:01" }, "geometry": { "type": "Point", "coordinates": [ -76.517175621334644, 3.352734780768625 ] } },
{ "type": "Feature", "properties": { "OBJECTID": 10195, "CE": "Traslape propio; NPN Manzana -> Terreno", "CT": "", "ESTAMPA_CC": "2026-05-26 14:46:01" }, "geometry": { "type": "Point", "coordinates": [ -76.518367678114984, 3.345942671799699 ] } },
{ "type": "Feature", "properties": { "OBJECTID": 10207, "CE": "", "CT": "Terreno", "ESTAMPA_CC": "2026-05-26 14:46:01" }, "geometry": { "type": "Point", "coordinates": [ -76.556254652206476, 3.472749919863735 ] } },
{ "type": "Feature", "properties": { "OBJECTID": 10218, "CE": "Traslape propio", "CT": "", "ESTAMPA_CC": "2026-05-26 14:46:01" }, "geometry": { "type": "Point", "coordinates": [ -76.577878184297475, 3.490289967556381 ] } },
{ "type": "Feature", "properties": { "OBJECTID": 10245, "CE": "NPN Manzana -> Terreno", "CT": "", "ESTAMPA_CC": "2026-05-26 14:46:01" }, "geometry": { "type": "Point", "coordinates": [ -76.519255382122182, 3.346523858161451 ] } },
{ "type": "Feature", "properties": { "OBJECTID": 10256, "CE": "NPN Manzana -> Terreno", "CT": "", "ESTAMPA_CC": "2026-05-26 14:46:01" }, "geometry": { "type": "Point", "coordinates": [ -76.511774302466932, 3.353085227115681 ] } },
{ "type": "Feature", "properties": { "OBJECTID": 10299, "CE": "Traslape propio", "CT": "", "ESTAMPA_CC": "2026-05-26 14:46:01" }, "geometry": { "type": "Point", "coordinates": [ -76.568979133406117, 3.368839728710012 ] } },
{ "type": "Feature", "properties": { "OBJECTID": 10305, "CE": "Traslape propio", "CT": "", "ESTAMPA_CC": "2026-05-26 14:46:01" }, "geometry": { "type": "Point", "coordinates": [ -76.558264638650485, 3.44576471263448 ] } },
{ "type": "Feature", "properties": { "OBJECTID": 10316, "CE": "Traslape propio", "CT": "", "ESTAMPA_CC": "2026-05-26 14:46:01" }, "geometry": { "type": "Point", "coordinates": [ -76.509921035146562, 3.370252797425316 ] } },
{ "type": "Feature", "properties": { "OBJECTID": 10324, "CE": "", "CT": "Terreno", "ESTAMPA_CC": "2026-05-26 14:46:01" }, "geometry": { "type": "Point", "coordinates": [ -76.536295768228385, 3.308109315440114 ] } },
{ "type": "Feature", "properties": { "OBJECTID": 10326, "CE": "Traslape propio; NPN Manzana -> Terreno", "CT": "", "ESTAMPA_CC": "2026-05-26 14:46:01" }, "geometry": { "type": "Point", "coordinates": [ -76.51496351191166, 3.354673308040129 ] } },
{ "type": "Feature", "properties": { "OBJECTID": 10327, "CE": "Traslape propio", "CT": "", "ESTAMPA_CC": "2026-05-26 14:46:01" }, "geometry": { "type": "Point", "coordinates": [ -76.513655459658978, 3.371798184968196 ] } },
{ "type": "Feature", "properties": { "OBJECTID": 10346, "CE": "Traslape propio", "CT": "", "ESTAMPA_CC": "2026-05-26 14:46:01" }, "geometry": { "type": "Point", "coordinates": [ -76.629557317340399, 3.457009163419003 ] } },
{ "type": "Feature", "properties": { "OBJECTID": 10354, "CE": "Traslape propio", "CT": "", "ESTAMPA_CC": "2026-05-26 14:46:01" }, "geometry": { "type": "Point", "coordinates": [ -76.60915518496374, 3.480053062076525 ] } },
{ "type": "Feature", "properties": { "OBJECTID": 10359, "CE": "Traslape propio", "CT": "", "ESTAMPA_CC": "2026-05-26 14:46:01" }, "geometry": { "type": "Point", "coordinates": [ -76.553039813294006, 3.484415386868363 ] } },
{ "type": "Feature", "properties": { "OBJECTID": 10366, "CE": "Traslape propio", "CT": "", "ESTAMPA_CC": "2026-05-26 14:46:01" }, "geometry": { "type": "Point", "coordinates": [ -76.555963128830072, 3.480228406543786 ] } },
{ "type": "Feature", "properties": { "OBJECTID": 10373, "CE": "Traslape propio", "CT": "", "ESTAMPA_CC": "2026-05-26 14:46:01" }, "geometry": { "type": "Point", "coordinates": [ -76.561105052132277, 3.402654207214845 ] } },
{ "type": "Feature", "properties": { "OBJECTID": 10375, "CE": "Traslape propio", "CT": "", "ESTAMPA_CC": "2026-05-26 14:46:01" }, "geometry": { "type": "Point", "coordinates": [ -76.544877076310257, 3.488336150653098 ] } },
{ "type": "Feature", "properties": { "OBJECTID": 10376, "CE": "Traslape propio", "CT": "", "ESTAMPA_CC": "2026-05-26 14:46:01" }, "geometry": { "type": "Point", "coordinates": [ -76.599252253860513, 3.523810376668618 ] } },
{ "type": "Feature", "properties": { "OBJECTID": 10382, "CE": "Traslape propio", "CT": "", "ESTAMPA_CC": "2026-05-26 14:46:01" }, "geometry": { "type": "Point", "coordinates": [ -76.585812953139524, 3.395437423601603 ] } },
{ "type": "Feature", "properties": { "OBJECTID": 10408, "CE": "NPN Manzana -> Terreno", "CT": "", "ESTAMPA_CC": "2026-05-26 14:46:01" }, "geometry": { "type": "Point", "coordinates": [ -76.518296580485952, 3.359153965368969 ] } },
{ "type": "Feature", "properties": { "OBJECTID": 10418, "CE": "", "CT": "Terreno", "ESTAMPA_CC": "2026-05-26 14:46:01" }, "geometry": { "type": "Point", "coordinates": [ -76.53060586364704, 3.333003413027802 ] } },
{ "type": "Feature", "properties": { "OBJECTID": 10452, "CE": "NPN Manzana -> Terreno", "CT": "", "ESTAMPA_CC": "2026-05-26 14:46:01" }, "geometry": { "type": "Point", "coordinates": [ -76.48439833093326, 3.371662006257727 ] } },
{ "type": "Feature", "properties": { "OBJECTID": 10467, "CE": "Traslape propio", "CT": "", "ESTAMPA_CC": "2026-05-26 14:46:01" }, "geometry": { "type": "Point", "coordinates": [ -76.604688399002129, 3.419957489036898 ] } },
{ "type": "Feature", "properties": { "OBJECTID": 10482, "CE": "Traslape propio", "CT": "", "ESTAMPA_CC": "2026-05-26 14:46:01" }, "geometry": { "type": "Point", "coordinates": [ -76.481067430540079, 3.303168943198692 ] } },
{ "type": "Feature", "properties": { "OBJECTID": 10483, "CE": "Traslape propio", "CT": "", "ESTAMPA_CC": "2026-05-26 14:46:01" }, "geometry": { "type": "Point", "coordinates": [ -76.545795612372189, 3.357191817489229 ] } },
{ "type": "Feature", "properties": { "OBJECTID": 10489, "CE": "Traslape propio", "CT": "", "ESTAMPA_CC": "2026-05-26 14:46:01" }, "geometry": { "type": "Point", "coordinates": [ -76.636219704419929, 3.328277081643069 ] } },
{ "type": "Feature", "properties": { "OBJECTID": 10504, "CE": "NPN Manzana -> Terreno", "CT": "", "ESTAMPA_CC": "2026-05-26 14:46:01" }, "geometry": { "type": "Point", "coordinates": [ -76.519139824549654, 3.357653723759065 ] } },
{ "type": "Feature", "properties": { "OBJECTID": 10525, "CE": "Traslape propio", "CT": "", "ESTAMPA_CC": "2026-05-26 14:46:01" }, "geometry": { "type": "Point", "coordinates": [ -76.548326114463862, 3.486713074837386 ] } },
{ "type": "Feature", "properties": { "OBJECTID": 10527, "CE": "Traslape propio", "CT": "", "ESTAMPA_CC": "2026-05-26 14:46:01" }, "geometry": { "type": "Point", "coordinates": [ -76.575004366074779, 3.384379555925665 ] } },
{ "type": "Feature", "properties": { "OBJECTID": 10532, "CE": "Traslape propio", "CT": "", "ESTAMPA_CC": "2026-05-26 14:46:01" }, "geometry": { "type": "Point", "coordinates": [ -76.605685339341974, 3.52537027639354 ] } },
{ "type": "Feature", "properties": { "OBJECTID": 10534, "CE": "Traslape propio; NPN Manzana -> Terreno", "CT": "", "ESTAMPA_CC": "2026-05-26 14:46:01" }, "geometry": { "type": "Point", "coordinates": [ -76.506294728780006, 3.375305950745707 ] } },
{ "type": "Feature", "properties": { "OBJECTID": 10535, "CE": "Traslape propio; NPN Manzana -> Terreno", "CT": "", "ESTAMPA_CC": "2026-05-26 14:46:01" }, "geometry": { "type": "Point", "coordinates": [ -76.505354525369654, 3.37235304462214 ] } },
{ "type": "Feature", "properties": { "OBJECTID": 10536, "CE": "Traslape propio; NPN Manzana -> Terreno", "CT": "", "ESTAMPA_CC": "2026-05-26 14:46:01" }, "geometry": { "type": "Point", "coordinates": [ -76.510395220193359, 3.367119459732332 ] } },
{ "type": "Feature", "properties": { "OBJECTID": 10537, "CE": "Traslape propio; NPN Manzana -> Terreno", "CT": "", "ESTAMPA_CC": "2026-05-26 14:46:01" }, "geometry": { "type": "Point", "coordinates": [ -76.505469301443753, 3.373296989300396 ] } },
{ "type": "Feature", "properties": { "OBJECTID": 10538, "CE": "Traslape propio; NPN Manzana -> Terreno", "CT": "", "ESTAMPA_CC": "2026-05-26 14:46:01" }, "geometry": { "type": "Point", "coordinates": [ -76.505066586506913, 3.371470616220967 ] } },
{ "type": "Feature", "properties": { "OBJECTID": 10547, "CE": "", "CT": "Terreno", "ESTAMPA_CC": "2026-05-26 14:46:01" }, "geometry": { "type": "Point", "coordinates": [ -76.531569811474526, 3.332696577210495 ] } },
{ "type": "Feature", "properties": { "OBJECTID": 10550, "CE": "Traslape propio; NPN Manzana -> Terreno", "CT": "", "ESTAMPA_CC": "2026-05-26 14:46:01" }, "geometry": { "type": "Point", "coordinates": [ -76.521869356334562, 3.345954879152192 ] } },
{ "type": "Feature", "properties": { "OBJECTID": 10559, "CE": "NPN Manzana -> Terreno", "CT": "", "ESTAMPA_CC": "2026-05-26 14:46:01" }, "geometry": { "type": "Point", "coordinates": [ -76.523398676661415, 3.355521371121719 ] } },
{ "type": "Feature", "properties": { "OBJECTID": 10563, "CE": "Traslape propio", "CT": "", "ESTAMPA_CC": "2026-05-26 14:46:01" }, "geometry": { "type": "Point", "coordinates": [ -76.610202515552075, 3.510366076010126 ] } },
{ "type": "Feature", "properties": { "OBJECTID": 10569, "CE": "Traslape propio; NPN Manzana -> Terreno", "CT": "", "ESTAMPA_CC": "2026-05-26 14:46:01" }, "geometry": { "type": "Point", "coordinates": [ -76.521957222196448, 3.347141693362198 ] } },
{ "type": "Feature", "properties": { "OBJECTID": 10570, "CE": "Traslape propio; NPN Manzana -> Terreno", "CT": "", "ESTAMPA_CC": "2026-05-26 14:46:01" }, "geometry": { "type": "Point", "coordinates": [ -76.519089146778981, 3.347233366763086 ] } },
{ "type": "Feature", "properties": { "OBJECTID": 10574, "CE": "Traslape propio", "CT": "", "ESTAMPA_CC": "2026-05-26 14:46:01" }, "geometry": { "type": "Point", "coordinates": [ -76.510878414285088, 3.367210653654798 ] } },
{ "type": "Feature", "properties": { "OBJECTID": 10587, "CE": "Traslape propio", "CT": "", "ESTAMPA_CC": "2026-05-26 14:46:01" }, "geometry": { "type": "Point", "coordinates": [ -76.605552026753827, 3.48946065362686 ] } },
{ "type": "Feature", "properties": { "OBJECTID": 10589, "CE": "Traslape propio", "CT": "", "ESTAMPA_CC": "2026-05-26 14:46:01" }, "geometry": { "type": "Point", "coordinates": [ -76.571145735142139, 3.412548180108595 ] } },
{ "type": "Feature", "properties": { "OBJECTID": 10597, "CE": "Traslape propio", "CT": "", "ESTAMPA_CC": "2026-05-26 14:46:01" }, "geometry": { "type": "Point", "coordinates": [ -76.566065079771192, 3.378196470355943 ] } },
{ "type": "Feature", "properties": { "OBJECTID": 10604, "CE": "Traslape propio", "CT": "", "ESTAMPA_CC": "2026-05-26 14:46:01" }, "geometry": { "type": "Point", "coordinates": [ -76.658192606595662, 3.442496180425278 ] } },
{ "type": "Feature", "properties": { "OBJECTID": 10622, "CE": "Traslape propio", "CT": "", "ESTAMPA_CC": "2026-05-26 14:46:01" }, "geometry": { "type": "Point", "coordinates": [ -76.512086301551818, 3.371244353417253 ] } },
{ "type": "Feature", "properties": { "OBJECTID": 10623, "CE": "Traslape propio", "CT": "", "ESTAMPA_CC": "2026-05-26 14:46:01" }, "geometry": { "type": "Point", "coordinates": [ -76.605795119868361, 3.538385404992155 ] } },
{ "type": "Feature", "properties": { "OBJECTID": 10624, "CE": "Traslape propio", "CT": "", "ESTAMPA_CC": "2026-05-26 14:46:01" }, "geometry": { "type": "Point", "coordinates": [ -76.606463336472316, 3.540432319379601 ] } },
{ "type": "Feature", "properties": { "OBJECTID": 10652, "CE": "NPN Manzana -> Terreno", "CT": "", "ESTAMPA_CC": "2026-05-26 14:46:01" }, "geometry": { "type": "Point", "coordinates": [ -76.512529117922824, 3.345797995530718 ] } },
{ "type": "Feature", "properties": { "OBJECTID": 10669, "CE": "Traslape propio; NPN Manzana -> Terreno", "CT": "", "ESTAMPA_CC": "2026-05-26 14:46:01" }, "geometry": { "type": "Point", "coordinates": [ -76.509018166639606, 3.366353243082835 ] } },
{ "type": "Feature", "properties": { "OBJECTID": 10679, "CE": "Traslape propio", "CT": "", "ESTAMPA_CC": "2026-05-26 14:46:01" }, "geometry": { "type": "Point", "coordinates": [ -76.610967014202274, 3.510188848433596 ] } },
{ "type": "Feature", "properties": { "OBJECTID": 10698, "CE": "Traslape propio", "CT": "", "ESTAMPA_CC": "2026-05-26 14:46:01" }, "geometry": { "type": "Point", "coordinates": [ -76.568562511593115, 3.395362094414104 ] } },
{ "type": "Feature", "properties": { "OBJECTID": 10707, "CE": "Traslape propio; NPN Manzana -> Terreno", "CT": "", "ESTAMPA_CC": "2026-05-26 14:46:01" }, "geometry": { "type": "Point", "coordinates": [ -76.52247419278136, 3.358204785305465 ] } },
{ "type": "Feature", "properties": { "OBJECTID": 10713, "CE": "NPN Manzana -> Terreno", "CT": "", "ESTAMPA_CC": "2026-05-26 14:46:01" }, "geometry": { "type": "Point", "coordinates": [ -76.512999819140575, 3.349016742506401 ] } },
{ "type": "Feature", "properties": { "OBJECTID": 10716, "CE": "Traslape propio; NPN Manzana -> Terreno", "CT": "", "ESTAMPA_CC": "2026-05-26 14:46:01" }, "geometry": { "type": "Point", "coordinates": [ -76.50895067524678, 3.368558821045462 ] } },
{ "type": "Feature", "properties": { "OBJECTID": 10717, "CE": "Traslape propio; NPN Manzana -> Terreno", "CT": "", "ESTAMPA_CC": "2026-05-26 14:46:01" }, "geometry": { "type": "Point", "coordinates": [ -76.50554115631185, 3.367161379340218 ] } },
{ "type": "Feature", "properties": { "OBJECTID": 10718, "CE": "Traslape propio; NPN Manzana -> Terreno", "CT": "", "ESTAMPA_CC": "2026-05-26 14:46:01" }, "geometry": { "type": "Point", "coordinates": [ -76.503995315577555, 3.368948441128142 ] } },
{ "type": "Feature", "properties": { "OBJECTID": 10726, "CE": "NPN Manzana -> Terreno", "CT": "", "ESTAMPA_CC": "2026-05-26 14:46:01" }, "geometry": { "type": "Point", "coordinates": [ -76.576271848331416, 3.411703685692883 ] } },
{ "type": "Feature", "properties": { "OBJECTID": 10728, "CE": "NPN Manzana -> Terreno", "CT": "", "ESTAMPA_CC": "2026-05-26 14:46:01" }, "geometry": { "type": "Point", "coordinates": [ -76.518361672386831, 3.357183546354237 ] } },
{ "type": "Feature", "properties": { "OBJECTID": 10742, "CE": "Traslape propio", "CT": "", "ESTAMPA_CC": "2026-05-26 14:46:01" }, "geometry": { "type": "Point", "coordinates": [ -76.568994497555366, 3.39578942667658 ] } },
{ "type": "Feature", "properties": { "OBJECTID": 10770, "CE": "NPN Manzana -> Terreno", "CT": "", "ESTAMPA_CC": "2026-05-26 14:46:01" }, "geometry": { "type": "Point", "coordinates": [ -76.517485763922508, 3.354222080178213 ] } },
{ "type": "Feature", "properties": { "OBJECTID": 10804, "CE": "Traslape propio", "CT": "", "ESTAMPA_CC": "2026-05-26 14:46:01" }, "geometry": { "type": "Point", "coordinates": [ -76.557409384065792, 3.304329867972505 ] } },
{ "type": "Feature", "properties": { "OBJECTID": 10805, "CE": "Traslape propio; NPN Manzana -> Terreno", "CT": "", "ESTAMPA_CC": "2026-05-26 14:46:01" }, "geometry": { "type": "Point", "coordinates": [ -76.521979554539612, 3.344714685112741 ] } },
{ "type": "Feature", "properties": { "OBJECTID": 10812, "CE": "Traslape propio", "CT": "", "ESTAMPA_CC": "2026-05-26 14:46:01" }, "geometry": { "type": "Point", "coordinates": [ -76.61694472388433, 3.326260033443835 ] } },
{ "type": "Feature", "properties": { "OBJECTID": 10827, "CE": "Traslape propio", "CT": "", "ESTAMPA_CC": "2026-05-26 14:46:01" }, "geometry": { "type": "Point", "coordinates": [ -76.578307994576932, 3.491210606349291 ] } },
{ "type": "Feature", "properties": { "OBJECTID": 10857, "CE": "Traslape propio", "CT": "", "ESTAMPA_CC": "2026-05-26 14:46:01" }, "geometry": { "type": "Point", "coordinates": [ -76.554945298019973, 3.471807795730655 ] } },
{ "type": "Feature", "properties": { "OBJECTID": 10864, "CE": "Traslape propio", "CT": "", "ESTAMPA_CC": "2026-05-26 14:46:01" }, "geometry": { "type": "Point", "coordinates": [ -76.567028399065393, 3.36974956697693 ] } },
{ "type": "Feature", "properties": { "OBJECTID": 10896, "CE": "NPN Manzana -> Terreno", "CT": "", "ESTAMPA_CC": "2026-05-26 14:46:01" }, "geometry": { "type": "Point", "coordinates": [ -76.55363545023495, 3.469432180944788 ] } },
{ "type": "Feature", "properties": { "OBJECTID": 10906, "CE": "Traslape propio", "CT": "", "ESTAMPA_CC": "2026-05-26 14:46:01" }, "geometry": { "type": "Point", "coordinates": [ -76.608857769617501, 3.493934399539078 ] } },
{ "type": "Feature", "properties": { "OBJECTID": 10910, "CE": "NPN Manzana -> Terreno", "CT": "", "ESTAMPA_CC": "2026-05-26 14:46:01" }, "geometry": { "type": "Point", "coordinates": [ -76.51602820132554, 3.356357635501266 ] } },
{ "type": "Feature", "properties": { "OBJECTID": 10911, "CE": "NPN Manzana -> Terreno", "CT": "", "ESTAMPA_CC": "2026-05-26 14:46:01" }, "geometry": { "type": "Point", "coordinates": [ -76.514398497010433, 3.357024097790366 ] } },
{ "type": "Feature", "properties": { "OBJECTID": 10912, "CE": "Traslape propio; NPN Manzana -> Terreno", "CT": "", "ESTAMPA_CC": "2026-05-26 14:46:01" }, "geometry": { "type": "Point", "coordinates": [ -76.515449670451886, 3.355809574342005 ] } },
{ "type": "Feature", "properties": { "OBJECTID": 10914, "CE": "Traslape propio", "CT": "", "ESTAMPA_CC": "2026-05-26 14:46:01" }, "geometry": { "type": "Point", "coordinates": [ -76.511176980280709, 3.367283860201089 ] } },
{ "type": "Feature", "properties": { "OBJECTID": 10915, "CE": "Traslape propio", "CT": "", "ESTAMPA_CC": "2026-05-26 14:46:01" }, "geometry": { "type": "Point", "coordinates": [ -76.511433404385301, 3.367740565225943 ] } },
{ "type": "Feature", "properties": { "OBJECTID": 10916, "CE": "Traslape propio", "CT": "", "ESTAMPA_CC": "2026-05-26 14:46:01" }, "geometry": { "type": "Point", "coordinates": [ -76.511510553580777, 3.367982554959439 ] } },
{ "type": "Feature", "properties": { "OBJECTID": 10918, "CE": "NPN Manzana -> Terreno", "CT": "", "ESTAMPA_CC": "2026-05-26 14:46:01" }, "geometry": { "type": "Point", "coordinates": [ -76.521775450133191, 3.352277395869765 ] } },
{ "type": "Feature", "properties": { "OBJECTID": 10926, "CE": "NPN Manzana -> Terreno", "CT": "", "ESTAMPA_CC": "2026-05-26 14:46:01" }, "geometry": { "type": "Point", "coordinates": [ -76.55584119074868, 3.47296870098747 ] } },
{ "type": "Feature", "properties": { "OBJECTID": 10967, "CE": "Traslape propio", "CT": "", "ESTAMPA_CC": "2026-05-26 14:46:01" }, "geometry": { "type": "Point", "coordinates": [ -76.552687236314071, 3.349686613563166 ] } },
{ "type": "Feature", "properties": { "OBJECTID": 10991, "CE": "Traslape propio", "CT": "", "ESTAMPA_CC": "2026-05-26 14:46:01" }, "geometry": { "type": "Point", "coordinates": [ -76.555916552109139, 3.333517981534201 ] } },
{ "type": "Feature", "properties": { "OBJECTID": 11002, "CE": "Traslape propio", "CT": "", "ESTAMPA_CC": "2026-05-26 14:46:01" }, "geometry": { "type": "Point", "coordinates": [ -76.554542945250958, 3.479111898146703 ] } },
{ "type": "Feature", "properties": { "OBJECTID": 11008, "CE": "NPN Manzana -> Terreno", "CT": "", "ESTAMPA_CC": "2026-05-26 14:46:01" }, "geometry": { "type": "Point", "coordinates": [ -76.48868071608473, 3.364197388345454 ] } },
{ "type": "Feature", "properties": { "OBJECTID": 11009, "CE": "NPN Manzana -> Terreno", "CT": "", "ESTAMPA_CC": "2026-05-26 14:46:01" }, "geometry": { "type": "Point", "coordinates": [ -76.494063065353387, 3.361806424007626 ] } },
{ "type": "Feature", "properties": { "OBJECTID": 11026, "CE": "NPN Manzana -> Terreno", "CT": "", "ESTAMPA_CC": "2026-05-26 14:46:01" }, "geometry": { "type": "Point", "coordinates": [ -76.520477661459722, 3.356721496260012 ] } },
{ "type": "Feature", "properties": { "OBJECTID": 11045, "CE": "NPN Manzana -> Terreno", "CT": "", "ESTAMPA_CC": "2026-05-26 14:46:01" }, "geometry": { "type": "Point", "coordinates": [ -76.512091518473113, 3.35033996628159 ] } },
{ "type": "Feature", "properties": { "OBJECTID": 11090, "CE": "Traslape propio", "CT": "", "ESTAMPA_CC": "2026-05-26 14:46:01" }, "geometry": { "type": "Point", "coordinates": [ -76.639798113431141, 3.4640710577859 ] } },
{ "type": "Feature", "properties": { "OBJECTID": 11131, "CE": "Traslape propio; NPN Manzana -> Terreno", "CT": "", "ESTAMPA_CC": "2026-05-26 14:46:01" }, "geometry": { "type": "Point", "coordinates": [ -76.505122653607671, 3.368488368231521 ] } },
{ "type": "Feature", "properties": { "OBJECTID": 11135, "CE": "Traslape propio", "CT": "", "ESTAMPA_CC": "2026-05-26 14:46:01" }, "geometry": { "type": "Point", "coordinates": [ -76.566465660867792, 3.342993643136058 ] } },
{ "type": "Feature", "properties": { "OBJECTID": 11147, "CE": "Traslape propio", "CT": "", "ESTAMPA_CC": "2026-05-26 14:46:01" }, "geometry": { "type": "Point", "coordinates": [ -76.511254891219792, 3.367965766577859 ] } },
{ "type": "Feature", "properties": { "OBJECTID": 11148, "CE": "Traslape propio", "CT": "", "ESTAMPA_CC": "2026-05-26 14:46:01" }, "geometry": { "type": "Point", "coordinates": [ -76.511384924371811, 3.371261824967956 ] } },
{ "type": "Feature", "properties": { "OBJECTID": 11166, "CE": "Traslape propio", "CT": "", "ESTAMPA_CC": "2026-05-26 14:46:01" }, "geometry": { "type": "Point", "coordinates": [ -76.601619878819804, 3.523871276680269 ] } },
{ "type": "Feature", "properties": { "OBJECTID": 11171, "CE": "NPN Manzana -> Terreno", "CT": "", "ESTAMPA_CC": "2026-05-26 14:46:01" }, "geometry": { "type": "Point", "coordinates": [ -76.517100215266311, 3.352783012918558 ] } },
{ "type": "Feature", "properties": { "OBJECTID": 11172, "CE": "NPN Manzana -> Terreno", "CT": "", "ESTAMPA_CC": "2026-05-26 14:46:01" }, "geometry": { "type": "Point", "coordinates": [ -76.51707252360481, 3.352702621378489 ] } },
{ "type": "Feature", "properties": { "OBJECTID": 11173, "CE": "", "CT": "Terreno", "ESTAMPA_CC": "2026-05-26 14:46:01" }, "geometry": { "type": "Point", "coordinates": [ -76.542972211006557, 3.33228660984101 ] } },
{ "type": "Feature", "properties": { "OBJECTID": 11179, "CE": "Traslape propio; NPN Manzana -> Terreno", "CT": "", "ESTAMPA_CC": "2026-05-26 14:46:01" }, "geometry": { "type": "Point", "coordinates": [ -76.576558784695862, 3.452591115720564 ] } },
{ "type": "Feature", "properties": { "OBJECTID": 11190, "CE": "Traslape propio", "CT": "", "ESTAMPA_CC": "2026-05-26 14:46:01" }, "geometry": { "type": "Point", "coordinates": [ -76.618760527925204, 3.503662034795649 ] } },
{ "type": "Feature", "properties": { "OBJECTID": 11205, "CE": "Traslape propio", "CT": "", "ESTAMPA_CC": "2026-05-26 14:46:01" }, "geometry": { "type": "Point", "coordinates": [ -76.559489544111756, 3.361042931600157 ] } },
{ "type": "Feature", "properties": { "OBJECTID": 11208, "CE": "Traslape propio", "CT": "", "ESTAMPA_CC": "2026-05-26 14:46:01" }, "geometry": { "type": "Point", "coordinates": [ -76.545941266572839, 3.31999101406095 ] } },
{ "type": "Feature", "properties": { "OBJECTID": 11223, "CE": "Traslape propio", "CT": "", "ESTAMPA_CC": "2026-05-26 14:46:01" }, "geometry": { "type": "Point", "coordinates": [ -76.606687569545528, 3.49307530252627 ] } },
{ "type": "Feature", "properties": { "OBJECTID": 11226, "CE": "Traslape propio", "CT": "", "ESTAMPA_CC": "2026-05-26 14:46:01" }, "geometry": { "type": "Point", "coordinates": [ -76.572309442883792, 3.393535389973686 ] } },
{ "type": "Feature", "properties": { "OBJECTID": 11230, "CE": "Traslape propio", "CT": "", "ESTAMPA_CC": "2026-05-26 14:46:01" }, "geometry": { "type": "Point", "coordinates": [ -76.509868913138249, 3.370429016117575 ] } },
{ "type": "Feature", "properties": { "OBJECTID": 11247, "CE": "Traslape propio; NPN Manzana -> Terreno", "CT": "", "ESTAMPA_CC": "2026-05-26 14:46:01" }, "geometry": { "type": "Point", "coordinates": [ -76.519667095551185, 3.34601093965891 ] } },
{ "type": "Feature", "properties": { "OBJECTID": 11248, "CE": "Traslape propio; NPN Manzana -> Terreno", "CT": "", "ESTAMPA_CC": "2026-05-26 14:46:01" }, "geometry": { "type": "Point", "coordinates": [ -76.519155961038294, 3.344227029781489 ] } },
{ "type": "Feature", "properties": { "OBJECTID": 11260, "CE": "NPN Manzana -> Terreno", "CT": "", "ESTAMPA_CC": "2026-05-26 14:46:01" }, "geometry": { "type": "Point", "coordinates": [ -76.558083296719317, 3.469442274630096 ] } },
{ "type": "Feature", "properties": { "OBJECTID": 11266, "CE": "Traslape propio", "CT": "", "ESTAMPA_CC": "2026-05-26 14:46:01" }, "geometry": { "type": "Point", "coordinates": [ -76.568245021350791, 3.38621030649082 ] } },
{ "type": "Feature", "properties": { "OBJECTID": 11270, "CE": "Traslape propio; NPN Manzana -> Terreno", "CT": "", "ESTAMPA_CC": "2026-05-26 14:46:01" }, "geometry": { "type": "Point", "coordinates": [ -76.523203209494952, 3.343133363336766 ] } },
{ "type": "Feature", "properties": { "OBJECTID": 11271, "CE": "Traslape propio; NPN Manzana -> Terreno", "CT": "", "ESTAMPA_CC": "2026-05-26 14:46:01" }, "geometry": { "type": "Point", "coordinates": [ -76.522427849682643, 3.346266318357242 ] } },
{ "type": "Feature", "properties": { "OBJECTID": 11296, "CE": "Traslape propio", "CT": "", "ESTAMPA_CC": "2026-05-26 14:46:01" }, "geometry": { "type": "Point", "coordinates": [ -76.571855472479839, 3.378967114118244 ] } },
{ "type": "Feature", "properties": { "OBJECTID": 11303, "CE": "Traslape propio", "CT": "", "ESTAMPA_CC": "2026-05-26 14:46:01" }, "geometry": { "type": "Point", "coordinates": [ -76.572754594810661, 3.379456507612933 ] } },
{ "type": "Feature", "properties": { "OBJECTID": 11306, "CE": "NPN Manzana -> Terreno", "CT": "", "ESTAMPA_CC": "2026-05-26 14:46:01" }, "geometry": { "type": "Point", "coordinates": [ -76.515257032317677, 3.344849613264163 ] } },
{ "type": "Feature", "properties": { "OBJECTID": 11308, "CE": "Traslape propio; NPN Manzana -> Terreno", "CT": "", "ESTAMPA_CC": "2026-05-26 14:46:01" }, "geometry": { "type": "Point", "coordinates": [ -76.513377068495828, 3.34745373575167 ] } },
{ "type": "Feature", "properties": { "OBJECTID": 11316, "CE": "Traslape propio", "CT": "", "ESTAMPA_CC": "2026-05-26 14:46:01" }, "geometry": { "type": "Point", "coordinates": [ -76.604749937587158, 3.525891850954857 ] } },
{ "type": "Feature", "properties": { "OBJECTID": 11327, "CE": "Traslape propio", "CT": "", "ESTAMPA_CC": "2026-05-26 14:46:01" }, "geometry": { "type": "Point", "coordinates": [ -76.55807237771387, 3.363527028898315 ] } },
{ "type": "Feature", "properties": { "OBJECTID": 11329, "CE": "NPN Manzana -> Terreno", "CT": "", "ESTAMPA_CC": "2026-05-26 14:46:01" }, "geometry": { "type": "Point", "coordinates": [ -76.510892268961712, 3.349504815454035 ] } },
{ "type": "Feature", "properties": { "OBJECTID": 11334, "CE": "Traslape propio", "CT": "", "ESTAMPA_CC": "2026-05-26 14:46:01" }, "geometry": { "type": "Point", "coordinates": [ -76.555766312837036, 3.47191615636488 ] } },
{ "type": "Feature", "properties": { "OBJECTID": 11337, "CE": "Traslape propio", "CT": "", "ESTAMPA_CC": "2026-05-26 14:46:01" }, "geometry": { "type": "Point", "coordinates": [ -76.552175664967905, 3.348334911750803 ] } },
{ "type": "Feature", "properties": { "OBJECTID": 11374, "CE": "Traslape propio", "CT": "", "ESTAMPA_CC": "2026-05-26 14:46:01" }, "geometry": { "type": "Point", "coordinates": [ -76.572974090365548, 3.374721136006416 ] } },
{ "type": "Feature", "properties": { "OBJECTID": 11406, "CE": "Traslape propio", "CT": "", "ESTAMPA_CC": "2026-05-26 14:46:01" }, "geometry": { "type": "Point", "coordinates": [ -76.615210637192277, 3.52827427693592 ] } },
{ "type": "Feature", "properties": { "OBJECTID": 11417, "CE": "Traslape propio", "CT": "", "ESTAMPA_CC": "2026-05-26 14:46:01" }, "geometry": { "type": "Point", "coordinates": [ -76.48175386759732, 3.304017330646714 ] } },
{ "type": "Feature", "properties": { "OBJECTID": 11425, "CE": "Traslape propio", "CT": "", "ESTAMPA_CC": "2026-05-26 14:46:01" }, "geometry": { "type": "Point", "coordinates": [ -76.565781240735035, 3.375616673231744 ] } },
{ "type": "Feature", "properties": { "OBJECTID": 11428, "CE": "Traslape propio", "CT": "", "ESTAMPA_CC": "2026-05-26 14:46:01" }, "geometry": { "type": "Point", "coordinates": [ -76.568084583118605, 3.395339570113126 ] } },
{ "type": "Feature", "properties": { "OBJECTID": 11476, "CE": "Traslape propio", "CT": "", "ESTAMPA_CC": "2026-05-26 14:46:01" }, "geometry": { "type": "Point", "coordinates": [ -76.527966787220933, 3.323520393652293 ] } },
{ "type": "Feature", "properties": { "OBJECTID": 11482, "CE": "Traslape propio", "CT": "", "ESTAMPA_CC": "2026-05-26 14:46:01" }, "geometry": { "type": "Point", "coordinates": [ -76.607186741736513, 3.492125234476569 ] } },
{ "type": "Feature", "properties": { "OBJECTID": 11488, "CE": "Traslape propio", "CT": "", "ESTAMPA_CC": "2026-05-26 14:46:01" }, "geometry": { "type": "Point", "coordinates": [ -76.5546215936305, 3.471789684181096 ] } },
{ "type": "Feature", "properties": { "OBJECTID": 11492, "CE": "Traslape propio", "CT": "", "ESTAMPA_CC": "2026-05-26 14:46:01" }, "geometry": { "type": "Point", "coordinates": [ -76.598853793838757, 3.521840629226317 ] } },
{ "type": "Feature", "properties": { "OBJECTID": 11497, "CE": "Traslape propio", "CT": "", "ESTAMPA_CC": "2026-05-26 14:46:01" }, "geometry": { "type": "Point", "coordinates": [ -76.575589500657301, 3.380644786288845 ] } },
{ "type": "Feature", "properties": { "OBJECTID": 11500, "CE": "", "CT": "Terreno", "ESTAMPA_CC": "2026-05-26 14:46:01" }, "geometry": { "type": "Point", "coordinates": [ -76.541037306853354, 3.317825234697731 ] } },
{ "type": "Feature", "properties": { "OBJECTID": 11505, "CE": "NPN Manzana -> Terreno", "CT": "", "ESTAMPA_CC": "2026-05-26 14:46:01" }, "geometry": { "type": "Point", "coordinates": [ -76.532182302347834, 3.473972645715249 ] } },
{ "type": "Feature", "properties": { "OBJECTID": 11536, "CE": "NPN Manzana -> Terreno", "CT": "", "ESTAMPA_CC": "2026-05-26 14:46:01" }, "geometry": { "type": "Point", "coordinates": [ -76.514240623913963, 3.350081074296696 ] } },
{ "type": "Feature", "properties": { "OBJECTID": 11538, "CE": "Traslape propio", "CT": "", "ESTAMPA_CC": "2026-05-26 14:46:01" }, "geometry": { "type": "Point", "coordinates": [ -76.631171034210666, 3.44890053860816 ] } },
{ "type": "Feature", "properties": { "OBJECTID": 11541, "CE": "Traslape propio", "CT": "", "ESTAMPA_CC": "2026-05-26 14:46:01" }, "geometry": { "type": "Point", "coordinates": [ -76.544666395443613, 3.4883743148194 ] } },
{ "type": "Feature", "properties": { "OBJECTID": 11551, "CE": "Traslape propio", "CT": "", "ESTAMPA_CC": "2026-05-26 14:46:01" }, "geometry": { "type": "Point", "coordinates": [ -76.550787348002544, 3.322856531574861 ] } },
{ "type": "Feature", "properties": { "OBJECTID": 11552, "CE": "NPN Manzana -> Terreno", "CT": "", "ESTAMPA_CC": "2026-05-26 14:46:01" }, "geometry": { "type": "Point", "coordinates": [ -76.512386817175042, 3.349213488689759 ] } },
{ "type": "Feature", "properties": { "OBJECTID": 11553, "CE": "Traslape propio", "CT": "", "ESTAMPA_CC": "2026-05-26 14:46:01" }, "geometry": { "type": "Point", "coordinates": [ -76.549771868425594, 3.322041959136413 ] } },
{ "type": "Feature", "properties": { "OBJECTID": 11576, "CE": "Traslape propio", "CT": "", "ESTAMPA_CC": "2026-05-26 14:46:01" }, "geometry": { "type": "Point", "coordinates": [ -76.550566146464405, 3.348361623682464 ] } },
{ "type": "Feature", "properties": { "OBJECTID": 11582, "CE": "Traslape propio", "CT": "", "ESTAMPA_CC": "2026-05-26 14:46:01" }, "geometry": { "type": "Point", "coordinates": [ -76.471834065201634, 3.378583571626655 ] } },
{ "type": "Feature", "properties": { "OBJECTID": 11585, "CE": "Traslape propio", "CT": "", "ESTAMPA_CC": "2026-05-26 14:46:01" }, "geometry": { "type": "Point", "coordinates": [ -76.553821926723273, 3.473287608030805 ] } },
{ "type": "Feature", "properties": { "OBJECTID": 11603, "CE": "Traslape propio", "CT": "", "ESTAMPA_CC": "2026-05-26 14:46:01" }, "geometry": { "type": "Point", "coordinates": [ -76.593233484987479, 3.386917705553596 ] } },
{ "type": "Feature", "properties": { "OBJECTID": 11625, "CE": "Traslape propio", "CT": "", "ESTAMPA_CC": "2026-05-26 14:46:01" }, "geometry": { "type": "Point", "coordinates": [ -76.5533382534514, 3.475311023908045 ] } },
{ "type": "Feature", "properties": { "OBJECTID": 11629, "CE": "NPN Manzana -> Terreno", "CT": "", "ESTAMPA_CC": "2026-05-26 14:46:01" }, "geometry": { "type": "Point", "coordinates": [ -76.512552501824302, 3.353102828258715 ] } },
{ "type": "Feature", "properties": { "OBJECTID": 11634, "CE": "Traslape propio", "CT": "", "ESTAMPA_CC": "2026-05-26 14:46:01" }, "geometry": { "type": "Point", "coordinates": [ -76.555731215392512, 3.47156242204277 ] } },
{ "type": "Feature", "properties": { "OBJECTID": 11648, "CE": "Traslape propio", "CT": "", "ESTAMPA_CC": "2026-05-26 14:46:01" }, "geometry": { "type": "Point", "coordinates": [ -76.559003500021888, 3.426190619744855 ] } },
{ "type": "Feature", "properties": { "OBJECTID": 11650, "CE": "Traslape propio", "CT": "", "ESTAMPA_CC": "2026-05-26 14:46:01" }, "geometry": { "type": "Point", "coordinates": [ -76.546385731889529, 3.32377301240499 ] } },
{ "type": "Feature", "properties": { "OBJECTID": 11652, "CE": "NPN Manzana -> Terreno", "CT": "", "ESTAMPA_CC": "2026-05-26 14:46:01" }, "geometry": { "type": "Point", "coordinates": [ -76.519342413959393, 3.357056129550955 ] } },
{ "type": "Feature", "properties": { "OBJECTID": 11654, "CE": "NPN Manzana -> Terreno", "CT": "", "ESTAMPA_CC": "2026-05-26 14:46:01" }, "geometry": { "type": "Point", "coordinates": [ -76.510602813676627, 3.350535290293862 ] } },
{ "type": "Feature", "properties": { "OBJECTID": 11660, "CE": "Traslape propio", "CT": "", "ESTAMPA_CC": "2026-05-26 14:46:01" }, "geometry": { "type": "Point", "coordinates": [ -76.538415736104653, 3.328456070375972 ] } },
{ "type": "Feature", "properties": { "OBJECTID": 11661, "CE": "Traslape propio", "CT": "", "ESTAMPA_CC": "2026-05-26 14:46:01" }, "geometry": { "type": "Point", "coordinates": [ -76.538816979038842, 3.328456062746567 ] } },
{ "type": "Feature", "properties": { "OBJECTID": 11666, "CE": "Traslape propio", "CT": "", "ESTAMPA_CC": "2026-05-26 14:46:01" }, "geometry": { "type": "Point", "coordinates": [ -76.511568054157422, 3.367454792824529 ] } },
{ "type": "Feature", "properties": { "OBJECTID": 11675, "CE": "Traslape propio", "CT": "", "ESTAMPA_CC": "2026-05-26 14:46:01" }, "geometry": { "type": "Point", "coordinates": [ -76.55072041974941, 3.347573890439116 ] } },
{ "type": "Feature", "properties": { "OBJECTID": 11676, "CE": "Traslape propio", "CT": "", "ESTAMPA_CC": "2026-05-26 14:46:01" }, "geometry": { "type": "Point", "coordinates": [ -76.579740412876049, 3.460802017731408 ] } },
{ "type": "Feature", "properties": { "OBJECTID": 11677, "CE": "Traslape propio; NPN Manzana -> Terreno", "CT": "", "ESTAMPA_CC": "2026-05-26 14:46:01" }, "geometry": { "type": "Point", "coordinates": [ -76.586335099413205, 3.395759321343174 ] } },
{ "type": "Feature", "properties": { "OBJECTID": 11707, "CE": "Traslape propio", "CT": "", "ESTAMPA_CC": "2026-05-26 14:46:01" }, "geometry": { "type": "Point", "coordinates": [ -76.568846533022054, 3.396074557783109 ] } },
{ "type": "Feature", "properties": { "OBJECTID": 11713, "CE": "Traslape propio", "CT": "", "ESTAMPA_CC": "2026-05-26 14:46:01" }, "geometry": { "type": "Point", "coordinates": [ -76.566767125462945, 3.370746898956894 ] } },
{ "type": "Feature", "properties": { "OBJECTID": 11729, "CE": "Traslape propio", "CT": "", "ESTAMPA_CC": "2026-05-26 14:46:01" }, "geometry": { "type": "Point", "coordinates": [ -76.661495668554608, 3.441044977240876 ] } },
{ "type": "Feature", "properties": { "OBJECTID": 11730, "CE": "Traslape propio", "CT": "", "ESTAMPA_CC": "2026-05-26 14:46:01" }, "geometry": { "type": "Point", "coordinates": [ -76.644604478030701, 3.422998744876534 ] } },
{ "type": "Feature", "properties": { "OBJECTID": 11731, "CE": "Traslape propio", "CT": "", "ESTAMPA_CC": "2026-05-26 14:46:01" }, "geometry": { "type": "Point", "coordinates": [ -76.65333453287144, 3.448272874874597 ] } },
{ "type": "Feature", "properties": { "OBJECTID": 11752, "CE": "Traslape propio; NPN Manzana -> Terreno", "CT": "", "ESTAMPA_CC": "2026-05-26 14:46:01" }, "geometry": { "type": "Point", "coordinates": [ -76.51364291501298, 3.345606483799569 ] } },
{ "type": "Feature", "properties": { "OBJECTID": 11753, "CE": "Traslape propio; NPN Manzana -> Terreno", "CT": "", "ESTAMPA_CC": "2026-05-26 14:46:01" }, "geometry": { "type": "Point", "coordinates": [ -76.516789798625155, 3.361054233729429 ] } },
{ "type": "Feature", "properties": { "OBJECTID": 11754, "CE": "Traslape propio", "CT": "", "ESTAMPA_CC": "2026-05-26 14:46:01" }, "geometry": { "type": "Point", "coordinates": [ -76.558487183014407, 3.305269208077797 ] } },
{ "type": "Feature", "properties": { "OBJECTID": 11755, "CE": "Traslape propio", "CT": "", "ESTAMPA_CC": "2026-05-26 14:46:01" }, "geometry": { "type": "Point", "coordinates": [ -76.562089257173412, 3.308891127073995 ] } },
{ "type": "Feature", "properties": { "OBJECTID": 11762, "CE": "Traslape propio", "CT": "", "ESTAMPA_CC": "2026-05-26 14:46:01" }, "geometry": { "type": "Point", "coordinates": [ -76.509510802412862, 3.384248857720503 ] } },
{ "type": "Feature", "properties": { "OBJECTID": 11765, "CE": "Traslape propio", "CT": "", "ESTAMPA_CC": "2026-05-26 14:46:01" }, "geometry": { "type": "Point", "coordinates": [ -76.510179304692244, 3.370517979143632 ] } },
{ "type": "Feature", "properties": { "OBJECTID": 11766, "CE": "Traslape propio", "CT": "", "ESTAMPA_CC": "2026-05-26 14:46:01" }, "geometry": { "type": "Point", "coordinates": [ -76.509613051267621, 3.370252668240917 ] } },
{ "type": "Feature", "properties": { "OBJECTID": 11767, "CE": "", "CT": "Terreno", "ESTAMPA_CC": "2026-05-26 14:46:01" }, "geometry": { "type": "Point", "coordinates": [ -76.576182523669218, 3.39418985541846 ] } },
{ "type": "Feature", "properties": { "OBJECTID": 11770, "CE": "Traslape propio", "CT": "", "ESTAMPA_CC": "2026-05-26 14:46:01" }, "geometry": { "type": "Point", "coordinates": [ -76.55828995764891, 3.426275485268444 ] } },
{ "type": "Feature", "properties": { "OBJECTID": 11776, "CE": "Traslape propio", "CT": "", "ESTAMPA_CC": "2026-05-26 14:46:01" }, "geometry": { "type": "Point", "coordinates": [ -76.60177866240646, 3.314454811683213 ] } },
{ "type": "Feature", "properties": { "OBJECTID": 11796, "CE": "Traslape propio; NPN Manzana -> Terreno", "CT": "", "ESTAMPA_CC": "2026-05-26 14:46:01" }, "geometry": { "type": "Point", "coordinates": [ -76.505545783794076, 3.370452233805897 ] } },
{ "type": "Feature", "properties": { "OBJECTID": 11799, "CE": "Traslape propio", "CT": "", "ESTAMPA_CC": "2026-05-26 14:46:01" }, "geometry": { "type": "Point", "coordinates": [ -76.605973262199427, 3.482678566992495 ] } },
{ "type": "Feature", "properties": { "OBJECTID": 11803, "CE": "Traslape propio", "CT": "", "ESTAMPA_CC": "2026-05-26 14:46:01" }, "geometry": { "type": "Point", "coordinates": [ -76.511330219956918, 3.367403250126181 ] } },
{ "type": "Feature", "properties": { "OBJECTID": 11815, "CE": "Traslape propio", "CT": "", "ESTAMPA_CC": "2026-05-26 14:46:01" }, "geometry": { "type": "Point", "coordinates": [ -76.571843974989463, 3.393325053127455 ] } },
{ "type": "Feature", "properties": { "OBJECTID": 11835, "CE": "NPN Manzana -> Terreno", "CT": "", "ESTAMPA_CC": "2026-05-26 14:46:01" }, "geometry": { "type": "Point", "coordinates": [ -76.518226567688998, 3.347384973957639 ] } },
{ "type": "Feature", "properties": { "OBJECTID": 11846, "CE": "NPN Manzana -> Terreno", "CT": "", "ESTAMPA_CC": "2026-05-26 14:46:01" }, "geometry": { "type": "Point", "coordinates": [ -76.517069487940887, 3.34797306000852 ] } },
{ "type": "Feature", "properties": { "OBJECTID": 11850, "CE": "Traslape propio", "CT": "", "ESTAMPA_CC": "2026-05-26 14:46:01" }, "geometry": { "type": "Point", "coordinates": [ -76.560400360941969, 3.427742026660817 ] } },
{ "type": "Feature", "properties": { "OBJECTID": 11860, "CE": "NPN Manzana -> Terreno", "CT": "", "ESTAMPA_CC": "2026-05-26 14:46:01" }, "geometry": { "type": "Point", "coordinates": [ -76.515784505535763, 3.354956785038836 ] } },
{ "type": "Feature", "properties": { "OBJECTID": 11863, "CE": "NPN Manzana -> Terreno", "CT": "", "ESTAMPA_CC": "2026-05-26 14:46:01" }, "geometry": { "type": "Point", "coordinates": [ -76.508550697556757, 3.366493116100188 ] } },
{ "type": "Feature", "properties": { "OBJECTID": 11864, "CE": "Traslape propio; NPN Manzana -> Terreno", "CT": "", "ESTAMPA_CC": "2026-05-26 14:46:01" }, "geometry": { "type": "Point", "coordinates": [ -76.506315031883986, 3.367489635398966 ] } },
{ "type": "Feature", "properties": { "OBJECTID": 11865, "CE": "NPN Manzana -> Terreno", "CT": "", "ESTAMPA_CC": "2026-05-26 14:46:01" }, "geometry": { "type": "Point", "coordinates": [ -76.505690019826616, 3.369621012316679 ] } },
{ "type": "Feature", "properties": { "OBJECTID": 11867, "CE": "NPN Manzana -> Terreno", "CT": "", "ESTAMPA_CC": "2026-05-26 14:46:01" }, "geometry": { "type": "Point", "coordinates": [ -76.520351697224896, 3.356706330646114 ] } },
{ "type": "Feature", "properties": { "OBJECTID": 11870, "CE": "NPN Manzana -> Terreno", "CT": "", "ESTAMPA_CC": "2026-05-26 14:46:01" }, "geometry": { "type": "Point", "coordinates": [ -76.510750437912392, 3.350591143443687 ] } },
{ "type": "Feature", "properties": { "OBJECTID": 11879, "CE": "NPN Manzana -> Terreno", "CT": "Terreno", "ESTAMPA_CC": "2026-05-26 14:46:01" }, "geometry": { "type": "Point", "coordinates": [ -76.516560121699641, 3.352750308810288 ] } },
{ "type": "Feature", "properties": { "OBJECTID": 11886, "CE": "NPN Manzana -> Terreno", "CT": "", "ESTAMPA_CC": "2026-05-26 14:46:01" }, "geometry": { "type": "Point", "coordinates": [ -76.514409058101165, 3.35679092475571 ] } },
{ "type": "Feature", "properties": { "OBJECTID": 11905, "CE": "Traslape propio; NPN Manzana -> Terreno", "CT": "", "ESTAMPA_CC": "2026-05-26 14:46:01" }, "geometry": { "type": "Point", "coordinates": [ -76.576585064044053, 3.411613564331992 ] } },
{ "type": "Feature", "properties": { "OBJECTID": 11922, "CE": "Traslape propio", "CT": "", "ESTAMPA_CC": "2026-05-26 14:46:01" }, "geometry": { "type": "Point", "coordinates": [ -76.570600692293212, 3.37688626395956 ] } },
{ "type": "Feature", "properties": { "OBJECTID": 11927, "CE": "Traslape propio", "CT": "", "ESTAMPA_CC": "2026-05-26 14:46:01" }, "geometry": { "type": "Point", "coordinates": [ -76.557469609876833, 3.352649971357905 ] } },
{ "type": "Feature", "properties": { "OBJECTID": 11928, "CE": "Traslape propio", "CT": "", "ESTAMPA_CC": "2026-05-26 14:46:01" }, "geometry": { "type": "Point", "coordinates": [ -76.560044955593014, 3.449221948669723 ] } },
{ "type": "Feature", "properties": { "OBJECTID": 11936, "CE": "Traslape propio", "CT": "", "ESTAMPA_CC": "2026-05-26 14:46:01" }, "geometry": { "type": "Point", "coordinates": [ -76.641347807067405, 3.465022492285616 ] } },
{ "type": "Feature", "properties": { "OBJECTID": 11937, "CE": "NPN Manzana -> Terreno", "CT": "", "ESTAMPA_CC": "2026-05-26 14:46:01" }, "geometry": { "type": "Point", "coordinates": [ -76.498900296565367, 3.353743881104859 ] } },
{ "type": "Feature", "properties": { "OBJECTID": 11947, "CE": "Traslape propio", "CT": "Terreno", "ESTAMPA_CC": "2026-05-26 14:46:01" }, "geometry": { "type": "Point", "coordinates": [ -76.537772374237449, 3.328323426593436 ] } },
{ "type": "Feature", "properties": { "OBJECTID": 11948, "CE": "Traslape propio; NPN Manzana -> Terreno", "CT": "", "ESTAMPA_CC": "2026-05-26 14:46:01" }, "geometry": { "type": "Point", "coordinates": [ -76.513715995447072, 3.345728367875558 ] } },
{ "type": "Feature", "properties": { "OBJECTID": 11956, "CE": "NPN Manzana -> Terreno", "CT": "", "ESTAMPA_CC": "2026-05-26 14:46:01" }, "geometry": { "type": "Point", "coordinates": [ -76.51728946142164, 3.35277079159911 ] } },
{ "type": "Feature", "properties": { "OBJECTID": 11957, "CE": "NPN Manzana -> Terreno", "CT": "", "ESTAMPA_CC": "2026-05-26 14:46:01" }, "geometry": { "type": "Point", "coordinates": [ -76.522347521720178, 3.356830260989478 ] } },
{ "type": "Feature", "properties": { "OBJECTID": 11964, "CE": "Traslape propio", "CT": "", "ESTAMPA_CC": "2026-05-26 14:46:01" }, "geometry": { "type": "Point", "coordinates": [ -76.510937143812299, 3.371167676304737 ] } },
{ "type": "Feature", "properties": { "OBJECTID": 11966, "CE": "Traslape propio", "CT": "", "ESTAMPA_CC": "2026-05-26 14:46:01" }, "geometry": { "type": "Point", "coordinates": [ -76.544289033185208, 3.318667564482113 ] } },
{ "type": "Feature", "properties": { "OBJECTID": 11967, "CE": "Traslape propio", "CT": "", "ESTAMPA_CC": "2026-05-26 14:46:01" }, "geometry": { "type": "Point", "coordinates": [ -76.544309044720123, 3.3190196245845 ] } },
{ "type": "Feature", "properties": { "OBJECTID": 11972, "CE": "Traslape propio", "CT": "", "ESTAMPA_CC": "2026-05-26 14:46:01" }, "geometry": { "type": "Point", "coordinates": [ -76.608970827510888, 3.488478086641343 ] } },
{ "type": "Feature", "properties": { "OBJECTID": 11973, "CE": "Traslape propio", "CT": "", "ESTAMPA_CC": "2026-05-26 14:46:01" }, "geometry": { "type": "Point", "coordinates": [ -76.603958684630868, 3.503165639399787 ] } },
{ "type": "Feature", "properties": { "OBJECTID": 11983, "CE": "Traslape propio", "CT": "", "ESTAMPA_CC": "2026-05-26 14:46:01" }, "geometry": { "type": "Point", "coordinates": [ -76.537138680991163, 3.488138483194412 ] } },
{ "type": "Feature", "properties": { "OBJECTID": 12009, "CE": "Traslape propio", "CT": "", "ESTAMPA_CC": "2026-05-26 14:46:01" }, "geometry": { "type": "Point", "coordinates": [ -76.569930324930326, 3.318696480086454 ] } },
{ "type": "Feature", "properties": { "OBJECTID": 12011, "CE": "NPN Manzana -> Terreno", "CT": "", "ESTAMPA_CC": "2026-05-26 14:46:01" }, "geometry": { "type": "Point", "coordinates": [ -76.491800913252703, 3.318860454909673 ] } },
{ "type": "Feature", "properties": { "OBJECTID": 12019, "CE": "Traslape propio", "CT": "", "ESTAMPA_CC": "2026-05-26 14:46:01" }, "geometry": { "type": "Point", "coordinates": [ -76.544065066812337, 3.319277229203755 ] } },
{ "type": "Feature", "properties": { "OBJECTID": 12021, "CE": "Traslape propio", "CT": "", "ESTAMPA_CC": "2026-05-26 14:46:01" }, "geometry": { "type": "Point", "coordinates": [ -76.544972575111558, 3.320965742987551 ] } },
{ "type": "Feature", "properties": { "OBJECTID": 12033, "CE": "Traslape propio", "CT": "", "ESTAMPA_CC": "2026-05-26 14:46:01" }, "geometry": { "type": "Point", "coordinates": [ -76.565230417267344, 3.379979845535652 ] } },
{ "type": "Feature", "properties": { "OBJECTID": 12035, "CE": "Traslape propio", "CT": "", "ESTAMPA_CC": "2026-05-26 14:46:01" }, "geometry": { "type": "Point", "coordinates": [ -76.517913260531358, 3.306584942945705 ] } },
{ "type": "Feature", "properties": { "OBJECTID": 12037, "CE": "NPN Manzana -> Terreno", "CT": "", "ESTAMPA_CC": "2026-05-26 14:46:01" }, "geometry": { "type": "Point", "coordinates": [ -76.511005934294843, 3.351150459677163 ] } },
{ "type": "Feature", "properties": { "OBJECTID": 12044, "CE": "Traslape propio", "CT": "", "ESTAMPA_CC": "2026-05-26 14:46:01" }, "geometry": { "type": "Point", "coordinates": [ -76.632762813517331, 3.325060138057408 ] } },
{ "type": "Feature", "properties": { "OBJECTID": 12045, "CE": "Traslape propio", "CT": "", "ESTAMPA_CC": "2026-05-26 14:46:01" }, "geometry": { "type": "Point", "coordinates": [ -76.637241151705169, 3.323955313341636 ] } },
{ "type": "Feature", "properties": { "OBJECTID": 12046, "CE": "Traslape propio", "CT": "", "ESTAMPA_CC": "2026-05-26 14:46:01" }, "geometry": { "type": "Point", "coordinates": [ -76.633412796352331, 3.326742534203959 ] } },
{ "type": "Feature", "properties": { "OBJECTID": 12047, "CE": "Traslape propio", "CT": "", "ESTAMPA_CC": "2026-05-26 14:46:01" }, "geometry": { "type": "Point", "coordinates": [ -76.636279457477571, 3.32561920638572 ] } },
{ "type": "Feature", "properties": { "OBJECTID": 12053, "CE": "Traslape propio", "CT": "", "ESTAMPA_CC": "2026-05-26 14:46:01" }, "geometry": { "type": "Point", "coordinates": [ -76.642532753446091, 3.45501081509512 ] } },
{ "type": "Feature", "properties": { "OBJECTID": 12073, "CE": "Traslape propio", "CT": "", "ESTAMPA_CC": "2026-05-26 14:46:01" }, "geometry": { "type": "Point", "coordinates": [ -76.544844131091509, 3.318229751907573 ] } },
{ "type": "Feature", "properties": { "OBJECTID": 12078, "CE": "Traslape propio", "CT": "", "ESTAMPA_CC": "2026-05-26 14:46:01" }, "geometry": { "type": "Point", "coordinates": [ -76.561382415872274, 3.348385749723951 ] } },
{ "type": "Feature", "properties": { "OBJECTID": 12084, "CE": "Traslape propio", "CT": "", "ESTAMPA_CC": "2026-05-26 14:46:01" }, "geometry": { "type": "Point", "coordinates": [ -76.467885400322217, 3.347887040938604 ] } },
{ "type": "Feature", "properties": { "OBJECTID": 12091, "CE": "NPN Manzana -> Terreno", "CT": "", "ESTAMPA_CC": "2026-05-26 14:46:01" }, "geometry": { "type": "Point", "coordinates": [ -76.519884110344435, 3.355191681108131 ] } },
{ "type": "Feature", "properties": { "OBJECTID": 12111, "CE": "Traslape propio", "CT": "", "ESTAMPA_CC": "2026-05-26 14:46:01" }, "geometry": { "type": "Point", "coordinates": [ -76.565984365430211, 3.378102452508506 ] } },
{ "type": "Feature", "properties": { "OBJECTID": 12120, "CE": "Traslape propio", "CT": "", "ESTAMPA_CC": "2026-05-26 14:46:01" }, "geometry": { "type": "Point", "coordinates": [ -76.589707745398982, 3.535114441295926 ] } },
{ "type": "Feature", "properties": { "OBJECTID": 12125, "CE": "Traslape propio", "CT": "", "ESTAMPA_CC": "2026-05-26 14:46:01" }, "geometry": { "type": "Point", "coordinates": [ -76.577034041449394, 3.425068349961291 ] } },
{ "type": "Feature", "properties": { "OBJECTID": 12135, "CE": "Traslape propio", "CT": "", "ESTAMPA_CC": "2026-05-26 14:46:01" }, "geometry": { "type": "Point", "coordinates": [ -76.566782981675473, 3.378044536512182 ] } },
{ "type": "Feature", "properties": { "OBJECTID": 12140, "CE": "Traslape propio", "CT": "", "ESTAMPA_CC": "2026-05-26 14:46:01" }, "geometry": { "type": "Point", "coordinates": [ -76.57507780494376, 3.459305932550974 ] } },
{ "type": "Feature", "properties": { "OBJECTID": 12141, "CE": "NPN Manzana -> Terreno", "CT": "", "ESTAMPA_CC": "2026-05-26 14:46:01" }, "geometry": { "type": "Point", "coordinates": [ -76.513800017150956, 3.351182710518807 ] } },
{ "type": "Feature", "properties": { "OBJECTID": 12149, "CE": "Traslape propio", "CT": "", "ESTAMPA_CC": "2026-05-26 14:46:01" }, "geometry": { "type": "Point", "coordinates": [ -76.635339189944347, 3.329168065559185 ] } },
{ "type": "Feature", "properties": { "OBJECTID": 12153, "CE": "Traslape propio; NPN Manzana -> Terreno", "CT": "", "ESTAMPA_CC": "2026-05-26 14:46:01" }, "geometry": { "type": "Point", "coordinates": [ -76.515396777041104, 3.357125767705457 ] } },
{ "type": "Feature", "properties": { "OBJECTID": 12154, "CE": "Traslape propio", "CT": "", "ESTAMPA_CC": "2026-05-26 14:46:01" }, "geometry": { "type": "Point", "coordinates": [ -76.60255412881898, 3.319055102071661 ] } },
{ "type": "Feature", "properties": { "OBJECTID": 12155, "CE": "Traslape propio", "CT": "", "ESTAMPA_CC": "2026-05-26 14:46:01" }, "geometry": { "type": "Point", "coordinates": [ -76.610110266924849, 3.325658900003004 ] } },
{ "type": "Feature", "properties": { "OBJECTID": 12161, "CE": "Traslape propio", "CT": "", "ESTAMPA_CC": "2026-05-26 14:46:01" }, "geometry": { "type": "Point", "coordinates": [ -76.64984379075598, 3.437980004717327 ] } },
{ "type": "Feature", "properties": { "OBJECTID": 12162, "CE": "Traslape propio", "CT": "", "ESTAMPA_CC": "2026-05-26 14:46:01" }, "geometry": { "type": "Point", "coordinates": [ -76.569785715390609, 3.399684008270034 ] } },
{ "type": "Feature", "properties": { "OBJECTID": 12174, "CE": "Traslape propio; NPN Manzana -> Terreno", "CT": "", "ESTAMPA_CC": "2026-05-26 14:46:01" }, "geometry": { "type": "Point", "coordinates": [ -76.558509696277753, 3.348789445482229 ] } },
{ "type": "Feature", "properties": { "OBJECTID": 12194, "CE": "Traslape propio", "CT": "", "ESTAMPA_CC": "2026-05-26 14:46:01" }, "geometry": { "type": "Point", "coordinates": [ -76.568728462248558, 3.399606232626621 ] } },
{ "type": "Feature", "properties": { "OBJECTID": 12200, "CE": "Traslape propio", "CT": "", "ESTAMPA_CC": "2026-05-26 14:46:01" }, "geometry": { "type": "Point", "coordinates": [ -76.588618624312971, 3.53611556265648 ] } },
{ "type": "Feature", "properties": { "OBJECTID": 12202, "CE": "Traslape propio", "CT": "", "ESTAMPA_CC": "2026-05-26 14:46:01" }, "geometry": { "type": "Point", "coordinates": [ -76.589244201646594, 3.53558753251447 ] } },
{ "type": "Feature", "properties": { "OBJECTID": 12205, "CE": "Traslape propio", "CT": "", "ESTAMPA_CC": "2026-05-26 14:46:01" }, "geometry": { "type": "Point", "coordinates": [ -76.560925762714007, 3.359027074582825 ] } },
{ "type": "Feature", "properties": { "OBJECTID": 12206, "CE": "Traslape propio", "CT": "", "ESTAMPA_CC": "2026-05-26 14:46:01" }, "geometry": { "type": "Point", "coordinates": [ -76.505618112669367, 3.325074523571252 ] } },
{ "type": "Feature", "properties": { "OBJECTID": 12209, "CE": "NPN Manzana -> Terreno", "CT": "", "ESTAMPA_CC": "2026-05-26 14:46:01" }, "geometry": { "type": "Point", "coordinates": [ -76.510101397655106, 3.349185598097115 ] } },
{ "type": "Feature", "properties": { "OBJECTID": 12217, "CE": "Traslape propio", "CT": "", "ESTAMPA_CC": "2026-05-26 14:46:01" }, "geometry": { "type": "Point", "coordinates": [ -76.569993312657132, 3.396098913376528 ] } },
{ "type": "Feature", "properties": { "OBJECTID": 12222, "CE": "Traslape propio", "CT": "", "ESTAMPA_CC": "2026-05-26 14:46:01" }, "geometry": { "type": "Point", "coordinates": [ -76.544573942908144, 3.321415182792938 ] } },
{ "type": "Feature", "properties": { "OBJECTID": 12228, "CE": "Traslape propio", "CT": "", "ESTAMPA_CC": "2026-05-26 14:46:01" }, "geometry": { "type": "Point", "coordinates": [ -76.604882704447348, 3.487454915247705 ] } },
{ "type": "Feature", "properties": { "OBJECTID": 12240, "CE": "Traslape propio", "CT": "", "ESTAMPA_CC": "2026-05-26 14:46:01" }, "geometry": { "type": "Point", "coordinates": [ -76.546694304822594, 3.323176873362118 ] } },
{ "type": "Feature", "properties": { "OBJECTID": 12241, "CE": "NPN Manzana -> Terreno", "CT": "", "ESTAMPA_CC": "2026-05-26 14:46:01" }, "geometry": { "type": "Point", "coordinates": [ -76.512885493926973, 3.348478567565545 ] } },
{ "type": "Feature", "properties": { "OBJECTID": 12242, "CE": "Traslape propio", "CT": "", "ESTAMPA_CC": "2026-05-26 14:46:01" }, "geometry": { "type": "Point", "coordinates": [ -76.610162618773359, 3.492919688903107 ] } },
{ "type": "Feature", "properties": { "OBJECTID": 12248, "CE": "Traslape propio", "CT": "", "ESTAMPA_CC": "2026-05-26 14:46:01" }, "geometry": { "type": "Point", "coordinates": [ -76.55942053978832, 3.354546723507078 ] } },
{ "type": "Feature", "properties": { "OBJECTID": 12258, "CE": "Traslape propio", "CT": "", "ESTAMPA_CC": "2026-05-26 14:46:01" }, "geometry": { "type": "Point", "coordinates": [ -76.550568097553096, 3.3225191326509 ] } },
{ "type": "Feature", "properties": { "OBJECTID": 12260, "CE": "Traslape propio", "CT": "", "ESTAMPA_CC": "2026-05-26 14:46:01" }, "geometry": { "type": "Point", "coordinates": [ -76.56851512124517, 3.386387223768638 ] } },
{ "type": "Feature", "properties": { "OBJECTID": 12267, "CE": "Traslape propio", "CT": "", "ESTAMPA_CC": "2026-05-26 14:46:01" }, "geometry": { "type": "Point", "coordinates": [ -76.611053586622759, 3.492028473293164 ] } },
{ "type": "Feature", "properties": { "OBJECTID": 12284, "CE": "Traslape propio", "CT": "", "ESTAMPA_CC": "2026-05-26 14:46:01" }, "geometry": { "type": "Point", "coordinates": [ -76.559056475413414, 3.468040987666182 ] } },
{ "type": "Feature", "properties": { "OBJECTID": 12324, "CE": "Traslape propio", "CT": "", "ESTAMPA_CC": "2026-05-26 14:46:01" }, "geometry": { "type": "Point", "coordinates": [ -76.511654484246108, 3.384005574748434 ] } },
{ "type": "Feature", "properties": { "OBJECTID": 12337, "CE": "Traslape propio", "CT": "", "ESTAMPA_CC": "2026-05-26 14:46:01" }, "geometry": { "type": "Point", "coordinates": [ -76.55397503808976, 3.441431773376008 ] } },
{ "type": "Feature", "properties": { "OBJECTID": 12338, "CE": "Traslape propio", "CT": "", "ESTAMPA_CC": "2026-05-26 14:46:01" }, "geometry": { "type": "Point", "coordinates": [ -76.552506030040632, 3.472110894857555 ] } },
{ "type": "Feature", "properties": { "OBJECTID": 12345, "CE": "Traslape propio", "CT": "", "ESTAMPA_CC": "2026-05-26 14:46:01" }, "geometry": { "type": "Point", "coordinates": [ -76.512861825870445, 3.371129887251208 ] } },
{ "type": "Feature", "properties": { "OBJECTID": 12346, "CE": "Traslape propio; NPN Manzana -> Terreno", "CT": "", "ESTAMPA_CC": "2026-05-26 14:46:01" }, "geometry": { "type": "Point", "coordinates": [ -76.507804720859056, 3.36547778057008 ] } },
{ "type": "Feature", "properties": { "OBJECTID": 12360, "CE": "Traslape propio", "CT": "", "ESTAMPA_CC": "2026-05-26 14:46:01" }, "geometry": { "type": "Point", "coordinates": [ -76.579031486180881, 3.399267579169089 ] } },
{ "type": "Feature", "properties": { "OBJECTID": 12361, "CE": "Traslape propio", "CT": "", "ESTAMPA_CC": "2026-05-26 14:46:01" }, "geometry": { "type": "Point", "coordinates": [ -76.569204775449023, 3.369813951883412 ] } },
{ "type": "Feature", "properties": { "OBJECTID": 12363, "CE": "Traslape propio", "CT": "", "ESTAMPA_CC": "2026-05-26 14:46:01" }, "geometry": { "type": "Point", "coordinates": [ -76.546363570063292, 3.324507627252233 ] } },
{ "type": "Feature", "properties": { "OBJECTID": 12374, "CE": "Traslape propio", "CT": "", "ESTAMPA_CC": "2026-05-26 14:46:01" }, "geometry": { "type": "Point", "coordinates": [ -76.564117169333997, 3.377254625709405 ] } },
{ "type": "Feature", "properties": { "OBJECTID": 12376, "CE": "NPN Manzana -> Terreno", "CT": "", "ESTAMPA_CC": "2026-05-26 14:46:01" }, "geometry": { "type": "Point", "coordinates": [ -76.511868316178735, 3.356584071412181 ] } },
{ "type": "Feature", "properties": { "OBJECTID": 12377, "CE": "Traslape propio", "CT": "", "ESTAMPA_CC": "2026-05-26 14:46:01" }, "geometry": { "type": "Point", "coordinates": [ -76.602568284960981, 3.526822394627677 ] } },
{ "type": "Feature", "properties": { "OBJECTID": 12378, "CE": "NPN Manzana -> Terreno", "CT": "", "ESTAMPA_CC": "2026-05-26 14:46:01" }, "geometry": { "type": "Point", "coordinates": [ -76.492081101592063, 3.343196982100975 ] } },
{ "type": "Feature", "properties": { "OBJECTID": 12390, "CE": "Traslape propio", "CT": "", "ESTAMPA_CC": "2026-05-26 14:46:01" }, "geometry": { "type": "Point", "coordinates": [ -76.551997666197906, 3.472496029755834 ] } },
{ "type": "Feature", "properties": { "OBJECTID": 12393, "CE": "NPN Manzana -> Terreno", "CT": "", "ESTAMPA_CC": "2026-05-26 14:46:01" }, "geometry": { "type": "Point", "coordinates": [ -76.52152895006256, 3.352034569421999 ] } },
{ "type": "Feature", "properties": { "OBJECTID": 12459, "CE": "Traslape propio; NPN Manzana -> Terreno", "CT": "", "ESTAMPA_CC": "2026-05-26 14:46:01" }, "geometry": { "type": "Point", "coordinates": [ -76.517644380597361, 3.346708042516796 ] } },
{ "type": "Feature", "properties": { "OBJECTID": 12492, "CE": "Traslape propio", "CT": "", "ESTAMPA_CC": "2026-05-26 14:46:01" }, "geometry": { "type": "Point", "coordinates": [ -76.552012591137014, 3.366098459831558 ] } },
{ "type": "Feature", "properties": { "OBJECTID": 12500, "CE": "Traslape propio; NPN Manzana -> Terreno", "CT": "", "ESTAMPA_CC": "2026-05-26 14:46:01" }, "geometry": { "type": "Point", "coordinates": [ -76.518641636551976, 3.346357654953929 ] } },
{ "type": "Feature", "properties": { "OBJECTID": 12506, "CE": "Traslape propio", "CT": "", "ESTAMPA_CC": "2026-05-26 14:46:01" }, "geometry": { "type": "Point", "coordinates": [ -76.546767876965447, 3.319639885832397 ] } },
{ "type": "Feature", "properties": { "OBJECTID": 12509, "CE": "Traslape propio", "CT": "", "ESTAMPA_CC": "2026-05-26 14:46:01" }, "geometry": { "type": "Point", "coordinates": [ -76.546516512753115, 3.320185165135766 ] } },
{ "type": "Feature", "properties": { "OBJECTID": 12514, "CE": "Traslape propio", "CT": "", "ESTAMPA_CC": "2026-05-26 14:46:01" }, "geometry": { "type": "Point", "coordinates": [ -76.568143744991744, 3.404269610702252 ] } },
{ "type": "Feature", "properties": { "OBJECTID": 12517, "CE": "NPN Manzana -> Terreno", "CT": "", "ESTAMPA_CC": "2026-05-26 14:46:01" }, "geometry": { "type": "Point", "coordinates": [ -76.512476566653817, 3.352802992807426 ] } },
{ "type": "Feature", "properties": { "OBJECTID": 12523, "CE": "Traslape propio", "CT": "", "ESTAMPA_CC": "2026-05-26 14:46:01" }, "geometry": { "type": "Point", "coordinates": [ -76.614632669945195, 3.528258235175459 ] } },
{ "type": "Feature", "properties": { "OBJECTID": 12557, "CE": "Traslape propio", "CT": "", "ESTAMPA_CC": "2026-05-26 14:46:01" }, "geometry": { "type": "Point", "coordinates": [ -76.548787864708459, 3.486707901896496 ] } },
{ "type": "Feature", "properties": { "OBJECTID": 12558, "CE": "Traslape propio", "CT": "", "ESTAMPA_CC": "2026-05-26 14:46:01" }, "geometry": { "type": "Point", "coordinates": [ -76.608261094940033, 3.484219724957557 ] } },
{ "type": "Feature", "properties": { "OBJECTID": 12560, "CE": "Traslape propio", "CT": "", "ESTAMPA_CC": "2026-05-26 14:46:01" }, "geometry": { "type": "Point", "coordinates": [ -76.607001276552936, 3.483152773039211 ] } },
{ "type": "Feature", "properties": { "OBJECTID": 12561, "CE": "Traslape propio", "CT": "", "ESTAMPA_CC": "2026-05-26 14:46:01" }, "geometry": { "type": "Point", "coordinates": [ -76.57499928860183, 3.385043617107516 ] } },
{ "type": "Feature", "properties": { "OBJECTID": 12562, "CE": "Traslape propio", "CT": "", "ESTAMPA_CC": "2026-05-26 14:46:01" }, "geometry": { "type": "Point", "coordinates": [ -76.609086106208338, 3.492803342765515 ] } },
{ "type": "Feature", "properties": { "OBJECTID": 12563, "CE": "Traslape propio", "CT": "", "ESTAMPA_CC": "2026-05-26 14:46:01" }, "geometry": { "type": "Point", "coordinates": [ -76.609704041442313, 3.493046057000823 ] } },
{ "type": "Feature", "properties": { "OBJECTID": 12568, "CE": "NPN Manzana -> Terreno", "CT": "", "ESTAMPA_CC": "2026-05-26 14:46:01" }, "geometry": { "type": "Point", "coordinates": [ -76.517420418640967, 3.352793636051442 ] } },
{ "type": "Feature", "properties": { "OBJECTID": 12569, "CE": "NPN Manzana -> Terreno", "CT": "", "ESTAMPA_CC": "2026-05-26 14:46:01" }, "geometry": { "type": "Point", "coordinates": [ -76.517398033838546, 3.352799334207854 ] } },
{ "type": "Feature", "properties": { "OBJECTID": 12592, "CE": "", "CT": "Terreno", "ESTAMPA_CC": "2026-05-26 14:46:01" }, "geometry": { "type": "Point", "coordinates": [ -76.582593908729763, 3.394209525480717 ] } },
{ "type": "Feature", "properties": { "OBJECTID": 12609, "CE": "Traslape propio", "CT": "", "ESTAMPA_CC": "2026-05-26 14:46:01" }, "geometry": { "type": "Point", "coordinates": [ -76.558759342742661, 3.445624161222574 ] } },
{ "type": "Feature", "properties": { "OBJECTID": 12611, "CE": "Error de área", "CT": "", "ESTAMPA_CC": "2026-05-26 14:46:01" }, "geometry": { "type": "Point", "coordinates": [ -76.588303593307103, 3.532448181875089 ] } },
{ "type": "Feature", "properties": { "OBJECTID": 12612, "CE": "Traslape propio", "CT": "", "ESTAMPA_CC": "2026-05-26 14:46:01" }, "geometry": { "type": "Point", "coordinates": [ -76.6035562724432, 3.503326301100026 ] } },
{ "type": "Feature", "properties": { "OBJECTID": 12619, "CE": "Traslape propio", "CT": "", "ESTAMPA_CC": "2026-05-26 14:46:01" }, "geometry": { "type": "Point", "coordinates": [ -76.510986893725232, 3.371502554106969 ] } },
{ "type": "Feature", "properties": { "OBJECTID": 12643, "CE": "Traslape propio", "CT": "", "ESTAMPA_CC": "2026-05-26 14:46:01" }, "geometry": { "type": "Point", "coordinates": [ -76.549002529585039, 3.327363765625008 ] } },
{ "type": "Feature", "properties": { "OBJECTID": 12651, "CE": "Traslape propio", "CT": "", "ESTAMPA_CC": "2026-05-26 14:46:01" }, "geometry": { "type": "Point", "coordinates": [ -76.62412940795474, 3.442525895268423 ] } },
{ "type": "Feature", "properties": { "OBJECTID": 12656, "CE": "Traslape propio", "CT": "", "ESTAMPA_CC": "2026-05-26 14:46:01" }, "geometry": { "type": "Point", "coordinates": [ -76.544031707720464, 3.31869046009732 ] } },
{ "type": "Feature", "properties": { "OBJECTID": 12658, "CE": "Traslape propio", "CT": "", "ESTAMPA_CC": "2026-05-26 14:46:01" }, "geometry": { "type": "Point", "coordinates": [ -76.54476954456419, 3.318990276832434 ] } },
{ "type": "Feature", "properties": { "OBJECTID": 12662, "CE": "NPN Manzana -> Terreno", "CT": "", "ESTAMPA_CC": "2026-05-26 14:46:01" }, "geometry": { "type": "Point", "coordinates": [ -76.543478704587173, 3.456606870085606 ] } },
{ "type": "Feature", "properties": { "OBJECTID": 12668, "CE": "NPN Manzana -> Terreno", "CT": "", "ESTAMPA_CC": "2026-05-26 14:46:01" }, "geometry": { "type": "Point", "coordinates": [ -76.511404946526696, 3.348264816988245 ] } },
{ "type": "Feature", "properties": { "OBJECTID": 12670, "CE": "Traslape propio; NPN Manzana -> Terreno", "CT": "", "ESTAMPA_CC": "2026-05-26 14:46:01" }, "geometry": { "type": "Point", "coordinates": [ -76.508555089209793, 3.369623891133474 ] } },
{ "type": "Feature", "properties": { "OBJECTID": 12671, "CE": "Traslape propio; NPN Manzana -> Terreno", "CT": "", "ESTAMPA_CC": "2026-05-26 14:46:01" }, "geometry": { "type": "Point", "coordinates": [ -76.522405460052411, 3.344716301080516 ] } },
{ "type": "Feature", "properties": { "OBJECTID": 12672, "CE": "NPN Manzana -> Terreno", "CT": "", "ESTAMPA_CC": "2026-05-26 14:46:01" }, "geometry": { "type": "Point", "coordinates": [ -76.514304307013333, 3.346671982038719 ] } },
{ "type": "Feature", "properties": { "OBJECTID": 12673, "CE": "NPN Manzana -> Terreno", "CT": "", "ESTAMPA_CC": "2026-05-26 14:46:01" }, "geometry": { "type": "Point", "coordinates": [ -76.513207101707948, 3.347052637145279 ] } },
{ "type": "Feature", "properties": { "OBJECTID": 12674, "CE": "", "CT": "Terreno", "ESTAMPA_CC": "2026-05-26 14:46:01" }, "geometry": { "type": "Point", "coordinates": [ -76.5300964310876, 3.333971655011637 ] } },
{ "type": "Feature", "properties": { "OBJECTID": 12678, "CE": "Traslape propio", "CT": "", "ESTAMPA_CC": "2026-05-26 14:46:01" }, "geometry": { "type": "Point", "coordinates": [ -76.509655568361651, 3.370681933487503 ] } },
{ "type": "Feature", "properties": { "OBJECTID": 12687, "CE": "NPN Manzana -> Terreno", "CT": "", "ESTAMPA_CC": "2026-05-26 14:46:01" }, "geometry": { "type": "Point", "coordinates": [ -76.517220043772625, 3.352833802830526 ] } },
{ "type": "Feature", "properties": { "OBJECTID": 12688, "CE": "Traslape propio", "CT": "", "ESTAMPA_CC": "2026-05-26 14:46:01" }, "geometry": { "type": "Point", "coordinates": [ -76.547557926277847, 3.321213917661749 ] } },
{ "type": "Feature", "properties": { "OBJECTID": 12690, "CE": "Traslape propio", "CT": "", "ESTAMPA_CC": "2026-05-26 14:46:01" }, "geometry": { "type": "Point", "coordinates": [ -76.511382109757591, 3.367762990099529 ] } },
{ "type": "Feature", "properties": { "OBJECTID": 12696, "CE": "Traslape propio", "CT": "", "ESTAMPA_CC": "2026-05-26 14:46:01" }, "geometry": { "type": "Point", "coordinates": [ -76.510937139137269, 3.371502554056027 ] } },
{ "type": "Feature", "properties": { "OBJECTID": 12706, "CE": "Traslape propio; NPN Manzana -> Terreno", "CT": "", "ESTAMPA_CC": "2026-05-26 14:46:01" }, "geometry": { "type": "Point", "coordinates": [ -76.519017905881711, 3.346214771736009 ] } },
{ "type": "Feature", "properties": { "OBJECTID": 12710, "CE": "Traslape propio", "CT": "", "ESTAMPA_CC": "2026-05-26 14:46:01" }, "geometry": { "type": "Point", "coordinates": [ -76.554520290946613, 3.441719338371604 ] } },
{ "type": "Feature", "properties": { "OBJECTID": 12712, "CE": "Traslape propio", "CT": "", "ESTAMPA_CC": "2026-05-26 14:46:01" }, "geometry": { "type": "Point", "coordinates": [ -76.484773961267095, 3.358861678399022 ] } },
{ "type": "Feature", "properties": { "OBJECTID": 12717, "CE": "Traslape propio; NPN Manzana -> Terreno", "CT": "", "ESTAMPA_CC": "2026-05-26 14:46:01" }, "geometry": { "type": "Point", "coordinates": [ -76.52131774491238, 3.343689334366073 ] } },
{ "type": "Feature", "properties": { "OBJECTID": 12718, "CE": "Traslape propio; NPN Manzana -> Terreno", "CT": "", "ESTAMPA_CC": "2026-05-26 14:46:01" }, "geometry": { "type": "Point", "coordinates": [ -76.521349410656214, 3.344821420071495 ] } },
{ "type": "Feature", "properties": { "OBJECTID": 12754, "CE": "Traslape propio", "CT": "", "ESTAMPA_CC": "2026-05-26 14:46:01" }, "geometry": { "type": "Point", "coordinates": [ -76.555634032343292, 3.471634247124204 ] } },
{ "type": "Feature", "properties": { "OBJECTID": 12780, "CE": "Traslape propio", "CT": "", "ESTAMPA_CC": "2026-05-26 14:46:01" }, "geometry": { "type": "Point", "coordinates": [ -76.549253770670376, 3.482988130914105 ] } },
{ "type": "Feature", "properties": { "OBJECTID": 12799, "CE": "Traslape propio", "CT": "", "ESTAMPA_CC": "2026-05-26 14:46:01" }, "geometry": { "type": "Point", "coordinates": [ -76.575792888956528, 3.429984920567235 ] } },
{ "type": "Feature", "properties": { "OBJECTID": 12801, "CE": "NPN Manzana -> Terreno", "CT": "", "ESTAMPA_CC": "2026-05-26 14:46:01" }, "geometry": { "type": "Point", "coordinates": [ -76.514764096924452, 3.355548859618703 ] } },
{ "type": "Feature", "properties": { "OBJECTID": 12803, "CE": "NPN Manzana -> Terreno", "CT": "", "ESTAMPA_CC": "2026-05-26 14:46:01" }, "geometry": { "type": "Point", "coordinates": [ -76.496528676004004, 3.345321008033747 ] } },
{ "type": "Feature", "properties": { "OBJECTID": 12815, "CE": "Traslape propio; NPN Manzana -> Terreno", "CT": "", "ESTAMPA_CC": "2026-05-26 14:46:01" }, "geometry": { "type": "Point", "coordinates": [ -76.50849905277326, 3.367187833032656 ] } },
{ "type": "Feature", "properties": { "OBJECTID": 12816, "CE": "NPN Manzana -> Terreno", "CT": "", "ESTAMPA_CC": "2026-05-26 14:46:01" }, "geometry": { "type": "Point", "coordinates": [ -76.489785459466987, 3.346334833552367 ] } },
{ "type": "Feature", "properties": { "OBJECTID": 12825, "CE": "NPN Manzana -> Terreno", "CT": "", "ESTAMPA_CC": "2026-05-26 14:46:01" }, "geometry": { "type": "Point", "coordinates": [ -76.523239808594681, 3.3538011754529 ] } },
{ "type": "Feature", "properties": { "OBJECTID": 12830, "CE": "Traslape propio", "CT": "", "ESTAMPA_CC": "2026-05-26 14:46:01" }, "geometry": { "type": "Point", "coordinates": [ -76.540312428355378, 3.283592271647773 ] } },
{ "type": "Feature", "properties": { "OBJECTID": 12831, "CE": "Traslape propio", "CT": "", "ESTAMPA_CC": "2026-05-26 14:46:01" }, "geometry": { "type": "Point", "coordinates": [ -76.562400861416805, 3.431058894593487 ] } },
{ "type": "Feature", "properties": { "OBJECTID": 12844, "CE": "NPN Manzana -> Terreno", "CT": "", "ESTAMPA_CC": "2026-05-26 14:46:01" }, "geometry": { "type": "Point", "coordinates": [ -76.521435890280387, 3.355772712864766 ] } },
{ "type": "Feature", "properties": { "OBJECTID": 12855, "CE": "Traslape propio", "CT": "", "ESTAMPA_CC": "2026-05-26 14:46:01" }, "geometry": { "type": "Point", "coordinates": [ -76.574822666807307, 3.42513733416412 ] } },
{ "type": "Feature", "properties": { "OBJECTID": 12859, "CE": "Traslape propio; NPN Manzana -> Terreno", "CT": "", "ESTAMPA_CC": "2026-05-26 14:46:01" }, "geometry": { "type": "Point", "coordinates": [ -76.519995769699676, 3.353451991984407 ] } },
{ "type": "Feature", "properties": { "OBJECTID": 12871, "CE": "NPN Manzana -> Terreno", "CT": "", "ESTAMPA_CC": "2026-05-26 14:46:01" }, "geometry": { "type": "Point", "coordinates": [ -76.522432983688944, 3.355831104274268 ] } },
{ "type": "Feature", "properties": { "OBJECTID": 12881, "CE": "Traslape propio", "CT": "", "ESTAMPA_CC": "2026-05-26 14:46:01" }, "geometry": { "type": "Point", "coordinates": [ -76.528780391532422, 3.32496331289544 ] } },
{ "type": "Feature", "properties": { "OBJECTID": 12899, "CE": "Traslape propio", "CT": "", "ESTAMPA_CC": "2026-05-26 14:46:01" }, "geometry": { "type": "Point", "coordinates": [ -76.557103071929475, 3.469538257328938 ] } },
{ "type": "Feature", "properties": { "OBJECTID": 12900, "CE": "Traslape propio", "CT": "", "ESTAMPA_CC": "2026-05-26 14:46:01" }, "geometry": { "type": "Point", "coordinates": [ -76.556845134783984, 3.362930678342607 ] } },
{ "type": "Feature", "properties": { "OBJECTID": 12908, "CE": "", "CT": "Terreno", "ESTAMPA_CC": "2026-05-26 14:46:01" }, "geometry": { "type": "Point", "coordinates": [ -76.5351050553856, 3.326002648810316 ] } },
{ "type": "Feature", "properties": { "OBJECTID": 12916, "CE": "NPN Manzana -> Terreno", "CT": "", "ESTAMPA_CC": "2026-05-26 14:46:01" }, "geometry": { "type": "Point", "coordinates": [ -76.511048411751389, 3.348405357333174 ] } },
{ "type": "Feature", "properties": { "OBJECTID": 12926, "CE": "Traslape propio", "CT": "", "ESTAMPA_CC": "2026-05-26 14:46:01" }, "geometry": { "type": "Point", "coordinates": [ -76.549044721612631, 3.48704348810192 ] } },
{ "type": "Feature", "properties": { "OBJECTID": 12941, "CE": "Traslape propio", "CT": "", "ESTAMPA_CC": "2026-05-26 14:46:01" }, "geometry": { "type": "Point", "coordinates": [ -76.570287245242241, 3.399577237967126 ] } },
{ "type": "Feature", "properties": { "OBJECTID": 12944, "CE": "Traslape propio; NPN Manzana -> Terreno", "CT": "", "ESTAMPA_CC": "2026-05-26 14:46:01" }, "geometry": { "type": "Point", "coordinates": [ -76.506283606049948, 3.375208863649224 ] } },
{ "type": "Feature", "properties": { "OBJECTID": 12945, "CE": "Traslape propio; NPN Manzana -> Terreno", "CT": "", "ESTAMPA_CC": "2026-05-26 14:46:01" }, "geometry": { "type": "Point", "coordinates": [ -76.505011295393899, 3.372369096644739 ] } },
{ "type": "Feature", "properties": { "OBJECTID": 12946, "CE": "NPN Manzana -> Terreno", "CT": "", "ESTAMPA_CC": "2026-05-26 14:46:01" }, "geometry": { "type": "Point", "coordinates": [ -76.505263471534661, 3.373179531654646 ] } },
{ "type": "Feature", "properties": { "OBJECTID": 12947, "CE": "NPN Manzana -> Terreno", "CT": "", "ESTAMPA_CC": "2026-05-26 14:46:01" }, "geometry": { "type": "Point", "coordinates": [ -76.505086356388389, 3.356161881554558 ] } },
{ "type": "Feature", "properties": { "OBJECTID": 12952, "CE": "Traslape propio", "CT": "", "ESTAMPA_CC": "2026-05-26 14:46:01" }, "geometry": { "type": "Point", "coordinates": [ -76.573095413172879, 3.494581651162056 ] } },
{ "type": "Feature", "properties": { "OBJECTID": 12955, "CE": "NPN Manzana -> Terreno", "CT": "", "ESTAMPA_CC": "2026-05-26 14:46:01" }, "geometry": { "type": "Point", "coordinates": [ -76.511659690380256, 3.348584859790397 ] } },
{ "type": "Feature", "properties": { "OBJECTID": 12963, "CE": "Traslape propio", "CT": "", "ESTAMPA_CC": "2026-05-26 14:46:01" }, "geometry": { "type": "Point", "coordinates": [ -76.540519764380306, 3.32622627968574 ] } },
{ "type": "Feature", "properties": { "OBJECTID": 12979, "CE": "Traslape propio", "CT": "", "ESTAMPA_CC": "2026-05-26 14:46:01" }, "geometry": { "type": "Point", "coordinates": [ -76.577636962768551, 3.45942071069257 ] } },
{ "type": "Feature", "properties": { "OBJECTID": 12980, "CE": "Traslape propio; NPN Manzana -> Terreno", "CT": "", "ESTAMPA_CC": "2026-05-26 14:46:01" }, "geometry": { "type": "Point", "coordinates": [ -76.506110915635062, 3.357406426288553 ] } },
{ "type": "Feature", "properties": { "OBJECTID": 12981, "CE": "Traslape propio; NPN Manzana -> Terreno", "CT": "", "ESTAMPA_CC": "2026-05-26 14:46:01" }, "geometry": { "type": "Point", "coordinates": [ -76.503489112244282, 3.354002313335325 ] } },
{ "type": "Feature", "properties": { "OBJECTID": 12982, "CE": "Traslape propio; NPN Manzana -> Terreno", "CT": "", "ESTAMPA_CC": "2026-05-26 14:46:01" }, "geometry": { "type": "Point", "coordinates": [ -76.506065003673825, 3.35673526722889 ] } },
{ "type": "Feature", "properties": { "OBJECTID": 12983, "CE": "Traslape propio", "CT": "", "ESTAMPA_CC": "2026-05-26 14:46:01" }, "geometry": { "type": "Point", "coordinates": [ -76.577305578817942, 3.489380663045116 ] } },
{ "type": "Feature", "properties": { "OBJECTID": 12998, "CE": "Traslape propio; NPN Manzana -> Terreno", "CT": "", "ESTAMPA_CC": "2026-05-26 14:46:01" }, "geometry": { "type": "Point", "coordinates": [ -76.523206629635155, 3.360488349972509 ] } },
{ "type": "Feature", "properties": { "OBJECTID": 12999, "CE": "Traslape propio", "CT": "", "ESTAMPA_CC": "2026-05-26 14:46:01" }, "geometry": { "type": "Point", "coordinates": [ -76.577832559516935, 3.398978810161517 ] } },
{ "type": "Feature", "properties": { "OBJECTID": 13012, "CE": "Traslape propio", "CT": "Terreno; Número Unidad; Llave IDTERRENO", "ESTAMPA_CC": "2026-05-26 14:46:01" }, "geometry": { "type": "Point", "coordinates": [ -76.552893854831808, 3.485193457589218 ] } },
{ "type": "Feature", "properties": { "OBJECTID": 13014, "CE": "", "CT": "Terreno", "ESTAMPA_CC": "2026-05-26 14:46:01" }, "geometry": { "type": "Point", "coordinates": [ -76.528721230401743, 3.33458999141445 ] } },
{ "type": "Feature", "properties": { "OBJECTID": 13024, "CE": "Traslape propio; NPN Manzana -> Terreno", "CT": "", "ESTAMPA_CC": "2026-05-26 14:46:01" }, "geometry": { "type": "Point", "coordinates": [ -76.505132643763815, 3.368665550186277 ] } },
{ "type": "Feature", "properties": { "OBJECTID": 13026, "CE": "NPN Manzana -> Terreno", "CT": "", "ESTAMPA_CC": "2026-05-26 14:46:01" }, "geometry": { "type": "Point", "coordinates": [ -76.523048341901088, 3.357749261424242 ] } },
{ "type": "Feature", "properties": { "OBJECTID": 13049, "CE": "", "CT": "Terreno", "ESTAMPA_CC": "2026-05-26 14:46:01" }, "geometry": { "type": "Point", "coordinates": [ -76.536849482014773, 3.30851297584009 ] } },
{ "type": "Feature", "properties": { "OBJECTID": 13050, "CE": "NPN Manzana -> Terreno", "CT": "", "ESTAMPA_CC": "2026-05-26 14:46:01" }, "geometry": { "type": "Point", "coordinates": [ -76.517971103089522, 3.355076575723311 ] } },
{ "type": "Feature", "properties": { "OBJECTID": 13072, "CE": "NPN Manzana -> Terreno", "CT": "", "ESTAMPA_CC": "2026-05-26 14:46:01" }, "geometry": { "type": "Point", "coordinates": [ -76.511349538371931, 3.353271939607683 ] } },
{ "type": "Feature", "properties": { "OBJECTID": 13073, "CE": "NPN Manzana -> Terreno", "CT": "", "ESTAMPA_CC": "2026-05-26 14:46:01" }, "geometry": { "type": "Point", "coordinates": [ -76.516819040544888, 3.34859587965332 ] } },
{ "type": "Feature", "properties": { "OBJECTID": 13075, "CE": "Traslape propio; NPN Manzana -> Terreno", "CT": "", "ESTAMPA_CC": "2026-05-26 14:46:01" }, "geometry": { "type": "Point", "coordinates": [ -76.512661627030326, 3.360219526504669 ] } },
{ "type": "Feature", "properties": { "OBJECTID": 13077, "CE": "Traslape propio", "CT": "", "ESTAMPA_CC": "2026-05-26 14:46:01" }, "geometry": { "type": "Point", "coordinates": [ -76.543505160307177, 3.492240976521972 ] } },
{ "type": "Feature", "properties": { "OBJECTID": 13080, "CE": "Traslape propio; NPN Manzana -> Terreno", "CT": "", "ESTAMPA_CC": "2026-05-26 14:46:01" }, "geometry": { "type": "Point", "coordinates": [ -76.517945515882161, 3.345645533133131 ] } },
{ "type": "Feature", "properties": { "OBJECTID": 13081, "CE": "NPN Manzana -> Terreno", "CT": "", "ESTAMPA_CC": "2026-05-26 14:46:01" }, "geometry": { "type": "Point", "coordinates": [ -76.521832017424984, 3.34411394423622 ] } },
{ "type": "Feature", "properties": { "OBJECTID": 13087, "CE": "Traslape propio", "CT": "", "ESTAMPA_CC": "2026-05-26 14:46:01" }, "geometry": { "type": "Point", "coordinates": [ -76.632817283537605, 3.463285642649345 ] } },
{ "type": "Feature", "properties": { "OBJECTID": 13104, "CE": "Traslape propio", "CT": "", "ESTAMPA_CC": "2026-05-26 14:46:01" }, "geometry": { "type": "Point", "coordinates": [ -76.616868469223547, 3.328274034383366 ] } },
{ "type": "Feature", "properties": { "OBJECTID": 13110, "CE": "Traslape propio", "CT": "", "ESTAMPA_CC": "2026-05-26 14:46:01" }, "geometry": { "type": "Point", "coordinates": [ -76.605949293806461, 3.492130118412574 ] } },
{ "type": "Feature", "properties": { "OBJECTID": 13118, "CE": "Traslape propio", "CT": "", "ESTAMPA_CC": "2026-05-26 14:46:01" }, "geometry": { "type": "Point", "coordinates": [ -76.557178480416781, 3.469591696812657 ] } },
{ "type": "Feature", "properties": { "OBJECTID": 13126, "CE": "NPN Manzana -> Terreno", "CT": "", "ESTAMPA_CC": "2026-05-26 14:46:01" }, "geometry": { "type": "Point", "coordinates": [ -76.518210704402009, 3.358803600373585 ] } },
{ "type": "Feature", "properties": { "OBJECTID": 13128, "CE": "Traslape propio", "CT": "", "ESTAMPA_CC": "2026-05-26 14:46:01" }, "geometry": { "type": "Point", "coordinates": [ -76.553519394195874, 3.3483016134226 ] } },
{ "type": "Feature", "properties": { "OBJECTID": 13131, "CE": "Traslape propio", "CT": "", "ESTAMPA_CC": "2026-05-26 14:46:01" }, "geometry": { "type": "Point", "coordinates": [ -76.510924117252472, 3.365631146963163 ] } },
{ "type": "Feature", "properties": { "OBJECTID": 13139, "CE": "Traslape propio", "CT": "", "ESTAMPA_CC": "2026-05-26 14:46:01" }, "geometry": { "type": "Point", "coordinates": [ -76.565948307864545, 3.407939622908956 ] } },
{ "type": "Feature", "properties": { "OBJECTID": 13145, "CE": "", "CT": "Terreno", "ESTAMPA_CC": "2026-05-26 14:46:01" }, "geometry": { "type": "Point", "coordinates": [ -76.533881373488526, 3.317512184499515 ] } },
{ "type": "Feature", "properties": { "OBJECTID": 13148, "CE": "NPN Manzana -> Terreno", "CT": "", "ESTAMPA_CC": "2026-05-26 14:46:01" }, "geometry": { "type": "Point", "coordinates": [ -76.510154381037339, 3.351990021099012 ] } },
{ "type": "Feature", "properties": { "OBJECTID": 13149, "CE": "Traslape propio; NPN Manzana -> Terreno", "CT": "", "ESTAMPA_CC": "2026-05-26 14:46:01" }, "geometry": { "type": "Point", "coordinates": [ -76.510787311261254, 3.351806992733482 ] } },
{ "type": "Feature", "properties": { "OBJECTID": 13153, "CE": "NPN Manzana -> Terreno", "CT": "", "ESTAMPA_CC": "2026-05-26 14:46:01" }, "geometry": { "type": "Point", "coordinates": [ -76.573564119433243, 3.406585845687369 ] } },
{ "type": "Feature", "properties": { "OBJECTID": 13155, "CE": "NPN Manzana -> Terreno", "CT": "", "ESTAMPA_CC": "2026-05-26 14:46:01" }, "geometry": { "type": "Point", "coordinates": [ -76.492284198671669, 3.341859162582633 ] } },
{ "type": "Feature", "properties": { "OBJECTID": 13166, "CE": "Traslape propio", "CT": "", "ESTAMPA_CC": "2026-05-26 14:46:01" }, "geometry": { "type": "Point", "coordinates": [ -76.572080202268339, 3.384289792906451 ] } },
{ "type": "Feature", "properties": { "OBJECTID": 13167, "CE": "Traslape propio", "CT": "", "ESTAMPA_CC": "2026-05-26 14:46:01" }, "geometry": { "type": "Point", "coordinates": [ -76.54014772188269, 3.330343287631671 ] } },
{ "type": "Feature", "properties": { "OBJECTID": 13170, "CE": "Traslape propio", "CT": "", "ESTAMPA_CC": "2026-05-26 14:46:01" }, "geometry": { "type": "Point", "coordinates": [ -76.578638813025506, 3.460381694734116 ] } },
{ "type": "Feature", "properties": { "OBJECTID": 13190, "CE": "NPN Manzana -> Terreno", "CT": "", "ESTAMPA_CC": "2026-05-26 14:46:01" }, "geometry": { "type": "Point", "coordinates": [ -76.516947258517476, 3.345539082259136 ] } },
{ "type": "Feature", "properties": { "OBJECTID": 13191, "CE": "NPN Manzana -> Terreno", "CT": "", "ESTAMPA_CC": "2026-05-26 14:46:01" }, "geometry": { "type": "Point", "coordinates": [ -76.519029691153406, 3.344580557243318 ] } },
{ "type": "Feature", "properties": { "OBJECTID": 13195, "CE": "Traslape propio", "CT": "", "ESTAMPA_CC": "2026-05-26 14:46:01" }, "geometry": { "type": "Point", "coordinates": [ -76.560905329238579, 3.354242397128913 ] } },
{ "type": "Feature", "properties": { "OBJECTID": 13196, "CE": "Traslape propio", "CT": "", "ESTAMPA_CC": "2026-05-26 14:46:01" }, "geometry": { "type": "Point", "coordinates": [ -76.55993404307975, 3.35448831447677 ] } },
{ "type": "Feature", "properties": { "OBJECTID": 13197, "CE": "Traslape propio", "CT": "", "ESTAMPA_CC": "2026-05-26 14:46:01" }, "geometry": { "type": "Point", "coordinates": [ -76.559698358214817, 3.356582225100409 ] } },
{ "type": "Feature", "properties": { "OBJECTID": 13198, "CE": "Traslape propio", "CT": "", "ESTAMPA_CC": "2026-05-26 14:46:01" }, "geometry": { "type": "Point", "coordinates": [ -76.559530909078774, 3.353868155726269 ] } },
{ "type": "Feature", "properties": { "OBJECTID": 13206, "CE": "Traslape propio; NPN Manzana -> Terreno", "CT": "", "ESTAMPA_CC": "2026-05-26 14:46:01" }, "geometry": { "type": "Point", "coordinates": [ -76.503489950579805, 3.352098800470981 ] } },
{ "type": "Feature", "properties": { "OBJECTID": 13216, "CE": "Traslape propio", "CT": "", "ESTAMPA_CC": "2026-05-26 14:46:01" }, "geometry": { "type": "Point", "coordinates": [ -76.535481714972164, 3.323920138098467 ] } },
{ "type": "Feature", "properties": { "OBJECTID": 13219, "CE": "Traslape propio; NPN Manzana -> Terreno", "CT": "", "ESTAMPA_CC": "2026-05-26 14:46:01" }, "geometry": { "type": "Point", "coordinates": [ -76.508836369113027, 3.368137175882836 ] } },
{ "type": "Feature", "properties": { "OBJECTID": 13220, "CE": "Traslape propio; NPN Manzana -> Terreno", "CT": "", "ESTAMPA_CC": "2026-05-26 14:46:01" }, "geometry": { "type": "Point", "coordinates": [ -76.508180550135194, 3.366903794011578 ] } },
{ "type": "Feature", "properties": { "OBJECTID": 13221, "CE": "Traslape propio; NPN Manzana -> Terreno", "CT": "", "ESTAMPA_CC": "2026-05-26 14:46:01" }, "geometry": { "type": "Point", "coordinates": [ -76.504809005311017, 3.368831596940276 ] } },
{ "type": "Feature", "properties": { "OBJECTID": 13222, "CE": "Traslape propio; NPN Manzana -> Terreno", "CT": "", "ESTAMPA_CC": "2026-05-26 14:46:01" }, "geometry": { "type": "Point", "coordinates": [ -76.504604490845409, 3.369918178404987 ] } },
{ "type": "Feature", "properties": { "OBJECTID": 13223, "CE": "Traslape propio; NPN Manzana -> Terreno", "CT": "", "ESTAMPA_CC": "2026-05-26 14:46:01" }, "geometry": { "type": "Point", "coordinates": [ -76.505078707220335, 3.368793341310417 ] } },
{ "type": "Feature", "properties": { "OBJECTID": 13224, "CE": "Traslape propio; NPN Manzana -> Terreno", "CT": "", "ESTAMPA_CC": "2026-05-26 14:46:01" }, "geometry": { "type": "Point", "coordinates": [ -76.505711273041385, 3.369967245269275 ] } },
{ "type": "Feature", "properties": { "OBJECTID": 13225, "CE": "Traslape propio; NPN Manzana -> Terreno", "CT": "", "ESTAMPA_CC": "2026-05-26 14:46:01" }, "geometry": { "type": "Point", "coordinates": [ -76.507074502065862, 3.366909706840882 ] } },
{ "type": "Feature", "properties": { "OBJECTID": 13232, "CE": "Traslape propio; NPN Manzana -> Terreno", "CT": "", "ESTAMPA_CC": "2026-05-26 14:46:01" }, "geometry": { "type": "Point", "coordinates": [ -76.518655755478207, 3.347811294713774 ] } },
{ "type": "Feature", "properties": { "OBJECTID": 13233, "CE": "NPN Manzana -> Terreno", "CT": "", "ESTAMPA_CC": "2026-05-26 14:46:01" }, "geometry": { "type": "Point", "coordinates": [ -76.519929630635502, 3.34477396582373 ] } },
{ "type": "Feature", "properties": { "OBJECTID": 13237, "CE": "Traslape propio", "CT": "", "ESTAMPA_CC": "2026-05-26 14:46:01" }, "geometry": { "type": "Point", "coordinates": [ -76.60596531403651, 3.331634728161117 ] } },
{ "type": "Feature", "properties": { "OBJECTID": 13253, "CE": "Traslape propio", "CT": "", "ESTAMPA_CC": "2026-05-26 14:46:01" }, "geometry": { "type": "Point", "coordinates": [ -76.550958775906636, 3.48112229430199 ] } },
{ "type": "Feature", "properties": { "OBJECTID": 13263, "CE": "Traslape propio; NPN Manzana -> Terreno", "CT": "", "ESTAMPA_CC": "2026-05-26 14:46:01" }, "geometry": { "type": "Point", "coordinates": [ -76.521061029883839, 3.345278686556588 ] } },
{ "type": "Feature", "properties": { "OBJECTID": 13274, "CE": "NPN Manzana -> Terreno", "CT": "", "ESTAMPA_CC": "2026-05-26 14:46:01" }, "geometry": { "type": "Point", "coordinates": [ -76.519906459670594, 3.345134621226775 ] } },
{ "type": "Feature", "properties": { "OBJECTID": 13280, "CE": "NPN Manzana -> Terreno", "CT": "", "ESTAMPA_CC": "2026-05-26 14:46:01" }, "geometry": { "type": "Point", "coordinates": [ -76.516264805011602, 3.357957409910934 ] } },
{ "type": "Feature", "properties": { "OBJECTID": 13282, "CE": "Traslape propio", "CT": "", "ESTAMPA_CC": "2026-05-26 14:46:01" }, "geometry": { "type": "Point", "coordinates": [ -76.512781891614736, 3.383909648312903 ] } },
{ "type": "Feature", "properties": { "OBJECTID": 13285, "CE": "Traslape propio", "CT": "", "ESTAMPA_CC": "2026-05-26 14:46:01" }, "geometry": { "type": "Point", "coordinates": [ -76.575404212577851, 3.425820798656717 ] } },
{ "type": "Feature", "properties": { "OBJECTID": 13295, "CE": "Traslape propio", "CT": "", "ESTAMPA_CC": "2026-05-26 14:46:01" }, "geometry": { "type": "Point", "coordinates": [ -76.544138734250922, 3.320573412570339 ] } },
{ "type": "Feature", "properties": { "OBJECTID": 13309, "CE": "NPN Manzana -> Terreno", "CT": "", "ESTAMPA_CC": "2026-05-26 14:46:01" }, "geometry": { "type": "Point", "coordinates": [ -76.522919784477608, 3.357271371248584 ] } },
{ "type": "Feature", "properties": { "OBJECTID": 13338, "CE": "Traslape propio", "CT": "", "ESTAMPA_CC": "2026-05-26 14:46:01" }, "geometry": { "type": "Point", "coordinates": [ -76.537230056172035, 3.328338985240928 ] } },
{ "type": "Feature", "properties": { "OBJECTID": 13339, "CE": "NPN Manzana -> Terreno", "CT": "", "ESTAMPA_CC": "2026-05-26 14:46:01" }, "geometry": { "type": "Point", "coordinates": [ -76.517884267250125, 3.356561589842231 ] } },
{ "type": "Feature", "properties": { "OBJECTID": 13341, "CE": "Traslape propio", "CT": "", "ESTAMPA_CC": "2026-05-26 14:46:01" }, "geometry": { "type": "Point", "coordinates": [ -76.556783899042728, 3.432822022586127 ] } },
{ "type": "Feature", "properties": { "OBJECTID": 13347, "CE": "Traslape propio", "CT": "", "ESTAMPA_CC": "2026-05-26 14:46:01" }, "geometry": { "type": "Point", "coordinates": [ -76.575533843449662, 3.395348573984863 ] } },
{ "type": "Feature", "properties": { "OBJECTID": 13349, "CE": "NPN Manzana -> Terreno", "CT": "", "ESTAMPA_CC": "2026-05-26 14:46:01" }, "geometry": { "type": "Point", "coordinates": [ -76.517333878697471, 3.352852449965701 ] } },
{ "type": "Feature", "properties": { "OBJECTID": 13354, "CE": "Traslape propio", "CT": "", "ESTAMPA_CC": "2026-05-26 14:46:01" }, "geometry": { "type": "Point", "coordinates": [ -76.54505956247651, 3.319033134972276 ] } },
{ "type": "Feature", "properties": { "OBJECTID": 13357, "CE": "Traslape propio", "CT": "", "ESTAMPA_CC": "2026-05-26 14:46:01" }, "geometry": { "type": "Point", "coordinates": [ -76.549912866428087, 3.322793057011274 ] } },
{ "type": "Feature", "properties": { "OBJECTID": 13361, "CE": "Traslape propio", "CT": "", "ESTAMPA_CC": "2026-05-26 14:46:01" }, "geometry": { "type": "Point", "coordinates": [ -76.54564677336603, 3.319659139278123 ] } },
{ "type": "Feature", "properties": { "OBJECTID": 13363, "CE": "Traslape propio", "CT": "", "ESTAMPA_CC": "2026-05-26 14:46:01" }, "geometry": { "type": "Point", "coordinates": [ -76.564425481352259, 3.378676143774444 ] } },
{ "type": "Feature", "properties": { "OBJECTID": 13371, "CE": "Traslape propio", "CT": "", "ESTAMPA_CC": "2026-05-26 14:46:01" }, "geometry": { "type": "Point", "coordinates": [ -76.575498907569738, 3.376168191098254 ] } },
{ "type": "Feature", "properties": { "OBJECTID": 13381, "CE": "Traslape propio", "CT": "", "ESTAMPA_CC": "2026-05-26 14:46:01" }, "geometry": { "type": "Point", "coordinates": [ -76.583582390303235, 3.421709722033996 ] } },
{ "type": "Feature", "properties": { "OBJECTID": 13397, "CE": "Traslape propio; NPN Manzana -> Terreno", "CT": "", "ESTAMPA_CC": "2026-05-26 14:46:01" }, "geometry": { "type": "Point", "coordinates": [ -76.506767237948736, 3.367881470488405 ] } },
{ "type": "Feature", "properties": { "OBJECTID": 13409, "CE": "Traslape propio", "CT": "", "ESTAMPA_CC": "2026-05-26 14:46:01" }, "geometry": { "type": "Point", "coordinates": [ -76.486329380450414, 3.402360464622266 ] } },
{ "type": "Feature", "properties": { "OBJECTID": 13414, "CE": "Traslape propio", "CT": "", "ESTAMPA_CC": "2026-05-26 14:46:01" }, "geometry": { "type": "Point", "coordinates": [ -76.616898821637776, 3.328165413187488 ] } },
{ "type": "Feature", "properties": { "OBJECTID": 13425, "CE": "Traslape propio", "CT": "", "ESTAMPA_CC": "2026-05-26 14:46:01" }, "geometry": { "type": "Point", "coordinates": [ -76.545083192999684, 3.311280182816385 ] } },
{ "type": "Feature", "properties": { "OBJECTID": 13432, "CE": "Traslape propio", "CT": "", "ESTAMPA_CC": "2026-05-26 14:46:01" }, "geometry": { "type": "Point", "coordinates": [ -76.544045048384703, 3.318925166383818 ] } },
{ "type": "Feature", "properties": { "OBJECTID": 13453, "CE": "Traslape propio", "CT": "", "ESTAMPA_CC": "2026-05-26 14:46:01" }, "geometry": { "type": "Point", "coordinates": [ -76.556727043161501, 3.337809553791828 ] } },
{ "type": "Feature", "properties": { "OBJECTID": 13467, "CE": "Traslape propio", "CT": "", "ESTAMPA_CC": "2026-05-26 14:46:01" }, "geometry": { "type": "Point", "coordinates": [ -76.596128032785927, 3.523725828704598 ] } },
{ "type": "Feature", "properties": { "OBJECTID": 13473, "CE": "Traslape propio", "CT": "", "ESTAMPA_CC": "2026-05-26 14:46:01" }, "geometry": { "type": "Point", "coordinates": [ -76.54485035333532, 3.319214955681738 ] } },
{ "type": "Feature", "properties": { "OBJECTID": 13474, "CE": "Traslape propio", "CT": "", "ESTAMPA_CC": "2026-05-26 14:46:01" }, "geometry": { "type": "Point", "coordinates": [ -76.544112052900175, 3.320103994574623 ] } },
{ "type": "Feature", "properties": { "OBJECTID": 13477, "CE": "Traslape propio", "CT": "", "ESTAMPA_CC": "2026-05-26 14:46:01" }, "geometry": { "type": "Point", "coordinates": [ -76.544811643129364, 3.319104035121153 ] } },
{ "type": "Feature", "properties": { "OBJECTID": 13479, "CE": "Traslape propio", "CT": "", "ESTAMPA_CC": "2026-05-26 14:46:01" }, "geometry": { "type": "Point", "coordinates": [ -76.544051718827788, 3.319042520657236 ] } },
{ "type": "Feature", "properties": { "OBJECTID": 13480, "CE": "Traslape propio", "CT": "", "ESTAMPA_CC": "2026-05-26 14:46:01" }, "geometry": { "type": "Point", "coordinates": [ -76.549937872967163, 3.322527914450589 ] } },
{ "type": "Feature", "properties": { "OBJECTID": 13481, "CE": "Traslape propio", "CT": "", "ESTAMPA_CC": "2026-05-26 14:46:01" }, "geometry": { "type": "Point", "coordinates": [ -76.550970665520339, 3.484042661595688 ] } },
{ "type": "Feature", "properties": { "OBJECTID": 13511, "CE": "Traslape propio", "CT": "", "ESTAMPA_CC": "2026-05-26 14:46:01" }, "geometry": { "type": "Point", "coordinates": [ -76.566533657802438, 3.369316794517677 ] } },
{ "type": "Feature", "properties": { "OBJECTID": 13516, "CE": "Traslape propio", "CT": "", "ESTAMPA_CC": "2026-05-26 14:46:01" }, "geometry": { "type": "Point", "coordinates": [ -76.500207940157125, 3.375961592030632 ] } },
{ "type": "Feature", "properties": { "OBJECTID": 13522, "CE": "Traslape propio", "CT": "", "ESTAMPA_CC": "2026-05-26 14:46:01" }, "geometry": { "type": "Point", "coordinates": [ -76.545558211941753, 3.319051934184515 ] } },
{ "type": "Feature", "properties": { "OBJECTID": 13534, "CE": "Traslape propio", "CT": "", "ESTAMPA_CC": "2026-05-26 14:46:01" }, "geometry": { "type": "Point", "coordinates": [ -76.485315840157682, 3.314325192401133 ] } },
{ "type": "Feature", "properties": { "OBJECTID": 13539, "CE": "Traslape propio", "CT": "", "ESTAMPA_CC": "2026-05-26 14:46:01" }, "geometry": { "type": "Point", "coordinates": [ -76.538073993728617, 3.328970710524483 ] } },
{ "type": "Feature", "properties": { "OBJECTID": 13543, "CE": "Traslape propio", "CT": "", "ESTAMPA_CC": "2026-05-26 14:46:01" }, "geometry": { "type": "Point", "coordinates": [ -76.572412147798445, 3.378850719087089 ] } },
{ "type": "Feature", "properties": { "OBJECTID": 13554, "CE": "Traslape propio", "CT": "", "ESTAMPA_CC": "2026-05-26 14:46:01" }, "geometry": { "type": "Point", "coordinates": [ -76.578401439793126, 3.398981964775148 ] } },
{ "type": "Feature", "properties": { "OBJECTID": 13568, "CE": "Traslape propio; NPN Manzana -> Terreno", "CT": "", "ESTAMPA_CC": "2026-05-26 14:46:01" }, "geometry": { "type": "Point", "coordinates": [ -76.509158311355321, 3.349943360604482 ] } },
{ "type": "Feature", "properties": { "OBJECTID": 13580, "CE": "Traslape propio", "CT": "", "ESTAMPA_CC": "2026-05-26 14:46:01" }, "geometry": { "type": "Point", "coordinates": [ -76.542891685793876, 3.459191297546848 ] } },
{ "type": "Feature", "properties": { "OBJECTID": 13587, "CE": "Traslape propio", "CT": "Terreno", "ESTAMPA_CC": "2026-05-26 14:46:01" }, "geometry": { "type": "Point", "coordinates": [ -76.545709840108273, 3.324666521628158 ] } },
{ "type": "Feature", "properties": { "OBJECTID": 13592, "CE": "Traslape propio", "CT": "Terreno", "ESTAMPA_CC": "2026-05-26 14:46:01" }, "geometry": { "type": "Point", "coordinates": [ -76.532969464149389, 3.311796809475835 ] } },
{ "type": "Feature", "properties": { "OBJECTID": 13593, "CE": "Traslape propio", "CT": "", "ESTAMPA_CC": "2026-05-26 14:46:01" }, "geometry": { "type": "Point", "coordinates": [ -76.563241159038938, 3.376584935751325 ] } },
{ "type": "Feature", "properties": { "OBJECTID": 13596, "CE": "NPN Manzana -> Terreno", "CT": "", "ESTAMPA_CC": "2026-05-26 14:46:01" }, "geometry": { "type": "Point", "coordinates": [ -76.511818521691268, 3.349780503699801 ] } },
{ "type": "Feature", "properties": { "OBJECTID": 13605, "CE": "Traslape propio; NPN Manzana -> Terreno", "CT": "", "ESTAMPA_CC": "2026-05-26 14:46:01" }, "geometry": { "type": "Point", "coordinates": [ -76.521574672243773, 3.3543398495659 ] } },
{ "type": "Feature", "properties": { "OBJECTID": 13610, "CE": "Traslape propio", "CT": "", "ESTAMPA_CC": "2026-05-26 14:46:01" }, "geometry": { "type": "Point", "coordinates": [ -76.544959580450211, 3.318210936739238 ] } },
{ "type": "Feature", "properties": { "OBJECTID": 13632, "CE": "Traslape propio", "CT": "", "ESTAMPA_CC": "2026-05-26 14:46:01" }, "geometry": { "type": "Point", "coordinates": [ -76.555340351056444, 3.472341820943898 ] } },
{ "type": "Feature", "properties": { "OBJECTID": 13634, "CE": "Traslape propio", "CT": "", "ESTAMPA_CC": "2026-05-26 14:46:01" }, "geometry": { "type": "Point", "coordinates": [ -76.552517566760955, 3.472769172585963 ] } },
{ "type": "Feature", "properties": { "OBJECTID": 13640, "CE": "Traslape propio", "CT": "", "ESTAMPA_CC": "2026-05-26 14:46:01" }, "geometry": { "type": "Point", "coordinates": [ -76.570123269000973, 3.396663568991778 ] } },
{ "type": "Feature", "properties": { "OBJECTID": 13659, "CE": "Traslape propio", "CT": "", "ESTAMPA_CC": "2026-05-26 14:46:01" }, "geometry": { "type": "Point", "coordinates": [ -76.554044433775488, 3.33970996421169 ] } },
{ "type": "Feature", "properties": { "OBJECTID": 13666, "CE": "Traslape propio", "CT": "", "ESTAMPA_CC": "2026-05-26 14:46:01" }, "geometry": { "type": "Point", "coordinates": [ -76.613593802340645, 3.529131605376269 ] } },
{ "type": "Feature", "properties": { "OBJECTID": 13669, "CE": "NPN Manzana -> Terreno", "CT": "", "ESTAMPA_CC": "2026-05-26 14:46:01" }, "geometry": { "type": "Point", "coordinates": [ -76.520478228312612, 3.355720485659511 ] } },
{ "type": "Feature", "properties": { "OBJECTID": 13670, "CE": "Traslape propio", "CT": "", "ESTAMPA_CC": "2026-05-26 14:46:01" }, "geometry": { "type": "Point", "coordinates": [ -76.553447980413324, 3.347945769887452 ] } },
{ "type": "Feature", "properties": { "OBJECTID": 13671, "CE": "NPN Manzana -> Terreno", "CT": "", "ESTAMPA_CC": "2026-05-26 14:46:01" }, "geometry": { "type": "Point", "coordinates": [ -76.562986904309781, 3.424727932134275 ] } },
{ "type": "Feature", "properties": { "OBJECTID": 13672, "CE": "Traslape propio", "CT": "", "ESTAMPA_CC": "2026-05-26 14:46:01" }, "geometry": { "type": "Point", "coordinates": [ -76.507873101484464, 3.381743023096786 ] } },
{ "type": "Feature", "properties": { "OBJECTID": 13678, "CE": "Traslape propio", "CT": "", "ESTAMPA_CC": "2026-05-26 14:46:01" }, "geometry": { "type": "Point", "coordinates": [ -76.567109155839191, 3.369786203224215 ] } },
{ "type": "Feature", "properties": { "OBJECTID": 13684, "CE": "Traslape propio; NPN Manzana -> Terreno", "CT": "", "ESTAMPA_CC": "2026-05-26 14:46:01" }, "geometry": { "type": "Point", "coordinates": [ -76.522814939153037, 3.347990656212867 ] } },
{ "type": "Feature", "properties": { "OBJECTID": 13690, "CE": "Traslape propio", "CT": "", "ESTAMPA_CC": "2026-05-26 14:46:01" }, "geometry": { "type": "Point", "coordinates": [ -76.606713361212016, 3.515396462841874 ] } },
{ "type": "Feature", "properties": { "OBJECTID": 13711, "CE": "Traslape propio", "CT": "", "ESTAMPA_CC": "2026-05-26 14:46:01" }, "geometry": { "type": "Point", "coordinates": [ -76.569199735836136, 3.396834438886376 ] } },
{ "type": "Feature", "properties": { "OBJECTID": 13722, "CE": "NPN Manzana -> Terreno", "CT": "", "ESTAMPA_CC": "2026-05-26 14:46:01" }, "geometry": { "type": "Point", "coordinates": [ -76.510135094012284, 3.349452649008481 ] } },
{ "type": "Feature", "properties": { "OBJECTID": 13727, "CE": "Traslape propio", "CT": "", "ESTAMPA_CC": "2026-05-26 14:46:01" }, "geometry": { "type": "Point", "coordinates": [ -76.549773251920413, 3.322478335337472 ] } },
{ "type": "Feature", "properties": { "OBJECTID": 13739, "CE": "Traslape propio", "CT": "", "ESTAMPA_CC": "2026-05-26 14:46:01" }, "geometry": { "type": "Point", "coordinates": [ -76.548738839101645, 3.317948597303584 ] } },
{ "type": "Feature", "properties": { "OBJECTID": 13742, "CE": "NPN Manzana -> Terreno", "CT": "", "ESTAMPA_CC": "2026-05-26 14:46:01" }, "geometry": { "type": "Point", "coordinates": [ -76.503536570464576, 3.352329380278622 ] } },
{ "type": "Feature", "properties": { "OBJECTID": 13743, "CE": "Traslape propio; NPN Manzana -> Terreno", "CT": "", "ESTAMPA_CC": "2026-05-26 14:46:01" }, "geometry": { "type": "Point", "coordinates": [ -76.503151555743415, 3.353131034432556 ] } },
{ "type": "Feature", "properties": { "OBJECTID": 13751, "CE": "NPN Manzana -> Terreno", "CT": "", "ESTAMPA_CC": "2026-05-26 14:46:01" }, "geometry": { "type": "Point", "coordinates": [ -76.517399241317648, 3.356532391021034 ] } },
{ "type": "Feature", "properties": { "OBJECTID": 13753, "CE": "NPN Manzana -> Terreno", "CT": "", "ESTAMPA_CC": "2026-05-26 14:46:01" }, "geometry": { "type": "Point", "coordinates": [ -76.536028407466205, 3.463250065419162 ] } },
{ "type": "Feature", "properties": { "OBJECTID": 13754, "CE": "Traslape propio", "CT": "", "ESTAMPA_CC": "2026-05-26 14:46:01" }, "geometry": { "type": "Point", "coordinates": [ -76.560766768143125, 3.312738020518843 ] } },
{ "type": "Feature", "properties": { "OBJECTID": 13755, "CE": "Traslape propio", "CT": "", "ESTAMPA_CC": "2026-05-26 14:46:01" }, "geometry": { "type": "Point", "coordinates": [ -76.545394252414539, 3.320571108324844 ] } },
{ "type": "Feature", "properties": { "OBJECTID": 13764, "CE": "Traslape propio", "CT": "", "ESTAMPA_CC": "2026-05-26 14:46:01" }, "geometry": { "type": "Point", "coordinates": [ -76.561741236876088, 3.354330131811988 ] } },
{ "type": "Feature", "properties": { "OBJECTID": 13765, "CE": "Traslape propio", "CT": "", "ESTAMPA_CC": "2026-05-26 14:46:01" }, "geometry": { "type": "Point", "coordinates": [ -76.560425440786105, 3.35435552031494 ] } },
{ "type": "Feature", "properties": { "OBJECTID": 13767, "CE": "Traslape propio; NPN Manzana -> Terreno", "CT": "Terreno", "ESTAMPA_CC": "2026-05-26 14:46:01" }, "geometry": { "type": "Point", "coordinates": [ -76.508044372189715, 3.366436938766873 ] } },
{ "type": "Feature", "properties": { "OBJECTID": 13773, "CE": "Traslape propio", "CT": "", "ESTAMPA_CC": "2026-05-26 14:46:01" }, "geometry": { "type": "Point", "coordinates": [ -76.640255523414496, 3.454676006441436 ] } },
{ "type": "Feature", "properties": { "OBJECTID": 13774, "CE": "Traslape propio", "CT": "", "ESTAMPA_CC": "2026-05-26 14:46:01" }, "geometry": { "type": "Point", "coordinates": [ -76.612095910562672, 3.475397113007267 ] } },
{ "type": "Feature", "properties": { "OBJECTID": 13775, "CE": "Traslape propio", "CT": "", "ESTAMPA_CC": "2026-05-26 14:46:01" }, "geometry": { "type": "Point", "coordinates": [ -76.61185183493491, 3.475005858737086 ] } },
{ "type": "Feature", "properties": { "OBJECTID": 13778, "CE": "Traslape propio", "CT": "", "ESTAMPA_CC": "2026-05-26 14:46:01" }, "geometry": { "type": "Point", "coordinates": [ -76.547883264139344, 3.487396218020409 ] } },
{ "type": "Feature", "properties": { "OBJECTID": 13787, "CE": "Traslape propio", "CT": "", "ESTAMPA_CC": "2026-05-26 14:46:01" }, "geometry": { "type": "Point", "coordinates": [ -76.551729706398831, 3.475637884519219 ] } },
{ "type": "Feature", "properties": { "OBJECTID": 13802, "CE": "Traslape propio", "CT": "", "ESTAMPA_CC": "2026-05-26 14:46:01" }, "geometry": { "type": "Point", "coordinates": [ -76.548128640735996, 3.312898057740481 ] } },
{ "type": "Feature", "properties": { "OBJECTID": 13805, "CE": "Traslape propio", "CT": "", "ESTAMPA_CC": "2026-05-26 14:46:01" }, "geometry": { "type": "Point", "coordinates": [ -76.545239281598953, 3.31963019856784 ] } },
{ "type": "Feature", "properties": { "OBJECTID": 13834, "CE": "Traslape propio", "CT": "", "ESTAMPA_CC": "2026-05-26 14:46:01" }, "geometry": { "type": "Point", "coordinates": [ -76.509453095210972, 3.370438360709983 ] } },
{ "type": "Feature", "properties": { "OBJECTID": 13843, "CE": "Traslape propio", "CT": "", "ESTAMPA_CC": "2026-05-26 14:46:01" }, "geometry": { "type": "Point", "coordinates": [ -76.565780228975058, 3.379448342402074 ] } },
{ "type": "Feature", "properties": { "OBJECTID": 13846, "CE": "Traslape propio", "CT": "", "ESTAMPA_CC": "2026-05-26 14:46:01" }, "geometry": { "type": "Point", "coordinates": [ -76.574258647806303, 3.384056435371833 ] } },
{ "type": "Feature", "properties": { "OBJECTID": 13849, "CE": "Traslape propio", "CT": "", "ESTAMPA_CC": "2026-05-26 14:46:01" }, "geometry": { "type": "Point", "coordinates": [ -76.56894875857796, 3.400117061666633 ] } },
{ "type": "Feature", "properties": { "OBJECTID": 13855, "CE": "Traslape propio", "CT": "", "ESTAMPA_CC": "2026-05-26 14:46:01" }, "geometry": { "type": "Point", "coordinates": [ -76.55246484861452, 3.470445935514426 ] } },
{ "type": "Feature", "properties": { "OBJECTID": 13858, "CE": "NPN Manzana -> Terreno", "CT": "", "ESTAMPA_CC": "2026-05-26 14:46:01" }, "geometry": { "type": "Point", "coordinates": [ -76.519869714664623, 3.355679350007534 ] } },
{ "type": "Feature", "properties": { "OBJECTID": 13866, "CE": "Traslape propio", "CT": "", "ESTAMPA_CC": "2026-05-26 14:46:01" }, "geometry": { "type": "Point", "coordinates": [ -76.558286204560417, 3.349907316696398 ] } },
{ "type": "Feature", "properties": { "OBJECTID": 13875, "CE": "Traslape propio", "CT": "", "ESTAMPA_CC": "2026-05-26 14:46:01" }, "geometry": { "type": "Point", "coordinates": [ -76.540172126252813, 3.321175802243458 ] } },
{ "type": "Feature", "properties": { "OBJECTID": 13885, "CE": "Traslape propio", "CT": "", "ESTAMPA_CC": "2026-05-26 14:46:01" }, "geometry": { "type": "Point", "coordinates": [ -76.560054130748554, 3.361537891675 ] } },
{ "type": "Feature", "properties": { "OBJECTID": 13886, "CE": "Traslape propio", "CT": "", "ESTAMPA_CC": "2026-05-26 14:46:01" }, "geometry": { "type": "Point", "coordinates": [ -76.585406622826852, 3.520917278069282 ] } },
{ "type": "Feature", "properties": { "OBJECTID": 13894, "CE": "Traslape propio", "CT": "", "ESTAMPA_CC": "2026-05-26 14:46:01" }, "geometry": { "type": "Point", "coordinates": [ -76.553644660176346, 3.441351636731345 ] } },
{ "type": "Feature", "properties": { "OBJECTID": 13903, "CE": "Traslape propio", "CT": "", "ESTAMPA_CC": "2026-05-26 14:46:01" }, "geometry": { "type": "Point", "coordinates": [ -76.555686521503432, 3.348398256461542 ] } },
{ "type": "Feature", "properties": { "OBJECTID": 13904, "CE": "", "CT": "Terreno", "ESTAMPA_CC": "2026-05-26 14:46:01" }, "geometry": { "type": "Point", "coordinates": [ -76.54806825868458, 3.359655598102648 ] } },
{ "type": "Feature", "properties": { "OBJECTID": 13912, "CE": "Traslape propio", "CT": "", "ESTAMPA_CC": "2026-05-26 14:46:01" }, "geometry": { "type": "Point", "coordinates": [ -76.569100086473611, 3.36965069144585 ] } },
{ "type": "Feature", "properties": { "OBJECTID": 13913, "CE": "Traslape propio", "CT": "", "ESTAMPA_CC": "2026-05-26 14:46:01" }, "geometry": { "type": "Point", "coordinates": [ -76.623125612293791, 3.511573602229606 ] } },
{ "type": "Feature", "properties": { "OBJECTID": 13914, "CE": "Traslape propio", "CT": "", "ESTAMPA_CC": "2026-05-26 14:46:01" }, "geometry": { "type": "Point", "coordinates": [ -76.548513950012875, 3.487407341600257 ] } },
{ "type": "Feature", "properties": { "OBJECTID": 13919, "CE": "NPN Manzana -> Terreno", "CT": "", "ESTAMPA_CC": "2026-05-26 14:46:01" }, "geometry": { "type": "Point", "coordinates": [ -76.510692233886701, 3.350374840189398 ] } },
{ "type": "Feature", "properties": { "OBJECTID": 13934, "CE": "Traslape propio", "CT": "", "ESTAMPA_CC": "2026-05-26 14:46:01" }, "geometry": { "type": "Point", "coordinates": [ -76.530594381289347, 3.32974938838819 ] } },
{ "type": "Feature", "properties": { "OBJECTID": 13951, "CE": "Traslape propio", "CT": "", "ESTAMPA_CC": "2026-05-26 14:46:01" }, "geometry": { "type": "Point", "coordinates": [ -76.560608647801345, 3.308374128680383 ] } },
{ "type": "Feature", "properties": { "OBJECTID": 13953, "CE": "Traslape propio", "CT": "", "ESTAMPA_CC": "2026-05-26 14:46:01" }, "geometry": { "type": "Point", "coordinates": [ -76.529301582207509, 3.478799725888801 ] } },
{ "type": "Feature", "properties": { "OBJECTID": 13954, "CE": "Traslape propio", "CT": "", "ESTAMPA_CC": "2026-05-26 14:46:01" }, "geometry": { "type": "Point", "coordinates": [ -76.578597904547536, 3.398370057563668 ] } },
{ "type": "Feature", "properties": { "OBJECTID": 13955, "CE": "Traslape propio", "CT": "", "ESTAMPA_CC": "2026-05-26 14:46:01" }, "geometry": { "type": "Point", "coordinates": [ -76.562732422139732, 3.432179095854904 ] } },
{ "type": "Feature", "properties": { "OBJECTID": 13966, "CE": "NPN Manzana -> Terreno", "CT": "", "ESTAMPA_CC": "2026-05-26 14:46:01" }, "geometry": { "type": "Point", "coordinates": [ -76.522928510098481, 3.355492980717267 ] } },
{ "type": "Feature", "properties": { "OBJECTID": 13967, "CE": "NPN Manzana -> Terreno", "CT": "", "ESTAMPA_CC": "2026-05-26 14:46:01" }, "geometry": { "type": "Point", "coordinates": [ -76.50959752757619, 3.352262617123893 ] } },
{ "type": "Feature", "properties": { "OBJECTID": 13979, "CE": "Traslape propio", "CT": "", "ESTAMPA_CC": "2026-05-26 14:46:01" }, "geometry": { "type": "Point", "coordinates": [ -76.537528236897415, 3.328267065340005 ] } },
{ "type": "Feature", "properties": { "OBJECTID": 13982, "CE": "Traslape propio", "CT": "", "ESTAMPA_CC": "2026-05-26 14:46:01" }, "geometry": { "type": "Point", "coordinates": [ -76.553274387753575, 3.349087767965944 ] } },
{ "type": "Feature", "properties": { "OBJECTID": 13986, "CE": "NPN Manzana -> Terreno", "CT": "", "ESTAMPA_CC": "2026-05-26 14:46:01" }, "geometry": { "type": "Point", "coordinates": [ -76.516140495656387, 3.344859082892623 ] } },
{ "type": "Feature", "properties": { "OBJECTID": 13988, "CE": "Traslape propio", "CT": "", "ESTAMPA_CC": "2026-05-26 14:46:01" }, "geometry": { "type": "Point", "coordinates": [ -76.603680092302255, 3.520339007512161 ] } },
{ "type": "Feature", "properties": { "OBJECTID": 13990, "CE": "Traslape propio", "CT": "", "ESTAMPA_CC": "2026-05-26 14:46:01" }, "geometry": { "type": "Point", "coordinates": [ -76.545246259834997, 3.324856750898765 ] } },
{ "type": "Feature", "properties": { "OBJECTID": 14001, "CE": "Traslape propio", "CT": "", "ESTAMPA_CC": "2026-05-26 14:46:01" }, "geometry": { "type": "Point", "coordinates": [ -76.550284657318628, 3.347429261745845 ] } },
{ "type": "Feature", "properties": { "OBJECTID": 14022, "CE": "Traslape propio", "CT": "", "ESTAMPA_CC": "2026-05-26 14:46:01" }, "geometry": { "type": "Point", "coordinates": [ -76.575994797275754, 3.394547787984647 ] } },
{ "type": "Feature", "properties": { "OBJECTID": 14061, "CE": "NPN Manzana -> Terreno", "CT": "", "ESTAMPA_CC": "2026-05-26 14:46:01" }, "geometry": { "type": "Point", "coordinates": [ -76.51123636439084, 3.34904555478943 ] } },
{ "type": "Feature", "properties": { "OBJECTID": 14063, "CE": "Traslape propio", "CT": "", "ESTAMPA_CC": "2026-05-26 14:46:01" }, "geometry": { "type": "Point", "coordinates": [ -76.543865928617009, 3.362282025720137 ] } },
{ "type": "Feature", "properties": { "OBJECTID": 14064, "CE": "Traslape propio", "CT": "", "ESTAMPA_CC": "2026-05-26 14:46:01" }, "geometry": { "type": "Point", "coordinates": [ -76.543987096621279, 3.362650736334888 ] } },
{ "type": "Feature", "properties": { "OBJECTID": 14073, "CE": "NPN Manzana -> Terreno", "CT": "", "ESTAMPA_CC": "2026-05-26 14:46:01" }, "geometry": { "type": "Point", "coordinates": [ -76.514437164579761, 3.350757199778166 ] } },
{ "type": "Feature", "properties": { "OBJECTID": 14080, "CE": "Traslape propio", "CT": "", "ESTAMPA_CC": "2026-05-26 14:46:01" }, "geometry": { "type": "Point", "coordinates": [ -76.55164464757631, 3.348353615807764 ] } },
{ "type": "Feature", "properties": { "OBJECTID": 14097, "CE": "Traslape propio", "CT": "", "ESTAMPA_CC": "2026-05-26 14:46:01" }, "geometry": { "type": "Point", "coordinates": [ -76.54845904161003, 3.321245483248565 ] } },
{ "type": "Feature", "properties": { "OBJECTID": 14099, "CE": "NPN Manzana -> Terreno", "CT": "", "ESTAMPA_CC": "2026-05-26 14:46:01" }, "geometry": { "type": "Point", "coordinates": [ -76.518307507852285, 3.358109837398136 ] } },
{ "type": "Feature", "properties": { "OBJECTID": 14118, "CE": "Traslape propio", "CT": "", "ESTAMPA_CC": "2026-05-26 14:46:01" }, "geometry": { "type": "Point", "coordinates": [ -76.545144456936811, 3.319285411049089 ] } },
{ "type": "Feature", "properties": { "OBJECTID": 14121, "CE": "NPN Manzana -> Terreno", "CT": "", "ESTAMPA_CC": "2026-05-26 14:46:01" }, "geometry": { "type": "Point", "coordinates": [ -76.562534960447394, 3.42480963846104 ] } },
{ "type": "Feature", "properties": { "OBJECTID": 14126, "CE": "NPN Manzana -> Terreno", "CT": "", "ESTAMPA_CC": "2026-05-26 14:46:01" }, "geometry": { "type": "Point", "coordinates": [ -76.632738236451047, 3.47023267198285 ] } },
{ "type": "Feature", "properties": { "OBJECTID": 14131, "CE": "Traslape propio; NPN Manzana -> Terreno", "CT": "", "ESTAMPA_CC": "2026-05-26 14:46:01" }, "geometry": { "type": "Point", "coordinates": [ -76.518946513083506, 3.343490416482995 ] } },
{ "type": "Feature", "properties": { "OBJECTID": 14132, "CE": "NPN Manzana -> Terreno", "CT": "", "ESTAMPA_CC": "2026-05-26 14:46:01" }, "geometry": { "type": "Point", "coordinates": [ -76.514928672822066, 3.35665241947121 ] } },
{ "type": "Feature", "properties": { "OBJECTID": 14143, "CE": "Traslape propio; NPN Manzana -> Terreno", "CT": "", "ESTAMPA_CC": "2026-05-26 14:46:01" }, "geometry": { "type": "Point", "coordinates": [ -76.504865825314695, 3.353852744067507 ] } },
{ "type": "Feature", "properties": { "OBJECTID": 14144, "CE": "Traslape propio; NPN Manzana -> Terreno", "CT": "", "ESTAMPA_CC": "2026-05-26 14:46:01" }, "geometry": { "type": "Point", "coordinates": [ -76.500451237446995, 3.353792230376417 ] } },
{ "type": "Feature", "properties": { "OBJECTID": 14145, "CE": "Traslape propio; NPN Manzana -> Terreno", "CT": "", "ESTAMPA_CC": "2026-05-26 14:46:01" }, "geometry": { "type": "Point", "coordinates": [ -76.500658404435512, 3.352888069650191 ] } },
{ "type": "Feature", "properties": { "OBJECTID": 14146, "CE": "Traslape propio; NPN Manzana -> Terreno", "CT": "", "ESTAMPA_CC": "2026-05-26 14:46:01" }, "geometry": { "type": "Point", "coordinates": [ -76.503605461987803, 3.35272562781553 ] } },
{ "type": "Feature", "properties": { "OBJECTID": 14148, "CE": "NPN Manzana -> Terreno", "CT": "", "ESTAMPA_CC": "2026-05-26 14:46:01" }, "geometry": { "type": "Point", "coordinates": [ -76.511128234294631, 3.350073365084884 ] } },
{ "type": "Feature", "properties": { "OBJECTID": 14156, "CE": "Traslape propio", "CT": "", "ESTAMPA_CC": "2026-05-26 14:46:01" }, "geometry": { "type": "Point", "coordinates": [ -76.510723594827198, 3.329123182245364 ] } },
{ "type": "Feature", "properties": { "OBJECTID": 14171, "CE": "Traslape propio", "CT": "", "ESTAMPA_CC": "2026-05-26 14:46:01" }, "geometry": { "type": "Point", "coordinates": [ -76.622891251794258, 3.512228769433181 ] } },
{ "type": "Feature", "properties": { "OBJECTID": 14172, "CE": "Traslape propio", "CT": "", "ESTAMPA_CC": "2026-05-26 14:46:01" }, "geometry": { "type": "Point", "coordinates": [ -76.622929229849817, 3.511913850381652 ] } },
{ "type": "Feature", "properties": { "OBJECTID": 14183, "CE": "Traslape propio", "CT": "", "ESTAMPA_CC": "2026-05-26 14:46:01" }, "geometry": { "type": "Point", "coordinates": [ -76.554552488182793, 3.349010477390632 ] } },
{ "type": "Feature", "properties": { "OBJECTID": 14185, "CE": "NPN Manzana -> Terreno", "CT": "", "ESTAMPA_CC": "2026-05-26 14:46:01" }, "geometry": { "type": "Point", "coordinates": [ -76.509046360353267, 3.354832745496553 ] } },
{ "type": "Feature", "properties": { "OBJECTID": 14187, "CE": "Traslape propio", "CT": "", "ESTAMPA_CC": "2026-05-26 14:46:01" }, "geometry": { "type": "Point", "coordinates": [ -76.511152626939747, 3.367959811000199 ] } },
{ "type": "Feature", "properties": { "OBJECTID": 14188, "CE": "Traslape propio", "CT": "", "ESTAMPA_CC": "2026-05-26 14:46:01" }, "geometry": { "type": "Point", "coordinates": [ -76.511280046276411, 3.367626435465091 ] } },
{ "type": "Feature", "properties": { "OBJECTID": 14189, "CE": "Traslape propio", "CT": "", "ESTAMPA_CC": "2026-05-26 14:46:01" }, "geometry": { "type": "Point", "coordinates": [ -76.511343126743583, 3.367082740595406 ] } },
{ "type": "Feature", "properties": { "OBJECTID": 14190, "CE": "Traslape propio", "CT": "", "ESTAMPA_CC": "2026-05-26 14:46:01" }, "geometry": { "type": "Point", "coordinates": [ -76.51127971091266, 3.367740348085613 ] } },
{ "type": "Feature", "properties": { "OBJECTID": 14191, "CE": "Traslape propio", "CT": "", "ESTAMPA_CC": "2026-05-26 14:46:01" }, "geometry": { "type": "Point", "coordinates": [ -76.54246410459163, 3.288089305319542 ] } },
{ "type": "Feature", "properties": { "OBJECTID": 14195, "CE": "Traslape propio", "CT": "", "ESTAMPA_CC": "2026-05-26 14:46:01" }, "geometry": { "type": "Point", "coordinates": [ -76.533765186231051, 3.31028616630691 ] } },
{ "type": "Feature", "properties": { "OBJECTID": 14196, "CE": "Traslape propio", "CT": "", "ESTAMPA_CC": "2026-05-26 14:46:01" }, "geometry": { "type": "Point", "coordinates": [ -76.557074597958277, 3.309696384573996 ] } },
{ "type": "Feature", "properties": { "OBJECTID": 14197, "CE": "Traslape propio", "CT": "", "ESTAMPA_CC": "2026-05-26 14:46:01" }, "geometry": { "type": "Point", "coordinates": [ -76.55790924682583, 3.307118604799371 ] } },
{ "type": "Feature", "properties": { "OBJECTID": 14198, "CE": "Traslape propio", "CT": "", "ESTAMPA_CC": "2026-05-26 14:46:01" }, "geometry": { "type": "Point", "coordinates": [ -76.546492692631276, 3.330162382193659 ] } },
{ "type": "Feature", "properties": { "OBJECTID": 14204, "CE": "Traslape propio", "CT": "", "ESTAMPA_CC": "2026-05-26 14:46:01" }, "geometry": { "type": "Point", "coordinates": [ -76.569682759459113, 3.395613948748947 ] } },
{ "type": "Feature", "properties": { "OBJECTID": 14208, "CE": "Traslape propio", "CT": "", "ESTAMPA_CC": "2026-05-26 14:46:01" }, "geometry": { "type": "Point", "coordinates": [ -76.536785694658363, 3.328910628469257 ] } },
{ "type": "Feature", "properties": { "OBJECTID": 14219, "CE": "Traslape propio; NPN Manzana -> Terreno", "CT": "", "ESTAMPA_CC": "2026-05-26 14:46:01" }, "geometry": { "type": "Point", "coordinates": [ -76.565464225644121, 3.449923789258347 ] } },
{ "type": "Feature", "properties": { "OBJECTID": 14220, "CE": "Traslape propio", "CT": "", "ESTAMPA_CC": "2026-05-26 14:46:01" }, "geometry": { "type": "Point", "coordinates": [ -76.510965640732252, 3.329611596880016 ] } },
{ "type": "Feature", "properties": { "OBJECTID": 14223, "CE": "Traslape propio", "CT": "", "ESTAMPA_CC": "2026-05-26 14:46:01" }, "geometry": { "type": "Point", "coordinates": [ -76.535951340040654, 3.3102984593631 ] } },
{ "type": "Feature", "properties": { "OBJECTID": 14224, "CE": "Traslape propio", "CT": "", "ESTAMPA_CC": "2026-05-26 14:46:01" }, "geometry": { "type": "Point", "coordinates": [ -76.562594131758885, 3.314251576197327 ] } },
{ "type": "Feature", "properties": { "OBJECTID": 14225, "CE": "Traslape propio", "CT": "", "ESTAMPA_CC": "2026-05-26 14:46:01" }, "geometry": { "type": "Point", "coordinates": [ -76.544272892688468, 3.289033435286781 ] } },
{ "type": "Feature", "properties": { "OBJECTID": 14241, "CE": "Traslape propio", "CT": "", "ESTAMPA_CC": "2026-05-26 14:46:01" }, "geometry": { "type": "Point", "coordinates": [ -76.511235417467347, 3.371167598356006 ] } },
{ "type": "Feature", "properties": { "OBJECTID": 14246, "CE": "Traslape propio; NPN Manzana -> Terreno", "CT": "", "ESTAMPA_CC": "2026-05-26 14:46:01" }, "geometry": { "type": "Point", "coordinates": [ -76.516910096283809, 3.355789415747509 ] } },
{ "type": "Feature", "properties": { "OBJECTID": 14253, "CE": "Traslape propio; NPN Manzana -> Terreno", "CT": "", "ESTAMPA_CC": "2026-05-26 14:46:01" }, "geometry": { "type": "Point", "coordinates": [ -76.507867392741076, 3.366196417189687 ] } },
{ "type": "Feature", "properties": { "OBJECTID": 14254, "CE": "Traslape propio", "CT": "", "ESTAMPA_CC": "2026-05-26 14:46:01" }, "geometry": { "type": "Point", "coordinates": [ -76.562740361751239, 3.312780700109181 ] } },
{ "type": "Feature", "properties": { "OBJECTID": 14255, "CE": "Traslape propio", "CT": "", "ESTAMPA_CC": "2026-05-26 14:46:01" }, "geometry": { "type": "Point", "coordinates": [ -76.5549113457039, 3.34808355657996 ] } },
{ "type": "Feature", "properties": { "OBJECTID": 14267, "CE": "Traslape propio", "CT": "", "ESTAMPA_CC": "2026-05-26 14:46:01" }, "geometry": { "type": "Point", "coordinates": [ -76.511459402359918, 3.367982770120723 ] } },
{ "type": "Feature", "properties": { "OBJECTID": 14269, "CE": "Traslape propio; NPN Manzana -> Terreno", "CT": "", "ESTAMPA_CC": "2026-05-26 14:46:01" }, "geometry": { "type": "Point", "coordinates": [ -76.519441418963567, 3.34612388772014 ] } },
{ "type": "Feature", "properties": { "OBJECTID": 14270, "CE": "NPN Manzana -> Terreno", "CT": "", "ESTAMPA_CC": "2026-05-26 14:46:01" }, "geometry": { "type": "Point", "coordinates": [ -76.512777392942425, 3.34516547138094 ] } },
{ "type": "Feature", "properties": { "OBJECTID": 14274, "CE": "NPN Manzana -> Terreno", "CT": "", "ESTAMPA_CC": "2026-05-26 14:46:01" }, "geometry": { "type": "Point", "coordinates": [ -76.508818371587964, 3.355447692746426 ] } },
{ "type": "Feature", "properties": { "OBJECTID": 14286, "CE": "Traslape propio", "CT": "", "ESTAMPA_CC": "2026-05-26 14:46:01" }, "geometry": { "type": "Point", "coordinates": [ -76.560370174580967, 3.312342375034333 ] } },
{ "type": "Feature", "properties": { "OBJECTID": 14287, "CE": "Traslape propio", "CT": "", "ESTAMPA_CC": "2026-05-26 14:46:01" }, "geometry": { "type": "Point", "coordinates": [ -76.578624674043297, 3.398789463614869 ] } },
{ "type": "Feature", "properties": { "OBJECTID": 14288, "CE": "Traslape propio", "CT": "", "ESTAMPA_CC": "2026-05-26 14:46:01" }, "geometry": { "type": "Point", "coordinates": [ -76.561402334687799, 3.310300547608827 ] } },
{ "type": "Feature", "properties": { "OBJECTID": 14299, "CE": "Traslape propio; NPN Manzana -> Terreno", "CT": "", "ESTAMPA_CC": "2026-05-26 14:46:01" }, "geometry": { "type": "Point", "coordinates": [ -76.517599962428562, 3.346079672741366 ] } },
{ "type": "Feature", "properties": { "OBJECTID": 14310, "CE": "Traslape propio", "CT": "", "ESTAMPA_CC": "2026-05-26 14:46:01" }, "geometry": { "type": "Point", "coordinates": [ -76.566115143221452, 3.345586089179567 ] } },
{ "type": "Feature", "properties": { "OBJECTID": 14317, "CE": "Traslape propio", "CT": "", "ESTAMPA_CC": "2026-05-26 14:46:01" }, "geometry": { "type": "Point", "coordinates": [ -76.566761389768345, 3.506750143916864 ] } },
{ "type": "Feature", "properties": { "OBJECTID": 14331, "CE": "Traslape propio", "CT": "", "ESTAMPA_CC": "2026-05-26 14:46:01" }, "geometry": { "type": "Point", "coordinates": [ -76.533682454934947, 3.31064693725312 ] } },
{ "type": "Feature", "properties": { "OBJECTID": 14341, "CE": "NPN Manzana -> Terreno", "CT": "", "ESTAMPA_CC": "2026-05-26 14:46:01" }, "geometry": { "type": "Point", "coordinates": [ -76.508862481771857, 3.367682047429662 ] } },
{ "type": "Feature", "properties": { "OBJECTID": 14343, "CE": "Traslape propio", "CT": "", "ESTAMPA_CC": "2026-05-26 14:46:01" }, "geometry": { "type": "Point", "coordinates": [ -76.544930971403844, 3.318700947794467 ] } },
{ "type": "Feature", "properties": { "OBJECTID": 14345, "CE": "Traslape propio", "CT": "", "ESTAMPA_CC": "2026-05-26 14:46:01" }, "geometry": { "type": "Point", "coordinates": [ -76.550782838438778, 3.480597120516832 ] } },
{ "type": "Feature", "properties": { "OBJECTID": 14351, "CE": "Traslape propio", "CT": "", "ESTAMPA_CC": "2026-05-26 14:46:01" }, "geometry": { "type": "Point", "coordinates": [ -76.62951862131807, 3.447146993744469 ] } },
{ "type": "Feature", "properties": { "OBJECTID": 14361, "CE": "Traslape propio", "CT": "", "ESTAMPA_CC": "2026-05-26 14:46:01" }, "geometry": { "type": "Point", "coordinates": [ -76.511126549251586, 3.36762714148399 ] } },
{ "type": "Feature", "properties": { "OBJECTID": 14370, "CE": "Traslape propio", "CT": "", "ESTAMPA_CC": "2026-05-26 14:46:01" }, "geometry": { "type": "Point", "coordinates": [ -76.608292282514896, 3.479899015519241 ] } },
{ "type": "Feature", "properties": { "OBJECTID": 14382, "CE": "Traslape propio", "CT": "", "ESTAMPA_CC": "2026-05-26 14:46:01" }, "geometry": { "type": "Point", "coordinates": [ -76.550543045280577, 3.34600174174955 ] } },
{ "type": "Feature", "properties": { "OBJECTID": 14385, "CE": "NPN Manzana -> Terreno", "CT": "", "ESTAMPA_CC": "2026-05-26 14:46:01" }, "geometry": { "type": "Point", "coordinates": [ -76.522957662908681, 3.353140322946186 ] } },
{ "type": "Feature", "properties": { "OBJECTID": 14386, "CE": "Traslape propio; NPN Manzana -> Terreno", "CT": "", "ESTAMPA_CC": "2026-05-26 14:46:01" }, "geometry": { "type": "Point", "coordinates": [ -76.502409115155132, 3.35390949496481 ] } },
{ "type": "Feature", "properties": { "OBJECTID": 14398, "CE": "Traslape propio", "CT": "", "ESTAMPA_CC": "2026-05-26 14:46:01" }, "geometry": { "type": "Point", "coordinates": [ -76.548768692142588, 3.324035580869928 ] } },
{ "type": "Feature", "properties": { "OBJECTID": 14400, "CE": "Traslape propio", "CT": "", "ESTAMPA_CC": "2026-05-26 14:46:01" }, "geometry": { "type": "Point", "coordinates": [ -76.551084865666951, 3.347523950574347 ] } },
{ "type": "Feature", "properties": { "OBJECTID": 14401, "CE": "NPN Manzana -> Terreno", "CT": "", "ESTAMPA_CC": "2026-05-26 14:46:01" }, "geometry": { "type": "Point", "coordinates": [ -76.562773227890304, 3.424742337328872 ] } },
{ "type": "Feature", "properties": { "OBJECTID": 14405, "CE": "Traslape propio", "CT": "", "ESTAMPA_CC": "2026-05-26 14:46:01" }, "geometry": { "type": "Point", "coordinates": [ -76.570283138720868, 3.399422440164602 ] } },
{ "type": "Feature", "properties": { "OBJECTID": 14406, "CE": "Traslape propio", "CT": "", "ESTAMPA_CC": "2026-05-26 14:46:01" }, "geometry": { "type": "Point", "coordinates": [ -76.550959826832667, 3.480562146069113 ] } },
{ "type": "Feature", "properties": { "OBJECTID": 14407, "CE": "Traslape propio", "CT": "", "ESTAMPA_CC": "2026-05-26 14:46:01" }, "geometry": { "type": "Point", "coordinates": [ -76.551106324999509, 3.480531226523345 ] } },
{ "type": "Feature", "properties": { "OBJECTID": 14410, "CE": "Traslape propio", "CT": "", "ESTAMPA_CC": "2026-05-26 14:46:01" }, "geometry": { "type": "Point", "coordinates": [ -76.5492708231927, 3.483139238852374 ] } },
{ "type": "Feature", "properties": { "OBJECTID": 14414, "CE": "Traslape propio", "CT": "", "ESTAMPA_CC": "2026-05-26 14:46:01" }, "geometry": { "type": "Point", "coordinates": [ -76.55217951105034, 3.475873895487688 ] } },
{ "type": "Feature", "properties": { "OBJECTID": 14415, "CE": "Traslape propio", "CT": "", "ESTAMPA_CC": "2026-05-26 14:46:01" }, "geometry": { "type": "Point", "coordinates": [ -76.533283000849593, 3.312515129611718 ] } },
{ "type": "Feature", "properties": { "OBJECTID": 14416, "CE": "Traslape propio", "CT": "", "ESTAMPA_CC": "2026-05-26 14:46:01" }, "geometry": { "type": "Point", "coordinates": [ -76.552141075260465, 3.474486109936446 ] } },
{ "type": "Feature", "properties": { "OBJECTID": 14417, "CE": "Traslape propio; NPN Manzana -> Terreno", "CT": "", "ESTAMPA_CC": "2026-05-26 14:46:01" }, "geometry": { "type": "Point", "coordinates": [ -76.614718789598882, 3.529008673783976 ] } },
{ "type": "Feature", "properties": { "OBJECTID": 14419, "CE": "Traslape propio", "CT": "", "ESTAMPA_CC": "2026-05-26 14:46:01" }, "geometry": { "type": "Point", "coordinates": [ -76.576180537134945, 3.379855949712461 ] } },
{ "type": "Feature", "properties": { "OBJECTID": 14430, "CE": "Traslape propio; NPN Manzana -> Terreno", "CT": "", "ESTAMPA_CC": "2026-05-26 14:46:01" }, "geometry": { "type": "Point", "coordinates": [ -76.515794673563505, 3.34919033425949 ] } },
{ "type": "Feature", "properties": { "OBJECTID": 14437, "CE": "NPN Manzana -> Terreno", "CT": "", "ESTAMPA_CC": "2026-05-26 14:46:01" }, "geometry": { "type": "Point", "coordinates": [ -76.510335254186828, 3.348701974386406 ] } },
{ "type": "Feature", "properties": { "OBJECTID": 14444, "CE": "Traslape propio", "CT": "", "ESTAMPA_CC": "2026-05-26 14:46:01" }, "geometry": { "type": "Point", "coordinates": [ -76.583624361196371, 3.411353131472136 ] } },
{ "type": "Feature", "properties": { "OBJECTID": 14454, "CE": "Traslape propio", "CT": "", "ESTAMPA_CC": "2026-05-26 14:46:01" }, "geometry": { "type": "Point", "coordinates": [ -76.570991791303626, 3.378551149748272 ] } },
{ "type": "Feature", "properties": { "OBJECTID": 14457, "CE": "Traslape propio; NPN Manzana -> Terreno", "CT": "", "ESTAMPA_CC": "2026-05-26 14:46:01" }, "geometry": { "type": "Point", "coordinates": [ -76.508516756641257, 3.370536723795227 ] } },
{ "type": "Feature", "properties": { "OBJECTID": 14461, "CE": "Traslape propio", "CT": "", "ESTAMPA_CC": "2026-05-26 14:46:01" }, "geometry": { "type": "Point", "coordinates": [ -76.550998757731364, 3.484129867497126 ] } },
{ "type": "Feature", "properties": { "OBJECTID": 14470, "CE": "Traslape propio", "CT": "", "ESTAMPA_CC": "2026-05-26 14:46:01" }, "geometry": { "type": "Point", "coordinates": [ -76.544367780800158, 3.320052848339571 ] } },
{ "type": "Feature", "properties": { "OBJECTID": 14472, "CE": "Traslape propio", "CT": "", "ESTAMPA_CC": "2026-05-26 14:46:01" }, "geometry": { "type": "Point", "coordinates": [ -76.572810041240359, 3.3982660722618 ] } },
{ "type": "Feature", "properties": { "OBJECTID": 14473, "CE": "Traslape propio", "CT": "", "ESTAMPA_CC": "2026-05-26 14:46:01" }, "geometry": { "type": "Point", "coordinates": [ -76.555110337844141, 3.350307223295563 ] } },
{ "type": "Feature", "properties": { "OBJECTID": 14474, "CE": "Traslape propio", "CT": "", "ESTAMPA_CC": "2026-05-26 14:46:01" }, "geometry": { "type": "Point", "coordinates": [ -76.561641413921436, 3.346917237939362 ] } },
{ "type": "Feature", "properties": { "OBJECTID": 14492, "CE": "Traslape propio", "CT": "", "ESTAMPA_CC": "2026-05-26 14:46:01" }, "geometry": { "type": "Point", "coordinates": [ -76.577222874727212, 3.380137872751791 ] } },
{ "type": "Feature", "properties": { "OBJECTID": 14499, "CE": "", "CT": "Terreno", "ESTAMPA_CC": "2026-05-26 14:46:01" }, "geometry": { "type": "Point", "coordinates": [ -76.540695686706556, 3.316411441059956 ] } },
{ "type": "Feature", "properties": { "OBJECTID": 14503, "CE": "Traslape propio; NPN Manzana -> Terreno", "CT": "", "ESTAMPA_CC": "2026-05-26 14:46:01" }, "geometry": { "type": "Point", "coordinates": [ -76.500608396329895, 3.352269981004819 ] } },
{ "type": "Feature", "properties": { "OBJECTID": 14504, "CE": "Traslape propio; NPN Manzana -> Terreno", "CT": "", "ESTAMPA_CC": "2026-05-26 14:46:01" }, "geometry": { "type": "Point", "coordinates": [ -76.501922473380603, 3.353813563661054 ] } },
{ "type": "Feature", "properties": { "OBJECTID": 14505, "CE": "Traslape propio; NPN Manzana -> Terreno", "CT": "", "ESTAMPA_CC": "2026-05-26 14:46:01" }, "geometry": { "type": "Point", "coordinates": [ -76.502976373127964, 3.354029626008268 ] } },
{ "type": "Feature", "properties": { "OBJECTID": 14506, "CE": "Traslape propio; NPN Manzana -> Terreno", "CT": "", "ESTAMPA_CC": "2026-05-26 14:46:01" }, "geometry": { "type": "Point", "coordinates": [ -76.502767266333251, 3.353787201364785 ] } },
{ "type": "Feature", "properties": { "OBJECTID": 14507, "CE": "Traslape propio; NPN Manzana -> Terreno", "CT": "", "ESTAMPA_CC": "2026-05-26 14:46:01" }, "geometry": { "type": "Point", "coordinates": [ -76.503231999925092, 3.35374715642582 ] } },
{ "type": "Feature", "properties": { "OBJECTID": 14508, "CE": "Traslape propio; NPN Manzana -> Terreno", "CT": "", "ESTAMPA_CC": "2026-05-26 14:46:01" }, "geometry": { "type": "Point", "coordinates": [ -76.538111042422287, 3.489667295521133 ] } },
{ "type": "Feature", "properties": { "OBJECTID": 14511, "CE": "Traslape propio", "CT": "", "ESTAMPA_CC": "2026-05-26 14:46:01" }, "geometry": { "type": "Point", "coordinates": [ -76.57260445263276, 3.396716761551163 ] } },
{ "type": "Feature", "properties": { "OBJECTID": 14512, "CE": "Traslape propio; NPN Manzana -> Terreno", "CT": "", "ESTAMPA_CC": "2026-05-26 14:46:01" }, "geometry": { "type": "Point", "coordinates": [ -76.500923638361627, 3.353357662915065 ] } },
{ "type": "Feature", "properties": { "OBJECTID": 14513, "CE": "Traslape propio; NPN Manzana -> Terreno", "CT": "", "ESTAMPA_CC": "2026-05-26 14:46:01" }, "geometry": { "type": "Point", "coordinates": [ -76.503830950674185, 3.352481086212046 ] } },
{ "type": "Feature", "properties": { "OBJECTID": 14514, "CE": "Traslape propio; NPN Manzana -> Terreno", "CT": "", "ESTAMPA_CC": "2026-05-26 14:46:01" }, "geometry": { "type": "Point", "coordinates": [ -76.502088229764098, 3.352641478268978 ] } },
{ "type": "Feature", "properties": { "OBJECTID": 14515, "CE": "Traslape propio; NPN Manzana -> Terreno", "CT": "", "ESTAMPA_CC": "2026-05-26 14:46:01" }, "geometry": { "type": "Point", "coordinates": [ -76.502353103074185, 3.352987441130491 ] } },
{ "type": "Feature", "properties": { "OBJECTID": 14516, "CE": "Traslape propio", "CT": "", "ESTAMPA_CC": "2026-05-26 14:46:01" }, "geometry": { "type": "Point", "coordinates": [ -76.51126443644165, 3.32572816969992 ] } },
{ "type": "Feature", "properties": { "OBJECTID": 14528, "CE": "Traslape propio", "CT": "", "ESTAMPA_CC": "2026-05-26 14:46:01" }, "geometry": { "type": "Point", "coordinates": [ -76.568787653585218, 3.425002336317164 ] } },
{ "type": "Feature", "properties": { "OBJECTID": 14532, "CE": "Traslape propio; NPN Manzana -> Terreno", "CT": "", "ESTAMPA_CC": "2026-05-26 14:46:01" }, "geometry": { "type": "Point", "coordinates": [ -76.520608275424195, 3.346190684810284 ] } },
{ "type": "Feature", "properties": { "OBJECTID": 14533, "CE": "Traslape propio; NPN Manzana -> Terreno", "CT": "", "ESTAMPA_CC": "2026-05-26 14:46:01" }, "geometry": { "type": "Point", "coordinates": [ -76.520489382295651, 3.345789722228541 ] } },
{ "type": "Feature", "properties": { "OBJECTID": 14535, "CE": "Traslape propio", "CT": "", "ESTAMPA_CC": "2026-05-26 14:46:01" }, "geometry": { "type": "Point", "coordinates": [ -76.550947392782433, 3.346396494583028 ] } },
{ "type": "Feature", "properties": { "OBJECTID": 14536, "CE": "Traslape propio", "CT": "", "ESTAMPA_CC": "2026-05-26 14:46:01" }, "geometry": { "type": "Point", "coordinates": [ -76.534457420961601, 3.465283077740745 ] } },
{ "type": "Feature", "properties": { "OBJECTID": 14538, "CE": "Traslape propio", "CT": "", "ESTAMPA_CC": "2026-05-26 14:46:01" }, "geometry": { "type": "Point", "coordinates": [ -76.565631763806437, 3.424188348248959 ] } },
{ "type": "Feature", "properties": { "OBJECTID": 14539, "CE": "Traslape propio", "CT": "", "ESTAMPA_CC": "2026-05-26 14:46:01" }, "geometry": { "type": "Point", "coordinates": [ -76.573612262592633, 3.45612994450402 ] } },
{ "type": "Feature", "properties": { "OBJECTID": 14541, "CE": "Traslape propio", "CT": "", "ESTAMPA_CC": "2026-05-26 14:46:01" }, "geometry": { "type": "Point", "coordinates": [ -76.570046290444822, 3.398610875554742 ] } },
{ "type": "Feature", "properties": { "OBJECTID": 14545, "CE": "Traslape propio", "CT": "", "ESTAMPA_CC": "2026-05-26 14:46:01" }, "geometry": { "type": "Point", "coordinates": [ -76.547165169662577, 3.323546184665271 ] } },
{ "type": "Feature", "properties": { "OBJECTID": 14546, "CE": "Traslape propio", "CT": "", "ESTAMPA_CC": "2026-05-26 14:46:01" }, "geometry": { "type": "Point", "coordinates": [ -76.570552843661105, 3.399567591643531 ] } },
{ "type": "Feature", "properties": { "OBJECTID": 14560, "CE": "Traslape propio", "CT": "", "ESTAMPA_CC": "2026-05-26 14:46:01" }, "geometry": { "type": "Point", "coordinates": [ -76.56970811055487, 3.37015805226694 ] } },
{ "type": "Feature", "properties": { "OBJECTID": 14561, "CE": "NPN Manzana -> Terreno", "CT": "", "ESTAMPA_CC": "2026-05-26 14:46:01" }, "geometry": { "type": "Point", "coordinates": [ -76.516884146774373, 3.356501812940191 ] } },
{ "type": "Feature", "properties": { "OBJECTID": 14562, "CE": "Traslape propio; NPN Manzana -> Terreno", "CT": "", "ESTAMPA_CC": "2026-05-26 14:46:01" }, "geometry": { "type": "Point", "coordinates": [ -76.515355006590937, 3.357618477268796 ] } },
{ "type": "Feature", "properties": { "OBJECTID": 14563, "CE": "Traslape propio; NPN Manzana -> Terreno", "CT": "", "ESTAMPA_CC": "2026-05-26 14:46:01" }, "geometry": { "type": "Point", "coordinates": [ -76.556857200246824, 3.433503669059361 ] } },
{ "type": "Feature", "properties": { "OBJECTID": 14565, "CE": "Traslape propio", "CT": "", "ESTAMPA_CC": "2026-05-26 14:46:01" }, "geometry": { "type": "Point", "coordinates": [ -76.483331581513809, 3.408384161146916 ] } },
{ "type": "Feature", "properties": { "OBJECTID": 14567, "CE": "Traslape propio", "CT": "", "ESTAMPA_CC": "2026-05-26 14:46:01" }, "geometry": { "type": "Point", "coordinates": [ -76.572770344442418, 3.382170719544935 ] } },
{ "type": "Feature", "properties": { "OBJECTID": 14568, "CE": "Traslape propio", "CT": "", "ESTAMPA_CC": "2026-05-26 14:46:01" }, "geometry": { "type": "Point", "coordinates": [ -76.5517475122561, 3.347057525440577 ] } },
{ "type": "Feature", "properties": { "OBJECTID": 14569, "CE": "Traslape propio", "CT": "", "ESTAMPA_CC": "2026-05-26 14:46:01" }, "geometry": { "type": "Point", "coordinates": [ -76.552170661308921, 3.346721022781368 ] } },
{ "type": "Feature", "properties": { "OBJECTID": 14570, "CE": "Traslape propio", "CT": "", "ESTAMPA_CC": "2026-05-26 14:46:01" }, "geometry": { "type": "Point", "coordinates": [ -76.566166133995608, 3.37117965176266 ] } },
{ "type": "Feature", "properties": { "OBJECTID": 14571, "CE": "Traslape propio", "CT": "", "ESTAMPA_CC": "2026-05-26 14:46:01" }, "geometry": { "type": "Point", "coordinates": [ -76.539446753305, 3.328729893728254 ] } },
{ "type": "Feature", "properties": { "OBJECTID": 14587, "CE": "NPN Manzana -> Terreno", "CT": "", "ESTAMPA_CC": "2026-05-26 14:46:01" }, "geometry": { "type": "Point", "coordinates": [ -76.536390742088244, 3.490598125230249 ] } },
{ "type": "Feature", "properties": { "OBJECTID": 14588, "CE": "Traslape propio", "CT": "", "ESTAMPA_CC": "2026-05-26 14:46:01" }, "geometry": { "type": "Point", "coordinates": [ -76.576121355834715, 3.379504590158989 ] } },
{ "type": "Feature", "properties": { "OBJECTID": 14589, "CE": "Traslape propio", "CT": "", "ESTAMPA_CC": "2026-05-26 14:46:01" }, "geometry": { "type": "Point", "coordinates": [ -76.552338875905903, 3.476149536882804 ] } },
{ "type": "Feature", "properties": { "OBJECTID": 14590, "CE": "Traslape propio", "CT": "", "ESTAMPA_CC": "2026-05-26 14:46:01" }, "geometry": { "type": "Point", "coordinates": [ -76.635234500064485, 3.329193238311971 ] } },
{ "type": "Feature", "properties": { "OBJECTID": 14602, "CE": "NPN Manzana -> Terreno", "CT": "", "ESTAMPA_CC": "2026-05-26 14:46:01" }, "geometry": { "type": "Point", "coordinates": [ -76.521002251103084, 3.354850138231076 ] } },
{ "type": "Feature", "properties": { "OBJECTID": 14603, "CE": "Traslape propio; NPN Manzana -> Terreno", "CT": "", "ESTAMPA_CC": "2026-05-26 14:46:01" }, "geometry": { "type": "Point", "coordinates": [ -76.514524600232448, 3.347092191814975 ] } },
{ "type": "Feature", "properties": { "OBJECTID": 14604, "CE": "Traslape propio", "CT": "", "ESTAMPA_CC": "2026-05-26 14:46:01" }, "geometry": { "type": "Point", "coordinates": [ -76.529246874288319, 3.479447123887605 ] } },
{ "type": "Feature", "properties": { "OBJECTID": 14605, "CE": "Traslape propio; NPN Manzana -> Terreno", "CT": "", "ESTAMPA_CC": "2026-05-26 14:46:01" }, "geometry": { "type": "Point", "coordinates": [ -76.518758527229906, 3.36014208993417 ] } },
{ "type": "Feature", "properties": { "OBJECTID": 14606, "CE": "Traslape propio; NPN Manzana -> Terreno", "CT": "", "ESTAMPA_CC": "2026-05-26 14:46:01" }, "geometry": { "type": "Point", "coordinates": [ -76.507786790033748, 3.367038489744064 ] } },
{ "type": "Feature", "properties": { "OBJECTID": 14612, "CE": "NPN Manzana -> Terreno", "CT": "", "ESTAMPA_CC": "2026-05-26 14:46:01" }, "geometry": { "type": "Point", "coordinates": [ -76.512861325895244, 3.351720123747179 ] } },
{ "type": "Feature", "properties": { "OBJECTID": 14613, "CE": "Traslape propio; NPN Manzana -> Terreno", "CT": "", "ESTAMPA_CC": "2026-05-26 14:46:01" }, "geometry": { "type": "Point", "coordinates": [ -76.511564989316184, 3.352570467496706 ] } },
{ "type": "Feature", "properties": { "OBJECTID": 14614, "CE": "NPN Manzana -> Terreno", "CT": "", "ESTAMPA_CC": "2026-05-26 14:46:01" }, "geometry": { "type": "Point", "coordinates": [ -76.511125940542257, 3.352801516455152 ] } },
{ "type": "Feature", "properties": { "OBJECTID": 14616, "CE": "Traslape propio; NPN Manzana -> Terreno", "CT": "", "ESTAMPA_CC": "2026-05-26 14:46:01" }, "geometry": { "type": "Point", "coordinates": [ -76.499666219549169, 3.366449380448639 ] } },
{ "type": "Feature", "properties": { "OBJECTID": 14617, "CE": "NPN Manzana -> Terreno", "CT": "", "ESTAMPA_CC": "2026-05-26 14:46:01" }, "geometry": { "type": "Point", "coordinates": [ -76.49990865721783, 3.356604492718857 ] } },
{ "type": "Feature", "properties": { "OBJECTID": 14618, "CE": "Traslape propio; NPN Manzana -> Terreno", "CT": "", "ESTAMPA_CC": "2026-05-26 14:46:01" }, "geometry": { "type": "Point", "coordinates": [ -76.499317541014179, 3.348123310608519 ] } },
{ "type": "Feature", "properties": { "OBJECTID": 14619, "CE": "Traslape propio; NPN Manzana -> Terreno", "CT": "", "ESTAMPA_CC": "2026-05-26 14:46:01" }, "geometry": { "type": "Point", "coordinates": [ -76.499312949097003, 3.359570034795671 ] } },
{ "type": "Feature", "properties": { "OBJECTID": 14620, "CE": "Traslape propio; NPN Manzana -> Terreno", "CT": "", "ESTAMPA_CC": "2026-05-26 14:46:01" }, "geometry": { "type": "Point", "coordinates": [ -76.508422999045379, 3.350279142023572 ] } },
{ "type": "Feature", "properties": { "OBJECTID": 14621, "CE": "Traslape propio; NPN Manzana -> Terreno", "CT": "", "ESTAMPA_CC": "2026-05-26 14:46:01" }, "geometry": { "type": "Point", "coordinates": [ -76.500596299803576, 3.356397823139962 ] } },
{ "type": "Feature", "properties": { "OBJECTID": 14645, "CE": "NPN Manzana -> Terreno", "CT": "", "ESTAMPA_CC": "2026-05-26 14:46:01" }, "geometry": { "type": "Point", "coordinates": [ -76.540238354136164, 3.452246979733785 ] } },
{ "type": "Feature", "properties": { "OBJECTID": 14646, "CE": "Traslape propio", "CT": "", "ESTAMPA_CC": "2026-05-26 14:46:01" }, "geometry": { "type": "Point", "coordinates": [ -76.575560479038202, 3.494674761153111 ] } },
{ "type": "Feature", "properties": { "OBJECTID": 14647, "CE": "NPN Manzana -> Terreno", "CT": "Zona", "ESTAMPA_CC": "2026-05-26 14:46:01" }, "geometry": { "type": "Point", "coordinates": [ -76.536550555616003, 3.489778435405813 ] } },
{ "type": "Feature", "properties": { "OBJECTID": 14648, "CE": "NPN Manzana -> Terreno", "CT": "", "ESTAMPA_CC": "2026-05-26 14:46:01" }, "geometry": { "type": "Point", "coordinates": [ -76.540178525581297, 3.454808204133207 ] } },
{ "type": "Feature", "properties": { "OBJECTID": 14650, "CE": "Traslape propio", "CT": "", "ESTAMPA_CC": "2026-05-26 14:46:01" }, "geometry": { "type": "Point", "coordinates": [ -76.566635045322997, 3.421708096340318 ] } },
{ "type": "Feature", "properties": { "OBJECTID": 14653, "CE": "Traslape propio", "CT": "", "ESTAMPA_CC": "2026-05-26 14:46:01" }, "geometry": { "type": "Point", "coordinates": [ -76.632725397386849, 3.326646595674324 ] } },
{ "type": "Feature", "properties": { "OBJECTID": 14654, "CE": "NPN Manzana -> Terreno", "CT": "", "ESTAMPA_CC": "2026-05-26 14:46:01" }, "geometry": { "type": "Point", "coordinates": [ -76.465194516196448, 3.391830863191111 ] } },
{ "type": "Feature", "properties": { "OBJECTID": 14655, "CE": "NPN Manzana -> Terreno", "CT": "", "ESTAMPA_CC": "2026-05-26 14:46:01" }, "geometry": { "type": "Point", "coordinates": [ -76.52022179691987, 3.345497320289555 ] } },
{ "type": "Feature", "properties": { "OBJECTID": 14656, "CE": "Traslape propio; NPN Manzana -> Terreno", "CT": "", "ESTAMPA_CC": "2026-05-26 14:46:01" }, "geometry": { "type": "Point", "coordinates": [ -76.520121280404979, 3.345642465089883 ] } },
{ "type": "Feature", "properties": { "OBJECTID": 14657, "CE": "NPN Manzana -> Terreno", "CT": "", "ESTAMPA_CC": "2026-05-26 14:46:01" }, "geometry": { "type": "Point", "coordinates": [ -76.518783688020818, 3.345917899562275 ] } },
{ "type": "Feature", "properties": { "OBJECTID": 14658, "CE": "NPN Manzana -> Terreno", "CT": "", "ESTAMPA_CC": "2026-05-26 14:46:01" }, "geometry": { "type": "Point", "coordinates": [ -76.518961133585847, 3.346433539125894 ] } },
{ "type": "Feature", "properties": { "OBJECTID": 14659, "CE": "Traslape propio; NPN Manzana -> Terreno", "CT": "", "ESTAMPA_CC": "2026-05-26 14:46:01" }, "geometry": { "type": "Point", "coordinates": [ -76.518817056486924, 3.346483640715015 ] } },
{ "type": "Feature", "properties": { "OBJECTID": 14660, "CE": "Traslape propio; NPN Manzana -> Terreno", "CT": "", "ESTAMPA_CC": "2026-05-26 14:46:01" }, "geometry": { "type": "Point", "coordinates": [ -76.518787643430926, 3.346398168555572 ] } },
{ "type": "Feature", "properties": { "OBJECTID": 14661, "CE": "Traslape propio; NPN Manzana -> Terreno", "CT": "", "ESTAMPA_CC": "2026-05-26 14:46:01" }, "geometry": { "type": "Point", "coordinates": [ -76.519051116847251, 3.346695021335176 ] } },
{ "type": "Feature", "properties": { "OBJECTID": 14662, "CE": "Traslape propio; NPN Manzana -> Terreno", "CT": "", "ESTAMPA_CC": "2026-05-26 14:46:01" }, "geometry": { "type": "Point", "coordinates": [ -76.518552434459664, 3.346479503051938 ] } },
{ "type": "Feature", "properties": { "OBJECTID": 14663, "CE": "Traslape propio; NPN Manzana -> Terreno", "CT": "", "ESTAMPA_CC": "2026-05-26 14:46:01" }, "geometry": { "type": "Point", "coordinates": [ -76.518340121173452, 3.346360733076749 ] } },
{ "type": "Feature", "properties": { "OBJECTID": 14667, "CE": "Traslape propio; NPN Manzana -> Terreno", "CT": "", "ESTAMPA_CC": "2026-05-26 14:46:01" }, "geometry": { "type": "Point", "coordinates": [ -76.515470637779941, 3.357919446562882 ] } },
{ "type": "Feature", "properties": { "OBJECTID": 14668, "CE": "Traslape propio; NPN Manzana -> Terreno", "CT": "", "ESTAMPA_CC": "2026-05-26 14:46:01" }, "geometry": { "type": "Point", "coordinates": [ -76.509367749165051, 3.349084991816228 ] } },
{ "type": "Feature", "properties": { "OBJECTID": 14670, "CE": "Traslape propio", "CT": "", "ESTAMPA_CC": "2026-05-26 14:46:01" }, "geometry": { "type": "Point", "coordinates": [ -76.580154404086215, 3.432526376605245 ] } },
{ "type": "Feature", "properties": { "OBJECTID": 14678, "CE": "Traslape propio", "CT": "", "ESTAMPA_CC": "2026-05-26 14:46:01" }, "geometry": { "type": "Point", "coordinates": [ -76.56873401760086, 3.395387561848327 ] } },
{ "type": "Feature", "properties": { "OBJECTID": 14679, "CE": "Traslape propio", "CT": "", "ESTAMPA_CC": "2026-05-26 14:46:01" }, "geometry": { "type": "Point", "coordinates": [ -76.569422455971178, 3.396266160042615 ] } },
{ "type": "Feature", "properties": { "OBJECTID": 14684, "CE": "Traslape propio; NPN Manzana -> Terreno", "CT": "", "ESTAMPA_CC": "2026-05-26 14:46:01" }, "geometry": { "type": "Point", "coordinates": [ -76.504805705137798, 3.370086510593872 ] } },
{ "type": "Feature", "properties": { "OBJECTID": 14685, "CE": "Traslape propio", "CT": "", "ESTAMPA_CC": "2026-05-26 14:46:01" }, "geometry": { "type": "Point", "coordinates": [ -76.560043559165535, 3.508362056120713 ] } },
{ "type": "Feature", "properties": { "OBJECTID": 14687, "CE": "Traslape propio; NPN Manzana -> Terreno", "CT": "", "ESTAMPA_CC": "2026-05-26 14:46:01" }, "geometry": { "type": "Point", "coordinates": [ -76.518236820491879, 3.360272182427666 ] } },
{ "type": "Feature", "properties": { "OBJECTID": 14688, "CE": "NPN Manzana -> Terreno", "CT": "", "ESTAMPA_CC": "2026-05-26 14:46:01" }, "geometry": { "type": "Point", "coordinates": [ -76.518965013200571, 3.354726934223801 ] } },
{ "type": "Feature", "properties": { "OBJECTID": 14689, "CE": "Traslape propio; NPN Manzana -> Terreno", "CT": "", "ESTAMPA_CC": "2026-05-26 14:46:01" }, "geometry": { "type": "Point", "coordinates": [ -76.515338826004481, 3.35651554356832 ] } },
{ "type": "Feature", "properties": { "OBJECTID": 14690, "CE": "Traslape propio; NPN Manzana -> Terreno", "CT": "Zona", "ESTAMPA_CC": "2026-05-26 14:46:01" }, "geometry": { "type": "Point", "coordinates": [ -76.576597897906126, 3.452650120663819 ] } },
{ "type": "Feature", "properties": { "OBJECTID": 14691, "CE": "Traslape propio", "CT": "", "ESTAMPA_CC": "2026-05-26 14:46:01" }, "geometry": { "type": "Point", "coordinates": [ -76.552847975853084, 3.471522638170793 ] } },
{ "type": "Feature", "properties": { "OBJECTID": 14692, "CE": "Traslape propio; NPN Manzana -> Terreno", "CT": "", "ESTAMPA_CC": "2026-05-26 14:46:01" }, "geometry": { "type": "Point", "coordinates": [ -76.506628921125326, 3.367102583980779 ] } },
{ "type": "Feature", "properties": { "OBJECTID": 14693, "CE": "Traslape propio; NPN Manzana -> Terreno", "CT": "", "ESTAMPA_CC": "2026-05-26 14:46:01" }, "geometry": { "type": "Point", "coordinates": [ -76.50527674419466, 3.369353381501958 ] } },
{ "type": "Feature", "properties": { "OBJECTID": 14694, "CE": "Traslape propio; NPN Manzana -> Terreno", "CT": "", "ESTAMPA_CC": "2026-05-26 14:46:01" }, "geometry": { "type": "Point", "coordinates": [ -76.518522774998232, 3.346393323351943 ] } },
{ "type": "Feature", "properties": { "OBJECTID": 14695, "CE": "NPN Manzana -> Terreno", "CT": "", "ESTAMPA_CC": "2026-05-26 14:46:01" }, "geometry": { "type": "Point", "coordinates": [ -76.518458234941065, 3.346704452306339 ] } },
{ "type": "Feature", "properties": { "OBJECTID": 14697, "CE": "Traslape propio; NPN Manzana -> Terreno", "CT": "", "ESTAMPA_CC": "2026-05-26 14:46:01" }, "geometry": { "type": "Point", "coordinates": [ -76.522819079828039, 3.346184803512486 ] } },
{ "type": "Feature", "properties": { "OBJECTID": 14698, "CE": "Traslape propio; NPN Manzana -> Terreno", "CT": "", "ESTAMPA_CC": "2026-05-26 14:46:01" }, "geometry": { "type": "Point", "coordinates": [ -76.523626925209427, 3.345787996605128 ] } },
{ "type": "Feature", "properties": { "OBJECTID": 14699, "CE": "Traslape propio; NPN Manzana -> Terreno", "CT": "", "ESTAMPA_CC": "2026-05-26 14:46:01" }, "geometry": { "type": "Point", "coordinates": [ -76.520225707445462, 3.346042454799926 ] } },
{ "type": "Feature", "properties": { "OBJECTID": 14700, "CE": "Traslape propio; NPN Manzana -> Terreno", "CT": "", "ESTAMPA_CC": "2026-05-26 14:46:01" }, "geometry": { "type": "Point", "coordinates": [ -76.518671862592484, 3.346826512619792 ] } },
{ "type": "Feature", "properties": { "OBJECTID": 14702, "CE": "Traslape propio; NPN Manzana -> Terreno", "CT": "", "ESTAMPA_CC": "2026-05-26 14:46:01" }, "geometry": { "type": "Point", "coordinates": [ -76.51853096018047, 3.346916084953605 ] } },
{ "type": "Feature", "properties": { "OBJECTID": 14703, "CE": "NPN Manzana -> Terreno", "CT": "", "ESTAMPA_CC": "2026-05-26 14:46:01" }, "geometry": { "type": "Point", "coordinates": [ -76.518639607996462, 3.345967992534621 ] } },
{ "type": "Feature", "properties": { "OBJECTID": 14705, "CE": "NPN Manzana -> Terreno", "CT": "", "ESTAMPA_CC": "2026-05-26 14:46:01" }, "geometry": { "type": "Point", "coordinates": [ -76.561428936381191, 3.383841865603195 ] } },
{ "type": "Feature", "properties": { "OBJECTID": 14706, "CE": "NPN Manzana -> Terreno", "CT": "", "ESTAMPA_CC": "2026-05-26 14:46:01" }, "geometry": { "type": "Point", "coordinates": [ -76.540785316047561, 3.453206478600332 ] } },
{ "type": "Feature", "properties": { "OBJECTID": 14707, "CE": "Traslape propio", "CT": "", "ESTAMPA_CC": "2026-05-26 14:46:01" }, "geometry": { "type": "Point", "coordinates": [ -76.607204666573722, 3.485149824358442 ] } },
{ "type": "Feature", "properties": { "OBJECTID": 14709, "CE": "Traslape propio", "CT": "", "ESTAMPA_CC": "2026-05-26 14:46:01" }, "geometry": { "type": "Point", "coordinates": [ -76.576334327685416, 3.379648028961159 ] } },
{ "type": "Feature", "properties": { "OBJECTID": 14711, "CE": "NPN Manzana -> Terreno", "CT": "", "ESTAMPA_CC": "2026-05-26 14:46:01" }, "geometry": { "type": "Point", "coordinates": [ -76.534546205497691, 3.488399645285401 ] } },
{ "type": "Feature", "properties": { "OBJECTID": 14712, "CE": "NPN Manzana -> Terreno", "CT": "", "ESTAMPA_CC": "2026-05-26 14:46:01" }, "geometry": { "type": "Point", "coordinates": [ -76.517128489451665, 3.36014830900574 ] } },
{ "type": "Feature", "properties": { "OBJECTID": 14713, "CE": "NPN Manzana -> Terreno", "CT": "", "ESTAMPA_CC": "2026-05-26 14:46:01" }, "geometry": { "type": "Point", "coordinates": [ -76.520393878494843, 3.353525894176735 ] } },
{ "type": "Feature", "properties": { "OBJECTID": 14714, "CE": "Traslape propio; NPN Manzana -> Terreno", "CT": "", "ESTAMPA_CC": "2026-05-26 14:46:01" }, "geometry": { "type": "Point", "coordinates": [ -76.507698592903552, 3.365966916459241 ] } },
{ "type": "Feature", "properties": { "OBJECTID": 14724, "CE": "Traslape propio", "CT": "Terreno", "ESTAMPA_CC": "2026-05-26 14:46:01" }, "geometry": { "type": "Point", "coordinates": [ -76.544728132538438, 3.320179446292235 ] } },
{ "type": "Feature", "properties": { "OBJECTID": 14725, "CE": "Traslape propio", "CT": "", "ESTAMPA_CC": "2026-05-26 14:46:01" }, "geometry": { "type": "Point", "coordinates": [ -76.605851876187145, 3.481229290495405 ] } },
{ "type": "Feature", "properties": { "OBJECTID": 14726, "CE": "Traslape propio", "CT": "", "ESTAMPA_CC": "2026-05-26 14:46:01" }, "geometry": { "type": "Point", "coordinates": [ -76.579315433880865, 3.461519905456651 ] } },
{ "type": "Feature", "properties": { "OBJECTID": 14734, "CE": "Traslape propio", "CT": "", "ESTAMPA_CC": "2026-05-26 14:46:01" }, "geometry": { "type": "Point", "coordinates": [ -76.511589617815517, 3.326617271786896 ] } },
{ "type": "Feature", "properties": { "OBJECTID": 14735, "CE": "Traslape propio", "CT": "", "ESTAMPA_CC": "2026-05-26 14:46:01" }, "geometry": { "type": "Point", "coordinates": [ -76.510797186574862, 3.327590074564871 ] } },
{ "type": "Feature", "properties": { "OBJECTID": 14736, "CE": "Traslape propio", "CT": "", "ESTAMPA_CC": "2026-05-26 14:46:01" }, "geometry": { "type": "Point", "coordinates": [ -76.511458807960636, 3.326998843132978 ] } },
{ "type": "Feature", "properties": { "OBJECTID": 14737, "CE": "Traslape propio", "CT": "", "ESTAMPA_CC": "2026-05-26 14:46:01" }, "geometry": { "type": "Point", "coordinates": [ -76.511949107452466, 3.32652289805635 ] } },
{ "type": "Feature", "properties": { "OBJECTID": 14738, "CE": "Traslape propio; NPN Manzana -> Terreno", "CT": "", "ESTAMPA_CC": "2026-05-26 14:46:01" }, "geometry": { "type": "Point", "coordinates": [ -76.520949201981466, 3.345534722257792 ] } },
{ "type": "Feature", "properties": { "OBJECTID": 14739, "CE": "Traslape propio; NPN Manzana -> Terreno", "CT": "", "ESTAMPA_CC": "2026-05-26 14:46:01" }, "geometry": { "type": "Point", "coordinates": [ -76.518404516369529, 3.346049709920754 ] } },
{ "type": "Feature", "properties": { "OBJECTID": 14740, "CE": "Traslape propio", "CT": "", "ESTAMPA_CC": "2026-05-26 14:46:01" }, "geometry": { "type": "Point", "coordinates": [ -76.638290828819237, 3.454465062580117 ] } },
{ "type": "Feature", "properties": { "OBJECTID": 14741, "CE": "Traslape propio; NPN Manzana -> Terreno", "CT": "", "ESTAMPA_CC": "2026-05-26 14:46:01" }, "geometry": { "type": "Point", "coordinates": [ -76.518846593279847, 3.346569470934607 ] } },
{ "type": "Feature", "properties": { "OBJECTID": 14742, "CE": "Traslape propio; NPN Manzana -> Terreno", "CT": "", "ESTAMPA_CC": "2026-05-26 14:46:01" }, "geometry": { "type": "Point", "coordinates": [ -76.51890703242313, 3.346745101237281 ] } },
{ "type": "Feature", "properties": { "OBJECTID": 14744, "CE": "Traslape propio; NPN Manzana -> Terreno", "CT": "", "ESTAMPA_CC": "2026-05-26 14:46:01" }, "geometry": { "type": "Point", "coordinates": [ -76.518251515831963, 3.346102885663425 ] } },
{ "type": "Feature", "properties": { "OBJECTID": 14747, "CE": "Traslape propio", "CT": "", "ESTAMPA_CC": "2026-05-26 14:46:01" }, "geometry": { "type": "Point", "coordinates": [ -76.533167690631771, 3.313217405086264 ] } },
{ "type": "Feature", "properties": { "OBJECTID": 14748, "CE": "Traslape propio", "CT": "", "ESTAMPA_CC": "2026-05-26 14:46:01" }, "geometry": { "type": "Point", "coordinates": [ -76.634874893728465, 3.329147512728715 ] } },
{ "type": "Feature", "properties": { "OBJECTID": 14749, "CE": "Traslape propio", "CT": "", "ESTAMPA_CC": "2026-05-26 14:46:01" }, "geometry": { "type": "Point", "coordinates": [ -76.62296183719215, 3.511631613548943 ] } },
{ "type": "Feature", "properties": { "OBJECTID": 14750, "CE": "Traslape propio; NPN Manzana -> Terreno", "CT": "", "ESTAMPA_CC": "2026-05-26 14:46:01" }, "geometry": { "type": "Point", "coordinates": [ -76.507111254729608, 3.36637213734036 ] } },
{ "type": "Feature", "properties": { "OBJECTID": 14751, "CE": "NPN Manzana -> Terreno", "CT": "", "ESTAMPA_CC": "2026-05-26 14:46:01" }, "geometry": { "type": "Point", "coordinates": [ -76.465427477701326, 3.391662286604422 ] } },
{ "type": "Feature", "properties": { "OBJECTID": 14752, "CE": "NPN Manzana -> Terreno", "CT": "", "ESTAMPA_CC": "2026-05-26 14:46:01" }, "geometry": { "type": "Point", "coordinates": [ -76.534765865941139, 3.488513592173841 ] } },
{ "type": "Feature", "properties": { "OBJECTID": 14754, "CE": "NPN Manzana -> Terreno", "CT": "", "ESTAMPA_CC": "2026-05-26 14:46:01" }, "geometry": { "type": "Point", "coordinates": [ -76.465060890323656, 3.392549738469454 ] } },
{ "type": "Feature", "properties": { "OBJECTID": 14755, "CE": "NPN Manzana -> Terreno", "CT": "", "ESTAMPA_CC": "2026-05-26 14:46:01" }, "geometry": { "type": "Point", "coordinates": [ -76.540435851552587, 3.453103382540939 ] } },
{ "type": "Feature", "properties": { "OBJECTID": 14756, "CE": "NPN Manzana -> Terreno", "CT": "", "ESTAMPA_CC": "2026-05-26 14:46:01" }, "geometry": { "type": "Point", "coordinates": [ -76.537583892426412, 3.489430743092079 ] } },
{ "type": "Feature", "properties": { "OBJECTID": 14757, "CE": "NPN Manzana -> Terreno", "CT": "", "ESTAMPA_CC": "2026-05-26 14:46:01" }, "geometry": { "type": "Point", "coordinates": [ -76.465305143218046, 3.39028368288877 ] } },
{ "type": "Feature", "properties": { "OBJECTID": 14758, "CE": "Traslape propio", "CT": "", "ESTAMPA_CC": "2026-05-26 14:46:01" }, "geometry": { "type": "Point", "coordinates": [ -76.568629372580915, 3.39954665487777 ] } },
{ "type": "Feature", "properties": { "OBJECTID": 14759, "CE": "NPN Manzana -> Terreno", "CT": "", "ESTAMPA_CC": "2026-05-26 14:46:01" }, "geometry": { "type": "Point", "coordinates": [ -76.464753897672793, 3.394186744325177 ] } },
{ "type": "Feature", "properties": { "OBJECTID": 14760, "CE": "Traslape propio", "CT": "", "ESTAMPA_CC": "2026-05-26 14:46:01" }, "geometry": { "type": "Point", "coordinates": [ -76.537124862442241, 3.488767772638872 ] } },
{ "type": "Feature", "properties": { "OBJECTID": 14761, "CE": "NPN Manzana -> Terreno", "CT": "", "ESTAMPA_CC": "2026-05-26 14:46:01" }, "geometry": { "type": "Point", "coordinates": [ -76.465010750270068, 3.393149613119545 ] } },
{ "type": "Feature", "properties": { "OBJECTID": 14770, "CE": "Traslape propio", "CT": "", "ESTAMPA_CC": "2026-05-26 14:46:01" }, "geometry": { "type": "Point", "coordinates": [ -76.562614345145235, 3.3543843216787 ] } },
{ "type": "Feature", "properties": { "OBJECTID": 14771, "CE": "NPN Manzana -> Terreno", "CT": "", "ESTAMPA_CC": "2026-05-26 14:46:01" }, "geometry": { "type": "Point", "coordinates": [ -76.465329124321769, 3.393810988137459 ] } },
{ "type": "Feature", "properties": { "OBJECTID": 14772, "CE": "Traslape propio", "CT": "", "ESTAMPA_CC": "2026-05-26 14:46:01" }, "geometry": { "type": "Point", "coordinates": [ -76.51101605326096, 3.326707437394562 ] } },
{ "type": "Feature", "properties": { "OBJECTID": 14773, "CE": "Traslape propio", "CT": "", "ESTAMPA_CC": "2026-05-26 14:46:01" }, "geometry": { "type": "Point", "coordinates": [ -76.512585969276969, 3.32494641014229 ] } },
{ "type": "Feature", "properties": { "OBJECTID": 14774, "CE": "Traslape propio", "CT": "", "ESTAMPA_CC": "2026-05-26 14:46:01" }, "geometry": { "type": "Point", "coordinates": [ -76.507641882748288, 3.327287459189753 ] } },
{ "type": "Feature", "properties": { "OBJECTID": 14775, "CE": "Traslape propio", "CT": "", "ESTAMPA_CC": "2026-05-26 14:46:01" }, "geometry": { "type": "Point", "coordinates": [ -76.508698674976003, 3.324277468940338 ] } },
{ "type": "Feature", "properties": { "OBJECTID": 14776, "CE": "Traslape propio", "CT": "", "ESTAMPA_CC": "2026-05-26 14:46:01" }, "geometry": { "type": "Point", "coordinates": [ -76.511086541561397, 3.324183975890582 ] } },
{ "type": "Feature", "properties": { "OBJECTID": 14778, "CE": "Traslape propio", "CT": "", "ESTAMPA_CC": "2026-05-26 14:46:01" }, "geometry": { "type": "Point", "coordinates": [ -76.591311873935723, 3.466438730430198 ] } },
{ "type": "Feature", "properties": { "OBJECTID": 14781, "CE": "Traslape propio", "CT": "", "ESTAMPA_CC": "2026-05-26 14:46:01" }, "geometry": { "type": "Point", "coordinates": [ -76.510604801310933, 3.384373658544343 ] } },
{ "type": "Feature", "properties": { "OBJECTID": 14782, "CE": "Traslape propio", "CT": "", "ESTAMPA_CC": "2026-05-26 14:46:01" }, "geometry": { "type": "Point", "coordinates": [ -76.50992268543493, 3.383656619407065 ] } },
{ "type": "Feature", "properties": { "OBJECTID": 14787, "CE": "Traslape propio", "CT": "", "ESTAMPA_CC": "2026-05-26 14:46:01" }, "geometry": { "type": "Point", "coordinates": [ -76.63193346753998, 3.326813557905126 ] } },
{ "type": "Feature", "properties": { "OBJECTID": 14788, "CE": "NPN Manzana -> Terreno", "CT": "", "ESTAMPA_CC": "2026-05-26 14:46:01" }, "geometry": { "type": "Point", "coordinates": [ -76.540797135635202, 3.453424661271177 ] } },
{ "type": "Feature", "properties": { "OBJECTID": 14789, "CE": "NPN Manzana -> Terreno", "CT": "", "ESTAMPA_CC": "2026-05-26 14:46:01" }, "geometry": { "type": "Point", "coordinates": [ -76.535209631823008, 3.489298691229131 ] } },
{ "type": "Feature", "properties": { "OBJECTID": 14790, "CE": "Traslape propio", "CT": "", "ESTAMPA_CC": "2026-05-26 14:46:01" }, "geometry": { "type": "Point", "coordinates": [ -76.536396320526677, 3.488397937608291 ] } },
{ "type": "Feature", "properties": { "OBJECTID": 14791, "CE": "NPN Manzana -> Terreno", "CT": "", "ESTAMPA_CC": "2026-05-26 14:46:01" }, "geometry": { "type": "Point", "coordinates": [ -76.541155567118793, 3.453740442426171 ] } },
{ "type": "Feature", "properties": { "OBJECTID": 14792, "CE": "NPN Manzana -> Terreno", "CT": "", "ESTAMPA_CC": "2026-05-26 14:46:01" }, "geometry": { "type": "Point", "coordinates": [ -76.535956359179011, 3.489073955105841 ] } },
{ "type": "Feature", "properties": { "OBJECTID": 14793, "CE": "NPN Manzana -> Terreno", "CT": "", "ESTAMPA_CC": "2026-05-26 14:46:01" }, "geometry": { "type": "Point", "coordinates": [ -76.540859099298601, 3.452695027813484 ] } },
{ "type": "Feature", "properties": { "OBJECTID": 14794, "CE": "Traslape propio; NPN Manzana -> Terreno", "CT": "", "ESTAMPA_CC": "2026-05-26 14:46:01" }, "geometry": { "type": "Point", "coordinates": [ -76.505185196435193, 3.370605195511344 ] } },
{ "type": "Feature", "properties": { "OBJECTID": 14796, "CE": "Traslape propio", "CT": "", "ESTAMPA_CC": "2026-05-26 14:46:01" }, "geometry": { "type": "Point", "coordinates": [ -76.534434024532445, 3.310770819235454 ] } },
{ "type": "Feature", "properties": { "OBJECTID": 14798, "CE": "Traslape propio", "CT": "", "ESTAMPA_CC": "2026-05-26 14:46:01" }, "geometry": { "type": "Point", "coordinates": [ -76.465644584377699, 3.412623448570495 ] } },
{ "type": "Feature", "properties": { "OBJECTID": 14799, "CE": "NPN Manzana -> Terreno", "CT": "", "ESTAMPA_CC": "2026-05-26 14:46:01" }, "geometry": { "type": "Point", "coordinates": [ -76.539872603251084, 3.453230750340708 ] } },
{ "type": "Feature", "properties": { "OBJECTID": 14801, "CE": "NPN Manzana -> Terreno", "CT": "", "ESTAMPA_CC": "2026-05-26 14:46:01" }, "geometry": { "type": "Point", "coordinates": [ -76.534205246978644, 3.488307538190322 ] } },
{ "type": "Feature", "properties": { "OBJECTID": 14802, "CE": "NPN Manzana -> Terreno", "CT": "", "ESTAMPA_CC": "2026-05-26 14:46:01" }, "geometry": { "type": "Point", "coordinates": [ -76.540754749595692, 3.454039746940734 ] } },
{ "type": "Feature", "properties": { "OBJECTID": 14803, "CE": "Traslape propio", "CT": "", "ESTAMPA_CC": "2026-05-26 14:46:01" }, "geometry": { "type": "Point", "coordinates": [ -76.535448404185672, 3.488422532096052 ] } },
{ "type": "Feature", "properties": { "OBJECTID": 14804, "CE": "NPN Manzana -> Terreno", "CT": "", "ESTAMPA_CC": "2026-05-26 14:46:01" }, "geometry": { "type": "Point", "coordinates": [ -76.535092375165036, 3.488716523185855 ] } },
{ "type": "Feature", "properties": { "OBJECTID": 14805, "CE": "NPN Manzana -> Terreno", "CT": "", "ESTAMPA_CC": "2026-05-26 14:46:01" }, "geometry": { "type": "Point", "coordinates": [ -76.540107056957723, 3.455281260932814 ] } },
{ "type": "Feature", "properties": { "OBJECTID": 14806, "CE": "NPN Manzana -> Terreno", "CT": "", "ESTAMPA_CC": "2026-05-26 14:46:01" }, "geometry": { "type": "Point", "coordinates": [ -76.534597074478029, 3.488362209094058 ] } },
{ "type": "Feature", "properties": { "OBJECTID": 14809, "CE": "Traslape propio", "CT": "", "ESTAMPA_CC": "2026-05-26 14:46:01" }, "geometry": { "type": "Point", "coordinates": [ -76.556989691215733, 3.469493359861067 ] } },
{ "type": "Feature", "properties": { "OBJECTID": 14817, "CE": "Traslape propio", "CT": "", "ESTAMPA_CC": "2026-05-26 14:46:01" }, "geometry": { "type": "Point", "coordinates": [ -76.603996459540269, 3.450992997086045 ] } },
{ "type": "Feature", "properties": { "OBJECTID": 14823, "CE": "Traslape propio; NPN Manzana -> Terreno", "CT": "", "ESTAMPA_CC": "2026-05-26 14:46:01" }, "geometry": { "type": "Point", "coordinates": [ -76.507670611341965, 3.365928869855648 ] } },
{ "type": "Feature", "properties": { "OBJECTID": 14825, "CE": "Traslape propio", "CT": "", "ESTAMPA_CC": "2026-05-26 14:46:01" }, "geometry": { "type": "Point", "coordinates": [ -76.495334167340715, 3.402019107228353 ] } },
{ "type": "Feature", "properties": { "OBJECTID": 14826, "CE": "Traslape propio", "CT": "", "ESTAMPA_CC": "2026-05-26 14:46:01" }, "geometry": { "type": "Point", "coordinates": [ -76.551048259621183, 3.484181939799792 ] } },
{ "type": "Feature", "properties": { "OBJECTID": 14827, "CE": "Traslape propio; NPN Manzana -> Terreno", "CT": "", "ESTAMPA_CC": "2026-05-26 14:46:01" }, "geometry": { "type": "Point", "coordinates": [ -76.52151742854204, 3.360123615319004 ] } },
{ "type": "Feature", "properties": { "OBJECTID": 14830, "CE": "Traslape propio; NPN Manzana -> Terreno", "CT": "", "ESTAMPA_CC": "2026-05-26 14:46:01" }, "geometry": { "type": "Point", "coordinates": [ -76.520099968552628, 3.345886763386174 ] } },
{ "type": "Feature", "properties": { "OBJECTID": 14831, "CE": "Traslape propio; NPN Manzana -> Terreno", "CT": "", "ESTAMPA_CC": "2026-05-26 14:46:01" }, "geometry": { "type": "Point", "coordinates": [ -76.520190140248332, 3.345892504605782 ] } },
{ "type": "Feature", "properties": { "OBJECTID": 14832, "CE": "NPN Manzana -> Terreno", "CT": "", "ESTAMPA_CC": "2026-05-26 14:46:01" }, "geometry": { "type": "Point", "coordinates": [ -76.519998667561822, 3.345873618610781 ] } },
{ "type": "Feature", "properties": { "OBJECTID": 14833, "CE": "Traslape propio; NPN Manzana -> Terreno", "CT": "", "ESTAMPA_CC": "2026-05-26 14:46:01" }, "geometry": { "type": "Point", "coordinates": [ -76.520482659246625, 3.345666561959814 ] } },
{ "type": "Feature", "properties": { "OBJECTID": 14835, "CE": "Traslape propio", "CT": "", "ESTAMPA_CC": "2026-05-26 14:46:01" }, "geometry": { "type": "Point", "coordinates": [ -76.554843337843053, 3.471824105199266 ] } },
{ "type": "Feature", "properties": { "OBJECTID": 14836, "CE": "Traslape propio", "CT": "", "ESTAMPA_CC": "2026-05-26 14:46:01" }, "geometry": { "type": "Point", "coordinates": [ -76.543509737582824, 3.45611898703643 ] } },
{ "type": "Feature", "properties": { "OBJECTID": 14838, "CE": "NPN Manzana -> Terreno", "CT": "", "ESTAMPA_CC": "2026-05-26 14:46:01" }, "geometry": { "type": "Point", "coordinates": [ -76.565727579715102, 3.449997589745952 ] } },
{ "type": "Feature", "properties": { "OBJECTID": 14839, "CE": "Traslape propio", "CT": "", "ESTAMPA_CC": "2026-05-26 14:46:01" }, "geometry": { "type": "Point", "coordinates": [ -76.63759316148311, 3.45455678480372 ] } },
{ "type": "Feature", "properties": { "OBJECTID": 14840, "CE": "Traslape propio; NPN Manzana -> Terreno", "CT": "", "ESTAMPA_CC": "2026-05-26 14:46:01" }, "geometry": { "type": "Point", "coordinates": [ -76.518876360180712, 3.346655971161459 ] } },
{ "type": "Feature", "properties": { "OBJECTID": 14841, "CE": "Traslape propio; NPN Manzana -> Terreno", "CT": "", "ESTAMPA_CC": "2026-05-26 14:46:01" }, "geometry": { "type": "Point", "coordinates": [ -76.520753503115799, 3.345684621411226 ] } },
{ "type": "Feature", "properties": { "OBJECTID": 14842, "CE": "Traslape propio", "CT": "", "ESTAMPA_CC": "2026-05-26 14:46:01" }, "geometry": { "type": "Point", "coordinates": [ -76.550405362477008, 3.34708810454703 ] } },
{ "type": "Feature", "properties": { "OBJECTID": 14843, "CE": "NPN Manzana -> Terreno", "CT": "", "ESTAMPA_CC": "2026-05-26 14:46:01" }, "geometry": { "type": "Point", "coordinates": [ -76.5186411617522, 3.346737310200795 ] } },
{ "type": "Feature", "properties": { "OBJECTID": 14844, "CE": "Traslape propio; NPN Manzana -> Terreno", "CT": "", "ESTAMPA_CC": "2026-05-26 14:46:01" }, "geometry": { "type": "Point", "coordinates": [ -76.518463703681732, 3.346221685496553 ] } },
{ "type": "Feature", "properties": { "OBJECTID": 14845, "CE": "Traslape propio; NPN Manzana -> Terreno", "CT": "", "ESTAMPA_CC": "2026-05-26 14:46:01" }, "geometry": { "type": "Point", "coordinates": [ -76.518369612756615, 3.346446555625423 ] } },
{ "type": "Feature", "properties": { "OBJECTID": 14846, "CE": "Traslape propio; NPN Manzana -> Terreno", "CT": "", "ESTAMPA_CC": "2026-05-26 14:46:01" }, "geometry": { "type": "Point", "coordinates": [ -76.518399231824944, 3.346532748893021 ] } },
{ "type": "Feature", "properties": { "OBJECTID": 14847, "CE": "NPN Manzana -> Terreno", "CT": "", "ESTAMPA_CC": "2026-05-26 14:46:01" }, "geometry": { "type": "Point", "coordinates": [ -76.518487834973939, 3.346790590415296 ] } },
{ "type": "Feature", "properties": { "OBJECTID": 14848, "CE": "Traslape propio; NPN Manzana -> Terreno", "CT": "", "ESTAMPA_CC": "2026-05-26 14:46:01" }, "geometry": { "type": "Point", "coordinates": [ -76.507092553775024, 3.371360679496091 ] } },
{ "type": "Feature", "properties": { "OBJECTID": 14849, "CE": "Traslape propio; NPN Manzana -> Terreno", "CT": "", "ESTAMPA_CC": "2026-05-26 14:46:01" }, "geometry": { "type": "Point", "coordinates": [ -76.507062727973988, 3.371533878342305 ] } },
{ "type": "Feature", "properties": { "OBJECTID": 14850, "CE": "Traslape propio; NPN Manzana -> Terreno", "CT": "", "ESTAMPA_CC": "2026-05-26 14:46:01" }, "geometry": { "type": "Point", "coordinates": [ -76.506482830599978, 3.375542531851289 ] } },
{ "type": "Feature", "properties": { "OBJECTID": 14852, "CE": "Traslape propio; NPN Manzana -> Terreno", "CT": "", "ESTAMPA_CC": "2026-05-26 14:46:01" }, "geometry": { "type": "Point", "coordinates": [ -76.50672883878191, 3.373924862732554 ] } },
{ "type": "Feature", "properties": { "OBJECTID": 14865, "CE": "NPN Manzana -> Terreno", "CT": "", "ESTAMPA_CC": "2026-05-26 14:46:01" }, "geometry": { "type": "Point", "coordinates": [ -76.533284686479192, 3.491658660397069 ] } },
{ "type": "Feature", "properties": { "OBJECTID": 14866, "CE": "Traslape propio; NPN Manzana -> Terreno", "CT": "", "ESTAMPA_CC": "2026-05-26 14:46:01" }, "geometry": { "type": "Point", "coordinates": [ -76.518954803762668, 3.359775406154339 ] } },
{ "type": "Feature", "properties": { "OBJECTID": 14874, "CE": "Traslape propio", "CT": "", "ESTAMPA_CC": "2026-05-26 14:46:01" }, "geometry": { "type": "Point", "coordinates": [ -76.569852617126202, 3.395659056969081 ] } },
{ "type": "Feature", "properties": { "OBJECTID": 14875, "CE": "Traslape propio", "CT": "", "ESTAMPA_CC": "2026-05-26 14:46:01" }, "geometry": { "type": "Point", "coordinates": [ -76.561425398080303, 3.358864921277621 ] } },
{ "type": "Feature", "properties": { "OBJECTID": 14882, "CE": "NPN Manzana -> Terreno", "CT": "", "ESTAMPA_CC": "2026-05-26 14:46:01" }, "geometry": { "type": "Point", "coordinates": [ -76.51861151777527, 3.346651176617499 ] } },
{ "type": "Feature", "properties": { "OBJECTID": 14883, "CE": "Traslape propio; NPN Manzana -> Terreno", "CT": "", "ESTAMPA_CC": "2026-05-26 14:46:01" }, "geometry": { "type": "Point", "coordinates": [ -76.520302351977406, 3.345654538859579 ] } },
{ "type": "Feature", "properties": { "OBJECTID": 14884, "CE": "Traslape propio", "CT": "", "ESTAMPA_CC": "2026-05-26 14:46:01" }, "geometry": { "type": "Point", "coordinates": [ -76.537251582321815, 3.328759874070892 ] } },
{ "type": "Feature", "properties": { "OBJECTID": 14885, "CE": "Traslape propio", "CT": "", "ESTAMPA_CC": "2026-05-26 14:46:01" }, "geometry": { "type": "Point", "coordinates": [ -76.551864064308887, 3.348003191369707 ] } },
{ "type": "Feature", "properties": { "OBJECTID": 14887, "CE": "Traslape propio; NPN Manzana -> Terreno", "CT": "", "ESTAMPA_CC": "2026-05-26 14:46:01" }, "geometry": { "type": "Point", "coordinates": [ -76.518872406637456, 3.3461757075937 ] } },
{ "type": "Feature", "properties": { "OBJECTID": 14888, "CE": "Traslape propio; NPN Manzana -> Terreno", "CT": "", "ESTAMPA_CC": "2026-05-26 14:46:01" }, "geometry": { "type": "Point", "coordinates": [ -76.518698918343517, 3.346140343788623 ] } },
{ "type": "Feature", "properties": { "OBJECTID": 14889, "CE": "Traslape propio; NPN Manzana -> Terreno", "CT": "", "ESTAMPA_CC": "2026-05-26 14:46:01" }, "geometry": { "type": "Point", "coordinates": [ -76.518669140908884, 3.346053811005201 ] } },
{ "type": "Feature", "properties": { "OBJECTID": 14890, "CE": "Traslape propio", "CT": "", "ESTAMPA_CC": "2026-05-26 14:46:01" }, "geometry": { "type": "Point", "coordinates": [ -76.545622329589875, 3.319397497819294 ] } },
{ "type": "Feature", "properties": { "OBJECTID": 14895, "CE": "Traslape propio; NPN Manzana -> Terreno", "CT": "", "ESTAMPA_CC": "2026-05-26 14:46:01" }, "geometry": { "type": "Point", "coordinates": [ -76.505932736680506, 3.357182837173979 ] } },
{ "type": "Feature", "properties": { "OBJECTID": 14897, "CE": "Traslape propio; NPN Manzana -> Terreno", "CT": "", "ESTAMPA_CC": "2026-05-26 14:46:01" }, "geometry": { "type": "Point", "coordinates": [ -76.506363649133846, 3.369328906020916 ] } },
{ "type": "Feature", "properties": { "OBJECTID": 14898, "CE": "Traslape propio; NPN Manzana -> Terreno", "CT": "", "ESTAMPA_CC": "2026-05-26 14:46:01" }, "geometry": { "type": "Point", "coordinates": [ -76.50747829291457, 3.369271016544467 ] } },
{ "type": "Feature", "properties": { "OBJECTID": 14905, "CE": "Traslape propio", "CT": "", "ESTAMPA_CC": "2026-05-26 14:46:01" }, "geometry": { "type": "Point", "coordinates": [ -76.5086464987765, 3.378542466114843 ] } },
{ "type": "Feature", "properties": { "OBJECTID": 14906, "CE": "Traslape propio", "CT": "", "ESTAMPA_CC": "2026-05-26 14:46:01" }, "geometry": { "type": "Point", "coordinates": [ -76.570141525121244, 3.398952186201043 ] } },
{ "type": "Feature", "properties": { "OBJECTID": 14907, "CE": "Traslape propio; NPN Manzana -> Terreno", "CT": "", "ESTAMPA_CC": "2026-05-26 14:46:01" }, "geometry": { "type": "Point", "coordinates": [ -76.51222503362051, 3.345069138833065 ] } },
{ "type": "Feature", "properties": { "OBJECTID": 14908, "CE": "Traslape propio", "CT": "", "ESTAMPA_CC": "2026-05-26 14:46:01" }, "geometry": { "type": "Point", "coordinates": [ -76.570089519237783, 3.398764772097724 ] } },
{ "type": "Feature", "properties": { "OBJECTID": 14917, "CE": "NPN Manzana -> Terreno", "CT": "Zona", "ESTAMPA_CC": "2026-05-26 14:46:01" }, "geometry": { "type": "Point", "coordinates": [ -76.536621112720269, 3.489683567082531 ] } },
{ "type": "Feature", "properties": { "OBJECTID": 14929, "CE": "Traslape propio; NPN Manzana -> Terreno", "CT": "", "ESTAMPA_CC": "2026-05-26 14:46:01" }, "geometry": { "type": "Point", "coordinates": [ -76.504585158934901, 3.351865913617384 ] } },
{ "type": "Feature", "properties": { "OBJECTID": 14931, "CE": "NPN Manzana -> Terreno", "CT": "", "ESTAMPA_CC": "2026-05-26 14:46:01" }, "geometry": { "type": "Point", "coordinates": [ -76.540615812715828, 3.452552269334796 ] } },
{ "type": "Feature", "properties": { "OBJECTID": 14932, "CE": "Traslape propio", "CT": "", "ESTAMPA_CC": "2026-05-26 14:46:01" }, "geometry": { "type": "Point", "coordinates": [ -76.606819970958497, 3.482777408396532 ] } },
{ "type": "Feature", "properties": { "OBJECTID": 14933, "CE": "NPN Manzana -> Terreno", "CT": "", "ESTAMPA_CC": "2026-05-26 14:46:01" }, "geometry": { "type": "Point", "coordinates": [ -76.541204823433105, 3.453605350248449 ] } },
{ "type": "Feature", "properties": { "OBJECTID": 14934, "CE": "NPN Manzana -> Terreno", "CT": "", "ESTAMPA_CC": "2026-05-26 14:46:01" }, "geometry": { "type": "Point", "coordinates": [ -76.465683719448478, 3.391789070806566 ] } },
{ "type": "Feature", "properties": { "OBJECTID": 14935, "CE": "NPN Manzana -> Terreno", "CT": "", "ESTAMPA_CC": "2026-05-26 14:46:01" }, "geometry": { "type": "Point", "coordinates": [ -76.540998309762784, 3.452538839777371 ] } },
{ "type": "Feature", "properties": { "OBJECTID": 14936, "CE": "Traslape propio", "CT": "", "ESTAMPA_CC": "2026-05-26 14:46:01" }, "geometry": { "type": "Point", "coordinates": [ -76.511283188386614, 3.37852370277267 ] } },
{ "type": "Feature", "properties": { "OBJECTID": 14937, "CE": "Traslape propio", "CT": "Terreno", "ESTAMPA_CC": "2026-05-26 14:46:01" }, "geometry": { "type": "Point", "coordinates": [ -76.542252240426748, 3.331730571195993 ] } },
{ "type": "Feature", "properties": { "OBJECTID": 14938, "CE": "Traslape propio", "CT": "", "ESTAMPA_CC": "2026-05-26 14:46:01" }, "geometry": { "type": "Point", "coordinates": [ -76.536750415524835, 3.326321915246899 ] } },
{ "type": "Feature", "properties": { "OBJECTID": 14939, "CE": "Traslape propio", "CT": "", "ESTAMPA_CC": "2026-05-26 14:46:01" }, "geometry": { "type": "Point", "coordinates": [ -76.540946930064138, 3.33129319851731 ] } },
{ "type": "Feature", "properties": { "OBJECTID": 14940, "CE": "Traslape propio", "CT": "", "ESTAMPA_CC": "2026-05-26 14:46:01" }, "geometry": { "type": "Point", "coordinates": [ -76.595725108838039, 3.38613036684752 ] } },
{ "type": "Feature", "properties": { "OBJECTID": 14942, "CE": "Traslape propio", "CT": "", "ESTAMPA_CC": "2026-05-26 14:46:01" }, "geometry": { "type": "Point", "coordinates": [ -76.577906856589465, 3.396871912429423 ] } },
{ "type": "Feature", "properties": { "OBJECTID": 14944, "CE": "Traslape propio", "CT": "", "ESTAMPA_CC": "2026-05-26 14:46:01" }, "geometry": { "type": "Point", "coordinates": [ -76.570279888187102, 3.398690720413665 ] } },
{ "type": "Feature", "properties": { "OBJECTID": 14946, "CE": "Traslape propio", "CT": "", "ESTAMPA_CC": "2026-05-26 14:46:01" }, "geometry": { "type": "Point", "coordinates": [ -76.510697841458139, 3.330022426445441 ] } },
{ "type": "Feature", "properties": { "OBJECTID": 14950, "CE": "NPN Manzana -> Terreno", "CT": "", "ESTAMPA_CC": "2026-05-26 14:46:01" }, "geometry": { "type": "Point", "coordinates": [ -76.539928071913522, 3.455186766829575 ] } },
{ "type": "Feature", "properties": { "OBJECTID": 14951, "CE": "Traslape propio; NPN Manzana -> Terreno", "CT": "", "ESTAMPA_CC": "2026-05-26 14:46:01" }, "geometry": { "type": "Point", "coordinates": [ -76.532375427665173, 3.483787423538153 ] } },
{ "type": "Feature", "properties": { "OBJECTID": 14952, "CE": "Traslape propio; NPN Manzana -> Terreno", "CT": "", "ESTAMPA_CC": "2026-05-26 14:46:01" }, "geometry": { "type": "Point", "coordinates": [ -76.542957837844682, 3.455203791745658 ] } },
{ "type": "Feature", "properties": { "OBJECTID": 14953, "CE": "NPN Manzana -> Terreno", "CT": "", "ESTAMPA_CC": "2026-05-26 14:46:01" }, "geometry": { "type": "Point", "coordinates": [ -76.540544162461941, 3.454037629251325 ] } },
{ "type": "Feature", "properties": { "OBJECTID": 14954, "CE": "NPN Manzana -> Terreno", "CT": "", "ESTAMPA_CC": "2026-05-26 14:46:01" }, "geometry": { "type": "Point", "coordinates": [ -76.541441058247074, 3.452640649176024 ] } },
{ "type": "Feature", "properties": { "OBJECTID": 14956, "CE": "Traslape propio", "CT": "", "ESTAMPA_CC": "2026-05-26 14:46:01" }, "geometry": { "type": "Point", "coordinates": [ -76.553101303447292, 3.484942824196284 ] } },
{ "type": "Feature", "properties": { "OBJECTID": 14957, "CE": "Traslape propio", "CT": "", "ESTAMPA_CC": "2026-05-26 14:46:01" }, "geometry": { "type": "Point", "coordinates": [ -76.552824907634175, 3.485129461080533 ] } },
{ "type": "Feature", "properties": { "OBJECTID": 14958, "CE": "Traslape propio", "CT": "", "ESTAMPA_CC": "2026-05-26 14:46:01" }, "geometry": { "type": "Point", "coordinates": [ -76.569769535513316, 3.424636402931149 ] } },
{ "type": "Feature", "properties": { "OBJECTID": 14959, "CE": "Traslape propio; NPN Manzana -> Terreno", "CT": "", "ESTAMPA_CC": "2026-05-26 14:46:01" }, "geometry": { "type": "Point", "coordinates": [ -76.557249538884392, 3.449763816757895 ] } },
{ "type": "Feature", "properties": { "OBJECTID": 14960, "CE": "NPN Manzana -> Terreno", "CT": "", "ESTAMPA_CC": "2026-05-26 14:46:01" }, "geometry": { "type": "Point", "coordinates": [ -76.541178885999017, 3.453161875741119 ] } },
{ "type": "Feature", "properties": { "OBJECTID": 14961, "CE": "Traslape propio; NPN Manzana -> Terreno", "CT": "", "ESTAMPA_CC": "2026-05-26 14:46:01" }, "geometry": { "type": "Point", "coordinates": [ -76.617151320801767, 3.504395850181787 ] } },
{ "type": "Feature", "properties": { "OBJECTID": 14964, "CE": "Traslape propio; NPN Manzana -> Terreno", "CT": "", "ESTAMPA_CC": "2026-05-26 14:46:01" }, "geometry": { "type": "Point", "coordinates": [ -76.520943267135266, 3.356848321606124 ] } },
{ "type": "Feature", "properties": { "OBJECTID": 14974, "CE": "Traslape propio", "CT": "", "ESTAMPA_CC": "2026-05-26 14:46:01" }, "geometry": { "type": "Point", "coordinates": [ -76.568805959652266, 3.448193538272514 ] } },
{ "type": "Feature", "properties": { "OBJECTID": 14985, "CE": "Traslape propio", "CT": "", "ESTAMPA_CC": "2026-05-26 14:46:01" }, "geometry": { "type": "Point", "coordinates": [ -76.614458133344854, 3.507016179780021 ] } },
{ "type": "Feature", "properties": { "OBJECTID": 14986, "CE": "Traslape propio", "CT": "Terreno", "ESTAMPA_CC": "2026-05-26 14:46:01" }, "geometry": { "type": "Point", "coordinates": [ -76.537409300510589, 3.328981493310114 ] } },
{ "type": "Feature", "properties": { "OBJECTID": 14987, "CE": "Traslape propio", "CT": "", "ESTAMPA_CC": "2026-05-26 14:46:01" }, "geometry": { "type": "Point", "coordinates": [ -76.578455816994435, 3.400403799338001 ] } },
{ "type": "Feature", "properties": { "OBJECTID": 14988, "CE": "Traslape propio; NPN Manzana -> Terreno", "CT": "Número Unidad; Llave IDTERRENO", "ESTAMPA_CC": "2026-05-26 14:46:01" }, "geometry": { "type": "Point", "coordinates": [ -76.576363064571794, 3.458536975610673 ] } },
{ "type": "Feature", "properties": { "OBJECTID": 14993, "CE": "Traslape propio", "CT": "", "ESTAMPA_CC": "2026-05-26 14:46:01" }, "geometry": { "type": "Point", "coordinates": [ -76.480732220773376, 3.303487473134145 ] } },
{ "type": "Feature", "properties": { "OBJECTID": 14995, "CE": "Traslape propio; NPN Manzana -> Terreno", "CT": "", "ESTAMPA_CC": "2026-05-26 14:46:01" }, "geometry": { "type": "Point", "coordinates": [ -76.519704583127748, 3.354771454077061 ] } },
{ "type": "Feature", "properties": { "OBJECTID": 14996, "CE": "Traslape propio", "CT": "", "ESTAMPA_CC": "2026-05-26 14:46:01" }, "geometry": { "type": "Point", "coordinates": [ -76.512987801760417, 3.37188845053962 ] } },
{ "type": "Feature", "properties": { "OBJECTID": 15013, "CE": "Traslape propio; NPN Manzana -> Terreno", "CT": "", "ESTAMPA_CC": "2026-05-26 14:46:01" }, "geometry": { "type": "Point", "coordinates": [ -76.536039786469473, 3.49160689779119 ] } },
{ "type": "Feature", "properties": { "OBJECTID": 15023, "CE": "Traslape propio", "CT": "", "ESTAMPA_CC": "2026-05-26 14:46:01" }, "geometry": { "type": "Point", "coordinates": [ -76.577497881417557, 3.490152515413239 ] } },
{ "type": "Feature", "properties": { "OBJECTID": 15031, "CE": "Traslape propio", "CT": "", "ESTAMPA_CC": "2026-05-26 14:46:01" }, "geometry": { "type": "Point", "coordinates": [ -76.466472564512515, 3.412664839459316 ] } },
{ "type": "Feature", "properties": { "OBJECTID": 15032, "CE": "Traslape propio", "CT": "", "ESTAMPA_CC": "2026-05-26 14:46:01" }, "geometry": { "type": "Point", "coordinates": [ -76.532584569026554, 3.312982046423086 ] } },
{ "type": "Feature", "properties": { "OBJECTID": 15033, "CE": "Traslape propio", "CT": "", "ESTAMPA_CC": "2026-05-26 14:46:01" }, "geometry": { "type": "Point", "coordinates": [ -76.531770084483753, 3.312655374250121 ] } },
{ "type": "Feature", "properties": { "OBJECTID": 15034, "CE": "Traslape propio", "CT": "", "ESTAMPA_CC": "2026-05-26 14:46:01" }, "geometry": { "type": "Point", "coordinates": [ -76.603900077161541, 3.505550756044354 ] } },
{ "type": "Feature", "properties": { "OBJECTID": 15037, "CE": "NPN Manzana -> Terreno", "CT": "", "ESTAMPA_CC": "2026-05-26 14:46:01" }, "geometry": { "type": "Point", "coordinates": [ -76.518912649000697, 3.35562245151369 ] } },
{ "type": "Feature", "properties": { "OBJECTID": 15042, "CE": "Traslape propio", "CT": "", "ESTAMPA_CC": "2026-05-26 14:46:01" }, "geometry": { "type": "Point", "coordinates": [ -76.536645723102325, 3.330376257030423 ] } },
{ "type": "Feature", "properties": { "OBJECTID": 15045, "CE": "Traslape propio; NPN Manzana -> Terreno", "CT": "", "ESTAMPA_CC": "2026-05-26 14:46:01" }, "geometry": { "type": "Point", "coordinates": [ -76.506884726761285, 3.372569014295065 ] } },
{ "type": "Feature", "properties": { "OBJECTID": 15046, "CE": "Traslape propio; NPN Manzana -> Terreno", "CT": "", "ESTAMPA_CC": "2026-05-26 14:46:01" }, "geometry": { "type": "Point", "coordinates": [ -76.506036377766861, 3.371200502682417 ] } },
{ "type": "Feature", "properties": { "OBJECTID": 15047, "CE": "Traslape propio", "CT": "", "ESTAMPA_CC": "2026-05-26 14:46:01" }, "geometry": { "type": "Point", "coordinates": [ -76.55094938373378, 3.347994540703354 ] } },
{ "type": "Feature", "properties": { "OBJECTID": 15048, "CE": "Traslape propio; NPN Manzana -> Terreno", "CT": "", "ESTAMPA_CC": "2026-05-26 14:46:01" }, "geometry": { "type": "Point", "coordinates": [ -76.506003544960095, 3.371373696476295 ] } },
{ "type": "Feature", "properties": { "OBJECTID": 15049, "CE": "Traslape propio; NPN Manzana -> Terreno", "CT": "", "ESTAMPA_CC": "2026-05-26 14:46:01" }, "geometry": { "type": "Point", "coordinates": [ -76.507021595132258, 3.374302825932309 ] } },
{ "type": "Feature", "properties": { "OBJECTID": 15050, "CE": "NPN Manzana -> Terreno", "CT": "", "ESTAMPA_CC": "2026-05-26 14:46:01" }, "geometry": { "type": "Point", "coordinates": [ -76.505904918538221, 3.371100874304083 ] } },
{ "type": "Feature", "properties": { "OBJECTID": 15051, "CE": "Traslape propio; NPN Manzana -> Terreno", "CT": "", "ESTAMPA_CC": "2026-05-26 14:46:01" }, "geometry": { "type": "Point", "coordinates": [ -76.506852401618843, 3.370347093544586 ] } },
{ "type": "Feature", "properties": { "OBJECTID": 15052, "CE": "Traslape propio; NPN Manzana -> Terreno", "CT": "", "ESTAMPA_CC": "2026-05-26 14:46:01" }, "geometry": { "type": "Point", "coordinates": [ -76.505689462479538, 3.370719243206653 ] } },
{ "type": "Feature", "properties": { "OBJECTID": 15053, "CE": "Traslape propio", "CT": "", "ESTAMPA_CC": "2026-05-26 14:46:01" }, "geometry": { "type": "Point", "coordinates": [ -76.54652205917921, 3.323069816541381 ] } },
{ "type": "Feature", "properties": { "OBJECTID": 15058, "CE": "Traslape propio; NPN Manzana -> Terreno", "CT": "", "ESTAMPA_CC": "2026-05-26 14:46:01" }, "geometry": { "type": "Point", "coordinates": [ -76.545819401299298, 3.356875002211488 ] } },
{ "type": "Feature", "properties": { "OBJECTID": 15068, "CE": "NPN Manzana -> Terreno", "CT": "", "ESTAMPA_CC": "2026-05-26 14:46:01" }, "geometry": { "type": "Point", "coordinates": [ -76.53615498064255, 3.490467079316721 ] } },
{ "type": "Feature", "properties": { "OBJECTID": 15069, "CE": "NPN Manzana -> Terreno", "CT": "", "ESTAMPA_CC": "2026-05-26 14:46:01" }, "geometry": { "type": "Point", "coordinates": [ -76.533209476261661, 3.491628428770063 ] } },
{ "type": "Feature", "properties": { "OBJECTID": 15078, "CE": "Traslape propio", "CT": "", "ESTAMPA_CC": "2026-05-26 14:46:01" }, "geometry": { "type": "Point", "coordinates": [ -76.640797987003012, 3.464345870012516 ] } },
{ "type": "Feature", "properties": { "OBJECTID": 15088, "CE": "Traslape propio", "CT": "", "ESTAMPA_CC": "2026-05-26 14:46:01" }, "geometry": { "type": "Point", "coordinates": [ -76.604740524898688, 3.487007516376655 ] } },
{ "type": "Feature", "properties": { "OBJECTID": 15091, "CE": "Traslape propio", "CT": "", "ESTAMPA_CC": "2026-05-26 14:46:01" }, "geometry": { "type": "Point", "coordinates": [ -76.545209596105337, 3.319514768121176 ] } },
{ "type": "Feature", "properties": { "OBJECTID": 15092, "CE": "Traslape propio", "CT": "", "ESTAMPA_CC": "2026-05-26 14:46:01" }, "geometry": { "type": "Point", "coordinates": [ -76.549169148569504, 3.323359625534036 ] } },
{ "type": "Feature", "properties": { "OBJECTID": 15094, "CE": "Traslape propio; NPN Manzana -> Terreno", "CT": "", "ESTAMPA_CC": "2026-05-26 14:46:01" }, "geometry": { "type": "Point", "coordinates": [ -76.506241231949346, 3.370221588722254 ] } },
{ "type": "Feature", "properties": { "OBJECTID": 15100, "CE": "Traslape propio", "CT": "", "ESTAMPA_CC": "2026-05-26 14:46:01" }, "geometry": { "type": "Point", "coordinates": [ -76.540085103349014, 3.329834445595564 ] } },
{ "type": "Feature", "properties": { "OBJECTID": 15104, "CE": "Traslape propio", "CT": "", "ESTAMPA_CC": "2026-05-26 14:46:01" }, "geometry": { "type": "Point", "coordinates": [ -76.605312783369868, 3.514453670890474 ] } },
{ "type": "Feature", "properties": { "OBJECTID": 15105, "CE": "Traslape propio", "CT": "", "ESTAMPA_CC": "2026-05-26 14:46:01" }, "geometry": { "type": "Point", "coordinates": [ -76.576404543606046, 3.395179325422733 ] } },
{ "type": "Feature", "properties": { "OBJECTID": 15113, "CE": "NPN Manzana -> Terreno", "CT": "", "ESTAMPA_CC": "2026-05-26 14:46:01" }, "geometry": { "type": "Point", "coordinates": [ -76.517149999807899, 3.359168655545603 ] } },
{ "type": "Feature", "properties": { "OBJECTID": 15117, "CE": "Traslape propio", "CT": "", "ESTAMPA_CC": "2026-05-26 14:46:01" }, "geometry": { "type": "Point", "coordinates": [ -76.462241152471648, 3.423281996077062 ] } },
{ "type": "Feature", "properties": { "OBJECTID": 15126, "CE": "Traslape propio", "CT": "", "ESTAMPA_CC": "2026-05-26 14:46:01" }, "geometry": { "type": "Point", "coordinates": [ -76.571574971909058, 3.398901191949347 ] } },
{ "type": "Feature", "properties": { "OBJECTID": 15129, "CE": "Traslape propio", "CT": "", "ESTAMPA_CC": "2026-05-26 14:46:01" }, "geometry": { "type": "Point", "coordinates": [ -76.547542868430753, 3.323583380235523 ] } },
{ "type": "Feature", "properties": { "OBJECTID": 15130, "CE": "Traslape propio", "CT": "", "ESTAMPA_CC": "2026-05-26 14:46:01" }, "geometry": { "type": "Point", "coordinates": [ -76.548339140826769, 3.323666734814154 ] } },
{ "type": "Feature", "properties": { "OBJECTID": 15132, "CE": "NPN Manzana -> Terreno", "CT": "", "ESTAMPA_CC": "2026-05-26 14:46:01" }, "geometry": { "type": "Point", "coordinates": [ -76.536490808663132, 3.490598123557387 ] } },
{ "type": "Feature", "properties": { "OBJECTID": 15136, "CE": "Traslape propio", "CT": "", "ESTAMPA_CC": "2026-05-26 14:46:01" }, "geometry": { "type": "Point", "coordinates": [ -76.568636999390478, 3.399627951933001 ] } },
{ "type": "Feature", "properties": { "OBJECTID": 15139, "CE": "Traslape propio", "CT": "", "ESTAMPA_CC": "2026-05-26 14:46:01" }, "geometry": { "type": "Point", "coordinates": [ -76.571907712351972, 3.393694634019146 ] } },
{ "type": "Feature", "properties": { "OBJECTID": 15145, "CE": "Traslape propio; NPN Manzana -> Terreno", "CT": "", "ESTAMPA_CC": "2026-05-26 14:46:01" }, "geometry": { "type": "Point", "coordinates": [ -76.615598585429638, 3.52907638037531 ] } },
{ "type": "Feature", "properties": { "OBJECTID": 15146, "CE": "Traslape propio; NPN Manzana -> Terreno", "CT": "", "ESTAMPA_CC": "2026-05-26 14:46:01" }, "geometry": { "type": "Point", "coordinates": [ -76.512976572121872, 3.357409303536258 ] } },
{ "type": "Feature", "properties": { "OBJECTID": 15147, "CE": "Traslape propio", "CT": "", "ESTAMPA_CC": "2026-05-26 14:46:01" }, "geometry": { "type": "Point", "coordinates": [ -76.568657131968465, 3.399719057503795 ] } },
{ "type": "Feature", "properties": { "OBJECTID": 15148, "CE": "NPN Manzana -> Terreno", "CT": "", "ESTAMPA_CC": "2026-05-26 14:46:01" }, "geometry": { "type": "Point", "coordinates": [ -76.515106310284779, 3.355175263594727 ] } },
{ "type": "Feature", "properties": { "OBJECTID": 15157, "CE": "Traslape propio", "CT": "", "ESTAMPA_CC": "2026-05-26 14:46:01" }, "geometry": { "type": "Point", "coordinates": [ -76.555158659899362, 3.348195235003607 ] } },
{ "type": "Feature", "properties": { "OBJECTID": 15158, "CE": "Traslape propio; NPN Manzana -> Terreno", "CT": "", "ESTAMPA_CC": "2026-05-26 14:46:01" }, "geometry": { "type": "Point", "coordinates": [ -76.507783318202669, 3.36608212141614 ] } },
{ "type": "Feature", "properties": { "OBJECTID": 15159, "CE": "Traslape propio; NPN Manzana -> Terreno", "CT": "", "ESTAMPA_CC": "2026-05-26 14:46:01" }, "geometry": { "type": "Point", "coordinates": [ -76.504794068982747, 3.369742843883391 ] } },
{ "type": "Feature", "properties": { "OBJECTID": 15160, "CE": "Traslape propio; NPN Manzana -> Terreno", "CT": "", "ESTAMPA_CC": "2026-05-26 14:46:01" }, "geometry": { "type": "Point", "coordinates": [ -76.514414915242398, 3.355705110739614 ] } },
{ "type": "Feature", "properties": { "OBJECTID": 15167, "CE": "Traslape propio", "CT": "", "ESTAMPA_CC": "2026-05-26 14:46:01" }, "geometry": { "type": "Point", "coordinates": [ -76.574783232419833, 3.494290875110475 ] } },
{ "type": "Feature", "properties": { "OBJECTID": 15169, "CE": "Traslape propio", "CT": "", "ESTAMPA_CC": "2026-05-26 14:46:01" }, "geometry": { "type": "Point", "coordinates": [ -76.61600589205112, 3.326559876741248 ] } },
{ "type": "Feature", "properties": { "OBJECTID": 15170, "CE": "NPN Manzana -> Terreno", "CT": "", "ESTAMPA_CC": "2026-05-26 14:46:01" }, "geometry": { "type": "Point", "coordinates": [ -76.531182103012341, 3.488472381535573 ] } },
{ "type": "Feature", "properties": { "OBJECTID": 15178, "CE": "NPN Manzana -> Terreno", "CT": "", "ESTAMPA_CC": "2026-05-26 14:46:01" }, "geometry": { "type": "Point", "coordinates": [ -76.519166657033338, 3.346266016258523 ] } },
{ "type": "Feature", "properties": { "OBJECTID": 15179, "CE": "Traslape propio", "CT": "", "ESTAMPA_CC": "2026-05-26 14:46:01" }, "geometry": { "type": "Point", "coordinates": [ -76.546055236678555, 3.493757501673791 ] } },
{ "type": "Feature", "properties": { "OBJECTID": 15180, "CE": "Traslape propio; NPN Manzana -> Terreno", "CT": "", "ESTAMPA_CC": "2026-05-26 14:46:01" }, "geometry": { "type": "Point", "coordinates": [ -76.519077946081083, 3.346008216844447 ] } },
{ "type": "Feature", "properties": { "OBJECTID": 15182, "CE": "Traslape propio; NPN Manzana -> Terreno", "CT": "Zona", "ESTAMPA_CC": "2026-05-26 14:46:01" }, "geometry": { "type": "Point", "coordinates": [ -76.589500050200044, 3.46427593163596 ] } },
{ "type": "Feature", "properties": { "OBJECTID": 15183, "CE": "Traslape propio", "CT": "", "ESTAMPA_CC": "2026-05-26 14:46:01" }, "geometry": { "type": "Point", "coordinates": [ -76.542945397886967, 3.33137034590955 ] } },
{ "type": "Feature", "properties": { "OBJECTID": 15199, "CE": "Traslape propio", "CT": "", "ESTAMPA_CC": "2026-05-26 14:46:01" }, "geometry": { "type": "Point", "coordinates": [ -76.559844223538917, 3.304339929880255 ] } },
{ "type": "Feature", "properties": { "OBJECTID": 15204, "CE": "NPN Manzana -> Terreno", "CT": "", "ESTAMPA_CC": "2026-05-26 14:46:01" }, "geometry": { "type": "Point", "coordinates": [ -76.540208594497003, 3.455437958827166 ] } },
{ "type": "Feature", "properties": { "OBJECTID": 15205, "CE": "Traslape propio", "CT": "", "ESTAMPA_CC": "2026-05-26 14:46:01" }, "geometry": { "type": "Point", "coordinates": [ -76.568819328864393, 3.39982132673062 ] } },
{ "type": "Feature", "properties": { "OBJECTID": 15206, "CE": "NPN Manzana -> Terreno", "CT": "", "ESTAMPA_CC": "2026-05-26 14:46:01" }, "geometry": { "type": "Point", "coordinates": [ -76.540380970733068, 3.453268808245238 ] } },
{ "type": "Feature", "properties": { "OBJECTID": 15207, "CE": "Traslape propio; NPN Manzana -> Terreno", "CT": "", "ESTAMPA_CC": "2026-05-26 14:46:01" }, "geometry": { "type": "Point", "coordinates": [ -76.558545069792544, 3.349275996298808 ] } },
{ "type": "Feature", "properties": { "OBJECTID": 15208, "CE": "NPN Manzana -> Terreno", "CT": "", "ESTAMPA_CC": "2026-05-26 14:46:01" }, "geometry": { "type": "Point", "coordinates": [ -76.540375110986759, 3.454038427579565 ] } },
{ "type": "Feature", "properties": { "OBJECTID": 15209, "CE": "NPN Manzana -> Terreno", "CT": "Zona", "ESTAMPA_CC": "2026-05-26 14:46:01" }, "geometry": { "type": "Point", "coordinates": [ -76.536797125361275, 3.489593846794412 ] } },
{ "type": "Feature", "properties": { "OBJECTID": 15210, "CE": "Traslape propio", "CT": "", "ESTAMPA_CC": "2026-05-26 14:46:01" }, "geometry": { "type": "Point", "coordinates": [ -76.472059849654201, 3.376602963800488 ] } },
{ "type": "Feature", "properties": { "OBJECTID": 15211, "CE": "Traslape propio", "CT": "", "ESTAMPA_CC": "2026-05-26 14:46:01" }, "geometry": { "type": "Point", "coordinates": [ -76.47198915664805, 3.376931438053809 ] } },
{ "type": "Feature", "properties": { "OBJECTID": 15212, "CE": "Traslape propio", "CT": "", "ESTAMPA_CC": "2026-05-26 14:46:01" }, "geometry": { "type": "Point", "coordinates": [ -76.548756568236229, 3.3237152836071 ] } },
{ "type": "Feature", "properties": { "OBJECTID": 15213, "CE": "Traslape propio", "CT": "", "ESTAMPA_CC": "2026-05-26 14:46:01" }, "geometry": { "type": "Point", "coordinates": [ -76.546137792944918, 3.322189715699728 ] } },
{ "type": "Feature", "properties": { "OBJECTID": 15214, "CE": "Traslape propio", "CT": "", "ESTAMPA_CC": "2026-05-26 14:46:01" }, "geometry": { "type": "Point", "coordinates": [ -76.536696964370648, 3.325981177419628 ] } },
{ "type": "Feature", "properties": { "OBJECTID": 15215, "CE": "Traslape propio", "CT": "", "ESTAMPA_CC": "2026-05-26 14:46:01" }, "geometry": { "type": "Point", "coordinates": [ -76.536641673933062, 3.325604450889893 ] } },
{ "type": "Feature", "properties": { "OBJECTID": 15217, "CE": "Traslape propio", "CT": "", "ESTAMPA_CC": "2026-05-26 14:46:01" }, "geometry": { "type": "Point", "coordinates": [ -76.469938339730007, 3.323073237458315 ] } },
{ "type": "Feature", "properties": { "OBJECTID": 15218, "CE": "Traslape propio", "CT": "", "ESTAMPA_CC": "2026-05-26 14:46:01" }, "geometry": { "type": "Point", "coordinates": [ -76.467696422806767, 3.323084134236948 ] } },
{ "type": "Feature", "properties": { "OBJECTID": 15219, "CE": "NPN Manzana -> Terreno", "CT": "", "ESTAMPA_CC": "2026-05-26 14:46:01" }, "geometry": { "type": "Point", "coordinates": [ -76.579790388799282, 3.454583980331301 ] } },
{ "type": "Feature", "properties": { "OBJECTID": 15220, "CE": "NPN Manzana -> Terreno", "CT": "", "ESTAMPA_CC": "2026-05-26 14:46:01" }, "geometry": { "type": "Point", "coordinates": [ -76.509955648570696, 3.352262621191874 ] } },
{ "type": "Feature", "properties": { "OBJECTID": 15257, "CE": "Traslape propio", "CT": "", "ESTAMPA_CC": "2026-05-26 14:46:01" }, "geometry": { "type": "Point", "coordinates": [ -76.586317086704867, 3.393380252921918 ] } },
{ "type": "Feature", "properties": { "OBJECTID": 15267, "CE": "Traslape propio", "CT": "", "ESTAMPA_CC": "2026-05-26 14:46:01" }, "geometry": { "type": "Point", "coordinates": [ -76.532087402121434, 3.313653309957079 ] } },
{ "type": "Feature", "properties": { "OBJECTID": 15268, "CE": "Traslape propio", "CT": "", "ESTAMPA_CC": "2026-05-26 14:46:01" }, "geometry": { "type": "Point", "coordinates": [ -76.608511075815741, 3.484599698427017 ] } },
{ "type": "Feature", "properties": { "OBJECTID": 15269, "CE": "Traslape propio", "CT": "", "ESTAMPA_CC": "2026-05-26 14:46:01" }, "geometry": { "type": "Point", "coordinates": [ -76.634965449260136, 3.328878228316581 ] } },
{ "type": "Feature", "properties": { "OBJECTID": 15275, "CE": "Traslape propio", "CT": "", "ESTAMPA_CC": "2026-05-26 14:46:01" }, "geometry": { "type": "Point", "coordinates": [ -76.615268132467321, 3.316264101568478 ] } },
{ "type": "Feature", "properties": { "OBJECTID": 15278, "CE": "Traslape propio", "CT": "", "ESTAMPA_CC": "2026-05-26 14:46:01" }, "geometry": { "type": "Point", "coordinates": [ -76.565830818458878, 3.431371898112163 ] } },
{ "type": "Feature", "properties": { "OBJECTID": 15279, "CE": "Traslape propio", "CT": "", "ESTAMPA_CC": "2026-05-26 14:46:01" }, "geometry": { "type": "Point", "coordinates": [ -76.545089305990501, 3.320958325588303 ] } },
{ "type": "Feature", "properties": { "OBJECTID": 15288, "CE": "NPN Manzana -> Terreno", "CT": "", "ESTAMPA_CC": "2026-05-26 14:46:01" }, "geometry": { "type": "Point", "coordinates": [ -76.519350091328818, 3.346298367216397 ] } },
{ "type": "Feature", "properties": { "OBJECTID": 15289, "CE": "Traslape propio; NPN Manzana -> Terreno", "CT": "", "ESTAMPA_CC": "2026-05-26 14:46:01" }, "geometry": { "type": "Point", "coordinates": [ -76.507811450899581, 3.366120372366292 ] } },
{ "type": "Feature", "properties": { "OBJECTID": 15291, "CE": "Traslape propio; NPN Manzana -> Terreno", "CT": "", "ESTAMPA_CC": "2026-05-26 14:46:01" }, "geometry": { "type": "Point", "coordinates": [ -76.555996118345561, 3.355993923713668 ] } },
{ "type": "Feature", "properties": { "OBJECTID": 15292, "CE": "Traslape propio", "CT": "", "ESTAMPA_CC": "2026-05-26 14:46:01" }, "geometry": { "type": "Point", "coordinates": [ -76.544295703675417, 3.318784916945427 ] } },
{ "type": "Feature", "properties": { "OBJECTID": 15298, "CE": "Traslape propio", "CT": "", "ESTAMPA_CC": "2026-05-26 14:46:01" }, "geometry": { "type": "Point", "coordinates": [ -76.622911226964391, 3.44464482069479 ] } },
{ "type": "Feature", "properties": { "OBJECTID": 15313, "CE": "Traslape propio", "CT": "", "ESTAMPA_CC": "2026-05-26 14:46:01" }, "geometry": { "type": "Point", "coordinates": [ -76.555383679065201, 3.338077540206642 ] } },
{ "type": "Feature", "properties": { "OBJECTID": 15314, "CE": "Traslape propio; NPN Manzana -> Terreno", "CT": "", "ESTAMPA_CC": "2026-05-26 14:46:01" }, "geometry": { "type": "Point", "coordinates": [ -76.520002052026172, 3.344146216508462 ] } },
{ "type": "Feature", "properties": { "OBJECTID": 15327, "CE": "Traslape propio", "CT": "", "ESTAMPA_CC": "2026-05-26 14:46:01" }, "geometry": { "type": "Point", "coordinates": [ -76.577767309128205, 3.424809827292626 ] } },
{ "type": "Feature", "properties": { "OBJECTID": 15332, "CE": "Traslape propio", "CT": "", "ESTAMPA_CC": "2026-05-26 14:46:01" }, "geometry": { "type": "Point", "coordinates": [ -76.637675481162717, 3.47676268346682 ] } },
{ "type": "Feature", "properties": { "OBJECTID": 15340, "CE": "NPN Manzana -> Terreno", "CT": "", "ESTAMPA_CC": "2026-05-26 14:46:01" }, "geometry": { "type": "Point", "coordinates": [ -76.591764097889708, 3.386428467057415 ] } },
{ "type": "Feature", "properties": { "OBJECTID": 15342, "CE": "Traslape propio", "CT": "", "ESTAMPA_CC": "2026-05-26 14:46:01" }, "geometry": { "type": "Point", "coordinates": [ -76.534899264575429, 3.310938138853852 ] } },
{ "type": "Feature", "properties": { "OBJECTID": 15356, "CE": "NPN Manzana -> Terreno", "CT": "", "ESTAMPA_CC": "2026-05-26 14:46:01" }, "geometry": { "type": "Point", "coordinates": [ -76.522402303654999, 3.357433310377505 ] } },
{ "type": "Feature", "properties": { "OBJECTID": 15359, "CE": "NPN Manzana -> Terreno", "CT": "", "ESTAMPA_CC": "2026-05-26 14:46:01" }, "geometry": { "type": "Point", "coordinates": [ -76.522995976074284, 3.354208249232363 ] } },
{ "type": "Feature", "properties": { "OBJECTID": 15360, "CE": "Traslape propio", "CT": "", "ESTAMPA_CC": "2026-05-26 14:46:01" }, "geometry": { "type": "Point", "coordinates": [ -76.551980729477307, 3.359075514905188 ] } },
{ "type": "Feature", "properties": { "OBJECTID": 15361, "CE": "Traslape propio; NPN Manzana -> Terreno", "CT": "", "ESTAMPA_CC": "2026-05-26 14:46:01" }, "geometry": { "type": "Point", "coordinates": [ -76.509091393382121, 3.367476419773645 ] } },
{ "type": "Feature", "properties": { "OBJECTID": 15362, "CE": "Traslape propio; NPN Manzana -> Terreno", "CT": "", "ESTAMPA_CC": "2026-05-26 14:46:01" }, "geometry": { "type": "Point", "coordinates": [ -76.55693410236556, 3.428590201180669 ] } },
{ "type": "Feature", "properties": { "OBJECTID": 15370, "CE": "Traslape propio", "CT": "", "ESTAMPA_CC": "2026-05-26 14:46:01" }, "geometry": { "type": "Point", "coordinates": [ -76.61393735002892, 3.528828775620926 ] } },
{ "type": "Feature", "properties": { "OBJECTID": 15372, "CE": "Traslape propio; NPN Manzana -> Terreno", "CT": "", "ESTAMPA_CC": "2026-05-26 14:46:01" }, "geometry": { "type": "Point", "coordinates": [ -76.537462272017649, 3.489423224630051 ] } },
{ "type": "Feature", "properties": { "OBJECTID": 15384, "CE": "Traslape propio", "CT": "", "ESTAMPA_CC": "2026-05-26 14:46:01" }, "geometry": { "type": "Point", "coordinates": [ -76.635052257440577, 3.462239464775205 ] } },
{ "type": "Feature", "properties": { "OBJECTID": 15385, "CE": "Traslape propio; NPN Manzana -> Terreno", "CT": "", "ESTAMPA_CC": "2026-05-26 14:46:01" }, "geometry": { "type": "Point", "coordinates": [ -76.521684973562827, 3.358442199435335 ] } },
{ "type": "Feature", "properties": { "OBJECTID": 15386, "CE": "Traslape propio", "CT": "", "ESTAMPA_CC": "2026-05-26 14:46:01" }, "geometry": { "type": "Point", "coordinates": [ -76.524705080811415, 3.330220537779207 ] } },
{ "type": "Feature", "properties": { "OBJECTID": 15389, "CE": "Traslape propio", "CT": "", "ESTAMPA_CC": "2026-05-26 14:46:01" }, "geometry": { "type": "Point", "coordinates": [ -76.572164032372655, 3.393059826639198 ] } },
{ "type": "Feature", "properties": { "OBJECTID": 15390, "CE": "Traslape propio", "CT": "", "ESTAMPA_CC": "2026-05-26 14:46:01" }, "geometry": { "type": "Point", "coordinates": [ -76.636788460963572, 3.480232906049644 ] } },
{ "type": "Feature", "properties": { "OBJECTID": 15399, "CE": "NPN Manzana -> Terreno", "CT": "", "ESTAMPA_CC": "2026-05-26 14:46:01" }, "geometry": { "type": "Point", "coordinates": [ -76.512366069504509, 3.352561775046822 ] } },
{ "type": "Feature", "properties": { "OBJECTID": 15421, "CE": "Traslape propio", "CT": "", "ESTAMPA_CC": "2026-05-26 14:46:01" }, "geometry": { "type": "Point", "coordinates": [ -76.512289309652431, 3.322970697996503 ] } },
{ "type": "Feature", "properties": { "OBJECTID": 15424, "CE": "Traslape propio", "CT": "", "ESTAMPA_CC": "2026-05-26 14:46:01" }, "geometry": { "type": "Point", "coordinates": [ -76.509869397137322, 3.370241371901613 ] } },
{ "type": "Feature", "properties": { "OBJECTID": 15425, "CE": "Traslape propio", "CT": "", "ESTAMPA_CC": "2026-05-26 14:46:01" }, "geometry": { "type": "Point", "coordinates": [ -76.577408355898669, 3.431172448383481 ] } },
{ "type": "Feature", "properties": { "OBJECTID": 15426, "CE": "Traslape propio", "CT": "", "ESTAMPA_CC": "2026-05-26 14:46:01" }, "geometry": { "type": "Point", "coordinates": [ -76.57377211329495, 3.381906560166507 ] } },
{ "type": "Feature", "properties": { "OBJECTID": 15434, "CE": "Traslape propio; NPN Manzana -> Terreno", "CT": "", "ESTAMPA_CC": "2026-05-26 14:46:01" }, "geometry": { "type": "Point", "coordinates": [ -76.514276433600656, 3.355276903434814 ] } },
{ "type": "Feature", "properties": { "OBJECTID": 15438, "CE": "Traslape propio", "CT": "", "ESTAMPA_CC": "2026-05-26 14:46:01" }, "geometry": { "type": "Point", "coordinates": [ -76.510491075117073, 3.3702528461396 ] } },
{ "type": "Feature", "properties": { "OBJECTID": 15441, "CE": "Traslape propio", "CT": "", "ESTAMPA_CC": "2026-05-26 14:46:01" }, "geometry": { "type": "Point", "coordinates": [ -76.509506850403682, 3.37068192182151 ] } },
{ "type": "Feature", "properties": { "OBJECTID": 15448, "CE": "Traslape propio", "CT": "", "ESTAMPA_CC": "2026-05-26 14:46:01" }, "geometry": { "type": "Point", "coordinates": [ -76.544831141779724, 3.327735248362072 ] } },
{ "type": "Feature", "properties": { "OBJECTID": 15449, "CE": "NPN Manzana -> Terreno", "CT": "", "ESTAMPA_CC": "2026-05-26 14:46:01" }, "geometry": { "type": "Point", "coordinates": [ -76.521471107022151, 3.356371645076814 ] } },
{ "type": "Feature", "properties": { "OBJECTID": 15450, "CE": "Traslape propio", "CT": "Terreno", "ESTAMPA_CC": "2026-05-26 14:46:01" }, "geometry": { "type": "Point", "coordinates": [ -76.541349007065918, 3.331819143189297 ] } },
{ "type": "Feature", "properties": { "OBJECTID": 15451, "CE": "Traslape propio", "CT": "", "ESTAMPA_CC": "2026-05-26 14:46:01" }, "geometry": { "type": "Point", "coordinates": [ -76.541448140082522, 3.331291482314673 ] } },
{ "type": "Feature", "properties": { "OBJECTID": 15452, "CE": "Traslape propio", "CT": "", "ESTAMPA_CC": "2026-05-26 14:46:01" }, "geometry": { "type": "Point", "coordinates": [ -76.536806122339613, 3.32667055252368 ] } },
{ "type": "Feature", "properties": { "OBJECTID": 15453, "CE": "Traslape propio", "CT": "", "ESTAMPA_CC": "2026-05-26 14:46:01" }, "geometry": { "type": "Point", "coordinates": [ -76.536597759459227, 3.325323230563026 ] } },
{ "type": "Feature", "properties": { "OBJECTID": 15459, "CE": "Traslape propio", "CT": "", "ESTAMPA_CC": "2026-05-26 14:46:01" }, "geometry": { "type": "Point", "coordinates": [ -76.635047130420176, 3.329093474972857 ] } },
{ "type": "Feature", "properties": { "OBJECTID": 15469, "CE": "Traslape propio; NPN Manzana -> Terreno", "CT": "", "ESTAMPA_CC": "2026-05-26 14:46:01" }, "geometry": { "type": "Point", "coordinates": [ -76.537385402936948, 3.489373333472537 ] } },
{ "type": "Feature", "properties": { "OBJECTID": 15470, "CE": "NPN Manzana -> Terreno", "CT": "", "ESTAMPA_CC": "2026-05-26 14:46:01" }, "geometry": { "type": "Point", "coordinates": [ -76.537161991693878, 3.489546949889804 ] } },
{ "type": "Feature", "properties": { "OBJECTID": 15471, "CE": "Traslape propio; NPN Manzana -> Terreno", "CT": "", "ESTAMPA_CC": "2026-05-26 14:46:01" }, "geometry": { "type": "Point", "coordinates": [ -76.505503443790502, 3.37281952204955 ] } },
{ "type": "Feature", "properties": { "OBJECTID": 15474, "CE": "NPN Manzana -> Terreno", "CT": "", "ESTAMPA_CC": "2026-05-26 14:46:01" }, "geometry": { "type": "Point", "coordinates": [ -76.535891841360979, 3.489385295469746 ] } },
{ "type": "Feature", "properties": { "OBJECTID": 15475, "CE": "NPN Manzana -> Terreno", "CT": "", "ESTAMPA_CC": "2026-05-26 14:46:01" }, "geometry": { "type": "Point", "coordinates": [ -76.536200620943958, 3.489652791717465 ] } },
{ "type": "Feature", "properties": { "OBJECTID": 15476, "CE": "NPN Manzana -> Terreno", "CT": "", "ESTAMPA_CC": "2026-05-26 14:46:01" }, "geometry": { "type": "Point", "coordinates": [ -76.53724991557101, 3.489187611245105 ] } },
{ "type": "Feature", "properties": { "OBJECTID": 15481, "CE": "Traslape propio", "CT": "", "ESTAMPA_CC": "2026-05-26 14:46:01" }, "geometry": { "type": "Point", "coordinates": [ -76.544667191746825, 3.326830557589123 ] } },
{ "type": "Feature", "properties": { "OBJECTID": 15488, "CE": "Traslape propio", "CT": "", "ESTAMPA_CC": "2026-05-26 14:46:01" }, "geometry": { "type": "Point", "coordinates": [ -76.545709220939315, 3.318542473827654 ] } },
{ "type": "Feature", "properties": { "OBJECTID": 15500, "CE": "NPN Manzana -> Terreno", "CT": "", "ESTAMPA_CC": "2026-05-26 14:46:01" }, "geometry": { "type": "Point", "coordinates": [ -76.521466450173307, 3.352704586750335 ] } },
{ "type": "Feature", "properties": { "OBJECTID": 15501, "CE": "Traslape propio", "CT": "", "ESTAMPA_CC": "2026-05-26 14:46:01" }, "geometry": { "type": "Point", "coordinates": [ -76.557459214212145, 3.305021107451456 ] } },
{ "type": "Feature", "properties": { "OBJECTID": 15502, "CE": "Traslape propio", "CT": "", "ESTAMPA_CC": "2026-05-26 14:46:01" }, "geometry": { "type": "Point", "coordinates": [ -76.56227582132918, 3.310784595224355 ] } },
{ "type": "Feature", "properties": { "OBJECTID": 15508, "CE": "NPN Manzana -> Terreno", "CT": "", "ESTAMPA_CC": "2026-05-26 14:46:01" }, "geometry": { "type": "Point", "coordinates": [ -76.465298381458183, 3.391221447439441 ] } },
{ "type": "Feature", "properties": { "OBJECTID": 15509, "CE": "Traslape propio", "CT": "", "ESTAMPA_CC": "2026-05-26 14:46:01" }, "geometry": { "type": "Point", "coordinates": [ -76.465150131167604, 3.406709457880031 ] } },
{ "type": "Feature", "properties": { "OBJECTID": 15511, "CE": "Traslape propio; NPN Manzana -> Terreno", "CT": "", "ESTAMPA_CC": "2026-05-26 14:46:01" }, "geometry": { "type": "Point", "coordinates": [ -76.520275115886818, 3.346437356131549 ] } },
{ "type": "Feature", "properties": { "OBJECTID": 15512, "CE": "Traslape propio", "CT": "", "ESTAMPA_CC": "2026-05-26 14:46:01" }, "geometry": { "type": "Point", "coordinates": [ -76.509450642409391, 3.295116487417645 ] } },
{ "type": "Feature", "properties": { "OBJECTID": 15513, "CE": "Traslape propio", "CT": "", "ESTAMPA_CC": "2026-05-26 14:46:01" }, "geometry": { "type": "Point", "coordinates": [ -76.554681244720797, 3.348784362390838 ] } },
{ "type": "Feature", "properties": { "OBJECTID": 15514, "CE": "NPN Manzana -> Terreno", "CT": "", "ESTAMPA_CC": "2026-05-26 14:46:01" }, "geometry": { "type": "Point", "coordinates": [ -76.536715087493278, 3.489994978501258 ] } },
{ "type": "Feature", "properties": { "OBJECTID": 15515, "CE": "Traslape propio; NPN Manzana -> Terreno", "CT": "", "ESTAMPA_CC": "2026-05-26 14:46:01" }, "geometry": { "type": "Point", "coordinates": [ -76.53743578822187, 3.489207356915049 ] } },
{ "type": "Feature", "properties": { "OBJECTID": 15516, "CE": "NPN Manzana -> Terreno", "CT": "", "ESTAMPA_CC": "2026-05-26 14:46:01" }, "geometry": { "type": "Point", "coordinates": [ -76.537514517056692, 3.489483199340832 ] } },
{ "type": "Feature", "properties": { "OBJECTID": 15517, "CE": "Traslape propio; NPN Manzana -> Terreno", "CT": "", "ESTAMPA_CC": "2026-05-26 14:46:01" }, "geometry": { "type": "Point", "coordinates": [ -76.537142094010164, 3.48999704174778 ] } },
{ "type": "Feature", "properties": { "OBJECTID": 15526, "CE": "Traslape propio", "CT": "Terreno; Número Unidad; Llave IDTERRENO", "ESTAMPA_CC": "2026-05-26 14:46:01" }, "geometry": { "type": "Point", "coordinates": [ -76.554173639988264, 3.479802213244051 ] } },
{ "type": "Feature", "properties": { "OBJECTID": 15540, "CE": "Traslape propio", "CT": "", "ESTAMPA_CC": "2026-05-26 14:46:01" }, "geometry": { "type": "Point", "coordinates": [ -76.559573764142456, 3.367613816447992 ] } },
{ "type": "Feature", "properties": { "OBJECTID": 15542, "CE": "Traslape propio", "CT": "", "ESTAMPA_CC": "2026-05-26 14:46:01" }, "geometry": { "type": "Point", "coordinates": [ -76.593482917550745, 3.424274306377399 ] } },
{ "type": "Feature", "properties": { "OBJECTID": 15560, "CE": "NPN Manzana -> Terreno", "CT": "", "ESTAMPA_CC": "2026-05-26 14:46:01" }, "geometry": { "type": "Point", "coordinates": [ -76.489501769851017, 3.341871182797371 ] } },
{ "type": "Feature", "properties": { "OBJECTID": 15561, "CE": "NPN Manzana -> Terreno", "CT": "", "ESTAMPA_CC": "2026-05-26 14:46:01" }, "geometry": { "type": "Point", "coordinates": [ -76.516957851064276, 3.354535050615637 ] } },
{ "type": "Feature", "properties": { "OBJECTID": 15565, "CE": "Traslape propio", "CT": "", "ESTAMPA_CC": "2026-05-26 14:46:01" }, "geometry": { "type": "Point", "coordinates": [ -76.596296359363706, 3.428747791851687 ] } },
{ "type": "Feature", "properties": { "OBJECTID": 15570, "CE": "Traslape propio; NPN Manzana -> Terreno", "CT": "", "ESTAMPA_CC": "2026-05-26 14:46:01" }, "geometry": { "type": "Point", "coordinates": [ -76.520675837186431, 3.346471114252209 ] } },
{ "type": "Feature", "properties": { "OBJECTID": 15573, "CE": "", "CT": "Terreno", "ESTAMPA_CC": "2026-05-26 14:46:01" }, "geometry": { "type": "Point", "coordinates": [ -76.547720563972277, 3.499372331334002 ] } },
{ "type": "Feature", "properties": { "OBJECTID": 15579, "CE": "Traslape propio", "CT": "", "ESTAMPA_CC": "2026-05-26 14:46:01" }, "geometry": { "type": "Point", "coordinates": [ -76.545177516583621, 3.319398162283419 ] } },
{ "type": "Feature", "properties": { "OBJECTID": 15580, "CE": "Traslape propio", "CT": "", "ESTAMPA_CC": "2026-05-26 14:46:01" }, "geometry": { "type": "Point", "coordinates": [ -76.56890615558244, 3.395422417465989 ] } },
{ "type": "Feature", "properties": { "OBJECTID": 15595, "CE": "Traslape propio; NPN Manzana -> Terreno", "CT": "", "ESTAMPA_CC": "2026-05-26 14:46:01" }, "geometry": { "type": "Point", "coordinates": [ -76.520946172052376, 3.346496856585358 ] } },
{ "type": "Feature", "properties": { "OBJECTID": 15596, "CE": "Traslape propio; NPN Manzana -> Terreno", "CT": "", "ESTAMPA_CC": "2026-05-26 14:46:01" }, "geometry": { "type": "Point", "coordinates": [ -76.519138852156445, 3.345674932376286 ] } },
{ "type": "Feature", "properties": { "OBJECTID": 15597, "CE": "Traslape propio; NPN Manzana -> Terreno", "CT": "", "ESTAMPA_CC": "2026-05-26 14:46:01" }, "geometry": { "type": "Point", "coordinates": [ -76.519293257485927, 3.346633927559922 ] } },
{ "type": "Feature", "properties": { "OBJECTID": 15598, "CE": "NPN Manzana -> Terreno", "CT": "", "ESTAMPA_CC": "2026-05-26 14:46:01" }, "geometry": { "type": "Point", "coordinates": [ -76.521035777052106, 3.346505388971843 ] } },
{ "type": "Feature", "properties": { "OBJECTID": 15599, "CE": "Traslape propio; NPN Manzana -> Terreno", "CT": "", "ESTAMPA_CC": "2026-05-26 14:46:01" }, "geometry": { "type": "Point", "coordinates": [ -76.519262595858663, 3.346040136972671 ] } },
{ "type": "Feature", "properties": { "OBJECTID": 15600, "CE": "Traslape propio; NPN Manzana -> Terreno", "CT": "", "ESTAMPA_CC": "2026-05-26 14:46:01" }, "geometry": { "type": "Point", "coordinates": [ -76.520765441525342, 3.346479646664206 ] } },
{ "type": "Feature", "properties": { "OBJECTID": 15601, "CE": "Traslape propio; NPN Manzana -> Terreno", "CT": "", "ESTAMPA_CC": "2026-05-26 14:46:01" }, "geometry": { "type": "Point", "coordinates": [ -76.521155015763966, 3.346513735067874 ] } },
{ "type": "Feature", "properties": { "OBJECTID": 15602, "CE": "Traslape propio; NPN Manzana -> Terreno", "CT": "", "ESTAMPA_CC": "2026-05-26 14:46:01" }, "geometry": { "type": "Point", "coordinates": [ -76.520415045092363, 3.346300803877696 ] } },
{ "type": "Feature", "properties": { "OBJECTID": 15603, "CE": "Traslape propio; NPN Manzana -> Terreno", "CT": "", "ESTAMPA_CC": "2026-05-26 14:46:01" }, "geometry": { "type": "Point", "coordinates": [ -76.520685906458624, 3.346318592542283 ] } },
{ "type": "Feature", "properties": { "OBJECTID": 15605, "CE": "Traslape propio; NPN Manzana -> Terreno", "CT": "", "ESTAMPA_CC": "2026-05-26 14:46:01" }, "geometry": { "type": "Point", "coordinates": [ -76.520510202080814, 3.346456063043788 ] } },
{ "type": "Feature", "properties": { "OBJECTID": 15607, "CE": "Traslape propio", "CT": "", "ESTAMPA_CC": "2026-05-26 14:46:01" }, "geometry": { "type": "Point", "coordinates": [ -76.549331023483006, 3.315062310836454 ] } },
{ "type": "Feature", "properties": { "OBJECTID": 15610, "CE": "Traslape propio", "CT": "", "ESTAMPA_CC": "2026-05-26 14:46:01" }, "geometry": { "type": "Point", "coordinates": [ -76.571815490235167, 3.44646406479059 ] } },
{ "type": "Feature", "properties": { "OBJECTID": 15611, "CE": "Traslape propio; NPN Manzana -> Terreno", "CT": "Zona", "ESTAMPA_CC": "2026-05-26 14:46:01" }, "geometry": { "type": "Point", "coordinates": [ -76.536610964628451, 3.489281105068117 ] } },
{ "type": "Feature", "properties": { "OBJECTID": 15612, "CE": "NPN Manzana -> Terreno", "CT": "", "ESTAMPA_CC": "2026-05-26 14:46:01" }, "geometry": { "type": "Point", "coordinates": [ -76.537677686199189, 3.489388240218486 ] } },
{ "type": "Feature", "properties": { "OBJECTID": 15613, "CE": "NPN Manzana -> Terreno", "CT": "", "ESTAMPA_CC": "2026-05-26 14:46:01" }, "geometry": { "type": "Point", "coordinates": [ -76.535585160546006, 3.48942271908339 ] } },
{ "type": "Feature", "properties": { "OBJECTID": 15614, "CE": "Traslape propio; NPN Manzana -> Terreno", "CT": "", "ESTAMPA_CC": "2026-05-26 14:46:01" }, "geometry": { "type": "Point", "coordinates": [ -76.505538620614828, 3.37391910346715 ] } },
{ "type": "Feature", "properties": { "OBJECTID": 15615, "CE": "Traslape propio", "CT": "", "ESTAMPA_CC": "2026-05-26 14:46:01" }, "geometry": { "type": "Point", "coordinates": [ -76.546389417144795, 3.496189215783562 ] } },
{ "type": "Feature", "properties": { "OBJECTID": 15628, "CE": "Traslape propio", "CT": "", "ESTAMPA_CC": "2026-05-26 14:46:01" }, "geometry": { "type": "Point", "coordinates": [ -76.553784982986286, 3.473356075347579 ] } },
{ "type": "Feature", "properties": { "OBJECTID": 15633, "CE": "Traslape propio; NPN Manzana -> Terreno", "CT": "", "ESTAMPA_CC": "2026-05-26 14:46:01" }, "geometry": { "type": "Point", "coordinates": [ -76.510428591472234, 3.353385438222417 ] } },
{ "type": "Feature", "properties": { "OBJECTID": 15636, "CE": "Traslape propio", "CT": "", "ESTAMPA_CC": "2026-05-26 14:46:01" }, "geometry": { "type": "Point", "coordinates": [ -76.573486635927267, 3.382294621385558 ] } },
{ "type": "Feature", "properties": { "OBJECTID": 15645, "CE": "Traslape propio", "CT": "", "ESTAMPA_CC": "2026-05-26 14:46:01" }, "geometry": { "type": "Point", "coordinates": [ -76.54429080904444, 3.362914502083579 ] } },
{ "type": "Feature", "properties": { "OBJECTID": 15646, "CE": "Traslape propio", "CT": "", "ESTAMPA_CC": "2026-05-26 14:46:01" }, "geometry": { "type": "Point", "coordinates": [ -76.51028730233709, 3.322654886417556 ] } },
{ "type": "Feature", "properties": { "OBJECTID": 15648, "CE": "Traslape propio; NPN Manzana -> Terreno", "CT": "", "ESTAMPA_CC": "2026-05-26 14:46:01" }, "geometry": { "type": "Point", "coordinates": [ -76.518813097121921, 3.346003359515216 ] } },
{ "type": "Feature", "properties": { "OBJECTID": 15649, "CE": "Traslape propio", "CT": "", "ESTAMPA_CC": "2026-05-26 14:46:01" }, "geometry": { "type": "Point", "coordinates": [ -76.603757816961092, 3.535865609953743 ] } },
{ "type": "Feature", "properties": { "OBJECTID": 15650, "CE": "Traslape propio; NPN Manzana -> Terreno", "CT": "", "ESTAMPA_CC": "2026-05-26 14:46:01" }, "geometry": { "type": "Point", "coordinates": [ -76.521150728512097, 3.346348824999528 ] } },
{ "type": "Feature", "properties": { "OBJECTID": 15652, "CE": "Traslape propio; NPN Manzana -> Terreno", "CT": "", "ESTAMPA_CC": "2026-05-26 14:46:01" }, "geometry": { "type": "Point", "coordinates": [ -76.521046522373311, 3.346342638562844 ] } },
{ "type": "Feature", "properties": { "OBJECTID": 15653, "CE": "Traslape propio; NPN Manzana -> Terreno", "CT": "", "ESTAMPA_CC": "2026-05-26 14:46:01" }, "geometry": { "type": "Point", "coordinates": [ -76.5202339740799, 3.346288729677394 ] } },
{ "type": "Feature", "properties": { "OBJECTID": 15654, "CE": "Traslape propio", "CT": "", "ESTAMPA_CC": "2026-05-26 14:46:01" }, "geometry": { "type": "Point", "coordinates": [ -76.545619426675543, 3.49256696235327 ] } },
{ "type": "Feature", "properties": { "OBJECTID": 15655, "CE": "NPN Manzana -> Terreno", "CT": "", "ESTAMPA_CC": "2026-05-26 14:46:01" }, "geometry": { "type": "Point", "coordinates": [ -76.51922573185729, 3.346437692046336 ] } },
{ "type": "Feature", "properties": { "OBJECTID": 15656, "CE": "Traslape propio", "CT": "", "ESTAMPA_CC": "2026-05-26 14:46:01" }, "geometry": { "type": "Point", "coordinates": [ -76.607682353709336, 3.537607184759834 ] } },
{ "type": "Feature", "properties": { "OBJECTID": 15657, "CE": "NPN Manzana -> Terreno", "CT": "", "ESTAMPA_CC": "2026-05-26 14:46:01" }, "geometry": { "type": "Point", "coordinates": [ -76.519018758889757, 3.34583621372902 ] } },
{ "type": "Feature", "properties": { "OBJECTID": 15658, "CE": "Traslape propio; NPN Manzana -> Terreno", "CT": "", "ESTAMPA_CC": "2026-05-26 14:46:01" }, "geometry": { "type": "Point", "coordinates": [ -76.520334036066231, 3.346440806551954 ] } },
{ "type": "Feature", "properties": { "OBJECTID": 15659, "CE": "Traslape propio; NPN Manzana -> Terreno", "CT": "", "ESTAMPA_CC": "2026-05-26 14:46:01" }, "geometry": { "type": "Point", "coordinates": [ -76.520866214055332, 3.346330615569682 ] } },
{ "type": "Feature", "properties": { "OBJECTID": 15660, "CE": "Traslape propio; NPN Manzana -> Terreno", "CT": "", "ESTAMPA_CC": "2026-05-26 14:46:01" }, "geometry": { "type": "Point", "coordinates": [ -76.520775679002199, 3.346324578742915 ] } },
{ "type": "Feature", "properties": { "OBJECTID": 15661, "CE": "Traslape propio; NPN Manzana -> Terreno", "CT": "", "ESTAMPA_CC": "2026-05-26 14:46:01" }, "geometry": { "type": "Point", "coordinates": [ -76.512322630240902, 3.361477422528148 ] } },
{ "type": "Feature", "properties": { "OBJECTID": 15663, "CE": "Traslape propio", "CT": "", "ESTAMPA_CC": "2026-05-26 14:46:01" }, "geometry": { "type": "Point", "coordinates": [ -76.557567847142394, 3.402561785230265 ] } },
{ "type": "Feature", "properties": { "OBJECTID": 15665, "CE": "Traslape propio", "CT": "", "ESTAMPA_CC": "2026-05-26 14:46:01" }, "geometry": { "type": "Point", "coordinates": [ -76.550391547582578, 3.472044302368023 ] } },
{ "type": "Feature", "properties": { "OBJECTID": 15668, "CE": "NPN Manzana -> Terreno", "CT": "", "ESTAMPA_CC": "2026-05-26 14:46:01" }, "geometry": { "type": "Point", "coordinates": [ -76.490391975680822, 3.348382795522956 ] } },
{ "type": "Feature", "properties": { "OBJECTID": 15670, "CE": "Traslape propio", "CT": "", "ESTAMPA_CC": "2026-05-26 14:46:01" }, "geometry": { "type": "Point", "coordinates": [ -76.555339143214454, 3.349654121206979 ] } },
{ "type": "Feature", "properties": { "OBJECTID": 15675, "CE": "Traslape propio", "CT": "", "ESTAMPA_CC": "2026-05-26 14:46:01" }, "geometry": { "type": "Point", "coordinates": [ -76.618483454713143, 3.470884728989518 ] } },
{ "type": "Feature", "properties": { "OBJECTID": 15676, "CE": "Traslape propio", "CT": "", "ESTAMPA_CC": "2026-05-26 14:46:01" }, "geometry": { "type": "Point", "coordinates": [ -76.606658955787736, 3.491380553900469 ] } },
{ "type": "Feature", "properties": { "OBJECTID": 15686, "CE": "NPN Manzana -> Terreno", "CT": "", "ESTAMPA_CC": "2026-05-26 14:46:01" }, "geometry": { "type": "Point", "coordinates": [ -76.465086021250585, 3.392134518668852 ] } },
{ "type": "Feature", "properties": { "OBJECTID": 15687, "CE": "Traslape propio; NPN Manzana -> Terreno", "CT": "", "ESTAMPA_CC": "2026-05-26 14:46:01" }, "geometry": { "type": "Point", "coordinates": [ -76.531487241713066, 3.482522252886195 ] } },
{ "type": "Feature", "properties": { "OBJECTID": 15688, "CE": "Traslape propio", "CT": "", "ESTAMPA_CC": "2026-05-26 14:46:01" }, "geometry": { "type": "Point", "coordinates": [ -76.537633727940232, 3.488967987449893 ] } },
{ "type": "Feature", "properties": { "OBJECTID": 15690, "CE": "Traslape propio", "CT": "", "ESTAMPA_CC": "2026-05-26 14:46:01" }, "geometry": { "type": "Point", "coordinates": [ -76.607229969756034, 3.484412892610692 ] } },
{ "type": "Feature", "properties": { "OBJECTID": 15694, "CE": "Traslape propio", "CT": "", "ESTAMPA_CC": "2026-05-26 14:46:01" }, "geometry": { "type": "Point", "coordinates": [ -76.475981100990708, 3.395434286444818 ] } },
{ "type": "Feature", "properties": { "OBJECTID": 15695, "CE": "NPN Manzana -> Terreno", "CT": "", "ESTAMPA_CC": "2026-05-26 14:46:01" }, "geometry": { "type": "Point", "coordinates": [ -76.519175093021531, 3.345781899487319 ] } },
{ "type": "Feature", "properties": { "OBJECTID": 15696, "CE": "Traslape propio; NPN Manzana -> Terreno", "CT": "", "ESTAMPA_CC": "2026-05-26 14:46:01" }, "geometry": { "type": "Point", "coordinates": [ -76.520857929952825, 3.346084602009798 ] } },
{ "type": "Feature", "properties": { "OBJECTID": 15697, "CE": "Traslape propio", "CT": "", "ESTAMPA_CC": "2026-05-26 14:46:01" }, "geometry": { "type": "Point", "coordinates": [ -76.567684500000141, 3.350676533644197 ] } },
{ "type": "Feature", "properties": { "OBJECTID": 15698, "CE": "Traslape propio", "CT": "", "ESTAMPA_CC": "2026-05-26 14:46:01" }, "geometry": { "type": "Point", "coordinates": [ -76.537066688814292, 3.320248669553914 ] } },
{ "type": "Feature", "properties": { "OBJECTID": 15699, "CE": "NPN Manzana -> Terreno", "CT": "", "ESTAMPA_CC": "2026-05-26 14:46:01" }, "geometry": { "type": "Point", "coordinates": [ -76.517115701907684, 3.353648729927653 ] } },
{ "type": "Feature", "properties": { "OBJECTID": 15701, "CE": "Traslape propio; NPN Manzana -> Terreno", "CT": "", "ESTAMPA_CC": "2026-05-26 14:46:01" }, "geometry": { "type": "Point", "coordinates": [ -76.506416403474233, 3.363349301729262 ] } },
{ "type": "Feature", "properties": { "OBJECTID": 15702, "CE": "Traslape propio; NPN Manzana -> Terreno", "CT": "", "ESTAMPA_CC": "2026-05-26 14:46:01" }, "geometry": { "type": "Point", "coordinates": [ -76.504765054719769, 3.370011694192204 ] } },
{ "type": "Feature", "properties": { "OBJECTID": 15703, "CE": "Traslape propio; NPN Manzana -> Terreno", "CT": "", "ESTAMPA_CC": "2026-05-26 14:46:01" }, "geometry": { "type": "Point", "coordinates": [ -76.505889438211995, 3.372348145073309 ] } },
{ "type": "Feature", "properties": { "OBJECTID": 15710, "CE": "Traslape propio; NPN Manzana -> Terreno", "CT": "", "ESTAMPA_CC": "2026-05-26 14:46:01" }, "geometry": { "type": "Point", "coordinates": [ -76.536174106037052, 3.490059081792896 ] } },
{ "type": "Feature", "properties": { "OBJECTID": 15711, "CE": "NPN Manzana -> Terreno", "CT": "", "ESTAMPA_CC": "2026-05-26 14:46:01" }, "geometry": { "type": "Point", "coordinates": [ -76.537026889882512, 3.489714372355027 ] } },
{ "type": "Feature", "properties": { "OBJECTID": 15712, "CE": "NPN Manzana -> Terreno", "CT": "", "ESTAMPA_CC": "2026-05-26 14:46:01" }, "geometry": { "type": "Point", "coordinates": [ -76.535630788561846, 3.490622138064822 ] } },
{ "type": "Feature", "properties": { "OBJECTID": 15713, "CE": "NPN Manzana -> Terreno", "CT": "", "ESTAMPA_CC": "2026-05-26 14:46:01" }, "geometry": { "type": "Point", "coordinates": [ -76.535984698717002, 3.490334798963068 ] } },
{ "type": "Feature", "properties": { "OBJECTID": 15714, "CE": "NPN Manzana -> Terreno", "CT": "", "ESTAMPA_CC": "2026-05-26 14:46:01" }, "geometry": { "type": "Point", "coordinates": [ -76.536053365333132, 3.491220029114055 ] } },
{ "type": "Feature", "properties": { "OBJECTID": 15715, "CE": "NPN Manzana -> Terreno", "CT": "", "ESTAMPA_CC": "2026-05-26 14:46:01" }, "geometry": { "type": "Point", "coordinates": [ -76.536074414182622, 3.490286553325666 ] } },
{ "type": "Feature", "properties": { "OBJECTID": 15716, "CE": "Traslape propio; NPN Manzana -> Terreno", "CT": "", "ESTAMPA_CC": "2026-05-26 14:46:01" }, "geometry": { "type": "Point", "coordinates": [ -76.535892293527155, 3.489773533320063 ] } },
{ "type": "Feature", "properties": { "OBJECTID": 15717, "CE": "Traslape propio; NPN Manzana -> Terreno", "CT": "", "ESTAMPA_CC": "2026-05-26 14:46:01" }, "geometry": { "type": "Point", "coordinates": [ -76.535735302225234, 3.48969096710301 ] } },
{ "type": "Feature", "properties": { "OBJECTID": 15718, "CE": "Traslape propio; NPN Manzana -> Terreno", "CT": "", "ESTAMPA_CC": "2026-05-26 14:46:01" }, "geometry": { "type": "Point", "coordinates": [ -76.536015511216405, 3.489895427528301 ] } },
{ "type": "Feature", "properties": { "OBJECTID": 15732, "CE": "Traslape propio", "CT": "", "ESTAMPA_CC": "2026-05-26 14:46:01" }, "geometry": { "type": "Point", "coordinates": [ -76.619392148254406, 3.449773780179192 ] } },
{ "type": "Feature", "properties": { "OBJECTID": 15734, "CE": "Traslape propio", "CT": "", "ESTAMPA_CC": "2026-05-26 14:46:01" }, "geometry": { "type": "Point", "coordinates": [ -76.548985536588972, 3.486736717638309 ] } },
{ "type": "Feature", "properties": { "OBJECTID": 15737, "CE": "Traslape propio", "CT": "", "ESTAMPA_CC": "2026-05-26 14:46:01" }, "geometry": { "type": "Point", "coordinates": [ -76.577925690741495, 3.399305221297225 ] } },
{ "type": "Feature", "properties": { "OBJECTID": 15738, "CE": "Traslape propio", "CT": "", "ESTAMPA_CC": "2026-05-26 14:46:01" }, "geometry": { "type": "Point", "coordinates": [ -76.559596309632624, 3.355481028575421 ] } },
{ "type": "Feature", "properties": { "OBJECTID": 15740, "CE": "Traslape propio", "CT": "", "ESTAMPA_CC": "2026-05-26 14:46:01" }, "geometry": { "type": "Point", "coordinates": [ -76.554379181288041, 3.479815776091983 ] } },
{ "type": "Feature", "properties": { "OBJECTID": 15744, "CE": "Traslape propio", "CT": "", "ESTAMPA_CC": "2026-05-26 14:46:01" }, "geometry": { "type": "Point", "coordinates": [ -76.615246944071288, 3.528015260606998 ] } },
{ "type": "Feature", "properties": { "OBJECTID": 15747, "CE": "Traslape propio; NPN Manzana -> Terreno", "CT": "", "ESTAMPA_CC": "2026-05-26 14:46:01" }, "geometry": { "type": "Point", "coordinates": [ -76.519945906504134, 3.359511340614754 ] } },
{ "type": "Feature", "properties": { "OBJECTID": 15748, "CE": "Traslape propio; NPN Manzana -> Terreno", "CT": "", "ESTAMPA_CC": "2026-05-26 14:46:01" }, "geometry": { "type": "Point", "coordinates": [ -76.519916731855091, 3.360839995847113 ] } },
{ "type": "Feature", "properties": { "OBJECTID": 15749, "CE": "Traslape propio; NPN Manzana -> Terreno", "CT": "", "ESTAMPA_CC": "2026-05-26 14:46:01" }, "geometry": { "type": "Point", "coordinates": [ -76.520096515292025, 3.354817501335221 ] } },
{ "type": "Feature", "properties": { "OBJECTID": 15750, "CE": "Traslape propio", "CT": "", "ESTAMPA_CC": "2026-05-26 14:46:01" }, "geometry": { "type": "Point", "coordinates": [ -76.513447912613017, 3.371164918491473 ] } },
{ "type": "Feature", "properties": { "OBJECTID": 15751, "CE": "Traslape propio", "CT": "", "ESTAMPA_CC": "2026-05-26 14:46:01" }, "geometry": { "type": "Point", "coordinates": [ -76.513805559790868, 3.371168825413585 ] } },
{ "type": "Feature", "properties": { "OBJECTID": 15753, "CE": "Traslape propio; NPN Manzana -> Terreno", "CT": "", "ESTAMPA_CC": "2026-05-26 14:46:01" }, "geometry": { "type": "Point", "coordinates": [ -76.520370829701321, 3.345904553496931 ] } },
{ "type": "Feature", "properties": { "OBJECTID": 15754, "CE": "Traslape propio; NPN Manzana -> Terreno", "CT": "", "ESTAMPA_CC": "2026-05-26 14:46:01" }, "geometry": { "type": "Point", "coordinates": [ -76.520134906924113, 3.346036401636475 ] } },
{ "type": "Feature", "properties": { "OBJECTID": 15755, "CE": "NPN Manzana -> Terreno", "CT": "", "ESTAMPA_CC": "2026-05-26 14:46:01" }, "geometry": { "type": "Point", "coordinates": [ -76.520731826756077, 3.345928624502423 ] } },
{ "type": "Feature", "properties": { "OBJECTID": 15756, "CE": "NPN Manzana -> Terreno", "CT": "", "ESTAMPA_CC": "2026-05-26 14:46:01" }, "geometry": { "type": "Point", "coordinates": [ -76.52082236200684, 3.345934661785468 ] } },
{ "type": "Feature", "properties": { "OBJECTID": 15757, "CE": "Traslape propio; NPN Manzana -> Terreno", "CT": "", "ESTAMPA_CC": "2026-05-26 14:46:01" }, "geometry": { "type": "Point", "coordinates": [ -76.520042047595481, 3.346031405466032 ] } },
{ "type": "Feature", "properties": { "OBJECTID": 15758, "CE": "Traslape propio; NPN Manzana -> Terreno", "CT": "", "ESTAMPA_CC": "2026-05-26 14:46:01" }, "geometry": { "type": "Point", "coordinates": [ -76.520131261730384, 3.345491282949245 ] } },
{ "type": "Feature", "properties": { "OBJECTID": 15759, "CE": "Traslape propio; NPN Manzana -> Terreno", "CT": "", "ESTAMPA_CC": "2026-05-26 14:46:01" }, "geometry": { "type": "Point", "coordinates": [ -76.520402105310779, 3.345509343405088 ] } },
{ "type": "Feature", "properties": { "OBJECTID": 15760, "CE": "Traslape propio; NPN Manzana -> Terreno", "CT": "", "ESTAMPA_CC": "2026-05-26 14:46:01" }, "geometry": { "type": "Point", "coordinates": [ -76.520672948901094, 3.345527403783672 ] } },
{ "type": "Feature", "properties": { "OBJECTID": 15761, "CE": "NPN Manzana -> Terreno", "CT": "", "ESTAMPA_CC": "2026-05-26 14:46:01" }, "geometry": { "type": "Point", "coordinates": [ -76.535452734644565, 3.489630587689515 ] } },
{ "type": "Feature", "properties": { "OBJECTID": 15762, "CE": "NPN Manzana -> Terreno", "CT": "", "ESTAMPA_CC": "2026-05-26 14:46:01" }, "geometry": { "type": "Point", "coordinates": [ -76.535670743069304, 3.490446701636411 ] } },
{ "type": "Feature", "properties": { "OBJECTID": 15763, "CE": "NPN Manzana -> Terreno", "CT": "", "ESTAMPA_CC": "2026-05-26 14:46:01" }, "geometry": { "type": "Point", "coordinates": [ -76.537386356310364, 3.490420112097607 ] } },
{ "type": "Feature", "properties": { "OBJECTID": 15764, "CE": "NPN Manzana -> Terreno", "CT": "", "ESTAMPA_CC": "2026-05-26 14:46:01" }, "geometry": { "type": "Point", "coordinates": [ -76.536889801403177, 3.490380622403596 ] } },
{ "type": "Feature", "properties": { "OBJECTID": 15765, "CE": "Traslape propio; NPN Manzana -> Terreno", "CT": "", "ESTAMPA_CC": "2026-05-26 14:46:01" }, "geometry": { "type": "Point", "coordinates": [ -76.535650935644924, 3.489658646223169 ] } },
{ "type": "Feature", "properties": { "OBJECTID": 15766, "CE": "NPN Manzana -> Terreno", "CT": "", "ESTAMPA_CC": "2026-05-26 14:46:01" }, "geometry": { "type": "Point", "coordinates": [ -76.535671051369306, 3.490248237824359 ] } },
{ "type": "Feature", "properties": { "OBJECTID": 15767, "CE": "Traslape propio", "CT": "", "ESTAMPA_CC": "2026-05-26 14:46:01" }, "geometry": { "type": "Point", "coordinates": [ -76.549549996140698, 3.467499242536111 ] } },
{ "type": "Feature", "properties": { "OBJECTID": 15769, "CE": "Traslape propio", "CT": "", "ESTAMPA_CC": "2026-05-26 14:46:01" }, "geometry": { "type": "Point", "coordinates": [ -76.543020519188659, 3.362092955159576 ] } },
{ "type": "Feature", "properties": { "OBJECTID": 15776, "CE": "Traslape propio", "CT": "", "ESTAMPA_CC": "2026-05-26 14:46:01" }, "geometry": { "type": "Point", "coordinates": [ -76.642186664417437, 3.47166029475636 ] } },
{ "type": "Feature", "properties": { "OBJECTID": 15796, "CE": "Traslape propio", "CT": "", "ESTAMPA_CC": "2026-05-26 14:46:01" }, "geometry": { "type": "Point", "coordinates": [ -76.609669070350506, 3.48559529890858 ] } },
{ "type": "Feature", "properties": { "OBJECTID": 15797, "CE": "Traslape propio", "CT": "", "ESTAMPA_CC": "2026-05-26 14:46:01" }, "geometry": { "type": "Point", "coordinates": [ -76.608817509256838, 3.484868578212075 ] } },
{ "type": "Feature", "properties": { "OBJECTID": 15798, "CE": "Traslape propio", "CT": "", "ESTAMPA_CC": "2026-05-26 14:46:01" }, "geometry": { "type": "Point", "coordinates": [ -76.53922396482939, 3.329985644604334 ] } },
{ "type": "Feature", "properties": { "OBJECTID": 15799, "CE": "NPN Manzana -> Terreno", "CT": "", "ESTAMPA_CC": "2026-05-26 14:46:01" }, "geometry": { "type": "Point", "coordinates": [ -76.518581982621669, 3.346565358597218 ] } },
{ "type": "Feature", "properties": { "OBJECTID": 15800, "CE": "Traslape propio; NPN Manzana -> Terreno", "CT": "", "ESTAMPA_CC": "2026-05-26 14:46:01" }, "geometry": { "type": "Point", "coordinates": [ -76.520573194940127, 3.345672598814521 ] } },
{ "type": "Feature", "properties": { "OBJECTID": 15801, "CE": "Traslape propio; NPN Manzana -> Terreno", "CT": "", "ESTAMPA_CC": "2026-05-26 14:46:01" }, "geometry": { "type": "Point", "coordinates": [ -76.520031508823138, 3.345636478827381 ] } },
{ "type": "Feature", "properties": { "OBJECTID": 15802, "CE": "Traslape propio; NPN Manzana -> Terreno", "CT": "", "ESTAMPA_CC": "2026-05-26 14:46:01" }, "geometry": { "type": "Point", "coordinates": [ -76.518901820140442, 3.346261180654714 ] } },
{ "type": "Feature", "properties": { "OBJECTID": 15803, "CE": "Traslape propio; NPN Manzana -> Terreno", "CT": "", "ESTAMPA_CC": "2026-05-26 14:46:01" }, "geometry": { "type": "Point", "coordinates": [ -76.518215949922308, 3.345999386554994 ] } },
{ "type": "Feature", "properties": { "OBJECTID": 15804, "CE": "Traslape propio; NPN Manzana -> Terreno", "CT": "", "ESTAMPA_CC": "2026-05-26 14:46:01" }, "geometry": { "type": "Point", "coordinates": [ -76.520551518751844, 3.345916601449503 ] } },
{ "type": "Feature", "properties": { "OBJECTID": 15805, "CE": "NPN Manzana -> Terreno", "CT": "", "ESTAMPA_CC": "2026-05-26 14:46:01" }, "geometry": { "type": "Point", "coordinates": [ -76.520460983504393, 3.34591056459273 ] } },
{ "type": "Feature", "properties": { "OBJECTID": 15806, "CE": "Traslape propio; NPN Manzana -> Terreno", "CT": "", "ESTAMPA_CC": "2026-05-26 14:46:01" }, "geometry": { "type": "Point", "coordinates": [ -76.520280675506754, 3.345898541488379 ] } },
{ "type": "Feature", "properties": { "OBJECTID": 15807, "CE": "Traslape propio; NPN Manzana -> Terreno", "CT": "", "ESTAMPA_CC": "2026-05-26 14:46:01" }, "geometry": { "type": "Point", "coordinates": [ -76.5203123328115, 3.345503357169134 ] } },
{ "type": "Feature", "properties": { "OBJECTID": 15809, "CE": "Traslape propio; NPN Manzana -> Terreno", "CT": "", "ESTAMPA_CC": "2026-05-26 14:46:01" }, "geometry": { "type": "Point", "coordinates": [ -76.519107473912669, 3.346094028067833 ] } },
{ "type": "Feature", "properties": { "OBJECTID": 15810, "CE": "NPN Manzana -> Terreno", "CT": "", "ESTAMPA_CC": "2026-05-26 14:46:01" }, "geometry": { "type": "Point", "coordinates": [ -76.519137001275936, 3.346179835221428 ] } },
{ "type": "Feature", "properties": { "OBJECTID": 15811, "CE": "NPN Manzana -> Terreno", "CT": "", "ESTAMPA_CC": "2026-05-26 14:46:01" }, "geometry": { "type": "Point", "coordinates": [ -76.519204226861518, 3.345867877983015 ] } },
{ "type": "Feature", "properties": { "OBJECTID": 15812, "CE": "Traslape propio", "CT": "", "ESTAMPA_CC": "2026-05-26 14:46:01" }, "geometry": { "type": "Point", "coordinates": [ -76.544032083244375, 3.494669927637453 ] } },
{ "type": "Feature", "properties": { "OBJECTID": 15814, "CE": "Traslape propio; NPN Manzana -> Terreno", "CT": "", "ESTAMPA_CC": "2026-05-26 14:46:01" }, "geometry": { "type": "Point", "coordinates": [ -76.509652816752705, 3.349670070153982 ] } },
{ "type": "Feature", "properties": { "OBJECTID": 15826, "CE": "Traslape propio", "CT": "", "ESTAMPA_CC": "2026-05-26 14:46:01" }, "geometry": { "type": "Point", "coordinates": [ -76.511391626553277, 3.329623272878661 ] } },
{ "type": "Feature", "properties": { "OBJECTID": 15827, "CE": "Traslape propio", "CT": "", "ESTAMPA_CC": "2026-05-26 14:46:01" }, "geometry": { "type": "Point", "coordinates": [ -76.606729746588528, 3.315413138306098 ] } },
{ "type": "Feature", "properties": { "OBJECTID": 15833, "CE": "Traslape propio", "CT": "", "ESTAMPA_CC": "2026-05-26 14:46:01" }, "geometry": { "type": "Point", "coordinates": [ -76.555045141779189, 3.349199240416814 ] } },
{ "type": "Feature", "properties": { "OBJECTID": 15835, "CE": "Traslape propio", "CT": "", "ESTAMPA_CC": "2026-05-26 14:46:01" }, "geometry": { "type": "Point", "coordinates": [ -76.623254375125242, 3.511508527035327 ] } },
{ "type": "Feature", "properties": { "OBJECTID": 15836, "CE": "NPN Manzana -> Terreno", "CT": "", "ESTAMPA_CC": "2026-05-26 14:46:01" }, "geometry": { "type": "Point", "coordinates": [ -76.557794350705592, 3.512744733351054 ] } },
{ "type": "Feature", "properties": { "OBJECTID": 15837, "CE": "Traslape propio", "CT": "", "ESTAMPA_CC": "2026-05-26 14:46:01" }, "geometry": { "type": "Point", "coordinates": [ -76.552799821016663, 3.475708264718183 ] } },
{ "type": "Feature", "properties": { "OBJECTID": 15838, "CE": "Traslape propio", "CT": "", "ESTAMPA_CC": "2026-05-26 14:46:01" }, "geometry": { "type": "Point", "coordinates": [ -76.558710274359328, 3.431558886209281 ] } },
{ "type": "Feature", "properties": { "OBJECTID": 15839, "CE": "Traslape propio", "CT": "", "ESTAMPA_CC": "2026-05-26 14:46:01" }, "geometry": { "type": "Point", "coordinates": [ -76.634958654896309, 3.329118375838112 ] } },
{ "type": "Feature", "properties": { "OBJECTID": 15842, "CE": "Traslape propio", "CT": "", "ESTAMPA_CC": "2026-05-26 14:46:01" }, "geometry": { "type": "Point", "coordinates": [ -76.543627960298082, 3.361727217624113 ] } },
{ "type": "Feature", "properties": { "OBJECTID": 15843, "CE": "Traslape propio; NPN Manzana -> Terreno", "CT": "", "ESTAMPA_CC": "2026-05-26 14:46:01" }, "geometry": { "type": "Point", "coordinates": [ -76.519020325735397, 3.346605544505406 ] } },
{ "type": "Feature", "properties": { "OBJECTID": 15844, "CE": "Traslape propio; NPN Manzana -> Terreno", "CT": "", "ESTAMPA_CC": "2026-05-26 14:46:01" }, "geometry": { "type": "Point", "coordinates": [ -76.518753014841664, 3.345828766769885 ] } },
{ "type": "Feature", "properties": { "OBJECTID": 15845, "CE": "Traslape propio; NPN Manzana -> Terreno", "CT": "", "ESTAMPA_CC": "2026-05-26 14:46:01" }, "geometry": { "type": "Point", "coordinates": [ -76.518434047777944, 3.346135516192024 ] } },
{ "type": "Feature", "properties": { "OBJECTID": 15846, "CE": "NPN Manzana -> Terreno", "CT": "", "ESTAMPA_CC": "2026-05-26 14:46:01" }, "geometry": { "type": "Point", "coordinates": [ -76.518428741990263, 3.346618625691542 ] } },
{ "type": "Feature", "properties": { "OBJECTID": 15847, "CE": "Traslape propio; NPN Manzana -> Terreno", "CT": "", "ESTAMPA_CC": "2026-05-26 14:46:01" }, "geometry": { "type": "Point", "coordinates": [ -76.51828100500326, 3.346188701433389 ] } },
{ "type": "Feature", "properties": { "OBJECTID": 15848, "CE": "Traslape propio; NPN Manzana -> Terreno", "CT": "", "ESTAMPA_CC": "2026-05-26 14:46:01" }, "geometry": { "type": "Point", "coordinates": [ -76.520641672949708, 3.345922613432341 ] } },
{ "type": "Feature", "properties": { "OBJECTID": 15849, "CE": "Traslape propio; NPN Manzana -> Terreno", "CT": "", "ESTAMPA_CC": "2026-05-26 14:46:01" }, "geometry": { "type": "Point", "coordinates": [ -76.520761090459956, 3.345569701061638 ] } },
{ "type": "Feature", "properties": { "OBJECTID": 15850, "CE": "Traslape propio; NPN Manzana -> Terreno", "CT": "", "ESTAMPA_CC": "2026-05-26 14:46:01" }, "geometry": { "type": "Point", "coordinates": [ -76.520962515935778, 3.345672337418246 ] } },
{ "type": "Feature", "properties": { "OBJECTID": 15851, "CE": "Traslape propio; NPN Manzana -> Terreno", "CT": "", "ESTAMPA_CC": "2026-05-26 14:46:01" }, "geometry": { "type": "Point", "coordinates": [ -76.519905657657006, 3.345498781753131 ] } },
{ "type": "Feature", "properties": { "OBJECTID": 15852, "CE": "Traslape propio; NPN Manzana -> Terreno", "CT": "", "ESTAMPA_CC": "2026-05-26 14:46:01" }, "geometry": { "type": "Point", "coordinates": [ -76.521068722814363, 3.346097906683799 ] } },
{ "type": "Feature", "properties": { "OBJECTID": 15853, "CE": "Traslape propio; NPN Manzana -> Terreno", "CT": "", "ESTAMPA_CC": "2026-05-26 14:46:01" }, "geometry": { "type": "Point", "coordinates": [ -76.520947702523131, 3.346090587289973 ] } },
{ "type": "Feature", "properties": { "OBJECTID": 15854, "CE": "Traslape propio; NPN Manzana -> Terreno", "CT": "", "ESTAMPA_CC": "2026-05-26 14:46:01" }, "geometry": { "type": "Point", "coordinates": [ -76.520406015483005, 3.346054475202134 ] } },
{ "type": "Feature", "properties": { "OBJECTID": 15855, "CE": "Traslape propio; NPN Manzana -> Terreno", "CT": "", "ESTAMPA_CC": "2026-05-26 14:46:01" }, "geometry": { "type": "Point", "coordinates": [ -76.520587086421941, 3.346066546204948 ] } },
{ "type": "Feature", "properties": { "OBJECTID": 15862, "CE": "Traslape propio; NPN Manzana -> Terreno", "CT": "", "ESTAMPA_CC": "2026-05-26 14:46:01" }, "geometry": { "type": "Point", "coordinates": [ -76.536284478283861, 3.490207201872908 ] } },
{ "type": "Feature", "properties": { "OBJECTID": 15863, "CE": "NPN Manzana -> Terreno", "CT": "", "ESTAMPA_CC": "2026-05-26 14:46:01" }, "geometry": { "type": "Point", "coordinates": [ -76.518854319314073, 3.356619984932978 ] } },
{ "type": "Feature", "properties": { "OBJECTID": 15864, "CE": "Traslape propio; NPN Manzana -> Terreno", "CT": "", "ESTAMPA_CC": "2026-05-26 14:46:01" }, "geometry": { "type": "Point", "coordinates": [ -76.504991128897174, 3.371887105742812 ] } },
{ "type": "Feature", "properties": { "OBJECTID": 15865, "CE": "Traslape propio; NPN Manzana -> Terreno", "CT": "", "ESTAMPA_CC": "2026-05-26 14:46:01" }, "geometry": { "type": "Point", "coordinates": [ -76.505845715149235, 3.371911696269924 ] } },
{ "type": "Feature", "properties": { "OBJECTID": 15866, "CE": "Traslape propio; NPN Manzana -> Terreno", "CT": "", "ESTAMPA_CC": "2026-05-26 14:46:01" }, "geometry": { "type": "Point", "coordinates": [ -76.505878160315433, 3.374936879519808 ] } },
{ "type": "Feature", "properties": { "OBJECTID": 15871, "CE": "Traslape propio", "CT": "", "ESTAMPA_CC": "2026-05-26 14:46:01" }, "geometry": { "type": "Point", "coordinates": [ -76.552098314541894, 3.34698630848069 ] } },
{ "type": "Feature", "properties": { "OBJECTID": 15880, "CE": "NPN Manzana -> Terreno", "CT": "", "ESTAMPA_CC": "2026-05-26 14:46:01" }, "geometry": { "type": "Point", "coordinates": [ -76.51738837079273, 3.356018981479445 ] } },
{ "type": "Feature", "properties": { "OBJECTID": 15881, "CE": "Traslape propio", "CT": "", "ESTAMPA_CC": "2026-05-26 14:46:01" }, "geometry": { "type": "Point", "coordinates": [ -76.549264184840396, 3.323070025594869 ] } },
{ "type": "Feature", "properties": { "OBJECTID": 15892, "CE": "NPN Manzana -> Terreno", "CT": "", "ESTAMPA_CC": "2026-05-26 14:46:01" }, "geometry": { "type": "Point", "coordinates": [ -76.54079228628305, 3.453057913044107 ] } },
{ "type": "Feature", "properties": { "OBJECTID": 15894, "CE": "Traslape propio", "CT": "", "ESTAMPA_CC": "2026-05-26 14:46:01" }, "geometry": { "type": "Point", "coordinates": [ -76.553903555766695, 3.357564490483284 ] } },
{ "type": "Feature", "properties": { "OBJECTID": 15895, "CE": "Traslape propio; NPN Manzana -> Terreno", "CT": "", "ESTAMPA_CC": "2026-05-26 14:46:01" }, "geometry": { "type": "Point", "coordinates": [ -76.520767394486697, 3.346078566086435 ] } },
{ "type": "Feature", "properties": { "OBJECTID": 15896, "CE": "Traslape propio; NPN Manzana -> Terreno", "CT": "", "ESTAMPA_CC": "2026-05-26 14:46:01" }, "geometry": { "type": "Point", "coordinates": [ -76.520676859007267, 3.346072530606536 ] } },
{ "type": "Feature", "properties": { "OBJECTID": 15897, "CE": "Traslape propio; NPN Manzana -> Terreno", "CT": "", "ESTAMPA_CC": "2026-05-26 14:46:01" }, "geometry": { "type": "Point", "coordinates": [ -76.520595370690828, 3.346312555698323 ] } },
{ "type": "Feature", "properties": { "OBJECTID": 15898, "CE": "Traslape propio", "CT": "", "ESTAMPA_CC": "2026-05-26 14:46:01" }, "geometry": { "type": "Point", "coordinates": [ -76.543349116505212, 3.491410282759795 ] } },
{ "type": "Feature", "properties": { "OBJECTID": 15899, "CE": "Traslape propio; NPN Manzana -> Terreno", "CT": "", "ESTAMPA_CC": "2026-05-26 14:46:01" }, "geometry": { "type": "Point", "coordinates": [ -76.520855808027434, 3.346488230154474 ] } },
{ "type": "Feature", "properties": { "OBJECTID": 15900, "CE": "NPN Manzana -> Terreno", "CT": "", "ESTAMPA_CC": "2026-05-26 14:46:01" }, "geometry": { "type": "Point", "coordinates": [ -76.519379183087821, 3.346384384587016 ] } },
{ "type": "Feature", "properties": { "OBJECTID": 15901, "CE": "Traslape propio; NPN Manzana -> Terreno", "CT": "", "ESTAMPA_CC": "2026-05-26 14:46:01" }, "geometry": { "type": "Point", "coordinates": [ -76.520324509572177, 3.346294766555813 ] } },
{ "type": "Feature", "properties": { "OBJECTID": 15902, "CE": "Traslape propio; NPN Manzana -> Terreno", "CT": "", "ESTAMPA_CC": "2026-05-26 14:46:01" }, "geometry": { "type": "Point", "coordinates": [ -76.520956749826439, 3.346336652387818 ] } },
{ "type": "Feature", "properties": { "OBJECTID": 15903, "CE": "Traslape propio", "CT": "", "ESTAMPA_CC": "2026-05-26 14:46:01" }, "geometry": { "type": "Point", "coordinates": [ -76.602807475240112, 3.525667582539264 ] } },
{ "type": "Feature", "properties": { "OBJECTID": 15904, "CE": "Traslape propio", "CT": "", "ESTAMPA_CC": "2026-05-26 14:46:01" }, "geometry": { "type": "Point", "coordinates": [ -76.547300096495107, 3.494470732765735 ] } },
{ "type": "Feature", "properties": { "OBJECTID": 15905, "CE": "NPN Manzana -> Terreno", "CT": "", "ESTAMPA_CC": "2026-05-26 14:46:01" }, "geometry": { "type": "Point", "coordinates": [ -76.519233474366629, 3.345954194646543 ] } },
{ "type": "Feature", "properties": { "OBJECTID": 15906, "CE": "NPN Manzana -> Terreno", "CT": "", "ESTAMPA_CC": "2026-05-26 14:46:01" }, "geometry": { "type": "Point", "coordinates": [ -76.519320966468953, 3.346212408617456 ] } },
{ "type": "Feature", "properties": { "OBJECTID": 15907, "CE": "Traslape propio; NPN Manzana -> Terreno", "CT": "", "ESTAMPA_CC": "2026-05-26 14:46:01" }, "geometry": { "type": "Point", "coordinates": [ -76.519439871160841, 3.346563532170842 ] } },
{ "type": "Feature", "properties": { "OBJECTID": 15920, "CE": "Traslape propio; NPN Manzana -> Terreno", "CT": "", "ESTAMPA_CC": "2026-05-26 14:46:01" }, "geometry": { "type": "Point", "coordinates": [ -76.57721851784477, 3.380039226347444 ] } },
{ "type": "Feature", "properties": { "OBJECTID": 15931, "CE": "Traslape propio", "CT": "", "ESTAMPA_CC": "2026-05-26 14:46:01" }, "geometry": { "type": "Point", "coordinates": [ -76.558755202569913, 3.362767526167054 ] } },
{ "type": "Feature", "properties": { "OBJECTID": 15938, "CE": "NPN Manzana -> Terreno", "CT": "", "ESTAMPA_CC": "2026-05-26 14:46:01" }, "geometry": { "type": "Point", "coordinates": [ -76.519795470539719, 3.358194381455213 ] } },
{ "type": "Feature", "properties": { "OBJECTID": 15939, "CE": "Traslape propio; NPN Manzana -> Terreno", "CT": "", "ESTAMPA_CC": "2026-05-26 14:46:01" }, "geometry": { "type": "Point", "coordinates": [ -76.508311841362996, 3.366097313416422 ] } },
{ "type": "Feature", "properties": { "OBJECTID": 15940, "CE": "NPN Manzana -> Terreno", "CT": "", "ESTAMPA_CC": "2026-05-26 14:46:01" }, "geometry": { "type": "Point", "coordinates": [ -76.516830075838641, 3.357986171548409 ] } },
{ "type": "Feature", "properties": { "OBJECTID": 15941, "CE": "Traslape propio", "CT": "", "ESTAMPA_CC": "2026-05-26 14:46:01" }, "geometry": { "type": "Point", "coordinates": [ -76.545651477032763, 3.319741123782462 ] } },
{ "type": "Feature", "properties": { "OBJECTID": 15942, "CE": "Traslape propio", "CT": "", "ESTAMPA_CC": "2026-05-26 14:46:01" }, "geometry": { "type": "Point", "coordinates": [ -76.562596727115135, 3.509252667647768 ] } },
{ "type": "Feature", "properties": { "OBJECTID": 15943, "CE": "Traslape propio", "CT": "", "ESTAMPA_CC": "2026-05-26 14:46:01" }, "geometry": { "type": "Point", "coordinates": [ -76.545641192415573, 3.320333455231177 ] } },
{ "type": "Feature", "properties": { "OBJECTID": 15944, "CE": "Traslape propio", "CT": "", "ESTAMPA_CC": "2026-05-26 14:46:01" }, "geometry": { "type": "Point", "coordinates": [ -76.560309182812205, 3.510579319129393 ] } },
{ "type": "Feature", "properties": { "OBJECTID": 15946, "CE": "Traslape propio", "CT": "", "ESTAMPA_CC": "2026-05-26 14:46:01" }, "geometry": { "type": "Point", "coordinates": [ -76.561195419419931, 3.313132193342633 ] } },
{ "type": "Feature", "properties": { "OBJECTID": 15947, "CE": "Traslape propio", "CT": "", "ESTAMPA_CC": "2026-05-26 14:46:01" }, "geometry": { "type": "Point", "coordinates": [ -76.596277690713663, 3.387248310493376 ] } },
{ "type": "Feature", "properties": { "OBJECTID": 15949, "CE": "Traslape propio", "CT": "", "ESTAMPA_CC": "2026-05-26 14:46:01" }, "geometry": { "type": "Point", "coordinates": [ -76.557245970711747, 3.310235294787711 ] } },
{ "type": "Feature", "properties": { "OBJECTID": 15950, "CE": "Traslape propio", "CT": "", "ESTAMPA_CC": "2026-05-26 14:46:01" }, "geometry": { "type": "Point", "coordinates": [ -76.562392926055665, 3.432729702190239 ] } },
{ "type": "Feature", "properties": { "OBJECTID": 15951, "CE": "Traslape propio", "CT": "", "ESTAMPA_CC": "2026-05-26 14:46:01" }, "geometry": { "type": "Point", "coordinates": [ -76.50820452823487, 3.376167111566291 ] } },
{ "type": "Feature", "properties": { "OBJECTID": 15952, "CE": "Traslape propio", "CT": "", "ESTAMPA_CC": "2026-05-26 14:46:01" }, "geometry": { "type": "Point", "coordinates": [ -76.508320581926867, 3.375391886498442 ] } },
{ "type": "Feature", "properties": { "OBJECTID": 15953, "CE": "Traslape propio", "CT": "", "ESTAMPA_CC": "2026-05-26 14:46:01" }, "geometry": { "type": "Point", "coordinates": [ -76.509693482739863, 3.375685115244004 ] } },
{ "type": "Feature", "properties": { "OBJECTID": 15954, "CE": "Traslape propio", "CT": "", "ESTAMPA_CC": "2026-05-26 14:46:01" }, "geometry": { "type": "Point", "coordinates": [ -76.504464640758883, 3.321779247802088 ] } },
{ "type": "Feature", "properties": { "OBJECTID": 15955, "CE": "Traslape propio", "CT": "", "ESTAMPA_CC": "2026-05-26 14:46:01" }, "geometry": { "type": "Point", "coordinates": [ -76.503589893890364, 3.32027002061943 ] } },
{ "type": "Feature", "properties": { "OBJECTID": 15957, "CE": "Traslape propio", "CT": "", "ESTAMPA_CC": "2026-05-26 14:46:01" }, "geometry": { "type": "Point", "coordinates": [ -76.502510858498979, 3.324883368172534 ] } },
{ "type": "Feature", "properties": { "OBJECTID": 15960, "CE": "Traslape propio; NPN Manzana -> Terreno", "CT": "", "ESTAMPA_CC": "2026-05-26 14:46:01" }, "geometry": { "type": "Point", "coordinates": [ -76.537757865005332, 3.489445682668838 ] } },
{ "type": "Feature", "properties": { "OBJECTID": 15963, "CE": "NPN Manzana -> Terreno", "CT": "", "ESTAMPA_CC": "2026-05-26 14:46:01" }, "geometry": { "type": "Point", "coordinates": [ -76.49766093604542, 3.323034629850306 ] } },
{ "type": "Feature", "properties": { "OBJECTID": 15965, "CE": "Traslape propio", "CT": "", "ESTAMPA_CC": "2026-05-26 14:46:01" }, "geometry": { "type": "Point", "coordinates": [ -76.55992677430784, 3.353171265758709 ] } },
{ "type": "Feature", "properties": { "OBJECTID": 15966, "CE": "Traslape propio", "CT": "", "ESTAMPA_CC": "2026-05-26 14:46:01" }, "geometry": { "type": "Point", "coordinates": [ -76.561451656002035, 3.351805835334143 ] } },
{ "type": "Feature", "properties": { "OBJECTID": 15970, "CE": "Traslape propio", "CT": "", "ESTAMPA_CC": "2026-05-26 14:46:01" }, "geometry": { "type": "Point", "coordinates": [ -76.559644173296277, 3.353275188314084 ] } },
{ "type": "Feature", "properties": { "OBJECTID": 15971, "CE": "Traslape propio", "CT": "", "ESTAMPA_CC": "2026-05-26 14:46:01" }, "geometry": { "type": "Point", "coordinates": [ -76.560943496597318, 3.351453410386934 ] } },
{ "type": "Feature", "properties": { "OBJECTID": 15973, "CE": "Traslape propio", "CT": "", "ESTAMPA_CC": "2026-05-26 14:46:01" }, "geometry": { "type": "Point", "coordinates": [ -76.565631078120845, 3.350269680914644 ] } },
{ "type": "Feature", "properties": { "OBJECTID": 15975, "CE": "Traslape propio", "CT": "Terreno", "ESTAMPA_CC": "2026-05-26 14:46:01" }, "geometry": { "type": "Point", "coordinates": [ -76.562326364748714, 3.351434247210689 ] } },
{ "type": "Feature", "properties": { "OBJECTID": 15991, "CE": "Traslape propio", "CT": "", "ESTAMPA_CC": "2026-05-26 14:46:01" }, "geometry": { "type": "Point", "coordinates": [ -76.564052616156062, 3.31179986164638 ] } },
{ "type": "Feature", "properties": { "OBJECTID": 15992, "CE": "Traslape propio", "CT": "", "ESTAMPA_CC": "2026-05-26 14:46:01" }, "geometry": { "type": "Point", "coordinates": [ -76.546755794131727, 3.329555542331144 ] } },
{ "type": "Feature", "properties": { "OBJECTID": 15994, "CE": "Traslape propio", "CT": "", "ESTAMPA_CC": "2026-05-26 14:46:01" }, "geometry": { "type": "Point", "coordinates": [ -76.535829584897158, 3.307305471505179 ] } },
{ "type": "Feature", "properties": { "OBJECTID": 15995, "CE": "Traslape propio", "CT": "", "ESTAMPA_CC": "2026-05-26 14:46:01" }, "geometry": { "type": "Point", "coordinates": [ -76.537624846260016, 3.310666167378089 ] } },
{ "type": "Feature", "properties": { "OBJECTID": 15997, "CE": "Traslape propio", "CT": "", "ESTAMPA_CC": "2026-05-26 14:46:01" }, "geometry": { "type": "Point", "coordinates": [ -76.53416214100281, 3.309627452643876 ] } },
{ "type": "Feature", "properties": { "OBJECTID": 15998, "CE": "Traslape propio", "CT": "", "ESTAMPA_CC": "2026-05-26 14:46:01" }, "geometry": { "type": "Point", "coordinates": [ -76.578387458908878, 3.398610329222128 ] } },
{ "type": "Feature", "properties": { "OBJECTID": 15999, "CE": "Traslape propio", "CT": "", "ESTAMPA_CC": "2026-05-26 14:46:01" }, "geometry": { "type": "Point", "coordinates": [ -76.561838443398017, 3.512458981059814 ] } },
{ "type": "Feature", "properties": { "OBJECTID": 16000, "CE": "Traslape propio", "CT": "", "ESTAMPA_CC": "2026-05-26 14:46:01" }, "geometry": { "type": "Point", "coordinates": [ -76.534858285905514, 3.307602643664019 ] } },
{ "type": "Feature", "properties": { "OBJECTID": 16001, "CE": "Traslape propio", "CT": "", "ESTAMPA_CC": "2026-05-26 14:46:01" }, "geometry": { "type": "Point", "coordinates": [ -76.537192936619363, 3.330194875323967 ] } },
{ "type": "Feature", "properties": { "OBJECTID": 16002, "CE": "Traslape propio; NPN Manzana -> Terreno", "CT": "", "ESTAMPA_CC": "2026-05-26 14:46:01" }, "geometry": { "type": "Point", "coordinates": [ -76.51831281660975, 3.346281275606186 ] } },
{ "type": "Feature", "properties": { "OBJECTID": 16004, "CE": "Traslape propio; NPN Manzana -> Terreno", "CT": "", "ESTAMPA_CC": "2026-05-26 14:46:01" }, "geometry": { "type": "Point", "coordinates": [ -76.520496550963273, 3.346060510707857 ] } },
{ "type": "Feature", "properties": { "OBJECTID": 16016, "CE": "Traslape propio", "CT": "", "ESTAMPA_CC": "2026-05-26 14:46:01" }, "geometry": { "type": "Point", "coordinates": [ -76.56138194234056, 3.351502172003255 ] } },
{ "type": "Feature", "properties": { "OBJECTID": 16019, "CE": "Traslape propio", "CT": "", "ESTAMPA_CC": "2026-05-26 14:46:01" }, "geometry": { "type": "Point", "coordinates": [ -76.561848729641994, 3.349934893326704 ] } },
{ "type": "Feature", "properties": { "OBJECTID": 16020, "CE": "Traslape propio", "CT": "", "ESTAMPA_CC": "2026-05-26 14:46:01" }, "geometry": { "type": "Point", "coordinates": [ -76.559593878839749, 3.351458793430695 ] } },
{ "type": "Feature", "properties": { "OBJECTID": 16021, "CE": "Traslape propio", "CT": "", "ESTAMPA_CC": "2026-05-26 14:46:01" }, "geometry": { "type": "Point", "coordinates": [ -76.560354742670654, 3.349533903659225 ] } },
{ "type": "Feature", "properties": { "OBJECTID": 16022, "CE": "Traslape propio", "CT": "", "ESTAMPA_CC": "2026-05-26 14:46:01" }, "geometry": { "type": "Point", "coordinates": [ -76.560082643078331, 3.350156184517211 ] } },
{ "type": "Feature", "properties": { "OBJECTID": 16023, "CE": "Traslape propio", "CT": "", "ESTAMPA_CC": "2026-05-26 14:46:01" }, "geometry": { "type": "Point", "coordinates": [ -76.559929899088488, 3.350724545978968 ] } },
{ "type": "Feature", "properties": { "OBJECTID": 16024, "CE": "Traslape propio; NPN Manzana -> Terreno", "CT": "", "ESTAMPA_CC": "2026-05-26 14:46:01" }, "geometry": { "type": "Point", "coordinates": [ -76.560703020413712, 3.349240120881503 ] } },
{ "type": "Feature", "properties": { "OBJECTID": 16027, "CE": "", "CT": "Terreno", "ESTAMPA_CC": "2026-05-26 14:46:01" }, "geometry": { "type": "Point", "coordinates": [ -76.546489307814312, 3.488362977493728 ] } },
{ "type": "Feature", "properties": { "OBJECTID": 16032, "CE": "NPN Manzana -> Terreno", "CT": "", "ESTAMPA_CC": "2026-05-26 14:46:01" }, "geometry": { "type": "Point", "coordinates": [ -76.53512340365144, 3.489280458126155 ] } },
{ "type": "Feature", "properties": { "OBJECTID": 16033, "CE": "Traslape propio", "CT": "", "ESTAMPA_CC": "2026-05-26 14:46:01" }, "geometry": { "type": "Point", "coordinates": [ -76.557031186830415, 3.363138242064871 ] } },
{ "type": "Feature", "properties": { "OBJECTID": 16037, "CE": "Traslape propio", "CT": "", "ESTAMPA_CC": "2026-05-26 14:46:01" }, "geometry": { "type": "Point", "coordinates": [ -76.633125356444253, 3.462924596318946 ] } },
{ "type": "Feature", "properties": { "OBJECTID": 16038, "CE": "Traslape propio", "CT": "", "ESTAMPA_CC": "2026-05-26 14:46:01" }, "geometry": { "type": "Point", "coordinates": [ -76.639636704970755, 3.47801785652228 ] } },
{ "type": "Feature", "properties": { "OBJECTID": 16040, "CE": "Traslape propio", "CT": "", "ESTAMPA_CC": "2026-05-26 14:46:01" }, "geometry": { "type": "Point", "coordinates": [ -76.579084367755456, 3.398388433934848 ] } },
{ "type": "Feature", "properties": { "OBJECTID": 16042, "CE": "Traslape propio", "CT": "", "ESTAMPA_CC": "2026-05-26 14:46:01" }, "geometry": { "type": "Point", "coordinates": [ -76.534550609296389, 3.31028209025598 ] } },
{ "type": "Feature", "properties": { "OBJECTID": 16044, "CE": "Traslape propio", "CT": "", "ESTAMPA_CC": "2026-05-26 14:46:01" }, "geometry": { "type": "Point", "coordinates": [ -76.561609033961062, 3.31352935634066 ] } },
{ "type": "Feature", "properties": { "OBJECTID": 16045, "CE": "Traslape propio", "CT": "", "ESTAMPA_CC": "2026-05-26 14:46:01" }, "geometry": { "type": "Point", "coordinates": [ -76.562557439344431, 3.510537214438558 ] } },
{ "type": "Feature", "properties": { "OBJECTID": 16046, "CE": "Traslape propio", "CT": "", "ESTAMPA_CC": "2026-05-26 14:46:01" }, "geometry": { "type": "Point", "coordinates": [ -76.54520603059747, 3.32095091224374 ] } },
{ "type": "Feature", "properties": { "OBJECTID": 16048, "CE": "Traslape propio", "CT": "", "ESTAMPA_CC": "2026-05-26 14:46:01" }, "geometry": { "type": "Point", "coordinates": [ -76.535845161273599, 3.463561470095323 ] } },
{ "type": "Feature", "properties": { "OBJECTID": 16049, "CE": "Traslape propio", "CT": "", "ESTAMPA_CC": "2026-05-26 14:46:01" }, "geometry": { "type": "Point", "coordinates": [ -76.562397786574763, 3.511512741952506 ] } },
{ "type": "Feature", "properties": { "OBJECTID": 16050, "CE": "Traslape propio", "CT": "", "ESTAMPA_CC": "2026-05-26 14:46:01" }, "geometry": { "type": "Point", "coordinates": [ -76.541301495439882, 3.289032872360575 ] } },
{ "type": "Feature", "properties": { "OBJECTID": 16052, "CE": "Traslape propio", "CT": "", "ESTAMPA_CC": "2026-05-26 14:46:01" }, "geometry": { "type": "Point", "coordinates": [ -76.558224000385508, 3.310822544079395 ] } },
{ "type": "Feature", "properties": { "OBJECTID": 16053, "CE": "Traslape propio", "CT": "", "ESTAMPA_CC": "2026-05-26 14:46:01" }, "geometry": { "type": "Point", "coordinates": [ -76.563609014809259, 3.510068528572323 ] } },
{ "type": "Feature", "properties": { "OBJECTID": 16054, "CE": "Traslape propio", "CT": "", "ESTAMPA_CC": "2026-05-26 14:46:01" }, "geometry": { "type": "Point", "coordinates": [ -76.55742730883901, 3.306594846187475 ] } },
{ "type": "Feature", "properties": { "OBJECTID": 16056, "CE": "NPN Manzana -> Terreno", "CT": "", "ESTAMPA_CC": "2026-05-26 14:46:01" }, "geometry": { "type": "Point", "coordinates": [ -76.502793536083772, 3.355828745831481 ] } },
{ "type": "Feature", "properties": { "OBJECTID": 16057, "CE": "Traslape propio", "CT": "", "ESTAMPA_CC": "2026-05-26 14:46:01" }, "geometry": { "type": "Point", "coordinates": [ -76.510505420438847, 3.374944724008603 ] } },
{ "type": "Feature", "properties": { "OBJECTID": 16058, "CE": "Traslape propio", "CT": "", "ESTAMPA_CC": "2026-05-26 14:46:01" }, "geometry": { "type": "Point", "coordinates": [ -76.560749922357118, 3.35296982477009 ] } },
{ "type": "Feature", "properties": { "OBJECTID": 16061, "CE": "Traslape propio; NPN Manzana -> Terreno", "CT": "", "ESTAMPA_CC": "2026-05-26 14:46:01" }, "geometry": { "type": "Point", "coordinates": [ -76.517055149330346, 3.361869691622394 ] } },
{ "type": "Feature", "properties": { "OBJECTID": 16063, "CE": "Traslape propio", "CT": "", "ESTAMPA_CC": "2026-05-26 14:46:01" }, "geometry": { "type": "Point", "coordinates": [ -76.555763077616263, 3.47166597956056 ] } },
{ "type": "Feature", "properties": { "OBJECTID": 16065, "CE": "NPN Manzana -> Terreno", "CT": "", "ESTAMPA_CC": "2026-05-26 14:46:01" }, "geometry": { "type": "Point", "coordinates": [ -76.565337093611632, 3.412806063511106 ] } },
{ "type": "Feature", "properties": { "OBJECTID": 16066, "CE": "NPN Manzana -> Terreno", "CT": "", "ESTAMPA_CC": "2026-05-26 14:46:01" }, "geometry": { "type": "Point", "coordinates": [ -76.565494528431145, 3.41280367081136 ] } },
{ "type": "Feature", "properties": { "OBJECTID": 16067, "CE": "NPN Manzana -> Terreno", "CT": "", "ESTAMPA_CC": "2026-05-26 14:46:01" }, "geometry": { "type": "Point", "coordinates": [ -76.56573407182708, 3.412737804735773 ] } },
{ "type": "Feature", "properties": { "OBJECTID": 16068, "CE": "Traslape propio", "CT": "", "ESTAMPA_CC": "2026-05-26 14:46:01" }, "geometry": { "type": "Point", "coordinates": [ -76.562932769916941, 3.349391314650821 ] } },
{ "type": "Feature", "properties": { "OBJECTID": 16070, "CE": "Traslape propio", "CT": "", "ESTAMPA_CC": "2026-05-26 14:46:01" }, "geometry": { "type": "Point", "coordinates": [ -76.564282443964956, 3.349481431900467 ] } },
{ "type": "Feature", "properties": { "OBJECTID": 16071, "CE": "Traslape propio", "CT": "", "ESTAMPA_CC": "2026-05-26 14:46:01" }, "geometry": { "type": "Point", "coordinates": [ -76.56484686530699, 3.349556584504714 ] } },
{ "type": "Feature", "properties": { "OBJECTID": 16072, "CE": "Traslape propio", "CT": "", "ESTAMPA_CC": "2026-05-26 14:46:01" }, "geometry": { "type": "Point", "coordinates": [ -76.565221965056082, 3.349391320504969 ] } },
{ "type": "Feature", "properties": { "OBJECTID": 16073, "CE": "Traslape propio", "CT": "", "ESTAMPA_CC": "2026-05-26 14:46:01" }, "geometry": { "type": "Point", "coordinates": [ -76.565482099367244, 3.349811111958219 ] } },
{ "type": "Feature", "properties": { "OBJECTID": 16074, "CE": "Traslape propio", "CT": "", "ESTAMPA_CC": "2026-05-26 14:46:01" }, "geometry": { "type": "Point", "coordinates": [ -76.566457458698878, 3.350086938529936 ] } },
{ "type": "Feature", "properties": { "OBJECTID": 16075, "CE": "Traslape propio", "CT": "", "ESTAMPA_CC": "2026-05-26 14:46:01" }, "geometry": { "type": "Point", "coordinates": [ -76.567300250566191, 3.350095951566691 ] } },
{ "type": "Feature", "properties": { "OBJECTID": 16076, "CE": "Traslape propio", "CT": "", "ESTAMPA_CC": "2026-05-26 14:46:01" }, "geometry": { "type": "Point", "coordinates": [ -76.565829660953753, 3.352482128914402 ] } },
{ "type": "Feature", "properties": { "OBJECTID": 16080, "CE": "Traslape propio", "CT": "", "ESTAMPA_CC": "2026-05-26 14:46:01" }, "geometry": { "type": "Point", "coordinates": [ -76.580561059712878, 3.49050433456113 ] } },
{ "type": "Feature", "properties": { "OBJECTID": 16081, "CE": "Traslape propio", "CT": "", "ESTAMPA_CC": "2026-05-26 14:46:01" }, "geometry": { "type": "Point", "coordinates": [ -76.549261219162403, 3.483071576947352 ] } },
{ "type": "Feature", "properties": { "OBJECTID": 16083, "CE": "Traslape propio; NPN Manzana -> Terreno", "CT": "", "ESTAMPA_CC": "2026-05-26 14:46:01" }, "geometry": { "type": "Point", "coordinates": [ -76.521404414286494, 3.356773491115884 ] } },
{ "type": "Feature", "properties": { "OBJECTID": 16084, "CE": "Traslape propio; NPN Manzana -> Terreno", "CT": "", "ESTAMPA_CC": "2026-05-26 14:46:01" }, "geometry": { "type": "Point", "coordinates": [ -76.51702639287214, 3.360944661243317 ] } },
{ "type": "Feature", "properties": { "OBJECTID": 16085, "CE": "Traslape propio", "CT": "", "ESTAMPA_CC": "2026-05-26 14:46:01" }, "geometry": { "type": "Point", "coordinates": [ -76.555464987286058, 3.3494174277997 ] } },
{ "type": "Feature", "properties": { "OBJECTID": 16086, "CE": "Traslape propio; NPN Manzana -> Terreno", "CT": "", "ESTAMPA_CC": "2026-05-26 14:46:01" }, "geometry": { "type": "Point", "coordinates": [ -76.550035279845531, 3.346850607764434 ] } },
{ "type": "Feature", "properties": { "OBJECTID": 16087, "CE": "NPN Manzana -> Terreno", "CT": "", "ESTAMPA_CC": "2026-05-26 14:46:01" }, "geometry": { "type": "Point", "coordinates": [ -76.523537940009589, 3.357005079399246 ] } },
{ "type": "Feature", "properties": { "OBJECTID": 16088, "CE": "Traslape propio; NPN Manzana -> Terreno", "CT": "", "ESTAMPA_CC": "2026-05-26 14:46:01" }, "geometry": { "type": "Point", "coordinates": [ -76.507530459644428, 3.370419016355946 ] } },
{ "type": "Feature", "properties": { "OBJECTID": 16089, "CE": "Traslape propio", "CT": "", "ESTAMPA_CC": "2026-05-26 14:46:01" }, "geometry": { "type": "Point", "coordinates": [ -76.509769241932091, 3.38366048220065 ] } },
{ "type": "Feature", "properties": { "OBJECTID": 16090, "CE": "Traslape propio", "CT": "", "ESTAMPA_CC": "2026-05-26 14:46:01" }, "geometry": { "type": "Point", "coordinates": [ -76.50734056912458, 3.379612771779141 ] } },
{ "type": "Feature", "properties": { "OBJECTID": 16094, "CE": "Traslape propio", "CT": "", "ESTAMPA_CC": "2026-05-26 14:46:01" }, "geometry": { "type": "Point", "coordinates": [ -76.536078512260204, 3.463489775932127 ] } },
{ "type": "Feature", "properties": { "OBJECTID": 16096, "CE": "Traslape propio", "CT": "", "ESTAMPA_CC": "2026-05-26 14:46:01" }, "geometry": { "type": "Point", "coordinates": [ -76.534756205615651, 3.30778786165603 ] } },
{ "type": "Feature", "properties": { "OBJECTID": 16097, "CE": "Traslape propio", "CT": "", "ESTAMPA_CC": "2026-05-26 14:46:01" }, "geometry": { "type": "Point", "coordinates": [ -76.596518850615908, 3.386285136066682 ] } },
{ "type": "Feature", "properties": { "OBJECTID": 16100, "CE": "Traslape propio", "CT": "", "ESTAMPA_CC": "2026-05-26 14:46:01" }, "geometry": { "type": "Point", "coordinates": [ -76.534336980926085, 3.306255268451539 ] } },
{ "type": "Feature", "properties": { "OBJECTID": 16101, "CE": "NPN Manzana -> Terreno", "CT": "", "ESTAMPA_CC": "2026-05-26 14:46:01" }, "geometry": { "type": "Point", "coordinates": [ -76.536144878616639, 3.463244438072243 ] } },
{ "type": "Feature", "properties": { "OBJECTID": 16102, "CE": "Traslape propio", "CT": "", "ESTAMPA_CC": "2026-05-26 14:46:01" }, "geometry": { "type": "Point", "coordinates": [ -76.594906755257597, 3.388252991040938 ] } },
{ "type": "Feature", "properties": { "OBJECTID": 16104, "CE": "Traslape propio; NPN Manzana -> Terreno", "CT": "", "ESTAMPA_CC": "2026-05-26 14:46:01" }, "geometry": { "type": "Point", "coordinates": [ -76.56581224345814, 3.414708438549257 ] } },
{ "type": "Feature", "properties": { "OBJECTID": 16105, "CE": "Traslape propio", "CT": "", "ESTAMPA_CC": "2026-05-26 14:46:01" }, "geometry": { "type": "Point", "coordinates": [ -76.568894875438346, 3.396834591889236 ] } },
{ "type": "Feature", "properties": { "OBJECTID": 16106, "CE": "Traslape propio", "CT": "", "ESTAMPA_CC": "2026-05-26 14:46:01" }, "geometry": { "type": "Point", "coordinates": [ -76.568860661117938, 3.396542341392717 ] } },
{ "type": "Feature", "properties": { "OBJECTID": 16108, "CE": "Traslape propio", "CT": "", "ESTAMPA_CC": "2026-05-26 14:46:01" }, "geometry": { "type": "Point", "coordinates": [ -76.568297825619027, 3.396912649513102 ] } },
{ "type": "Feature", "properties": { "OBJECTID": 16109, "CE": "Traslape propio", "CT": "", "ESTAMPA_CC": "2026-05-26 14:46:01" }, "geometry": { "type": "Point", "coordinates": [ -76.569646264753885, 3.396573467323134 ] } },
{ "type": "Feature", "properties": { "OBJECTID": 16110, "CE": "Traslape propio", "CT": "", "ESTAMPA_CC": "2026-05-26 14:46:01" }, "geometry": { "type": "Point", "coordinates": [ -76.568843990185982, 3.397407420834414 ] } },
{ "type": "Feature", "properties": { "OBJECTID": 16113, "CE": "Traslape propio", "CT": "", "ESTAMPA_CC": "2026-05-26 14:46:01" }, "geometry": { "type": "Point", "coordinates": [ -76.569140647164033, 3.397892145479577 ] } },
{ "type": "Feature", "properties": { "OBJECTID": 16114, "CE": "Traslape propio", "CT": "", "ESTAMPA_CC": "2026-05-26 14:46:01" }, "geometry": { "type": "Point", "coordinates": [ -76.569122614294983, 3.398080604850479 ] } },
{ "type": "Feature", "properties": { "OBJECTID": 16115, "CE": "Traslape propio", "CT": "", "ESTAMPA_CC": "2026-05-26 14:46:01" }, "geometry": { "type": "Point", "coordinates": [ -76.567933240364638, 3.395115243519822 ] } },
{ "type": "Feature", "properties": { "OBJECTID": 16116, "CE": "Traslape propio", "CT": "", "ESTAMPA_CC": "2026-05-26 14:46:01" }, "geometry": { "type": "Point", "coordinates": [ -76.568575738656676, 3.394894440073403 ] } },
{ "type": "Feature", "properties": { "OBJECTID": 16117, "CE": "Traslape propio", "CT": "", "ESTAMPA_CC": "2026-05-26 14:46:01" }, "geometry": { "type": "Point", "coordinates": [ -76.568794962213062, 3.39490673775724 ] } },
{ "type": "Feature", "properties": { "OBJECTID": 16118, "CE": "Traslape propio", "CT": "", "ESTAMPA_CC": "2026-05-26 14:46:01" }, "geometry": { "type": "Point", "coordinates": [ -76.569496529138235, 3.3948126263529 ] } },
{ "type": "Feature", "properties": { "OBJECTID": 16120, "CE": "Traslape propio", "CT": "", "ESTAMPA_CC": "2026-05-26 14:46:01" }, "geometry": { "type": "Point", "coordinates": [ -76.547419022254076, 3.322516026100319 ] } },
{ "type": "Feature", "properties": { "OBJECTID": 16121, "CE": "Traslape propio", "CT": "", "ESTAMPA_CC": "2026-05-26 14:46:01" }, "geometry": { "type": "Point", "coordinates": [ -76.534778393441044, 3.30987735561192 ] } },
{ "type": "Feature", "properties": { "OBJECTID": 16122, "CE": "Traslape propio", "CT": "", "ESTAMPA_CC": "2026-05-26 14:46:01" }, "geometry": { "type": "Point", "coordinates": [ -76.56248070666912, 3.512399405878865 ] } },
{ "type": "Feature", "properties": { "OBJECTID": 16123, "CE": "Traslape propio", "CT": "", "ESTAMPA_CC": "2026-05-26 14:46:01" }, "geometry": { "type": "Point", "coordinates": [ -76.536683927414344, 3.309941071751501 ] } },
{ "type": "Feature", "properties": { "OBJECTID": 16124, "CE": "NPN Manzana -> Terreno", "CT": "", "ESTAMPA_CC": "2026-05-26 14:46:01" }, "geometry": { "type": "Point", "coordinates": [ -76.536188137143242, 3.4633118183524 ] } },
{ "type": "Feature", "properties": { "OBJECTID": 16126, "CE": "Traslape propio", "CT": "", "ESTAMPA_CC": "2026-05-26 14:46:01" }, "geometry": { "type": "Point", "coordinates": [ -76.578089862535549, 3.398386919596252 ] } },
{ "type": "Feature", "properties": { "OBJECTID": 16131, "CE": "Traslape propio", "CT": "", "ESTAMPA_CC": "2026-05-26 14:46:01" }, "geometry": { "type": "Point", "coordinates": [ -76.577836252442083, 3.46036716063008 ] } },
{ "type": "Feature", "properties": { "OBJECTID": 16141, "CE": "Traslape propio", "CT": "", "ESTAMPA_CC": "2026-05-26 14:46:01" }, "geometry": { "type": "Point", "coordinates": [ -76.597222301966042, 3.387140006749145 ] } },
{ "type": "Feature", "properties": { "OBJECTID": 16142, "CE": "Traslape propio", "CT": "", "ESTAMPA_CC": "2026-05-26 14:46:01" }, "geometry": { "type": "Point", "coordinates": [ -76.563945729491707, 3.432570846559789 ] } },
{ "type": "Feature", "properties": { "OBJECTID": 16144, "CE": "Traslape propio", "CT": "", "ESTAMPA_CC": "2026-05-26 14:46:01" }, "geometry": { "type": "Point", "coordinates": [ -76.545254764902921, 3.318870718584876 ] } },
{ "type": "Feature", "properties": { "OBJECTID": 16145, "CE": "Traslape propio", "CT": "", "ESTAMPA_CC": "2026-05-26 14:46:01" }, "geometry": { "type": "Point", "coordinates": [ -76.530082527778106, 3.478546870016941 ] } },
{ "type": "Feature", "properties": { "OBJECTID": 16146, "CE": "Traslape propio", "CT": "", "ESTAMPA_CC": "2026-05-26 14:46:01" }, "geometry": { "type": "Point", "coordinates": [ -76.535827168341811, 3.30933158499544 ] } },
{ "type": "Feature", "properties": { "OBJECTID": 16151, "CE": "Traslape propio", "CT": "", "ESTAMPA_CC": "2026-05-26 14:46:01" }, "geometry": { "type": "Point", "coordinates": [ -76.568346230747011, 3.394835333183809 ] } },
{ "type": "Feature", "properties": { "OBJECTID": 16152, "CE": "Traslape propio", "CT": "", "ESTAMPA_CC": "2026-05-26 14:46:01" }, "geometry": { "type": "Point", "coordinates": [ -76.567847699761927, 3.396001688865056 ] } },
{ "type": "Feature", "properties": { "OBJECTID": 16153, "CE": "Traslape propio", "CT": "", "ESTAMPA_CC": "2026-05-26 14:46:01" }, "geometry": { "type": "Point", "coordinates": [ -76.568110239910425, 3.396163021946445 ] } },
{ "type": "Feature", "properties": { "OBJECTID": 16154, "CE": "Traslape propio", "CT": "", "ESTAMPA_CC": "2026-05-26 14:46:01" }, "geometry": { "type": "Point", "coordinates": [ -76.592896541828352, 3.391538212053501 ] } },
{ "type": "Feature", "properties": { "OBJECTID": 16157, "CE": "Traslape propio", "CT": "", "ESTAMPA_CC": "2026-05-26 14:46:01" }, "geometry": { "type": "Point", "coordinates": [ -76.578593218779361, 3.42271760647412 ] } },
{ "type": "Feature", "properties": { "OBJECTID": 16160, "CE": "Traslape propio", "CT": "", "ESTAMPA_CC": "2026-05-26 14:46:01" }, "geometry": { "type": "Point", "coordinates": [ -76.547267303427191, 3.325527491080319 ] } },
{ "type": "Feature", "properties": { "OBJECTID": 16161, "CE": "Traslape propio", "CT": "", "ESTAMPA_CC": "2026-05-26 14:46:01" }, "geometry": { "type": "Point", "coordinates": [ -76.546625155986348, 3.324662488200128 ] } },
{ "type": "Feature", "properties": { "OBJECTID": 16162, "CE": "Traslape propio", "CT": "", "ESTAMPA_CC": "2026-05-26 14:46:01" }, "geometry": { "type": "Point", "coordinates": [ -76.550858470320023, 3.324733229219161 ] } },
{ "type": "Feature", "properties": { "OBJECTID": 16163, "CE": "Traslape propio", "CT": "", "ESTAMPA_CC": "2026-05-26 14:46:01" }, "geometry": { "type": "Point", "coordinates": [ -76.550724759407757, 3.3247275135448 ] } },
{ "type": "Feature", "properties": { "OBJECTID": 16164, "CE": "Traslape propio", "CT": "", "ESTAMPA_CC": "2026-05-26 14:46:01" }, "geometry": { "type": "Point", "coordinates": [ -76.550316881962544, 3.324171665451139 ] } },
{ "type": "Feature", "properties": { "OBJECTID": 16165, "CE": "Traslape propio", "CT": "", "ESTAMPA_CC": "2026-05-26 14:46:01" }, "geometry": { "type": "Point", "coordinates": [ -76.578407807807892, 3.397976182351197 ] } },
{ "type": "Feature", "properties": { "OBJECTID": 16168, "CE": "Traslape propio", "CT": "", "ESTAMPA_CC": "2026-05-26 14:46:01" }, "geometry": { "type": "Point", "coordinates": [ -76.53459414023466, 3.306781417449756 ] } },
{ "type": "Feature", "properties": { "OBJECTID": 16170, "CE": "Traslape propio", "CT": "", "ESTAMPA_CC": "2026-05-26 14:46:01" }, "geometry": { "type": "Point", "coordinates": [ -76.529745639129544, 3.477636723834652 ] } },
{ "type": "Feature", "properties": { "OBJECTID": 16174, "CE": "Traslape propio", "CT": "", "ESTAMPA_CC": "2026-05-26 14:46:01" }, "geometry": { "type": "Point", "coordinates": [ -76.558813493912993, 3.31106208400791 ] } },
{ "type": "Feature", "properties": { "OBJECTID": 16177, "CE": "NPN Manzana -> Terreno", "CT": "", "ESTAMPA_CC": "2026-05-26 14:46:01" }, "geometry": { "type": "Point", "coordinates": [ -76.536379215508219, 3.462308149422888 ] } },
{ "type": "Feature", "properties": { "OBJECTID": 16178, "CE": "Traslape propio", "CT": "", "ESTAMPA_CC": "2026-05-26 14:46:01" }, "geometry": { "type": "Point", "coordinates": [ -76.465363785843323, 3.397493578028352 ] } },
{ "type": "Feature", "properties": { "OBJECTID": 16180, "CE": "Traslape propio", "CT": "", "ESTAMPA_CC": "2026-05-26 14:46:01" }, "geometry": { "type": "Point", "coordinates": [ -76.570045381254289, 3.485540055068166 ] } },
{ "type": "Feature", "properties": { "OBJECTID": 16181, "CE": "NPN Manzana -> Terreno", "CT": "", "ESTAMPA_CC": "2026-05-26 14:46:01" }, "geometry": { "type": "Point", "coordinates": [ -76.541349620972625, 3.454441588674439 ] } },
{ "type": "Feature", "properties": { "OBJECTID": 16183, "CE": "NPN Manzana -> Terreno", "CT": "", "ESTAMPA_CC": "2026-05-26 14:46:01" }, "geometry": { "type": "Point", "coordinates": [ -76.515448894093907, 3.355500010402443 ] } },
{ "type": "Feature", "properties": { "OBJECTID": 16185, "CE": "NPN Manzana -> Terreno", "CT": "", "ESTAMPA_CC": "2026-05-26 14:46:01" }, "geometry": { "type": "Point", "coordinates": [ -76.578690371245528, 3.457037919672559 ] } },
{ "type": "Feature", "properties": { "OBJECTID": 16193, "CE": "Traslape propio", "CT": "", "ESTAMPA_CC": "2026-05-26 14:46:01" }, "geometry": { "type": "Point", "coordinates": [ -76.545250322321337, 3.325493567864114 ] } },
{ "type": "Feature", "properties": { "OBJECTID": 16195, "CE": "Traslape propio", "CT": "", "ESTAMPA_CC": "2026-05-26 14:46:01" }, "geometry": { "type": "Point", "coordinates": [ -76.544513461831983, 3.322594282716544 ] } },
{ "type": "Feature", "properties": { "OBJECTID": 16196, "CE": "Traslape propio", "CT": "", "ESTAMPA_CC": "2026-05-26 14:46:01" }, "geometry": { "type": "Point", "coordinates": [ -76.544676447726374, 3.323692725592632 ] } },
{ "type": "Feature", "properties": { "OBJECTID": 16197, "CE": "Traslape propio", "CT": "", "ESTAMPA_CC": "2026-05-26 14:46:01" }, "geometry": { "type": "Point", "coordinates": [ -76.545948093309448, 3.321990134426485 ] } },
{ "type": "Feature", "properties": { "OBJECTID": 16198, "CE": "Traslape propio", "CT": "", "ESTAMPA_CC": "2026-05-26 14:46:01" }, "geometry": { "type": "Point", "coordinates": [ -76.569491191328225, 3.35740437777531 ] } },
{ "type": "Feature", "properties": { "OBJECTID": 16199, "CE": "Traslape propio", "CT": "", "ESTAMPA_CC": "2026-05-26 14:46:01" }, "geometry": { "type": "Point", "coordinates": [ -76.544566571918139, 3.494752336538478 ] } },
{ "type": "Feature", "properties": { "OBJECTID": 16200, "CE": "Traslape propio", "CT": "", "ESTAMPA_CC": "2026-05-26 14:46:01" }, "geometry": { "type": "Point", "coordinates": [ -76.545361805951259, 3.492357273409241 ] } },
{ "type": "Feature", "properties": { "OBJECTID": 16201, "CE": "Traslape propio", "CT": "", "ESTAMPA_CC": "2026-05-26 14:46:01" }, "geometry": { "type": "Point", "coordinates": [ -76.568301063666425, 3.403859278200771 ] } },
{ "type": "Feature", "properties": { "OBJECTID": 16202, "CE": "Traslape propio", "CT": "", "ESTAMPA_CC": "2026-05-26 14:46:01" }, "geometry": { "type": "Point", "coordinates": [ -76.555783694259205, 3.471495268772408 ] } },
{ "type": "Feature", "properties": { "OBJECTID": 16203, "CE": "Traslape propio", "CT": "", "ESTAMPA_CC": "2026-05-26 14:46:01" }, "geometry": { "type": "Point", "coordinates": [ -76.558608305791324, 3.469329989013805 ] } },
{ "type": "Feature", "properties": { "OBJECTID": 16204, "CE": "Traslape propio", "CT": "", "ESTAMPA_CC": "2026-05-26 14:46:01" }, "geometry": { "type": "Point", "coordinates": [ -76.555559211254447, 3.471441553478382 ] } },
{ "type": "Feature", "properties": { "OBJECTID": 16205, "CE": "Traslape propio", "CT": "", "ESTAMPA_CC": "2026-05-26 14:46:01" }, "geometry": { "type": "Point", "coordinates": [ -76.546259929007448, 3.49152117025309 ] } },
{ "type": "Feature", "properties": { "OBJECTID": 16207, "CE": "Traslape propio", "CT": "", "ESTAMPA_CC": "2026-05-26 14:46:01" }, "geometry": { "type": "Point", "coordinates": [ -76.557666757907654, 3.310566398358073 ] } },
{ "type": "Feature", "properties": { "OBJECTID": 16209, "CE": "Traslape propio", "CT": "", "ESTAMPA_CC": "2026-05-26 14:46:01" }, "geometry": { "type": "Point", "coordinates": [ -76.562052104801282, 3.313825266676758 ] } },
{ "type": "Feature", "properties": { "OBJECTID": 16210, "CE": "Traslape propio", "CT": "", "ESTAMPA_CC": "2026-05-26 14:46:01" }, "geometry": { "type": "Point", "coordinates": [ -76.557289113511345, 3.308798715075568 ] } },
{ "type": "Feature", "properties": { "OBJECTID": 16211, "CE": "Traslape propio", "CT": "", "ESTAMPA_CC": "2026-05-26 14:46:01" }, "geometry": { "type": "Point", "coordinates": [ -76.578914433361149, 3.398029179622467 ] } },
{ "type": "Feature", "properties": { "OBJECTID": 16212, "CE": "Traslape propio", "CT": "", "ESTAMPA_CC": "2026-05-26 14:46:01" }, "geometry": { "type": "Point", "coordinates": [ -76.559060621712277, 3.306591087731823 ] } },
{ "type": "Feature", "properties": { "OBJECTID": 16213, "CE": "Traslape propio", "CT": "", "ESTAMPA_CC": "2026-05-26 14:46:01" }, "geometry": { "type": "Point", "coordinates": [ -76.578699052261982, 3.399348265441059 ] } },
{ "type": "Feature", "properties": { "OBJECTID": 16215, "CE": "Traslape propio", "CT": "", "ESTAMPA_CC": "2026-05-26 14:46:01" }, "geometry": { "type": "Point", "coordinates": [ -76.562639793936611, 3.510003324005418 ] } },
{ "type": "Feature", "properties": { "OBJECTID": 16221, "CE": "NPN Manzana -> Terreno", "CT": "", "ESTAMPA_CC": "2026-05-26 14:46:01" }, "geometry": { "type": "Point", "coordinates": [ -76.509885093282193, 3.351475049773195 ] } },
{ "type": "Feature", "properties": { "OBJECTID": 16235, "CE": "Traslape propio; NPN Manzana -> Terreno", "CT": "", "ESTAMPA_CC": "2026-05-26 14:46:01" }, "geometry": { "type": "Point", "coordinates": [ -76.507496773861718, 3.366642084876536 ] } },
{ "type": "Feature", "properties": { "OBJECTID": 16238, "CE": "Traslape propio", "CT": "", "ESTAMPA_CC": "2026-05-26 14:46:01" }, "geometry": { "type": "Point", "coordinates": [ -76.554728489631998, 3.36308453675622 ] } },
{ "type": "Feature", "properties": { "OBJECTID": 16239, "CE": "NPN Manzana -> Terreno", "CT": "", "ESTAMPA_CC": "2026-05-26 14:46:01" }, "geometry": { "type": "Point", "coordinates": [ -76.520975766238948, 3.355747354602973 ] } },
{ "type": "Feature", "properties": { "OBJECTID": 16241, "CE": "Traslape propio", "CT": "", "ESTAMPA_CC": "2026-05-26 14:46:01" }, "geometry": { "type": "Point", "coordinates": [ -76.566392262081749, 3.371207326392664 ] } },
{ "type": "Feature", "properties": { "OBJECTID": 16243, "CE": "Traslape propio", "CT": "", "ESTAMPA_CC": "2026-05-26 14:46:01" }, "geometry": { "type": "Point", "coordinates": [ -76.566880711059071, 3.370655839728313 ] } },
{ "type": "Feature", "properties": { "OBJECTID": 16244, "CE": "Traslape propio", "CT": "", "ESTAMPA_CC": "2026-05-26 14:46:01" }, "geometry": { "type": "Point", "coordinates": [ -76.568675284402502, 3.399904327748904 ] } },
{ "type": "Feature", "properties": { "OBJECTID": 16245, "CE": "Traslape propio; NPN Manzana -> Terreno", "CT": "", "ESTAMPA_CC": "2026-05-26 14:46:01" }, "geometry": { "type": "Point", "coordinates": [ -76.520583175934334, 3.345521418025423 ] } },
{ "type": "Feature", "properties": { "OBJECTID": 16250, "CE": "Traslape propio; NPN Manzana -> Terreno", "CT": "", "ESTAMPA_CC": "2026-05-26 14:46:01" }, "geometry": { "type": "Point", "coordinates": [ -76.519923614948226, 3.345630175172266 ] } },
{ "type": "Feature", "properties": { "OBJECTID": 16253, "CE": "NPN Manzana -> Terreno", "CT": "", "ESTAMPA_CC": "2026-05-26 14:46:01" }, "geometry": { "type": "Point", "coordinates": [ -76.534300927495039, 3.488449830277047 ] } },
{ "type": "Feature", "properties": { "OBJECTID": 16255, "CE": "Traslape propio", "CT": "", "ESTAMPA_CC": "2026-05-26 14:46:01" }, "geometry": { "type": "Point", "coordinates": [ -76.480052945495629, 3.301438341354836 ] } },
{ "type": "Feature", "properties": { "OBJECTID": 16257, "CE": "Traslape propio", "CT": "", "ESTAMPA_CC": "2026-05-26 14:46:01" }, "geometry": { "type": "Point", "coordinates": [ -76.578939490676561, 3.399059931245045 ] } },
{ "type": "Feature", "properties": { "OBJECTID": 16260, "CE": "Traslape propio", "CT": "", "ESTAMPA_CC": "2026-05-26 14:46:01" }, "geometry": { "type": "Point", "coordinates": [ -76.53267728775694, 3.309825365107971 ] } },
{ "type": "Feature", "properties": { "OBJECTID": 16261, "CE": "Traslape propio", "CT": "", "ESTAMPA_CC": "2026-05-26 14:46:01" }, "geometry": { "type": "Point", "coordinates": [ -76.560211988427483, 3.31060624186726 ] } },
{ "type": "Feature", "properties": { "OBJECTID": 16262, "CE": "Traslape propio", "CT": "", "ESTAMPA_CC": "2026-05-26 14:46:01" }, "geometry": { "type": "Point", "coordinates": [ -76.531227155786425, 3.476571850353444 ] } },
{ "type": "Feature", "properties": { "OBJECTID": 16263, "CE": "Traslape propio", "CT": "", "ESTAMPA_CC": "2026-05-26 14:46:01" }, "geometry": { "type": "Point", "coordinates": [ -76.545110585899508, 3.320350840021592 ] } },
{ "type": "Feature", "properties": { "OBJECTID": 16264, "CE": "Traslape propio", "CT": "", "ESTAMPA_CC": "2026-05-26 14:46:01" }, "geometry": { "type": "Point", "coordinates": [ -76.535153145376086, 3.306815927986954 ] } },
{ "type": "Feature", "properties": { "OBJECTID": 16265, "CE": "Traslape propio", "CT": "", "ESTAMPA_CC": "2026-05-26 14:46:01" }, "geometry": { "type": "Point", "coordinates": [ -76.578240722353243, 3.398184826696649 ] } },
{ "type": "Feature", "properties": { "OBJECTID": 16275, "CE": "Traslape propio", "CT": "", "ESTAMPA_CC": "2026-05-26 14:46:01" }, "geometry": { "type": "Point", "coordinates": [ -76.467155874876212, 3.404253656136336 ] } },
{ "type": "Feature", "properties": { "OBJECTID": 16278, "CE": "Traslape propio", "CT": "", "ESTAMPA_CC": "2026-05-26 14:46:01" }, "geometry": { "type": "Point", "coordinates": [ -76.604720490988228, 3.419500855548459 ] } },
{ "type": "Feature", "properties": { "OBJECTID": 16281, "CE": "Traslape propio", "CT": "", "ESTAMPA_CC": "2026-05-26 14:46:01" }, "geometry": { "type": "Point", "coordinates": [ -76.471400914375906, 3.379591838213349 ] } },
{ "type": "Feature", "properties": { "OBJECTID": 16282, "CE": "NPN Manzana -> Terreno", "CT": "", "ESTAMPA_CC": "2026-05-26 14:46:01" }, "geometry": { "type": "Point", "coordinates": [ -76.553601017631195, 3.472476928939885 ] } },
{ "type": "Feature", "properties": { "OBJECTID": 16283, "CE": "Traslape propio", "CT": "", "ESTAMPA_CC": "2026-05-26 14:46:01" }, "geometry": { "type": "Point", "coordinates": [ -76.559567945141552, 3.428591307822845 ] } },
{ "type": "Feature", "properties": { "OBJECTID": 16289, "CE": "Traslape propio", "CT": "", "ESTAMPA_CC": "2026-05-26 14:46:01" }, "geometry": { "type": "Point", "coordinates": [ -76.55146930667587, 3.480647392862958 ] } },
{ "type": "Feature", "properties": { "OBJECTID": 16307, "CE": "Traslape propio", "CT": "", "ESTAMPA_CC": "2026-05-26 14:46:01" }, "geometry": { "type": "Point", "coordinates": [ -76.544835941177027, 3.318482605003251 ] } },
{ "type": "Feature", "properties": { "OBJECTID": 16308, "CE": "Traslape propio", "CT": "", "ESTAMPA_CC": "2026-05-26 14:46:01" }, "geometry": { "type": "Point", "coordinates": [ -76.578397282705822, 3.399305192692897 ] } },
{ "type": "Feature", "properties": { "OBJECTID": 16309, "CE": "Traslape propio", "CT": "", "ESTAMPA_CC": "2026-05-26 14:46:01" }, "geometry": { "type": "Point", "coordinates": [ -76.545136354589928, 3.32058861932686 ] } },
{ "type": "Feature", "properties": { "OBJECTID": 16310, "CE": "Traslape propio", "CT": "", "ESTAMPA_CC": "2026-05-26 14:46:01" }, "geometry": { "type": "Point", "coordinates": [ -76.546186452068326, 3.329569023576341 ] } },
{ "type": "Feature", "properties": { "OBJECTID": 16313, "CE": "Traslape propio", "CT": "", "ESTAMPA_CC": "2026-05-26 14:46:01" }, "geometry": { "type": "Point", "coordinates": [ -76.559499643486689, 3.311361026967422 ] } },
{ "type": "Feature", "properties": { "OBJECTID": 16314, "CE": "Traslape propio", "CT": "", "ESTAMPA_CC": "2026-05-26 14:46:01" }, "geometry": { "type": "Point", "coordinates": [ -76.557783496089669, 3.308480212465243 ] } },
{ "type": "Feature", "properties": { "OBJECTID": 16315, "CE": "Traslape propio", "CT": "", "ESTAMPA_CC": "2026-05-26 14:46:01" }, "geometry": { "type": "Point", "coordinates": [ -76.562854353275711, 3.512549900549283 ] } },
{ "type": "Feature", "properties": { "OBJECTID": 16316, "CE": "Traslape propio", "CT": "", "ESTAMPA_CC": "2026-05-26 14:46:01" }, "geometry": { "type": "Point", "coordinates": [ -76.545094437224236, 3.320234419580881 ] } },
{ "type": "Feature", "properties": { "OBJECTID": 16317, "CE": "Traslape propio", "CT": "", "ESTAMPA_CC": "2026-05-26 14:46:01" }, "geometry": { "type": "Point", "coordinates": [ -76.561350064367204, 3.509221887626989 ] } },
{ "type": "Feature", "properties": { "OBJECTID": 16338, "CE": "Traslape propio", "CT": "", "ESTAMPA_CC": "2026-05-26 14:46:01" }, "geometry": { "type": "Point", "coordinates": [ -76.606755254443556, 3.488598705421979 ] } },
{ "type": "Feature", "properties": { "OBJECTID": 16339, "CE": "Traslape propio", "CT": "", "ESTAMPA_CC": "2026-05-26 14:46:01" }, "geometry": { "type": "Point", "coordinates": [ -76.550556302015138, 3.480985904455351 ] } },
{ "type": "Feature", "properties": { "OBJECTID": 16340, "CE": "Traslape propio; NPN Manzana -> Terreno", "CT": "", "ESTAMPA_CC": "2026-05-26 14:46:01" }, "geometry": { "type": "Point", "coordinates": [ -76.523175687511127, 3.344511514697712 ] } },
{ "type": "Feature", "properties": { "OBJECTID": 16342, "CE": "Traslape propio", "CT": "", "ESTAMPA_CC": "2026-05-26 14:46:01" }, "geometry": { "type": "Point", "coordinates": [ -76.589879337155793, 3.536050765109346 ] } },
{ "type": "Feature", "properties": { "OBJECTID": 16348, "CE": "Traslape propio", "CT": "", "ESTAMPA_CC": "2026-05-26 14:46:01" }, "geometry": { "type": "Point", "coordinates": [ -76.560055585809337, 3.307161291748652 ] } },
{ "type": "Feature", "properties": { "OBJECTID": 16356, "CE": "Traslape propio", "CT": "", "ESTAMPA_CC": "2026-05-26 14:46:01" }, "geometry": { "type": "Point", "coordinates": [ -76.562997662287501, 3.431446263263262 ] } },
{ "type": "Feature", "properties": { "OBJECTID": 16359, "CE": "Traslape propio", "CT": "", "ESTAMPA_CC": "2026-05-26 14:46:01" }, "geometry": { "type": "Point", "coordinates": [ -76.544883647960489, 3.318589928448598 ] } },
{ "type": "Feature", "properties": { "OBJECTID": 16361, "CE": "Traslape propio", "CT": "", "ESTAMPA_CC": "2026-05-26 14:46:01" }, "geometry": { "type": "Point", "coordinates": [ -76.598452909527083, 3.339145727321557 ] } },
{ "type": "Feature", "properties": { "OBJECTID": 16362, "CE": "Traslape propio", "CT": "", "ESTAMPA_CC": "2026-05-26 14:46:01" }, "geometry": { "type": "Point", "coordinates": [ -76.533461018636473, 3.309461329434253 ] } },
{ "type": "Feature", "properties": { "OBJECTID": 16364, "CE": "Traslape propio", "CT": "", "ESTAMPA_CC": "2026-05-26 14:46:01" }, "geometry": { "type": "Point", "coordinates": [ -76.597812075475559, 3.387769138301911 ] } },
{ "type": "Feature", "properties": { "OBJECTID": 16365, "CE": "Traslape propio", "CT": "", "ESTAMPA_CC": "2026-05-26 14:46:01" }, "geometry": { "type": "Point", "coordinates": [ -76.532952757481425, 3.310056157982248 ] } },
{ "type": "Feature", "properties": { "OBJECTID": 16375, "CE": "Traslape propio", "CT": "", "ESTAMPA_CC": "2026-05-26 14:46:01" }, "geometry": { "type": "Point", "coordinates": [ -76.63310872921042, 3.46345095721685 ] } },
{ "type": "Feature", "properties": { "OBJECTID": 16382, "CE": "Traslape propio", "CT": "", "ESTAMPA_CC": "2026-05-26 14:46:01" }, "geometry": { "type": "Point", "coordinates": [ -76.566742550190469, 3.370500847256876 ] } },
{ "type": "Feature", "properties": { "OBJECTID": 16383, "CE": "Traslape propio", "CT": "", "ESTAMPA_CC": "2026-05-26 14:46:01" }, "geometry": { "type": "Point", "coordinates": [ -76.566953150551484, 3.370562066298359 ] } },
{ "type": "Feature", "properties": { "OBJECTID": 16384, "CE": "Traslape propio; NPN Manzana -> Terreno", "CT": "", "ESTAMPA_CC": "2026-05-26 14:46:01" }, "geometry": { "type": "Point", "coordinates": [ -76.516910485949751, 3.34486275312523 ] } },
{ "type": "Feature", "properties": { "OBJECTID": 16385, "CE": "Traslape propio", "CT": "", "ESTAMPA_CC": "2026-05-26 14:46:01" }, "geometry": { "type": "Point", "coordinates": [ -76.54957810032883, 3.322913201683644 ] } },
{ "type": "Feature", "properties": { "OBJECTID": 16386, "CE": "NPN Manzana -> Terreno", "CT": "", "ESTAMPA_CC": "2026-05-26 14:46:01" }, "geometry": { "type": "Point", "coordinates": [ -76.516928287918716, 3.355289988316305 ] } },
{ "type": "Feature", "properties": { "OBJECTID": 16391, "CE": "Traslape propio", "CT": "", "ESTAMPA_CC": "2026-05-26 14:46:01" }, "geometry": { "type": "Point", "coordinates": [ -76.563329430129855, 3.353254148928524 ] } },
{ "type": "Feature", "properties": { "OBJECTID": 16393, "CE": "Traslape propio; NPN Manzana -> Terreno", "CT": "", "ESTAMPA_CC": "2026-05-26 14:46:01" }, "geometry": { "type": "Point", "coordinates": [ -76.50785405142598, 3.372355596379752 ] } },
{ "type": "Feature", "properties": { "OBJECTID": 16394, "CE": "Traslape propio; NPN Manzana -> Terreno", "CT": "", "ESTAMPA_CC": "2026-05-26 14:46:01" }, "geometry": { "type": "Point", "coordinates": [ -76.505554316403902, 3.3714649570189 ] } },
{ "type": "Feature", "properties": { "OBJECTID": 16395, "CE": "Traslape propio; NPN Manzana -> Terreno", "CT": "", "ESTAMPA_CC": "2026-05-26 14:46:01" }, "geometry": { "type": "Point", "coordinates": [ -76.505999474704083, 3.373318108249396 ] } },
{ "type": "Feature", "properties": { "OBJECTID": 16396, "CE": "Traslape propio; NPN Manzana -> Terreno", "CT": "", "ESTAMPA_CC": "2026-05-26 14:46:01" }, "geometry": { "type": "Point", "coordinates": [ -76.509547503023654, 3.364779836481812 ] } },
{ "type": "Feature", "properties": { "OBJECTID": 16397, "CE": "Traslape propio; NPN Manzana -> Terreno", "CT": "", "ESTAMPA_CC": "2026-05-26 14:46:01" }, "geometry": { "type": "Point", "coordinates": [ -76.510225947617116, 3.367197411636383 ] } },
{ "type": "Feature", "properties": { "OBJECTID": 16398, "CE": "Traslape propio; NPN Manzana -> Terreno", "CT": "", "ESTAMPA_CC": "2026-05-26 14:46:01" }, "geometry": { "type": "Point", "coordinates": [ -76.507503745377193, 3.372225959589899 ] } },
{ "type": "Feature", "properties": { "OBJECTID": 16400, "CE": "Traslape propio", "CT": "", "ESTAMPA_CC": "2026-05-26 14:46:01" }, "geometry": { "type": "Point", "coordinates": [ -76.562584129449334, 3.351040042506002 ] } },
{ "type": "Feature", "properties": { "OBJECTID": 16414, "CE": "Traslape propio", "CT": "", "ESTAMPA_CC": "2026-05-26 14:46:01" }, "geometry": { "type": "Point", "coordinates": [ -76.547634144283506, 3.323002037390838 ] } },
{ "type": "Feature", "properties": { "OBJECTID": 16419, "CE": "Traslape propio", "CT": "", "ESTAMPA_CC": "2026-05-26 14:46:01" }, "geometry": { "type": "Point", "coordinates": [ -76.555087594266979, 3.363094846498372 ] } },
{ "type": "Feature", "properties": { "OBJECTID": 16422, "CE": "Traslape propio", "CT": "", "ESTAMPA_CC": "2026-05-26 14:46:01" }, "geometry": { "type": "Point", "coordinates": [ -76.609085062544011, 3.485359743610863 ] } },
{ "type": "Feature", "properties": { "OBJECTID": 16430, "CE": "Traslape propio", "CT": "", "ESTAMPA_CC": "2026-05-26 14:46:01" }, "geometry": { "type": "Point", "coordinates": [ -76.552945982473133, 3.485189732342334 ] } },
{ "type": "Feature", "properties": { "OBJECTID": 16433, "CE": "Traslape propio", "CT": "", "ESTAMPA_CC": "2026-05-26 14:46:01" }, "geometry": { "type": "Point", "coordinates": [ -76.552884502072217, 3.485067847725503 ] } },
{ "type": "Feature", "properties": { "OBJECTID": 16435, "CE": "Traslape propio", "CT": "", "ESTAMPA_CC": "2026-05-26 14:46:01" }, "geometry": { "type": "Point", "coordinates": [ -76.553000028814836, 3.484937892117358 ] } },
{ "type": "Feature", "properties": { "OBJECTID": 16437, "CE": "NPN Manzana -> Terreno", "CT": "", "ESTAMPA_CC": "2026-05-26 14:46:01" }, "geometry": { "type": "Point", "coordinates": [ -76.500941658964436, 3.356028654247814 ] } },
{ "type": "Feature", "properties": { "OBJECTID": 16438, "CE": "Traslape propio; NPN Manzana -> Terreno", "CT": "", "ESTAMPA_CC": "2026-05-26 14:46:01" }, "geometry": { "type": "Point", "coordinates": [ -76.501306919843515, 3.356150572849365 ] } },
{ "type": "Feature", "properties": { "OBJECTID": 16439, "CE": "NPN Manzana -> Terreno", "CT": "", "ESTAMPA_CC": "2026-05-26 14:46:01" }, "geometry": { "type": "Point", "coordinates": [ -76.501341556375266, 3.355945080991691 ] } },
{ "type": "Feature", "properties": { "OBJECTID": 16440, "CE": "Traslape propio; NPN Manzana -> Terreno", "CT": "", "ESTAMPA_CC": "2026-05-26 14:46:01" }, "geometry": { "type": "Point", "coordinates": [ -76.501588968963787, 3.354843450778331 ] } },
{ "type": "Feature", "properties": { "OBJECTID": 16441, "CE": "NPN Manzana -> Terreno", "CT": "", "ESTAMPA_CC": "2026-05-26 14:46:01" }, "geometry": { "type": "Point", "coordinates": [ -76.500909227797024, 3.355689626931385 ] } },
{ "type": "Feature", "properties": { "OBJECTID": 16442, "CE": "NPN Manzana -> Terreno", "CT": "", "ESTAMPA_CC": "2026-05-26 14:46:01" }, "geometry": { "type": "Point", "coordinates": [ -76.501251325700622, 3.355265539374483 ] } },
{ "type": "Feature", "properties": { "OBJECTID": 16443, "CE": "Traslape propio; NPN Manzana -> Terreno", "CT": "", "ESTAMPA_CC": "2026-05-26 14:46:01" }, "geometry": { "type": "Point", "coordinates": [ -76.502788471235718, 3.37143370192311 ] } },
{ "type": "Feature", "properties": { "OBJECTID": 16444, "CE": "Traslape propio; NPN Manzana -> Terreno", "CT": "", "ESTAMPA_CC": "2026-05-26 14:46:01" }, "geometry": { "type": "Point", "coordinates": [ -76.510148268511074, 3.367375209240287 ] } },
{ "type": "Feature", "properties": { "OBJECTID": 16445, "CE": "Traslape propio; NPN Manzana -> Terreno", "CT": "", "ESTAMPA_CC": "2026-05-26 14:46:01" }, "geometry": { "type": "Point", "coordinates": [ -76.508211133936285, 3.370544898756105 ] } },
{ "type": "Feature", "properties": { "OBJECTID": 16446, "CE": "Traslape propio", "CT": "", "ESTAMPA_CC": "2026-05-26 14:46:01" }, "geometry": { "type": "Point", "coordinates": [ -76.513218754752387, 3.378849512576263 ] } },
{ "type": "Feature", "properties": { "OBJECTID": 16447, "CE": "Traslape propio", "CT": "", "ESTAMPA_CC": "2026-05-26 14:46:01" }, "geometry": { "type": "Point", "coordinates": [ -76.513378094387207, 3.375137395858993 ] } },
{ "type": "Feature", "properties": { "OBJECTID": 16448, "CE": "Traslape propio", "CT": "", "ESTAMPA_CC": "2026-05-26 14:46:01" }, "geometry": { "type": "Point", "coordinates": [ -76.513256930263637, 3.373611990679577 ] } },
{ "type": "Feature", "properties": { "OBJECTID": 16449, "CE": "Traslape propio", "CT": "", "ESTAMPA_CC": "2026-05-26 14:46:01" }, "geometry": { "type": "Point", "coordinates": [ -76.513233645942307, 3.376986214293751 ] } },
{ "type": "Feature", "properties": { "OBJECTID": 16451, "CE": "Traslape propio", "CT": "", "ESTAMPA_CC": "2026-05-26 14:46:01" }, "geometry": { "type": "Point", "coordinates": [ -76.546868930968913, 3.324965428068941 ] } },
{ "type": "Feature", "properties": { "OBJECTID": 16452, "CE": "Traslape propio", "CT": "", "ESTAMPA_CC": "2026-05-26 14:46:01" }, "geometry": { "type": "Point", "coordinates": [ -76.546906024518307, 3.325160991549591 ] } },
{ "type": "Feature", "properties": { "OBJECTID": 16453, "CE": "Traslape propio", "CT": "", "ESTAMPA_CC": "2026-05-26 14:46:01" }, "geometry": { "type": "Point", "coordinates": [ -76.546930692672362, 3.325291032501754 ] } },
{ "type": "Feature", "properties": { "OBJECTID": 16455, "CE": "Traslape propio", "CT": "", "ESTAMPA_CC": "2026-05-26 14:46:01" }, "geometry": { "type": "Point", "coordinates": [ -76.547204173445436, 3.325282861803784 ] } },
{ "type": "Feature", "properties": { "OBJECTID": 16474, "CE": "Traslape propio", "CT": "", "ESTAMPA_CC": "2026-05-26 14:46:01" }, "geometry": { "type": "Point", "coordinates": [ -76.605010379351725, 3.520800507901077 ] } },
{ "type": "Feature", "properties": { "OBJECTID": 16478, "CE": "Traslape propio", "CT": "", "ESTAMPA_CC": "2026-05-26 14:46:01" }, "geometry": { "type": "Point", "coordinates": [ -76.578024782106183, 3.380254917691061 ] } },
{ "type": "Feature", "properties": { "OBJECTID": 16479, "CE": "Traslape propio; NPN Manzana -> Terreno", "CT": "", "ESTAMPA_CC": "2026-05-26 14:46:01" }, "geometry": { "type": "Point", "coordinates": [ -76.520750887647523, 3.358434553763323 ] } },
{ "type": "Feature", "properties": { "OBJECTID": 16480, "CE": "Traslape propio", "CT": "", "ESTAMPA_CC": "2026-05-26 14:46:01" }, "geometry": { "type": "Point", "coordinates": [ -76.553179681971969, 3.472355159418004 ] } },
{ "type": "Feature", "properties": { "OBJECTID": 16484, "CE": "Traslape propio", "CT": "", "ESTAMPA_CC": "2026-05-26 14:46:01" }, "geometry": { "type": "Point", "coordinates": [ -76.637238385064308, 3.480436648988 ] } },
{ "type": "Feature", "properties": { "OBJECTID": 16486, "CE": "NPN Manzana -> Terreno", "CT": "", "ESTAMPA_CC": "2026-05-26 14:46:01" }, "geometry": { "type": "Point", "coordinates": [ -76.501681172452692, 3.355691279638438 ] } },
{ "type": "Feature", "properties": { "OBJECTID": 16487, "CE": "Traslape propio; NPN Manzana -> Terreno", "CT": "", "ESTAMPA_CC": "2026-05-26 14:46:01" }, "geometry": { "type": "Point", "coordinates": [ -76.500595428533785, 3.355700587353916 ] } },
{ "type": "Feature", "properties": { "OBJECTID": 16488, "CE": "NPN Manzana -> Terreno", "CT": "", "ESTAMPA_CC": "2026-05-26 14:46:01" }, "geometry": { "type": "Point", "coordinates": [ -76.50097746549379, 3.354723769187282 ] } },
{ "type": "Feature", "properties": { "OBJECTID": 16489, "CE": "NPN Manzana -> Terreno", "CT": "", "ESTAMPA_CC": "2026-05-26 14:46:01" }, "geometry": { "type": "Point", "coordinates": [ -76.502095902837382, 3.354104998278267 ] } },
{ "type": "Feature", "properties": { "OBJECTID": 16490, "CE": "Traslape propio; NPN Manzana -> Terreno", "CT": "", "ESTAMPA_CC": "2026-05-26 14:46:01" }, "geometry": { "type": "Point", "coordinates": [ -76.500742898023532, 3.354452863269064 ] } },
{ "type": "Feature", "properties": { "OBJECTID": 16491, "CE": "Traslape propio; NPN Manzana -> Terreno", "CT": "", "ESTAMPA_CC": "2026-05-26 14:46:01" }, "geometry": { "type": "Point", "coordinates": [ -76.500740360113255, 3.353905308179475 ] } },
{ "type": "Feature", "properties": { "OBJECTID": 16492, "CE": "Traslape propio; NPN Manzana -> Terreno", "CT": "", "ESTAMPA_CC": "2026-05-26 14:46:01" }, "geometry": { "type": "Point", "coordinates": [ -76.501137138032504, 3.354445746367279 ] } },
{ "type": "Feature", "properties": { "OBJECTID": 16493, "CE": "Traslape propio; NPN Manzana -> Terreno", "CT": "", "ESTAMPA_CC": "2026-05-26 14:46:01" }, "geometry": { "type": "Point", "coordinates": [ -76.501869288456149, 3.354326288098223 ] } },
{ "type": "Feature", "properties": { "OBJECTID": 16494, "CE": "Traslape propio; NPN Manzana -> Terreno", "CT": "", "ESTAMPA_CC": "2026-05-26 14:46:01" }, "geometry": { "type": "Point", "coordinates": [ -76.501573647881486, 3.354120657660233 ] } },
{ "type": "Feature", "properties": { "OBJECTID": 16495, "CE": "Traslape propio; NPN Manzana -> Terreno", "CT": "", "ESTAMPA_CC": "2026-05-26 14:46:01" }, "geometry": { "type": "Point", "coordinates": [ -76.501110574391589, 3.354004232401714 ] } },
{ "type": "Feature", "properties": { "OBJECTID": 16496, "CE": "Traslape propio; NPN Manzana -> Terreno", "CT": "", "ESTAMPA_CC": "2026-05-26 14:46:01" }, "geometry": { "type": "Point", "coordinates": [ -76.501394627404594, 3.35444048783452 ] } },
{ "type": "Feature", "properties": { "OBJECTID": 16497, "CE": "Traslape propio; NPN Manzana -> Terreno", "CT": "", "ESTAMPA_CC": "2026-05-26 14:46:01" }, "geometry": { "type": "Point", "coordinates": [ -76.51688701787107, 3.363140812372421 ] } },
{ "type": "Feature", "properties": { "OBJECTID": 16498, "CE": "Traslape propio", "CT": "", "ESTAMPA_CC": "2026-05-26 14:46:01" }, "geometry": { "type": "Point", "coordinates": [ -76.5130340948606, 3.381252623307041 ] } },
{ "type": "Feature", "properties": { "OBJECTID": 16499, "CE": "Traslape propio", "CT": "", "ESTAMPA_CC": "2026-05-26 14:46:01" }, "geometry": { "type": "Point", "coordinates": [ -76.510108878655188, 3.373010605756416 ] } },
{ "type": "Feature", "properties": { "OBJECTID": 16500, "CE": "Traslape propio", "CT": "", "ESTAMPA_CC": "2026-05-26 14:46:01" }, "geometry": { "type": "Point", "coordinates": [ -76.506256817907428, 3.378595624142436 ] } },
{ "type": "Feature", "properties": { "OBJECTID": 16501, "CE": "Traslape propio; NPN Manzana -> Terreno", "CT": "", "ESTAMPA_CC": "2026-05-26 14:46:01" }, "geometry": { "type": "Point", "coordinates": [ -76.509082498752832, 3.36702238270516 ] } },
{ "type": "Feature", "properties": { "OBJECTID": 16503, "CE": "Traslape propio", "CT": "", "ESTAMPA_CC": "2026-05-26 14:46:01" }, "geometry": { "type": "Point", "coordinates": [ -76.547179506946151, 3.325152819050288 ] } },
{ "type": "Feature", "properties": { "OBJECTID": 16504, "CE": "Traslape propio", "CT": "", "ESTAMPA_CC": "2026-05-26 14:46:01" }, "geometry": { "type": "Point", "coordinates": [ -76.547167145389054, 3.32508764689974 ] } },
{ "type": "Feature", "properties": { "OBJECTID": 16505, "CE": "Traslape propio", "CT": "", "ESTAMPA_CC": "2026-05-26 14:46:01" }, "geometry": { "type": "Point", "coordinates": [ -76.547154717247778, 3.325022126636195 ] } },
{ "type": "Feature", "properties": { "OBJECTID": 16506, "CE": "Traslape propio", "CT": "", "ESTAMPA_CC": "2026-05-26 14:46:01" }, "geometry": { "type": "Point", "coordinates": [ -76.547294433479991, 3.324793017578446 ] } },
{ "type": "Feature", "properties": { "OBJECTID": 16507, "CE": "Traslape propio", "CT": "", "ESTAMPA_CC": "2026-05-26 14:46:01" }, "geometry": { "type": "Point", "coordinates": [ -76.547343895850886, 3.325053783481181 ] } },
{ "type": "Feature", "properties": { "OBJECTID": 16508, "CE": "Traslape propio", "CT": "", "ESTAMPA_CC": "2026-05-26 14:46:01" }, "geometry": { "type": "Point", "coordinates": [ -76.547368559560752, 3.325183811311284 ] } },
{ "type": "Feature", "properties": { "OBJECTID": 16509, "CE": "Traslape propio", "CT": "", "ESTAMPA_CC": "2026-05-26 14:46:01" }, "geometry": { "type": "Point", "coordinates": [ -76.547380924711007, 3.325248999282505 ] } },
{ "type": "Feature", "properties": { "OBJECTID": 16511, "CE": "Traslape propio", "CT": "", "ESTAMPA_CC": "2026-05-26 14:46:01" }, "geometry": { "type": "Point", "coordinates": [ -76.56845123341752, 3.396772983144376 ] } },
{ "type": "Feature", "properties": { "OBJECTID": 16522, "CE": "Error de área; Traslape propio", "CT": "", "ESTAMPA_CC": "2026-05-26 14:46:01" }, "geometry": { "type": "Point", "coordinates": [ -76.565026664838555, 3.353899829614658 ] } },
{ "type": "Feature", "properties": { "OBJECTID": 16536, "CE": "Traslape propio; NPN Manzana -> Terreno", "CT": "", "ESTAMPA_CC": "2026-05-26 14:46:01" }, "geometry": { "type": "Point", "coordinates": [ -76.517123709928995, 3.36283483806981 ] } },
{ "type": "Feature", "properties": { "OBJECTID": 16537, "CE": "Traslape propio; NPN Manzana -> Terreno", "CT": "", "ESTAMPA_CC": "2026-05-26 14:46:01" }, "geometry": { "type": "Point", "coordinates": [ -76.517117619324566, 3.363017069311595 ] } },
{ "type": "Feature", "properties": { "OBJECTID": 16538, "CE": "Traslape propio; NPN Manzana -> Terreno", "CT": "", "ESTAMPA_CC": "2026-05-26 14:46:01" }, "geometry": { "type": "Point", "coordinates": [ -76.517562213310626, 3.363654057879502 ] } },
{ "type": "Feature", "properties": { "OBJECTID": 16539, "CE": "NPN Manzana -> Terreno", "CT": "", "ESTAMPA_CC": "2026-05-26 14:46:01" }, "geometry": { "type": "Point", "coordinates": [ -76.517643681846394, 3.362393974243956 ] } },
{ "type": "Feature", "properties": { "OBJECTID": 16540, "CE": "Traslape propio; NPN Manzana -> Terreno", "CT": "", "ESTAMPA_CC": "2026-05-26 14:46:01" }, "geometry": { "type": "Point", "coordinates": [ -76.517699163438678, 3.362334682341768 ] } },
{ "type": "Feature", "properties": { "OBJECTID": 16541, "CE": "Traslape propio; NPN Manzana -> Terreno", "CT": "", "ESTAMPA_CC": "2026-05-26 14:46:01" }, "geometry": { "type": "Point", "coordinates": [ -76.516511712811251, 3.362433601817996 ] } },
{ "type": "Feature", "properties": { "OBJECTID": 16542, "CE": "Traslape propio; NPN Manzana -> Terreno", "CT": "", "ESTAMPA_CC": "2026-05-26 14:46:01" }, "geometry": { "type": "Point", "coordinates": [ -76.517435780702243, 3.362171534166254 ] } },
{ "type": "Feature", "properties": { "OBJECTID": 16543, "CE": "NPN Manzana -> Terreno", "CT": "", "ESTAMPA_CC": "2026-05-26 14:46:01" }, "geometry": { "type": "Point", "coordinates": [ -76.517372242767976, 3.362508355271272 ] } },
{ "type": "Feature", "properties": { "OBJECTID": 16544, "CE": "Traslape propio; NPN Manzana -> Terreno", "CT": "", "ESTAMPA_CC": "2026-05-26 14:46:01" }, "geometry": { "type": "Point", "coordinates": [ -76.516755099162268, 3.362468738448627 ] } },
{ "type": "Feature", "properties": { "OBJECTID": 16545, "CE": "Traslape propio; NPN Manzana -> Terreno", "CT": "", "ESTAMPA_CC": "2026-05-26 14:46:01" }, "geometry": { "type": "Point", "coordinates": [ -76.507865981424018, 3.369895946014021 ] } },
{ "type": "Feature", "properties": { "OBJECTID": 16546, "CE": "Traslape propio", "CT": "", "ESTAMPA_CC": "2026-05-26 14:46:01" }, "geometry": { "type": "Point", "coordinates": [ -76.509436164954678, 3.377980814780455 ] } },
{ "type": "Feature", "properties": { "OBJECTID": 16547, "CE": "Traslape propio", "CT": "", "ESTAMPA_CC": "2026-05-26 14:46:01" }, "geometry": { "type": "Point", "coordinates": [ -76.506471311360414, 3.377243331492689 ] } },
{ "type": "Feature", "properties": { "OBJECTID": 16548, "CE": "Traslape propio", "CT": "", "ESTAMPA_CC": "2026-05-26 14:46:01" }, "geometry": { "type": "Point", "coordinates": [ -76.507228578848441, 3.375521318469578 ] } },
{ "type": "Feature", "properties": { "OBJECTID": 16549, "CE": "Traslape propio", "CT": "", "ESTAMPA_CC": "2026-05-26 14:46:01" }, "geometry": { "type": "Point", "coordinates": [ -76.507855773700527, 3.374480857441533 ] } },
{ "type": "Feature", "properties": { "OBJECTID": 16550, "CE": "Traslape propio", "CT": "", "ESTAMPA_CC": "2026-05-26 14:46:01" }, "geometry": { "type": "Point", "coordinates": [ -76.50873978035402, 3.374059972869945 ] } },
{ "type": "Feature", "properties": { "OBJECTID": 16551, "CE": "Traslape propio", "CT": "", "ESTAMPA_CC": "2026-05-26 14:46:01" }, "geometry": { "type": "Point", "coordinates": [ -76.51044545020379, 3.374424852043587 ] } },
{ "type": "Feature", "properties": { "OBJECTID": 16552, "CE": "Traslape propio", "CT": "", "ESTAMPA_CC": "2026-05-26 14:46:01" }, "geometry": { "type": "Point", "coordinates": [ -76.51215142555543, 3.374804663633004 ] } },
{ "type": "Feature", "properties": { "OBJECTID": 16553, "CE": "Traslape propio", "CT": "", "ESTAMPA_CC": "2026-05-26 14:46:01" }, "geometry": { "type": "Point", "coordinates": [ -76.512410047330647, 3.375888390802367 ] } },
{ "type": "Feature", "properties": { "OBJECTID": 16554, "CE": "Traslape propio", "CT": "", "ESTAMPA_CC": "2026-05-26 14:46:01" }, "geometry": { "type": "Point", "coordinates": [ -76.512132644386583, 3.376659103475187 ] } },
{ "type": "Feature", "properties": { "OBJECTID": 16563, "CE": "Traslape propio", "CT": "", "ESTAMPA_CC": "2026-05-26 14:46:01" }, "geometry": { "type": "Point", "coordinates": [ -76.565514077325304, 3.35282058282708 ] } },
{ "type": "Feature", "properties": { "OBJECTID": 16568, "CE": "Traslape propio", "CT": "", "ESTAMPA_CC": "2026-05-26 14:46:01" }, "geometry": { "type": "Point", "coordinates": [ -76.604593155115282, 3.485434931656094 ] } },
{ "type": "Feature", "properties": { "OBJECTID": 16579, "CE": "Traslape propio", "CT": "", "ESTAMPA_CC": "2026-05-26 14:46:01" }, "geometry": { "type": "Point", "coordinates": [ -76.58044634274836, 3.489355273945025 ] } },
{ "type": "Feature", "properties": { "OBJECTID": 16580, "CE": "Traslape propio", "CT": "", "ESTAMPA_CC": "2026-05-26 14:46:01" }, "geometry": { "type": "Point", "coordinates": [ -76.552677061571544, 3.475363811189581 ] } },
{ "type": "Feature", "properties": { "OBJECTID": 16582, "CE": "Traslape propio", "CT": "", "ESTAMPA_CC": "2026-05-26 14:46:01" }, "geometry": { "type": "Point", "coordinates": [ -76.635030122764789, 3.329289431694818 ] } },
{ "type": "Feature", "properties": { "OBJECTID": 16583, "CE": "NPN Manzana -> Terreno", "CT": "", "ESTAMPA_CC": "2026-05-26 14:46:01" }, "geometry": { "type": "Point", "coordinates": [ -76.507486732618062, 3.369339082126472 ] } },
{ "type": "Feature", "properties": { "OBJECTID": 16584, "CE": "Traslape propio; NPN Manzana -> Terreno", "CT": "", "ESTAMPA_CC": "2026-05-26 14:46:01" }, "geometry": { "type": "Point", "coordinates": [ -76.503704426268172, 3.355895240593517 ] } },
{ "type": "Feature", "properties": { "OBJECTID": 16585, "CE": "Traslape propio; NPN Manzana -> Terreno", "CT": "", "ESTAMPA_CC": "2026-05-26 14:46:01" }, "geometry": { "type": "Point", "coordinates": [ -76.503652148540155, 3.355487095522734 ] } },
{ "type": "Feature", "properties": { "OBJECTID": 16586, "CE": "NPN Manzana -> Terreno", "CT": "", "ESTAMPA_CC": "2026-05-26 14:46:01" }, "geometry": { "type": "Point", "coordinates": [ -76.502626429866012, 3.354321510021591 ] } },
{ "type": "Feature", "properties": { "OBJECTID": 16587, "CE": "NPN Manzana -> Terreno", "CT": "", "ESTAMPA_CC": "2026-05-26 14:46:01" }, "geometry": { "type": "Point", "coordinates": [ -76.502388106537808, 3.354541147781633 ] } },
{ "type": "Feature", "properties": { "OBJECTID": 16588, "CE": "NPN Manzana -> Terreno", "CT": "", "ESTAMPA_CC": "2026-05-26 14:46:01" }, "geometry": { "type": "Point", "coordinates": [ -76.502749724929572, 3.354491401358024 ] } },
{ "type": "Feature", "properties": { "OBJECTID": 16589, "CE": "NPN Manzana -> Terreno", "CT": "", "ESTAMPA_CC": "2026-05-26 14:46:01" }, "geometry": { "type": "Point", "coordinates": [ -76.5028226891542, 3.354804428366298 ] } },
{ "type": "Feature", "properties": { "OBJECTID": 16590, "CE": "Traslape propio; NPN Manzana -> Terreno", "CT": "", "ESTAMPA_CC": "2026-05-26 14:46:01" }, "geometry": { "type": "Point", "coordinates": [ -76.503545662080995, 3.355126095511915 ] } },
{ "type": "Feature", "properties": { "OBJECTID": 16591, "CE": "Traslape propio; NPN Manzana -> Terreno", "CT": "", "ESTAMPA_CC": "2026-05-26 14:46:01" }, "geometry": { "type": "Point", "coordinates": [ -76.501962598991838, 3.355543538532773 ] } },
{ "type": "Feature", "properties": { "OBJECTID": 16592, "CE": "NPN Manzana -> Terreno", "CT": "", "ESTAMPA_CC": "2026-05-26 14:46:01" }, "geometry": { "type": "Point", "coordinates": [ -76.502197645024424, 3.354771386275325 ] } },
{ "type": "Feature", "properties": { "OBJECTID": 16593, "CE": "NPN Manzana -> Terreno", "CT": "", "ESTAMPA_CC": "2026-05-26 14:46:01" }, "geometry": { "type": "Point", "coordinates": [ -76.503228882783972, 3.354794449497284 ] } },
{ "type": "Feature", "properties": { "OBJECTID": 16594, "CE": "Traslape propio", "CT": "", "ESTAMPA_CC": "2026-05-26 14:46:01" }, "geometry": { "type": "Point", "coordinates": [ -76.511788339865006, 3.376797761222576 ] } },
{ "type": "Feature", "properties": { "OBJECTID": 16595, "CE": "Traslape propio", "CT": "", "ESTAMPA_CC": "2026-05-26 14:46:01" }, "geometry": { "type": "Point", "coordinates": [ -76.511182250325419, 3.37798477772857 ] } },
{ "type": "Feature", "properties": { "OBJECTID": 16607, "CE": "Traslape propio", "CT": "", "ESTAMPA_CC": "2026-05-26 14:46:01" }, "geometry": { "type": "Point", "coordinates": [ -76.561602619841096, 3.353581455665002 ] } },
{ "type": "Feature", "properties": { "OBJECTID": 16608, "CE": "Traslape propio", "CT": "", "ESTAMPA_CC": "2026-05-26 14:46:01" }, "geometry": { "type": "Point", "coordinates": [ -76.563041262946356, 3.353855368158109 ] } },
{ "type": "Feature", "properties": { "OBJECTID": 16609, "CE": "Traslape propio", "CT": "", "ESTAMPA_CC": "2026-05-26 14:46:01" }, "geometry": { "type": "Point", "coordinates": [ -76.564507463065922, 3.353932517794863 ] } },
{ "type": "Feature", "properties": { "OBJECTID": 16610, "CE": "Traslape propio", "CT": "", "ESTAMPA_CC": "2026-05-26 14:46:01" }, "geometry": { "type": "Point", "coordinates": [ -76.560264934205151, 3.3534403719208 ] } },
{ "type": "Feature", "properties": { "OBJECTID": 16611, "CE": "Traslape propio", "CT": "", "ESTAMPA_CC": "2026-05-26 14:46:01" }, "geometry": { "type": "Point", "coordinates": [ -76.558914460367632, 3.352629947686412 ] } },
{ "type": "Feature", "properties": { "OBJECTID": 16617, "CE": "Traslape propio", "CT": "", "ESTAMPA_CC": "2026-05-26 14:46:01" }, "geometry": { "type": "Point", "coordinates": [ -76.609297986510811, 3.484844201130739 ] } },
{ "type": "Feature", "properties": { "OBJECTID": 16623, "CE": "Traslape propio", "CT": "", "ESTAMPA_CC": "2026-05-26 14:46:01" }, "geometry": { "type": "Point", "coordinates": [ -76.558075058372211, 3.399764545715636 ] } },
{ "type": "Feature", "properties": { "OBJECTID": 16624, "CE": "Traslape propio", "CT": "", "ESTAMPA_CC": "2026-05-26 14:46:01" }, "geometry": { "type": "Point", "coordinates": [ -76.557893878573722, 3.397708250171314 ] } },
{ "type": "Feature", "properties": { "OBJECTID": 16625, "CE": "NPN Manzana -> Terreno", "CT": "", "ESTAMPA_CC": "2026-05-26 14:46:01" }, "geometry": { "type": "Point", "coordinates": [ -76.559451616565468, 3.3955401039848 ] } },
{ "type": "Feature", "properties": { "OBJECTID": 16627, "CE": "NPN Manzana -> Terreno", "CT": "", "ESTAMPA_CC": "2026-05-26 14:46:01" }, "geometry": { "type": "Point", "coordinates": [ -76.50251584932235, 3.355356279323782 ] } },
{ "type": "Feature", "properties": { "OBJECTID": 16628, "CE": "Traslape propio; NPN Manzana -> Terreno", "CT": "", "ESTAMPA_CC": "2026-05-26 14:46:01" }, "geometry": { "type": "Point", "coordinates": [ -76.502808340713386, 3.356122592891237 ] } },
{ "type": "Feature", "properties": { "OBJECTID": 16629, "CE": "NPN Manzana -> Terreno", "CT": "", "ESTAMPA_CC": "2026-05-26 14:46:01" }, "geometry": { "type": "Point", "coordinates": [ -76.503667318127853, 3.355605529838821 ] } },
{ "type": "Feature", "properties": { "OBJECTID": 16630, "CE": "Traslape propio; NPN Manzana -> Terreno", "CT": "", "ESTAMPA_CC": "2026-05-26 14:46:01" }, "geometry": { "type": "Point", "coordinates": [ -76.500971229953308, 3.356771318690251 ] } },
{ "type": "Feature", "properties": { "OBJECTID": 16631, "CE": "NPN Manzana -> Terreno", "CT": "", "ESTAMPA_CC": "2026-05-26 14:46:01" }, "geometry": { "type": "Point", "coordinates": [ -76.500952351545138, 3.356529093310922 ] } },
{ "type": "Feature", "properties": { "OBJECTID": 16632, "CE": "Traslape propio; NPN Manzana -> Terreno", "CT": "", "ESTAMPA_CC": "2026-05-26 14:46:01" }, "geometry": { "type": "Point", "coordinates": [ -76.50156020550466, 3.356401567294268 ] } },
{ "type": "Feature", "properties": { "OBJECTID": 16633, "CE": "NPN Manzana -> Terreno", "CT": "", "ESTAMPA_CC": "2026-05-26 14:46:01" }, "geometry": { "type": "Point", "coordinates": [ -76.501724307771781, 3.354578168371064 ] } },
{ "type": "Feature", "properties": { "OBJECTID": 16634, "CE": "NPN Manzana -> Terreno", "CT": "", "ESTAMPA_CC": "2026-05-26 14:46:01" }, "geometry": { "type": "Point", "coordinates": [ -76.501659151907077, 3.355249109333696 ] } },
{ "type": "Feature", "properties": { "OBJECTID": 16635, "CE": "Traslape propio", "CT": "", "ESTAMPA_CC": "2026-05-26 14:46:01" }, "geometry": { "type": "Point", "coordinates": [ -76.51857348014876, 3.305846963547683 ] } },
{ "type": "Feature", "properties": { "OBJECTID": 16637, "CE": "Traslape propio", "CT": "", "ESTAMPA_CC": "2026-05-26 14:46:01" }, "geometry": { "type": "Point", "coordinates": [ -76.508577609496569, 3.374428466974291 ] } },
{ "type": "Feature", "properties": { "OBJECTID": 16638, "CE": "Traslape propio", "CT": "", "ESTAMPA_CC": "2026-05-26 14:46:01" }, "geometry": { "type": "Point", "coordinates": [ -76.509208630151036, 3.374880896799436 ] } },
{ "type": "Feature", "properties": { "OBJECTID": 16639, "CE": "Traslape propio", "CT": "", "ESTAMPA_CC": "2026-05-26 14:46:01" }, "geometry": { "type": "Point", "coordinates": [ -76.509835728776551, 3.37501357783612 ] } },
{ "type": "Feature", "properties": { "OBJECTID": 16643, "CE": "Traslape propio", "CT": "", "ESTAMPA_CC": "2026-05-26 14:46:01" }, "geometry": { "type": "Point", "coordinates": [ -76.510650233298676, 3.375178355704549 ] } },
{ "type": "Feature", "properties": { "OBJECTID": 16644, "CE": "Traslape propio", "CT": "", "ESTAMPA_CC": "2026-05-26 14:46:01" }, "geometry": { "type": "Point", "coordinates": [ -76.510698900872924, 3.377292182812267 ] } },
{ "type": "Feature", "properties": { "OBJECTID": 16645, "CE": "Traslape propio", "CT": "", "ESTAMPA_CC": "2026-05-26 14:46:01" }, "geometry": { "type": "Point", "coordinates": [ -76.511244353608888, 3.37679834738317 ] } },
{ "type": "Feature", "properties": { "OBJECTID": 16647, "CE": "Traslape propio", "CT": "", "ESTAMPA_CC": "2026-05-26 14:46:01" }, "geometry": { "type": "Point", "coordinates": [ -76.509128460386606, 3.377053529409517 ] } },
{ "type": "Feature", "properties": { "OBJECTID": 16652, "CE": "Error de área; Traslape propio", "CT": "", "ESTAMPA_CC": "2026-05-26 14:46:01" }, "geometry": { "type": "Point", "coordinates": [ -76.54745950714404, 3.323416424982161 ] } },
{ "type": "Feature", "properties": { "OBJECTID": 16655, "CE": "Traslape propio", "CT": "", "ESTAMPA_CC": "2026-05-26 14:46:01" }, "geometry": { "type": "Point", "coordinates": [ -76.547545257513306, 3.323295407933265 ] } },
{ "type": "Feature", "properties": { "OBJECTID": 16657, "CE": "Traslape propio", "CT": "", "ESTAMPA_CC": "2026-05-26 14:46:01" }, "geometry": { "type": "Point", "coordinates": [ -76.549006907243111, 3.323349299991594 ] } },
{ "type": "Feature", "properties": { "OBJECTID": 16662, "CE": "Traslape propio", "CT": "", "ESTAMPA_CC": "2026-05-26 14:46:01" }, "geometry": { "type": "Point", "coordinates": [ -76.548683838851986, 3.323288739917832 ] } },
{ "type": "Feature", "properties": { "OBJECTID": 16663, "CE": "Traslape propio", "CT": "", "ESTAMPA_CC": "2026-05-26 14:46:01" }, "geometry": { "type": "Point", "coordinates": [ -76.548356842366346, 3.323337579640644 ] } },
{ "type": "Feature", "properties": { "OBJECTID": 16664, "CE": "Traslape propio", "CT": "", "ESTAMPA_CC": "2026-05-26 14:46:01" }, "geometry": { "type": "Point", "coordinates": [ -76.610757588597664, 3.494052134712857 ] } },
{ "type": "Feature", "properties": { "OBJECTID": 16665, "CE": "Traslape propio", "CT": "", "ESTAMPA_CC": "2026-05-26 14:46:01" }, "geometry": { "type": "Point", "coordinates": [ -76.558972648871062, 3.396692609185483 ] } },
{ "type": "Feature", "properties": { "OBJECTID": 16667, "CE": "Traslape propio", "CT": "", "ESTAMPA_CC": "2026-05-26 14:46:01" }, "geometry": { "type": "Point", "coordinates": [ -76.548193653007843, 3.324266857155268 ] } },
{ "type": "Feature", "properties": { "OBJECTID": 16668, "CE": "Traslape propio; NPN Manzana -> Terreno", "CT": "", "ESTAMPA_CC": "2026-05-26 14:46:01" }, "geometry": { "type": "Point", "coordinates": [ -76.512524727359903, 3.345689475935027 ] } },
{ "type": "Feature", "properties": { "OBJECTID": 16671, "CE": "Traslape propio", "CT": "", "ESTAMPA_CC": "2026-05-26 14:46:01" }, "geometry": { "type": "Point", "coordinates": [ -76.549631576782204, 3.326222474231153 ] } },
{ "type": "Feature", "properties": { "OBJECTID": 16672, "CE": "Traslape propio", "CT": "", "ESTAMPA_CC": "2026-05-26 14:46:01" }, "geometry": { "type": "Point", "coordinates": [ -76.563545117560494, 3.314314770691432 ] } },
{ "type": "Feature", "properties": { "OBJECTID": 16674, "CE": "Traslape propio", "CT": "", "ESTAMPA_CC": "2026-05-26 14:46:01" }, "geometry": { "type": "Point", "coordinates": [ -76.57897836362136, 3.398648337924344 ] } },
{ "type": "Feature", "properties": { "OBJECTID": 16676, "CE": "Traslape propio", "CT": "", "ESTAMPA_CC": "2026-05-26 14:46:01" }, "geometry": { "type": "Point", "coordinates": [ -76.547770327752175, 3.28747582705385 ] } },
{ "type": "Feature", "properties": { "OBJECTID": 16684, "CE": "Traslape propio", "CT": "", "ESTAMPA_CC": "2026-05-26 14:46:01" }, "geometry": { "type": "Point", "coordinates": [ -76.510853438485015, 3.374759896356953 ] } },
{ "type": "Feature", "properties": { "OBJECTID": 16687, "CE": "Traslape propio", "CT": "", "ESTAMPA_CC": "2026-05-26 14:46:01" }, "geometry": { "type": "Point", "coordinates": [ -76.510882197545556, 3.375296664200187 ] } },
{ "type": "Feature", "properties": { "OBJECTID": 16691, "CE": "Traslape propio", "CT": "", "ESTAMPA_CC": "2026-05-26 14:46:01" }, "geometry": { "type": "Point", "coordinates": [ -76.510690811006342, 3.376524447404639 ] } },
{ "type": "Feature", "properties": { "OBJECTID": 16692, "CE": "Traslape propio", "CT": "", "ESTAMPA_CC": "2026-05-26 14:46:01" }, "geometry": { "type": "Point", "coordinates": [ -76.510172271129804, 3.37652012525009 ] } },
{ "type": "Feature", "properties": { "OBJECTID": 16693, "CE": "Traslape propio", "CT": "", "ESTAMPA_CC": "2026-05-26 14:46:01" }, "geometry": { "type": "Point", "coordinates": [ -76.508865976154766, 3.375936107864691 ] } },
{ "type": "Feature", "properties": { "OBJECTID": 16695, "CE": "Traslape propio", "CT": "", "ESTAMPA_CC": "2026-05-26 14:46:01" }, "geometry": { "type": "Point", "coordinates": [ -76.548193242643933, 3.323306575533654 ] } },
{ "type": "Feature", "properties": { "OBJECTID": 16698, "CE": "Traslape propio", "CT": "", "ESTAMPA_CC": "2026-05-26 14:46:01" }, "geometry": { "type": "Point", "coordinates": [ -76.548515612688121, 3.322161023697918 ] } },
{ "type": "Feature", "properties": { "OBJECTID": 16709, "CE": "Traslape propio", "CT": "", "ESTAMPA_CC": "2026-05-26 14:46:01" }, "geometry": { "type": "Point", "coordinates": [ -76.629102974217815, 3.456460817247963 ] } },
{ "type": "Feature", "properties": { "OBJECTID": 16710, "CE": "Traslape propio; NPN Manzana -> Terreno", "CT": "", "ESTAMPA_CC": "2026-05-26 14:46:01" }, "geometry": { "type": "Point", "coordinates": [ -76.53923962277301, 3.457156259876847 ] } },
{ "type": "Feature", "properties": { "OBJECTID": 16712, "CE": "Traslape propio", "CT": "", "ESTAMPA_CC": "2026-05-26 14:46:01" }, "geometry": { "type": "Point", "coordinates": [ -76.563769407755402, 3.376880379865455 ] } },
{ "type": "Feature", "properties": { "OBJECTID": 16714, "CE": "Traslape propio", "CT": "", "ESTAMPA_CC": "2026-05-26 14:46:01" }, "geometry": { "type": "Point", "coordinates": [ -76.519792926954651, 3.305767823928781 ] } },
{ "type": "Feature", "properties": { "OBJECTID": 16715, "CE": "Traslape propio", "CT": "", "ESTAMPA_CC": "2026-05-26 14:46:01" }, "geometry": { "type": "Point", "coordinates": [ -76.572886735506344, 3.38210846118823 ] } },
{ "type": "Feature", "properties": { "OBJECTID": 16717, "CE": "Traslape propio", "CT": "", "ESTAMPA_CC": "2026-05-26 14:46:01" }, "geometry": { "type": "Point", "coordinates": [ -76.548491747418296, 3.324519783149343 ] } },
{ "type": "Feature", "properties": { "OBJECTID": 16719, "CE": "Traslape propio", "CT": "", "ESTAMPA_CC": "2026-05-26 14:46:01" }, "geometry": { "type": "Point", "coordinates": [ -76.548323924860682, 3.324964822876669 ] } },
{ "type": "Feature", "properties": { "OBJECTID": 16722, "CE": "Traslape propio", "CT": "", "ESTAMPA_CC": "2026-05-26 14:46:01" }, "geometry": { "type": "Point", "coordinates": [ -76.548755583865614, 3.324532095899611 ] } },
{ "type": "Feature", "properties": { "OBJECTID": 16741, "CE": "Traslape propio; NPN Manzana -> Terreno", "CT": "", "ESTAMPA_CC": "2026-05-26 14:46:01" }, "geometry": { "type": "Point", "coordinates": [ -76.518848501577978, 3.344346138303118 ] } },
{ "type": "Feature", "properties": { "OBJECTID": 16747, "CE": "Traslape propio", "CT": "", "ESTAMPA_CC": "2026-05-26 14:46:01" }, "geometry": { "type": "Point", "coordinates": [ -76.510536399523659, 3.384574673267254 ] } },
{ "type": "Feature", "properties": { "OBJECTID": 16758, "CE": "Traslape propio", "CT": "", "ESTAMPA_CC": "2026-05-26 14:46:01" }, "geometry": { "type": "Point", "coordinates": [ -76.604529347668119, 3.503504683586049 ] } },
{ "type": "Feature", "properties": { "OBJECTID": 16759, "CE": "Traslape propio", "CT": "", "ESTAMPA_CC": "2026-05-26 14:46:01" }, "geometry": { "type": "Point", "coordinates": [ -76.547117688461711, 3.324826911730244 ] } },
{ "type": "Feature", "properties": { "OBJECTID": 16762, "CE": "Traslape propio", "CT": "", "ESTAMPA_CC": "2026-05-26 14:46:01" }, "geometry": { "type": "Point", "coordinates": [ -76.548425788068471, 3.324516704950329 ] } },
{ "type": "Feature", "properties": { "OBJECTID": 16765, "CE": "Traslape propio", "CT": "", "ESTAMPA_CC": "2026-05-26 14:46:01" }, "geometry": { "type": "Point", "coordinates": [ -76.54780466302239, 3.324759558295397 ] } },
{ "type": "Feature", "properties": { "OBJECTID": 16766, "CE": "Traslape propio", "CT": "", "ESTAMPA_CC": "2026-05-26 14:46:01" }, "geometry": { "type": "Point", "coordinates": [ -76.517560520885468, 3.304749217347353 ] } },
{ "type": "Feature", "properties": { "OBJECTID": 16767, "CE": "Traslape propio", "CT": "", "ESTAMPA_CC": "2026-05-26 14:46:01" }, "geometry": { "type": "Point", "coordinates": [ -76.547870554031263, 3.324762632922752 ] } },
{ "type": "Feature", "properties": { "OBJECTID": 16768, "CE": "Traslape propio", "CT": "", "ESTAMPA_CC": "2026-05-26 14:46:01" }, "geometry": { "type": "Point", "coordinates": [ -76.547216564193263, 3.325348316965761 ] } },
{ "type": "Feature", "properties": { "OBJECTID": 16769, "CE": "Traslape propio", "CT": "", "ESTAMPA_CC": "2026-05-26 14:46:01" }, "geometry": { "type": "Point", "coordinates": [ -76.548557370049352, 3.324522845982406 ] } },
{ "type": "Feature", "properties": { "OBJECTID": 16770, "CE": "Traslape propio", "CT": "", "ESTAMPA_CC": "2026-05-26 14:46:01" }, "geometry": { "type": "Point", "coordinates": [ -76.546893596863868, 3.325095470378422 ] } },
{ "type": "Feature", "properties": { "OBJECTID": 16772, "CE": "Traslape propio", "CT": "", "ESTAMPA_CC": "2026-05-26 14:46:01" }, "geometry": { "type": "Point", "coordinates": [ -76.5482935333782, 3.324510531820776 ] } },
{ "type": "Feature", "properties": { "OBJECTID": 16773, "CE": "Traslape propio", "CT": "", "ESTAMPA_CC": "2026-05-26 14:46:01" }, "geometry": { "type": "Point", "coordinates": [ -76.547331467719118, 3.324988262767852 ] } },
{ "type": "Feature", "properties": { "OBJECTID": 16783, "CE": "Traslape propio", "CT": "", "ESTAMPA_CC": "2026-05-26 14:46:01" }, "geometry": { "type": "Point", "coordinates": [ -76.511177634403083, 3.367642645301018 ] } },
{ "type": "Feature", "properties": { "OBJECTID": 16788, "CE": "Traslape propio; NPN Manzana -> Terreno", "CT": "", "ESTAMPA_CC": "2026-05-26 14:46:01" }, "geometry": { "type": "Point", "coordinates": [ -76.520579708620289, 3.362693988046991 ] } },
{ "type": "Feature", "properties": { "OBJECTID": 16793, "CE": "Traslape propio", "CT": "", "ESTAMPA_CC": "2026-05-26 14:46:01" }, "geometry": { "type": "Point", "coordinates": [ -76.614996967704897, 3.495217675908236 ] } },
{ "type": "Feature", "properties": { "OBJECTID": 16805, "CE": "Traslape propio", "CT": "", "ESTAMPA_CC": "2026-05-26 14:46:01" }, "geometry": { "type": "Point", "coordinates": [ -76.57875309350959, 3.423245169945843 ] } },
{ "type": "Feature", "properties": { "OBJECTID": 16809, "CE": "Traslape propio", "CT": "", "ESTAMPA_CC": "2026-05-26 14:46:01" }, "geometry": { "type": "Point", "coordinates": [ -76.54809565537974, 3.324501297168673 ] } },
{ "type": "Feature", "properties": { "OBJECTID": 16810, "CE": "Traslape propio", "CT": "", "ESTAMPA_CC": "2026-05-26 14:46:01" }, "geometry": { "type": "Point", "coordinates": [ -76.547898181333565, 3.324492085972747 ] } },
{ "type": "Feature", "properties": { "OBJECTID": 16811, "CE": "Traslape propio", "CT": "", "ESTAMPA_CC": "2026-05-26 14:46:01" }, "geometry": { "type": "Point", "coordinates": [ -76.548068426920608, 3.324771866265626 ] } },
{ "type": "Feature", "properties": { "OBJECTID": 16812, "CE": "Traslape propio", "CT": "", "ESTAMPA_CC": "2026-05-26 14:46:01" }, "geometry": { "type": "Point", "coordinates": [ -76.547191808498781, 3.325217672926062 ] } },
{ "type": "Feature", "properties": { "OBJECTID": 16813, "CE": "Traslape propio", "CT": "", "ESTAMPA_CC": "2026-05-26 14:46:01" }, "geometry": { "type": "Point", "coordinates": [ -76.546844125014118, 3.324834736551386 ] } },
{ "type": "Feature", "properties": { "OBJECTID": 16814, "CE": "Traslape propio", "CT": "", "ESTAMPA_CC": "2026-05-26 14:46:01" }, "geometry": { "type": "Point", "coordinates": [ -76.547142349457147, 3.324956924647096 ] } },
{ "type": "Feature", "properties": { "OBJECTID": 16815, "CE": "Traslape propio", "CT": "", "ESTAMPA_CC": "2026-05-26 14:46:01" }, "geometry": { "type": "Point", "coordinates": [ -76.546807098781542, 3.324639489986465 ] } },
{ "type": "Feature", "properties": { "OBJECTID": 16820, "CE": "Traslape propio", "CT": "", "ESTAMPA_CC": "2026-05-26 14:46:01" }, "geometry": { "type": "Point", "coordinates": [ -76.548303482822121, 3.325416450306269 ] } },
{ "type": "Feature", "properties": { "OBJECTID": 16821, "CE": "Traslape propio", "CT": "", "ESTAMPA_CC": "2026-05-26 14:46:01" }, "geometry": { "type": "Point", "coordinates": [ -76.519928365717391, 3.306526094249326 ] } },
{ "type": "Feature", "properties": { "OBJECTID": 16822, "CE": "Traslape propio", "CT": "", "ESTAMPA_CC": "2026-05-26 14:46:01" }, "geometry": { "type": "Point", "coordinates": [ -76.547319099876091, 3.324923060781055 ] } },
{ "type": "Feature", "properties": { "OBJECTID": 16823, "CE": "Traslape propio", "CT": "", "ESTAMPA_CC": "2026-05-26 14:46:01" }, "geometry": { "type": "Point", "coordinates": [ -76.547306798170439, 3.324858205098547 ] } },
{ "type": "Feature", "properties": { "OBJECTID": 16831, "CE": "Traslape propio", "CT": "", "ESTAMPA_CC": "2026-05-26 14:46:01" }, "geometry": { "type": "Point", "coordinates": [ -76.563207732370444, 3.377068468119885 ] } },
{ "type": "Feature", "properties": { "OBJECTID": 16837, "CE": "Traslape propio", "CT": "", "ESTAMPA_CC": "2026-05-26 14:46:01" }, "geometry": { "type": "Point", "coordinates": [ -76.565675103571252, 3.370364103959774 ] } },
{ "type": "Feature", "properties": { "OBJECTID": 16839, "CE": "Traslape propio", "CT": "", "ESTAMPA_CC": "2026-05-26 14:46:01" }, "geometry": { "type": "Point", "coordinates": [ -76.518492448195403, 3.329538590123343 ] } },
{ "type": "Feature", "properties": { "OBJECTID": 16841, "CE": "Traslape propio", "CT": "", "ESTAMPA_CC": "2026-05-26 14:46:01" }, "geometry": { "type": "Point", "coordinates": [ -76.590108684521482, 3.464963409729922 ] } },
{ "type": "Feature", "properties": { "OBJECTID": 16860, "CE": "Traslape propio", "CT": "", "ESTAMPA_CC": "2026-05-26 14:46:01" }, "geometry": { "type": "Point", "coordinates": [ -76.537952052206549, 3.328197421621724 ] } },
{ "type": "Feature", "properties": { "OBJECTID": 16861, "CE": "Traslape propio", "CT": "", "ESTAMPA_CC": "2026-05-26 14:46:01" }, "geometry": { "type": "Point", "coordinates": [ -76.607955892690669, 3.484072103176847 ] } },
{ "type": "Feature", "properties": { "OBJECTID": 16863, "CE": "Traslape propio", "CT": "", "ESTAMPA_CC": "2026-05-26 14:46:01" }, "geometry": { "type": "Point", "coordinates": [ -76.53425676063911, 3.310128067800092 ] } },
{ "type": "Feature", "properties": { "OBJECTID": 16865, "CE": "Traslape propio", "CT": "", "ESTAMPA_CC": "2026-05-26 14:46:01" }, "geometry": { "type": "Point", "coordinates": [ -76.54739335284944, 3.325314520447282 ] } },
{ "type": "Feature", "properties": { "OBJECTID": 16867, "CE": "Traslape propio", "CT": "", "ESTAMPA_CC": "2026-05-26 14:46:01" }, "geometry": { "type": "Point", "coordinates": [ -76.546918388738206, 3.325226179074762 ] } },
{ "type": "Feature", "properties": { "OBJECTID": 16868, "CE": "Traslape propio", "CT": "", "ESTAMPA_CC": "2026-05-26 14:46:01" }, "geometry": { "type": "Point", "coordinates": [ -76.548689624064338, 3.324529018623132 ] } },
{ "type": "Feature", "properties": { "OBJECTID": 16869, "CE": "Traslape propio", "CT": "", "ESTAMPA_CC": "2026-05-26 14:46:01" }, "geometry": { "type": "Point", "coordinates": [ -76.546856558056191, 3.324900196689957 ] } },
{ "type": "Feature", "properties": { "OBJECTID": 16870, "CE": "Traslape propio", "CT": "", "ESTAMPA_CC": "2026-05-26 14:46:01" }, "geometry": { "type": "Point", "coordinates": [ -76.547993788855123, 3.324949417320168 ] } },
{ "type": "Feature", "properties": { "OBJECTID": 16871, "CE": "Traslape propio", "CT": "", "ESTAMPA_CC": "2026-05-26 14:46:01" }, "geometry": { "type": "Point", "coordinates": [ -76.548126039113839, 3.324955588683217 ] } },
{ "type": "Feature", "properties": { "OBJECTID": 16872, "CE": "Traslape propio", "CT": "", "ESTAMPA_CC": "2026-05-26 14:46:01" }, "geometry": { "type": "Point", "coordinates": [ -76.546881232197464, 3.325030282400843 ] } },
{ "type": "Feature", "properties": { "OBJECTID": 16873, "CE": "Traslape propio", "CT": "", "ESTAMPA_CC": "2026-05-26 14:46:01" }, "geometry": { "type": "Point", "coordinates": [ -76.547356257848548, 3.325118956985707 ] } },
{ "type": "Feature", "properties": { "OBJECTID": 16874, "CE": "Traslape propio", "CT": "Terreno; Número Unidad; Llave IDTERRENO", "ESTAMPA_CC": "2026-05-26 14:46:01" }, "geometry": { "type": "Point", "coordinates": [ -76.550226886859718, 3.327306160841039 ] } },
{ "type": "Feature", "properties": { "OBJECTID": 16875, "CE": "Traslape propio", "CT": "", "ESTAMPA_CC": "2026-05-26 14:46:01" }, "geometry": { "type": "Point", "coordinates": [ -76.554423320174607, 3.349246950831949 ] } },
{ "type": "Feature", "properties": { "OBJECTID": 16884, "CE": "Traslape propio", "CT": "", "ESTAMPA_CC": "2026-05-26 14:46:01" }, "geometry": { "type": "Point", "coordinates": [ -76.509348353056623, 3.37807763213115 ] } },
{ "type": "Feature", "properties": { "OBJECTID": 16888, "CE": "Traslape propio", "CT": "", "ESTAMPA_CC": "2026-05-26 14:46:01" }, "geometry": { "type": "Point", "coordinates": [ -76.549381425431918, 3.482961558212044 ] } },
{ "type": "Feature", "properties": { "OBJECTID": 16897, "CE": "Traslape propio", "CT": "", "ESTAMPA_CC": "2026-05-26 14:46:01" }, "geometry": { "type": "Point", "coordinates": [ -76.603524119809705, 3.520819495389391 ] } },
{ "type": "Feature", "properties": { "OBJECTID": 16902, "CE": "Traslape propio", "CT": "", "ESTAMPA_CC": "2026-05-26 14:46:01" }, "geometry": { "type": "Point", "coordinates": [ -76.509816864416194, 3.370429834729784 ] } },
{ "type": "Feature", "properties": { "OBJECTID": 16915, "CE": "Traslape propio", "CT": "", "ESTAMPA_CC": "2026-05-26 14:46:01" }, "geometry": { "type": "Point", "coordinates": [ -76.508024783184865, 3.382089849526531 ] } },
{ "type": "Feature", "properties": { "OBJECTID": 16916, "CE": "Traslape propio", "CT": "", "ESTAMPA_CC": "2026-05-26 14:46:01" }, "geometry": { "type": "Point", "coordinates": [ -76.554031801435457, 3.349829150833492 ] } },
{ "type": "Feature", "properties": { "OBJECTID": 16917, "CE": "Traslape propio; NPN Manzana -> Terreno", "CT": "", "ESTAMPA_CC": "2026-05-26 14:46:01" }, "geometry": { "type": "Point", "coordinates": [ -76.50795232540662, 3.366311809754539 ] } },
{ "type": "Feature", "properties": { "OBJECTID": 16919, "CE": "Traslape propio", "CT": "", "ESTAMPA_CC": "2026-05-26 14:46:01" }, "geometry": { "type": "Point", "coordinates": [ -76.550892954837167, 3.347105151960044 ] } },
{ "type": "Feature", "properties": { "OBJECTID": 16920, "CE": "Traslape propio", "CT": "", "ESTAMPA_CC": "2026-05-26 14:46:01" }, "geometry": { "type": "Point", "coordinates": [ -76.545057608777938, 3.324029580101496 ] } },
{ "type": "Feature", "properties": { "OBJECTID": 16921, "CE": "Traslape propio; NPN Manzana -> Terreno", "CT": "", "ESTAMPA_CC": "2026-05-26 14:46:01" }, "geometry": { "type": "Point", "coordinates": [ -76.507755022374397, 3.366043652552196 ] } },
{ "type": "Feature", "properties": { "OBJECTID": 16922, "CE": "Traslape propio", "CT": "", "ESTAMPA_CC": "2026-05-26 14:46:01" }, "geometry": { "type": "Point", "coordinates": [ -76.552256699873396, 3.34758323473951 ] } },
{ "type": "Feature", "properties": { "OBJECTID": 16924, "CE": "Traslape propio", "CT": "", "ESTAMPA_CC": "2026-05-26 14:46:01" }, "geometry": { "type": "Point", "coordinates": [ -76.574751843155624, 3.397599249643313 ] } },
{ "type": "Feature", "properties": { "OBJECTID": 16925, "CE": "Traslape propio", "CT": "", "ESTAMPA_CC": "2026-05-26 14:46:01" }, "geometry": { "type": "Point", "coordinates": [ -76.551612380338213, 3.347566334672739 ] } },
{ "type": "Feature", "properties": { "OBJECTID": 16934, "CE": "Traslape propio", "CT": "", "ESTAMPA_CC": "2026-05-26 14:46:01" }, "geometry": { "type": "Point", "coordinates": [ -76.51143279334589, 3.36740333475588 ] } },
{ "type": "Feature", "properties": { "OBJECTID": 16955, "CE": "Traslape propio", "CT": "", "ESTAMPA_CC": "2026-05-26 14:46:01" }, "geometry": { "type": "Point", "coordinates": [ -76.642650829005802, 3.466883185495435 ] } },
{ "type": "Feature", "properties": { "OBJECTID": 16966, "CE": "Traslape propio", "CT": "", "ESTAMPA_CC": "2026-05-26 14:46:01" }, "geometry": { "type": "Point", "coordinates": [ -76.54496004971989, 3.323457581334865 ] } },
{ "type": "Feature", "properties": { "OBJECTID": 16967, "CE": "Traslape propio", "CT": "", "ESTAMPA_CC": "2026-05-26 14:46:01" }, "geometry": { "type": "Point", "coordinates": [ -76.508271911384739, 3.382368331406318 ] } },
{ "type": "Feature", "properties": { "OBJECTID": 16968, "CE": "Traslape propio", "CT": "", "ESTAMPA_CC": "2026-05-26 14:46:01" }, "geometry": { "type": "Point", "coordinates": [ -76.552804954082433, 3.347323986750229 ] } },
{ "type": "Feature", "properties": { "OBJECTID": 16970, "CE": "Traslape propio; NPN Manzana -> Terreno", "CT": "", "ESTAMPA_CC": "2026-05-26 14:46:01" }, "geometry": { "type": "Point", "coordinates": [ -76.507923677488819, 3.366273939015293 ] } },
{ "type": "Feature", "properties": { "OBJECTID": 16971, "CE": "NPN Manzana -> Terreno", "CT": "", "ESTAMPA_CC": "2026-05-26 14:46:01" }, "geometry": { "type": "Point", "coordinates": [ -76.508008434311222, 3.36638808966229 ] } },
{ "type": "Feature", "properties": { "OBJECTID": 16973, "CE": "NPN Manzana -> Terreno", "CT": "", "ESTAMPA_CC": "2026-05-26 14:46:01" }, "geometry": { "type": "Point", "coordinates": [ -76.562314091937097, 3.424901125054681 ] } },
{ "type": "Feature", "properties": { "OBJECTID": 16974, "CE": "Traslape propio", "CT": "", "ESTAMPA_CC": "2026-05-26 14:46:01" }, "geometry": { "type": "Point", "coordinates": [ -76.553183294156128, 3.347956758645717 ] } },
{ "type": "Feature", "properties": { "OBJECTID": 16975, "CE": "Traslape propio", "CT": "", "ESTAMPA_CC": "2026-05-26 14:46:01" }, "geometry": { "type": "Point", "coordinates": [ -76.554039257411844, 3.349302679718915 ] } },
{ "type": "Feature", "properties": { "OBJECTID": 16979, "CE": "NPN Manzana -> Terreno", "CT": "", "ESTAMPA_CC": "2026-05-26 14:46:01" }, "geometry": { "type": "Point", "coordinates": [ -76.513408225286526, 3.351319262646135 ] } },
{ "type": "Feature", "properties": { "OBJECTID": 16988, "CE": "Traslape propio", "CT": "", "ESTAMPA_CC": "2026-05-26 14:46:01" }, "geometry": { "type": "Point", "coordinates": [ -76.606384733160539, 3.514524353141294 ] } },
{ "type": "Feature", "properties": { "OBJECTID": 16991, "CE": "Traslape propio; NPN Manzana -> Terreno", "CT": "", "ESTAMPA_CC": "2026-05-26 14:46:01" }, "geometry": { "type": "Point", "coordinates": [ -76.521263179796151, 3.358321078981704 ] } },
{ "type": "Feature", "properties": { "OBJECTID": 16992, "CE": "Traslape propio", "CT": "", "ESTAMPA_CC": "2026-05-26 14:46:01" }, "geometry": { "type": "Point", "coordinates": [ -76.578210073128048, 3.380373763669669 ] } },
{ "type": "Feature", "properties": { "OBJECTID": 16993, "CE": "NPN Manzana -> Terreno", "CT": "", "ESTAMPA_CC": "2026-05-26 14:46:01" }, "geometry": { "type": "Point", "coordinates": [ -76.521077641464757, 3.358396851464002 ] } },
{ "type": "Feature", "properties": { "OBJECTID": 16995, "CE": "Traslape propio", "CT": "", "ESTAMPA_CC": "2026-05-26 14:46:01" }, "geometry": { "type": "Point", "coordinates": [ -76.575590428097257, 3.385055709181649 ] } },
{ "type": "Feature", "properties": { "OBJECTID": 16996, "CE": "NPN Manzana -> Terreno", "CT": "", "ESTAMPA_CC": "2026-05-26 14:46:01" }, "geometry": { "type": "Point", "coordinates": [ -76.522221739689769, 3.358526580748119 ] } },
{ "type": "Feature", "properties": { "OBJECTID": 16997, "CE": "Traslape propio", "CT": "", "ESTAMPA_CC": "2026-05-26 14:46:01" }, "geometry": { "type": "Point", "coordinates": [ -76.6048444264691, 3.485431965336381 ] } },
{ "type": "Feature", "properties": { "OBJECTID": 16998, "CE": "Traslape propio; NPN Manzana -> Terreno", "CT": "", "ESTAMPA_CC": "2026-05-26 14:46:01" }, "geometry": { "type": "Point", "coordinates": [ -76.520953661858485, 3.356496179169875 ] } },
{ "type": "Feature", "properties": { "OBJECTID": 16999, "CE": "Traslape propio; NPN Manzana -> Terreno", "CT": "", "ESTAMPA_CC": "2026-05-26 14:46:01" }, "geometry": { "type": "Point", "coordinates": [ -76.507461598149277, 3.37092541605379 ] } },
{ "type": "Feature", "properties": { "OBJECTID": 17000, "CE": "Traslape propio; NPN Manzana -> Terreno", "CT": "", "ESTAMPA_CC": "2026-05-26 14:46:01" }, "geometry": { "type": "Point", "coordinates": [ -76.506383870649387, 3.369713659868994 ] } },
{ "type": "Feature", "properties": { "OBJECTID": 17001, "CE": "Traslape propio; NPN Manzana -> Terreno", "CT": "", "ESTAMPA_CC": "2026-05-26 14:46:01" }, "geometry": { "type": "Point", "coordinates": [ -76.506162824504116, 3.370732712595696 ] } },
{ "type": "Feature", "properties": { "OBJECTID": 17002, "CE": "Traslape propio; NPN Manzana -> Terreno", "CT": "", "ESTAMPA_CC": "2026-05-26 14:46:01" }, "geometry": { "type": "Point", "coordinates": [ -76.506985035496513, 3.372138745061481 ] } },
{ "type": "Feature", "properties": { "OBJECTID": 17004, "CE": "Traslape propio", "CT": "", "ESTAMPA_CC": "2026-05-26 14:46:01" }, "geometry": { "type": "Point", "coordinates": [ -76.553334206590478, 3.473785338586655 ] } },
{ "type": "Feature", "properties": { "OBJECTID": 17006, "CE": "Traslape propio", "CT": "", "ESTAMPA_CC": "2026-05-26 14:46:01" }, "geometry": { "type": "Point", "coordinates": [ -76.552518701528811, 3.481074191966927 ] } },
{ "type": "Feature", "properties": { "OBJECTID": 17011, "CE": "Traslape propio", "CT": "", "ESTAMPA_CC": "2026-05-26 14:46:01" }, "geometry": { "type": "Point", "coordinates": [ -76.617038292825598, 3.324160802765614 ] } },
{ "type": "Feature", "properties": { "OBJECTID": 17012, "CE": "Traslape propio", "CT": "", "ESTAMPA_CC": "2026-05-26 14:46:01" }, "geometry": { "type": "Point", "coordinates": [ -76.60590654947822, 3.492912220254126 ] } },
{ "type": "Feature", "properties": { "OBJECTID": 17015, "CE": "Traslape propio; NPN Manzana -> Terreno", "CT": "", "ESTAMPA_CC": "2026-05-26 14:46:01" }, "geometry": { "type": "Point", "coordinates": [ -76.498235548203624, 3.327842033850371 ] } },
{ "type": "Feature", "properties": { "OBJECTID": 17017, "CE": "Traslape propio", "CT": "", "ESTAMPA_CC": "2026-05-26 14:46:01" }, "geometry": { "type": "Point", "coordinates": [ -76.575597241524392, 3.390815587501692 ] } },
{ "type": "Feature", "properties": { "OBJECTID": 17019, "CE": "Traslape propio", "CT": "", "ESTAMPA_CC": "2026-05-26 14:46:01" }, "geometry": { "type": "Point", "coordinates": [ -76.61632779169959, 3.325934983861765 ] } },
{ "type": "Feature", "properties": { "OBJECTID": 17029, "CE": "Traslape propio; NPN Manzana -> Terreno", "CT": "", "ESTAMPA_CC": "2026-05-26 14:46:01" }, "geometry": { "type": "Point", "coordinates": [ -76.506858826255566, 3.371760442935324 ] } },
{ "type": "Feature", "properties": { "OBJECTID": 17030, "CE": "Traslape propio", "CT": "", "ESTAMPA_CC": "2026-05-26 14:46:01" }, "geometry": { "type": "Point", "coordinates": [ -76.570751241047915, 3.377000737828651 ] } },
{ "type": "Feature", "properties": { "OBJECTID": 17031, "CE": "Traslape propio; NPN Manzana -> Terreno", "CT": "", "ESTAMPA_CC": "2026-05-26 14:46:01" }, "geometry": { "type": "Point", "coordinates": [ -76.506640102760912, 3.373816865405461 ] } },
{ "type": "Feature", "properties": { "OBJECTID": 17032, "CE": "Traslape propio; NPN Manzana -> Terreno", "CT": "", "ESTAMPA_CC": "2026-05-26 14:46:01" }, "geometry": { "type": "Point", "coordinates": [ -76.506911555052071, 3.372874014697218 ] } },
{ "type": "Feature", "properties": { "OBJECTID": 17033, "CE": "Traslape propio; NPN Manzana -> Terreno", "CT": "", "ESTAMPA_CC": "2026-05-26 14:46:01" }, "geometry": { "type": "Point", "coordinates": [ -76.506358536883724, 3.374311711706403 ] } },
{ "type": "Feature", "properties": { "OBJECTID": 17034, "CE": "Traslape propio", "CT": "", "ESTAMPA_CC": "2026-05-26 14:46:01" }, "geometry": { "type": "Point", "coordinates": [ -76.570861894361613, 3.377151002239706 ] } },
{ "type": "Feature", "properties": { "OBJECTID": 17035, "CE": "NPN Manzana -> Terreno", "CT": "", "ESTAMPA_CC": "2026-05-26 14:46:01" }, "geometry": { "type": "Point", "coordinates": [ -76.506512178883852, 3.372068991820114 ] } },
{ "type": "Feature", "properties": { "OBJECTID": 17036, "CE": "Traslape propio; NPN Manzana -> Terreno", "CT": "", "ESTAMPA_CC": "2026-05-26 14:46:01" }, "geometry": { "type": "Point", "coordinates": [ -76.506424051346258, 3.373132499908042 ] } },
{ "type": "Feature", "properties": { "OBJECTID": 17037, "CE": "Traslape propio", "CT": "", "ESTAMPA_CC": "2026-05-26 14:46:01" }, "geometry": { "type": "Point", "coordinates": [ -76.571180420271716, 3.377819415269862 ] } },
{ "type": "Feature", "properties": { "OBJECTID": 17048, "CE": "Traslape propio", "CT": "", "ESTAMPA_CC": "2026-05-26 14:46:01" }, "geometry": { "type": "Point", "coordinates": [ -76.550516875984997, 3.314905915508414 ] } },
{ "type": "Feature", "properties": { "OBJECTID": 17050, "CE": "Traslape propio", "CT": "", "ESTAMPA_CC": "2026-05-26 14:46:01" }, "geometry": { "type": "Point", "coordinates": [ -76.577570866053492, 3.392747660467368 ] } },
{ "type": "Feature", "properties": { "OBJECTID": 17052, "CE": "Traslape propio", "CT": "", "ESTAMPA_CC": "2026-05-26 14:46:01" }, "geometry": { "type": "Point", "coordinates": [ -76.512783138134594, 3.371633344555712 ] } },
{ "type": "Feature", "properties": { "OBJECTID": 17057, "CE": "Traslape propio; NPN Manzana -> Terreno", "CT": "", "ESTAMPA_CC": "2026-05-26 14:46:01" }, "geometry": { "type": "Point", "coordinates": [ -76.502565243670887, 3.353854187032042 ] } },
{ "type": "Feature", "properties": { "OBJECTID": 17061, "CE": "Traslape propio", "CT": "", "ESTAMPA_CC": "2026-05-26 14:46:01" }, "geometry": { "type": "Point", "coordinates": [ -76.600495466464309, 3.520214007021892 ] } },
{ "type": "Feature", "properties": { "OBJECTID": 17071, "CE": "Traslape propio; NPN Manzana -> Terreno", "CT": "", "ESTAMPA_CC": "2026-05-26 14:46:01" }, "geometry": { "type": "Point", "coordinates": [ -76.51468126229426, 3.349294419284225 ] } },
{ "type": "Feature", "properties": { "OBJECTID": 17131, "CE": "Traslape propio", "CT": "", "ESTAMPA_CC": "2026-05-26 14:46:01" }, "geometry": { "type": "Point", "coordinates": [ -76.54461041678789, 3.49257843643672 ] } },
{ "type": "Feature", "properties": { "OBJECTID": 17132, "CE": "Traslape propio", "CT": "", "ESTAMPA_CC": "2026-05-26 14:46:01" }, "geometry": { "type": "Point", "coordinates": [ -76.555293175823692, 3.348723355870697 ] } },
{ "type": "Feature", "properties": { "OBJECTID": 17133, "CE": "Traslape propio", "CT": "", "ESTAMPA_CC": "2026-05-26 14:46:01" }, "geometry": { "type": "Point", "coordinates": [ -76.547308371810701, 3.324038226755627 ] } },
{ "type": "Feature", "properties": { "OBJECTID": 17135, "CE": "Traslape propio", "CT": "", "ESTAMPA_CC": "2026-05-26 14:46:01" }, "geometry": { "type": "Point", "coordinates": [ -76.568851120481582, 3.399719914781274 ] } },
{ "type": "Feature", "properties": { "OBJECTID": 17136, "CE": "Traslape propio", "CT": "", "ESTAMPA_CC": "2026-05-26 14:46:01" }, "geometry": { "type": "Point", "coordinates": [ -76.585809967639136, 3.520555652405758 ] } },
{ "type": "Feature", "properties": { "OBJECTID": 17137, "CE": "Traslape propio", "CT": "", "ESTAMPA_CC": "2026-05-26 14:46:01" }, "geometry": { "type": "Point", "coordinates": [ -76.602306880357887, 3.502951387739207 ] } },
{ "type": "Feature", "properties": { "OBJECTID": 17140, "CE": "Traslape propio", "CT": "", "ESTAMPA_CC": "2026-05-26 14:46:01" }, "geometry": { "type": "Point", "coordinates": [ -76.549181377983132, 3.487145375358379 ] } },
{ "type": "Feature", "properties": { "OBJECTID": 17143, "CE": "Traslape propio", "CT": "", "ESTAMPA_CC": "2026-05-26 14:46:01" }, "geometry": { "type": "Point", "coordinates": [ -76.520630098733051, 3.311335619120254 ] } },
{ "type": "Feature", "properties": { "OBJECTID": 17144, "CE": "Traslape propio", "CT": "", "ESTAMPA_CC": "2026-05-26 14:46:01" }, "geometry": { "type": "Point", "coordinates": [ -76.629582420645278, 3.44012425193896 ] } },
{ "type": "Feature", "properties": { "OBJECTID": 17150, "CE": "Traslape propio; NPN Manzana -> Terreno", "CT": "", "ESTAMPA_CC": "2026-05-26 14:46:01" }, "geometry": { "type": "Point", "coordinates": [ -76.506050516034293, 3.37361046253718 ] } },
{ "type": "Feature", "properties": { "OBJECTID": 17164, "CE": "NPN Manzana -> Terreno", "CT": "", "ESTAMPA_CC": "2026-05-26 14:46:01" }, "geometry": { "type": "Point", "coordinates": [ -76.522906879224948, 3.352000808483673 ] } },
{ "type": "Feature", "properties": { "OBJECTID": 17171, "CE": "Traslape propio", "CT": "", "ESTAMPA_CC": "2026-05-26 14:46:01" }, "geometry": { "type": "Point", "coordinates": [ -76.587274092824032, 3.430792785639763 ] } },
{ "type": "Feature", "properties": { "OBJECTID": 17224, "CE": "Traslape propio", "CT": "", "ESTAMPA_CC": "2026-05-26 14:46:01" }, "geometry": { "type": "Point", "coordinates": [ -76.613590636493115, 3.529823710159401 ] } },
{ "type": "Feature", "properties": { "OBJECTID": 17232, "CE": "Traslape propio; NPN Manzana -> Terreno", "CT": "", "ESTAMPA_CC": "2026-05-26 14:46:01" }, "geometry": { "type": "Point", "coordinates": [ -76.519408423833596, 3.346470700340952 ] } },
{ "type": "Feature", "properties": { "OBJECTID": 17233, "CE": "Traslape propio; NPN Manzana -> Terreno", "CT": "", "ESTAMPA_CC": "2026-05-26 14:46:01" }, "geometry": { "type": "Point", "coordinates": [ -76.518981983762515, 3.345729343359892 ] } },
{ "type": "Feature", "properties": { "OBJECTID": 17234, "CE": "Traslape propio; NPN Manzana -> Terreno", "CT": "", "ESTAMPA_CC": "2026-05-26 14:46:01" }, "geometry": { "type": "Point", "coordinates": [ -76.520504817486412, 3.346306789651841 ] } },
{ "type": "Feature", "properties": { "OBJECTID": 17235, "CE": "Traslape propio", "CT": "", "ESTAMPA_CC": "2026-05-26 14:46:01" }, "geometry": { "type": "Point", "coordinates": [ -76.543072004584729, 3.493463065240926 ] } },
{ "type": "Feature", "properties": { "OBJECTID": 17236, "CE": "Traslape propio", "CT": "", "ESTAMPA_CC": "2026-05-26 14:46:01" }, "geometry": { "type": "Point", "coordinates": [ -76.547979864871138, 3.316489572258724 ] } },
{ "type": "Feature", "properties": { "OBJECTID": 17237, "CE": "Traslape propio", "CT": "", "ESTAMPA_CC": "2026-05-26 14:46:01" }, "geometry": { "type": "Point", "coordinates": [ -76.601890070492075, 3.525622787736596 ] } },
{ "type": "Feature", "properties": { "OBJECTID": 17238, "CE": "Traslape propio", "CT": "", "ESTAMPA_CC": "2026-05-26 14:46:01" }, "geometry": { "type": "Point", "coordinates": [ -76.606052703608285, 3.536015165131286 ] } },
{ "type": "Feature", "properties": { "OBJECTID": 17239, "CE": "NPN Manzana -> Terreno", "CT": "", "ESTAMPA_CC": "2026-05-26 14:46:01" }, "geometry": { "type": "Point", "coordinates": [ -76.519196190080535, 3.346351842398359 ] } },
{ "type": "Feature", "properties": { "OBJECTID": 17240, "CE": "Traslape propio; NPN Manzana -> Terreno", "CT": "", "ESTAMPA_CC": "2026-05-26 14:46:01" }, "geometry": { "type": "Point", "coordinates": [ -76.520451692969331, 3.34645048370953 ] } },
{ "type": "Feature", "properties": { "OBJECTID": 17242, "CE": "Traslape propio; NPN Manzana -> Terreno", "CT": "", "ESTAMPA_CC": "2026-05-26 14:46:01" }, "geometry": { "type": "Point", "coordinates": [ -76.490395450858642, 3.339890740064482 ] } },
{ "type": "Feature", "properties": { "OBJECTID": 17259, "CE": "Traslape propio", "CT": "", "ESTAMPA_CC": "2026-05-26 14:46:01" }, "geometry": { "type": "Point", "coordinates": [ -76.461024160064412, 3.425179779971801 ] } },
{ "type": "Feature", "properties": { "OBJECTID": 17261, "CE": "NPN Manzana -> Terreno", "CT": "", "ESTAMPA_CC": "2026-05-26 14:46:01" }, "geometry": { "type": "Point", "coordinates": [ -76.52144148677182, 3.357375255715168 ] } },
{ "type": "Feature", "properties": { "OBJECTID": 17266, "CE": "Traslape propio; NPN Manzana -> Terreno", "CT": "", "ESTAMPA_CC": "2026-05-26 14:46:01" }, "geometry": { "type": "Point", "coordinates": [ -76.507462792677927, 3.369919089260761 ] } },
{ "type": "Feature", "properties": { "OBJECTID": 17273, "CE": "Traslape propio", "CT": "", "ESTAMPA_CC": "2026-05-26 14:46:01" }, "geometry": { "type": "Point", "coordinates": [ -76.5492262064991, 3.325685159309245 ] } },
{ "type": "Feature", "properties": { "OBJECTID": 17274, "CE": "Traslape propio", "CT": "", "ESTAMPA_CC": "2026-05-26 14:46:01" }, "geometry": { "type": "Point", "coordinates": [ -76.549889703004382, 3.325182453734625 ] } },
{ "type": "Feature", "properties": { "OBJECTID": 17276, "CE": "Traslape propio", "CT": "", "ESTAMPA_CC": "2026-05-26 14:46:01" }, "geometry": { "type": "Point", "coordinates": [ -76.547281956226072, 3.324727226059741 ] } },
{ "type": "Feature", "properties": { "OBJECTID": 17277, "CE": "Traslape propio", "CT": "", "ESTAMPA_CC": "2026-05-26 14:46:01" }, "geometry": { "type": "Point", "coordinates": [ -76.5488214788802, 3.324535173625534 ] } },
{ "type": "Feature", "properties": { "OBJECTID": 17280, "CE": "Traslape propio", "CT": "", "ESTAMPA_CC": "2026-05-26 14:46:01" }, "geometry": { "type": "Point", "coordinates": [ -76.548760303339407, 3.324989781143668 ] } },
{ "type": "Feature", "properties": { "OBJECTID": 17281, "CE": "Traslape propio", "CT": "", "ESTAMPA_CC": "2026-05-26 14:46:01" }, "geometry": { "type": "Point", "coordinates": [ -76.548389884890355, 3.324967901082742 ] } },
{ "type": "Feature", "properties": { "OBJECTID": 17285, "CE": "Traslape propio", "CT": "", "ESTAMPA_CC": "2026-05-26 14:46:01" }, "geometry": { "type": "Point", "coordinates": [ -76.548369377436458, 3.325419525351001 ] } },
{ "type": "Feature", "properties": { "OBJECTID": 17290, "CE": "Traslape propio", "CT": "", "ESTAMPA_CC": "2026-05-26 14:46:01" }, "geometry": { "type": "Point", "coordinates": [ -76.586580156602778, 3.520907138072209 ] } },
{ "type": "Feature", "properties": { "OBJECTID": 17295, "CE": "Traslape propio", "CT": "", "ESTAMPA_CC": "2026-05-26 14:46:01" }, "geometry": { "type": "Point", "coordinates": [ -76.638137847328721, 3.329294334702286 ] } },
{ "type": "Feature", "properties": { "OBJECTID": 17298, "CE": "Traslape propio", "CT": "", "ESTAMPA_CC": "2026-05-26 14:46:01" }, "geometry": { "type": "Point", "coordinates": [ -76.574427903791573, 3.424132176342695 ] } },
{ "type": "Feature", "properties": { "OBJECTID": 17325, "CE": "Traslape propio", "CT": "", "ESTAMPA_CC": "2026-05-26 14:46:01" }, "geometry": { "type": "Point", "coordinates": [ -76.548060081085737, 3.324952510910854 ] } },
{ "type": "Feature", "properties": { "OBJECTID": 17326, "CE": "Traslape propio", "CT": "", "ESTAMPA_CC": "2026-05-26 14:46:01" }, "geometry": { "type": "Point", "coordinates": [ -76.548257622932468, 3.324961729304688 ] } },
{ "type": "Feature", "properties": { "OBJECTID": 17327, "CE": "Traslape propio", "CT": "", "ESTAMPA_CC": "2026-05-26 14:46:01" }, "geometry": { "type": "Point", "coordinates": [ -76.547936177797226, 3.324765695346619 ] } },
{ "type": "Feature", "properties": { "OBJECTID": 17328, "CE": "Traslape propio", "CT": "", "ESTAMPA_CC": "2026-05-26 14:46:01" }, "geometry": { "type": "Point", "coordinates": [ -76.548311826796038, 3.32523580656315 ] } },
{ "type": "Feature", "properties": { "OBJECTID": 17330, "CE": "Traslape propio", "CT": "", "ESTAMPA_CC": "2026-05-26 14:46:01" }, "geometry": { "type": "Point", "coordinates": [ -76.548227910977502, 3.324507468969472 ] } },
{ "type": "Feature", "properties": { "OBJECTID": 17331, "CE": "Traslape propio", "CT": "", "ESTAMPA_CC": "2026-05-26 14:46:01" }, "geometry": { "type": "Point", "coordinates": [ -76.548359491806963, 3.324513610481102 ] } },
{ "type": "Feature", "properties": { "OBJECTID": 17332, "CE": "Traslape propio", "CT": "", "ESTAMPA_CC": "2026-05-26 14:46:01" }, "geometry": { "type": "Point", "coordinates": [ -76.548623328942483, 3.324525924172293 ] } },
{ "type": "Feature", "properties": { "OBJECTID": 17333, "CE": "Traslape propio", "CT": "", "ESTAMPA_CC": "2026-05-26 14:46:01" }, "geometry": { "type": "Point", "coordinates": [ -76.548529747172438, 3.324793393855665 ] } },
{ "type": "Feature", "properties": { "OBJECTID": 17334, "CE": "Traslape propio", "CT": "", "ESTAMPA_CC": "2026-05-26 14:46:01" }, "geometry": { "type": "Point", "coordinates": [ -76.548463851943708, 3.324790319274181 ] } },
{ "type": "Feature", "properties": { "OBJECTID": 17335, "CE": "Traslape propio", "CT": "", "ESTAMPA_CC": "2026-05-26 14:46:01" }, "geometry": { "type": "Point", "coordinates": [ -76.548398230194962, 3.324787256886724 ] } },
{ "type": "Feature", "properties": { "OBJECTID": 17336, "CE": "Traslape propio", "CT": "", "ESTAMPA_CC": "2026-05-26 14:46:01" }, "geometry": { "type": "Point", "coordinates": [ -76.548332269267306, 3.324784178681259 ] } },
{ "type": "Feature", "properties": { "OBJECTID": 17338, "CE": "Traslape propio", "CT": "", "ESTAMPA_CC": "2026-05-26 14:46:01" }, "geometry": { "type": "Point", "coordinates": [ -76.548134384687472, 3.324774944489514 ] } },
{ "type": "Feature", "properties": { "OBJECTID": 17339, "CE": "Traslape propio", "CT": "", "ESTAMPA_CC": "2026-05-26 14:46:01" }, "geometry": { "type": "Point", "coordinates": [ -76.547130047742129, 3.324892069866493 ] } },
{ "type": "Feature", "properties": { "OBJECTID": 17340, "CE": "Traslape propio", "CT": "", "ESTAMPA_CC": "2026-05-26 14:46:01" }, "geometry": { "type": "Point", "coordinates": [ -76.547105260797707, 3.324761392370234 ] } },
{ "type": "Feature", "properties": { "OBJECTID": 17353, "CE": "Traslape propio", "CT": "", "ESTAMPA_CC": "2026-05-26 14:46:01" }, "geometry": { "type": "Point", "coordinates": [ -76.551701961360195, 3.34726880579063 ] } },
{ "type": "Feature", "properties": { "OBJECTID": 17358, "CE": "Traslape propio; NPN Manzana -> Terreno", "CT": "", "ESTAMPA_CC": "2026-05-26 14:46:01" }, "geometry": { "type": "Point", "coordinates": [ -76.543058223050991, 3.455417999267264 ] } },
{ "type": "Feature", "properties": { "OBJECTID": 17366, "CE": "Traslape propio", "CT": "", "ESTAMPA_CC": "2026-05-26 14:46:01" }, "geometry": { "type": "Point", "coordinates": [ -76.547467431003554, 3.361961839036764 ] } },
{ "type": "Feature", "properties": { "OBJECTID": 17367, "CE": "Traslape propio", "CT": "", "ESTAMPA_CC": "2026-05-26 14:46:01" }, "geometry": { "type": "Point", "coordinates": [ -76.557559993739687, 3.432893383307797 ] } },
{ "type": "Feature", "properties": { "OBJECTID": 17377, "CE": "Traslape propio", "CT": "", "ESTAMPA_CC": "2026-05-26 14:46:01" }, "geometry": { "type": "Point", "coordinates": [ -76.547964073450643, 3.324495157428899 ] } },
{ "type": "Feature", "properties": { "OBJECTID": 17378, "CE": "Traslape propio", "CT": "", "ESTAMPA_CC": "2026-05-26 14:46:01" }, "geometry": { "type": "Point", "coordinates": [ -76.54802969672123, 3.324498218942123 ] } },
{ "type": "Feature", "properties": { "OBJECTID": 17379, "CE": "Traslape propio", "CT": "", "ESTAMPA_CC": "2026-05-26 14:46:01" }, "geometry": { "type": "Point", "coordinates": [ -76.548161951647259, 3.324504390752128 ] } },
{ "type": "Feature", "properties": { "OBJECTID": 17381, "CE": "Traslape propio", "CT": "", "ESTAMPA_CC": "2026-05-26 14:46:01" }, "geometry": { "type": "Point", "coordinates": [ -76.548377720717184, 3.325238881607321 ] } },
{ "type": "Feature", "properties": { "OBJECTID": 17386, "CE": "Traslape propio", "CT": "", "ESTAMPA_CC": "2026-05-26 14:46:01" }, "geometry": { "type": "Point", "coordinates": [ -76.546794673410275, 3.324573968813939 ] } },
{ "type": "Feature", "properties": { "OBJECTID": 17387, "CE": "Traslape propio", "CT": "", "ESTAMPA_CC": "2026-05-26 14:46:01" }, "geometry": { "type": "Point", "coordinates": [ -76.513652821954906, 3.371884094683839 ] } },
{ "type": "Feature", "properties": { "OBJECTID": 17389, "CE": "Traslape propio", "CT": "", "ESTAMPA_CC": "2026-05-26 14:46:01" }, "geometry": { "type": "Point", "coordinates": [ -76.555003274433361, 3.435152737544852 ] } },
{ "type": "Feature", "properties": { "OBJECTID": 17390, "CE": "Traslape propio; NPN Manzana -> Terreno", "CT": "", "ESTAMPA_CC": "2026-05-26 14:46:01" }, "geometry": { "type": "Point", "coordinates": [ -76.503033836742986, 3.353423186398325 ] } },
{ "type": "Feature", "properties": { "OBJECTID": 17391, "CE": "Traslape propio", "CT": "", "ESTAMPA_CC": "2026-05-26 14:46:01" }, "geometry": { "type": "Point", "coordinates": [ -76.571415727900771, 3.44663750933863 ] } },
{ "type": "Feature", "properties": { "OBJECTID": 17392, "CE": "Traslape propio", "CT": "", "ESTAMPA_CC": "2026-05-26 14:46:01" }, "geometry": { "type": "Point", "coordinates": [ -76.644155479830175, 3.46485041693292 ] } },
{ "type": "Feature", "properties": { "OBJECTID": 17406, "CE": "Traslape propio", "CT": "", "ESTAMPA_CC": "2026-05-26 14:46:01" }, "geometry": { "type": "Point", "coordinates": [ -76.553755539701953, 3.437534816487299 ] } },
{ "type": "Feature", "properties": { "OBJECTID": 17414, "CE": "Traslape propio", "CT": "", "ESTAMPA_CC": "2026-05-26 14:46:01" }, "geometry": { "type": "Point", "coordinates": [ -76.566175956756538, 3.371569360272925 ] } },
{ "type": "Feature", "properties": { "OBJECTID": 17422, "CE": "Traslape propio", "CT": "", "ESTAMPA_CC": "2026-05-26 14:46:01" }, "geometry": { "type": "Point", "coordinates": [ -76.593827829894465, 3.423934671334183 ] } },
{ "type": "Feature", "properties": { "OBJECTID": 17425, "CE": "Traslape propio", "CT": "", "ESTAMPA_CC": "2026-05-26 14:46:01" }, "geometry": { "type": "Point", "coordinates": [ -76.544726039752632, 3.327162777322774 ] } },
{ "type": "Feature", "properties": { "OBJECTID": 17428, "CE": "Traslape propio", "CT": "Terreno", "ESTAMPA_CC": "2026-05-26 14:46:01" }, "geometry": { "type": "Point", "coordinates": [ -76.547590639026879, 3.324969187781932 ] } },
{ "type": "Feature", "properties": { "OBJECTID": 17430, "CE": "Traslape propio", "CT": "", "ESTAMPA_CC": "2026-05-26 14:46:01" }, "geometry": { "type": "Point", "coordinates": [ -76.567134542138831, 3.419190112233001 ] } },
{ "type": "Feature", "properties": { "OBJECTID": 17431, "CE": "Traslape propio", "CT": "", "ESTAMPA_CC": "2026-05-26 14:46:01" }, "geometry": { "type": "Point", "coordinates": [ -76.566199483775023, 3.369990025135628 ] } },
{ "type": "Feature", "properties": { "OBJECTID": 17432, "CE": "Traslape propio", "CT": "", "ESTAMPA_CC": "2026-05-26 14:46:01" }, "geometry": { "type": "Point", "coordinates": [ -76.566624001819392, 3.369910997972214 ] } },
{ "type": "Feature", "properties": { "OBJECTID": 17433, "CE": "Traslape propio", "CT": "", "ESTAMPA_CC": "2026-05-26 14:46:01" }, "geometry": { "type": "Point", "coordinates": [ -76.520545912727215, 3.305442621365292 ] } },
{ "type": "Feature", "properties": { "OBJECTID": 17434, "CE": "Traslape propio", "CT": "", "ESTAMPA_CC": "2026-05-26 14:46:01" }, "geometry": { "type": "Point", "coordinates": [ -76.566134961149928, 3.369971932599393 ] } },
{ "type": "Feature", "properties": { "OBJECTID": 17435, "CE": "Traslape propio; NPN Manzana -> Terreno", "CT": "", "ESTAMPA_CC": "2026-05-26 14:46:01" }, "geometry": { "type": "Point", "coordinates": [ -76.558931228818992, 3.433924124555365 ] } },
{ "type": "Feature", "properties": { "OBJECTID": 17436, "CE": "Traslape propio", "CT": "", "ESTAMPA_CC": "2026-05-26 14:46:01" }, "geometry": { "type": "Point", "coordinates": [ -76.520309021193398, 3.305872436742978 ] } },
{ "type": "Feature", "properties": { "OBJECTID": 17437, "CE": "Traslape propio", "CT": "", "ESTAMPA_CC": "2026-05-26 14:46:01" }, "geometry": { "type": "Point", "coordinates": [ -76.566285883257251, 3.36969477766818 ] } },
{ "type": "Feature", "properties": { "OBJECTID": 17441, "CE": "NPN Manzana -> Terreno", "CT": "", "ESTAMPA_CC": "2026-05-26 14:46:01" }, "geometry": { "type": "Point", "coordinates": [ -76.521045159704713, 3.352337572894689 ] } },
{ "type": "Feature", "properties": { "OBJECTID": 17444, "CE": "NPN Manzana -> Terreno", "CT": "", "ESTAMPA_CC": "2026-05-26 14:46:01" }, "geometry": { "type": "Point", "coordinates": [ -76.517442602011201, 3.352890682365132 ] } },
{ "type": "Feature", "properties": { "OBJECTID": 17446, "CE": "NPN Manzana -> Terreno", "CT": "", "ESTAMPA_CC": "2026-05-26 14:46:01" }, "geometry": { "type": "Point", "coordinates": [ -76.491923085951427, 3.321548877451905 ] } },
{ "type": "Feature", "properties": { "OBJECTID": 17447, "CE": "Traslape propio; NPN Manzana -> Terreno", "CT": "", "ESTAMPA_CC": "2026-05-26 14:46:01" }, "geometry": { "type": "Point", "coordinates": [ -76.518931590346853, 3.346347689017587 ] } },
{ "type": "Feature", "properties": { "OBJECTID": 17450, "CE": "Traslape propio; NPN Manzana -> Terreno", "CT": "", "ESTAMPA_CC": "2026-05-26 14:46:01" }, "geometry": { "type": "Point", "coordinates": [ -76.520392124026699, 3.345660525096475 ] } },
{ "type": "Feature", "properties": { "OBJECTID": 17453, "CE": "Traslape propio; NPN Manzana -> Terreno", "CT": "", "ESTAMPA_CC": "2026-05-26 14:46:01" }, "geometry": { "type": "Point", "coordinates": [ -76.502114793678302, 3.357398715264547 ] } },
{ "type": "Feature", "properties": { "OBJECTID": 17459, "CE": "NPN Manzana -> Terreno", "CT": "Zona", "ESTAMPA_CC": "2026-05-26 14:46:01" }, "geometry": { "type": "Point", "coordinates": [ -76.536823365318469, 3.489469203199114 ] } },
{ "type": "Feature", "properties": { "OBJECTID": 17460, "CE": "Traslape propio", "CT": "", "ESTAMPA_CC": "2026-05-26 14:46:01" }, "geometry": { "type": "Point", "coordinates": [ -76.536651999501132, 3.488789151392646 ] } },
{ "type": "Feature", "properties": { "OBJECTID": 17461, "CE": "Traslape propio", "CT": "", "ESTAMPA_CC": "2026-05-26 14:46:01" }, "geometry": { "type": "Point", "coordinates": [ -76.572323075261238, 3.337233193283656 ] } },
{ "type": "Feature", "properties": { "OBJECTID": 17472, "CE": "Traslape propio", "CT": "", "ESTAMPA_CC": "2026-05-26 14:46:01" }, "geometry": { "type": "Point", "coordinates": [ -76.576829660533264, 3.391508849901117 ] } },
{ "type": "Feature", "properties": { "OBJECTID": 17476, "CE": "NPN Manzana -> Terreno", "CT": "", "ESTAMPA_CC": "2026-05-26 14:46:01" }, "geometry": { "type": "Point", "coordinates": [ -76.510928066886294, 3.354230528475282 ] } },
{ "type": "Feature", "properties": { "OBJECTID": 17479, "CE": "Traslape propio", "CT": "", "ESTAMPA_CC": "2026-05-26 14:46:01" }, "geometry": { "type": "Point", "coordinates": [ -76.564409440769055, 3.377330838075645 ] } },
{ "type": "Feature", "properties": { "OBJECTID": 17481, "CE": "Traslape propio", "CT": "", "ESTAMPA_CC": "2026-05-26 14:46:01" }, "geometry": { "type": "Point", "coordinates": [ -76.547187925973219, 3.286260325590326 ] } },
{ "type": "Feature", "properties": { "OBJECTID": 17482, "CE": "NPN Manzana -> Terreno", "CT": "", "ESTAMPA_CC": "2026-05-26 14:46:01" }, "geometry": { "type": "Point", "coordinates": [ -76.539394096465955, 3.456124434005703 ] } },
{ "type": "Feature", "properties": { "OBJECTID": 17483, "CE": "Traslape propio", "CT": "", "ESTAMPA_CC": "2026-05-26 14:46:01" }, "geometry": { "type": "Point", "coordinates": [ -76.554257058907893, 3.478758899681568 ] } },
{ "type": "Feature", "properties": { "OBJECTID": 17484, "CE": "Traslape propio", "CT": "", "ESTAMPA_CC": "2026-05-26 14:46:01" }, "geometry": { "type": "Point", "coordinates": [ -76.575863066085219, 3.394584015417442 ] } },
{ "type": "Feature", "properties": { "OBJECTID": 17485, "CE": "Traslape propio", "CT": "", "ESTAMPA_CC": "2026-05-26 14:46:01" }, "geometry": { "type": "Point", "coordinates": [ -76.566195615147166, 3.369847058230823 ] } },
{ "type": "Feature", "properties": { "OBJECTID": 17486, "CE": "NPN Manzana -> Terreno", "CT": "", "ESTAMPA_CC": "2026-05-26 14:46:01" }, "geometry": { "type": "Point", "coordinates": [ -76.539592884269823, 3.455849992689376 ] } },
{ "type": "Feature", "properties": { "OBJECTID": 17487, "CE": "Traslape propio", "CT": "", "ESTAMPA_CC": "2026-05-26 14:46:01" }, "geometry": { "type": "Point", "coordinates": [ -76.566371740077557, 3.370554709520293 ] } },
{ "type": "Feature", "properties": { "OBJECTID": 17488, "CE": "Traslape propio", "CT": "", "ESTAMPA_CC": "2026-05-26 14:46:01" }, "geometry": { "type": "Point", "coordinates": [ -76.566169699515157, 3.3699020887244 ] } },
{ "type": "Feature", "properties": { "OBJECTID": 17489, "CE": "Traslape propio", "CT": "", "ESTAMPA_CC": "2026-05-26 14:46:01" }, "geometry": { "type": "Point", "coordinates": [ -76.521215361478042, 3.305732140903194 ] } },
{ "type": "Feature", "properties": { "OBJECTID": 17490, "CE": "NPN Manzana -> Terreno", "CT": "", "ESTAMPA_CC": "2026-05-26 14:46:01" }, "geometry": { "type": "Point", "coordinates": [ -76.539235086973662, 3.456717440138287 ] } },
{ "type": "Feature", "properties": { "OBJECTID": 17492, "CE": "Traslape propio", "CT": "", "ESTAMPA_CC": "2026-05-26 14:46:01" }, "geometry": { "type": "Point", "coordinates": [ -76.558103138356358, 3.433669948472842 ] } },
{ "type": "Feature", "properties": { "OBJECTID": 17493, "CE": "NPN Manzana -> Terreno", "CT": "", "ESTAMPA_CC": "2026-05-26 14:46:01" }, "geometry": { "type": "Point", "coordinates": [ -76.539797746784899, 3.455673935656161 ] } },
{ "type": "Feature", "properties": { "OBJECTID": 17494, "CE": "NPN Manzana -> Terreno", "CT": "", "ESTAMPA_CC": "2026-05-26 14:46:01" }, "geometry": { "type": "Point", "coordinates": [ -76.543281201551537, 3.455449843741983 ] } },
{ "type": "Feature", "properties": { "OBJECTID": 17495, "CE": "Traslape propio", "CT": "", "ESTAMPA_CC": "2026-05-26 14:46:01" }, "geometry": { "type": "Point", "coordinates": [ -76.545664546883174, 3.356621403380435 ] } },
{ "type": "Feature", "properties": { "OBJECTID": 17496, "CE": "Traslape propio", "CT": "", "ESTAMPA_CC": "2026-05-26 14:46:01" }, "geometry": { "type": "Point", "coordinates": [ -76.54601806015161, 3.357131530292403 ] } },
{ "type": "Feature", "properties": { "OBJECTID": 17497, "CE": "Traslape propio", "CT": "", "ESTAMPA_CC": "2026-05-26 14:46:01" }, "geometry": { "type": "Point", "coordinates": [ -76.563641170569767, 3.348002312806742 ] } },
{ "type": "Feature", "properties": { "OBJECTID": 17498, "CE": "Traslape propio", "CT": "", "ESTAMPA_CC": "2026-05-26 14:46:01" }, "geometry": { "type": "Point", "coordinates": [ -76.551255676643223, 3.34708628126219 ] } },
{ "type": "Feature", "properties": { "OBJECTID": 17499, "CE": "Traslape propio; NPN Manzana -> Terreno", "CT": "", "ESTAMPA_CC": "2026-05-26 14:46:01" }, "geometry": { "type": "Point", "coordinates": [ -76.507895686142717, 3.366234888310737 ] } },
{ "type": "Feature", "properties": { "OBJECTID": 17500, "CE": "NPN Manzana -> Terreno", "CT": "", "ESTAMPA_CC": "2026-05-26 14:46:01" }, "geometry": { "type": "Point", "coordinates": [ -76.562763199498818, 3.42485902401375 ] } },
{ "type": "Feature", "properties": { "OBJECTID": 17501, "CE": "Traslape propio", "CT": "", "ESTAMPA_CC": "2026-05-26 14:46:01" }, "geometry": { "type": "Point", "coordinates": [ -76.555609577462974, 3.348022797708259 ] } },
{ "type": "Feature", "properties": { "OBJECTID": 17502, "CE": "NPN Manzana -> Terreno", "CT": "", "ESTAMPA_CC": "2026-05-26 14:46:01" }, "geometry": { "type": "Point", "coordinates": [ -76.562800387753754, 3.424415711400311 ] } },
{ "type": "Feature", "properties": { "OBJECTID": 17503, "CE": "Traslape propio", "CT": "", "ESTAMPA_CC": "2026-05-26 14:46:01" }, "geometry": { "type": "Point", "coordinates": [ -76.544805931461582, 3.324969149492536 ] } },
{ "type": "Feature", "properties": { "OBJECTID": 17504, "CE": "NPN Manzana -> Terreno", "CT": "", "ESTAMPA_CC": "2026-05-26 14:46:01" }, "geometry": { "type": "Point", "coordinates": [ -76.562889116127209, 3.424597745668632 ] } },
{ "type": "Feature", "properties": { "OBJECTID": 17506, "CE": "Traslape propio", "CT": "", "ESTAMPA_CC": "2026-05-26 14:46:01" }, "geometry": { "type": "Point", "coordinates": [ -76.552330061093983, 3.347107262928177 ] } },
{ "type": "Feature", "properties": { "OBJECTID": 17508, "CE": "Traslape propio; NPN Manzana -> Terreno", "CT": "", "ESTAMPA_CC": "2026-05-26 14:46:01" }, "geometry": { "type": "Point", "coordinates": [ -76.556715863495171, 3.428672606455066 ] } },
{ "type": "Feature", "properties": { "OBJECTID": 17509, "CE": "Traslape propio", "CT": "", "ESTAMPA_CC": "2026-05-26 14:46:01" }, "geometry": { "type": "Point", "coordinates": [ -76.554551407221581, 3.350056631661894 ] } },
{ "type": "Feature", "properties": { "OBJECTID": 17511, "CE": "Traslape propio", "CT": "", "ESTAMPA_CC": "2026-05-26 14:46:01" }, "geometry": { "type": "Point", "coordinates": [ -76.55198458247753, 3.347372236276609 ] } },
{ "type": "Feature", "properties": { "OBJECTID": 17512, "CE": "Traslape propio", "CT": "", "ESTAMPA_CC": "2026-05-26 14:46:01" }, "geometry": { "type": "Point", "coordinates": [ -76.553529005839792, 3.347585222874451 ] } },
{ "type": "Feature", "properties": { "OBJECTID": 17513, "CE": "Traslape propio", "CT": "", "ESTAMPA_CC": "2026-05-26 14:46:01" }, "geometry": { "type": "Point", "coordinates": [ -76.507350110478271, 3.379405752168847 ] } },
{ "type": "Feature", "properties": { "OBJECTID": 17515, "CE": "Traslape propio", "CT": "", "ESTAMPA_CC": "2026-05-26 14:46:01" }, "geometry": { "type": "Point", "coordinates": [ -76.552960424683235, 3.359497237862227 ] } },
{ "type": "Feature", "properties": { "OBJECTID": 17516, "CE": "Traslape propio", "CT": "", "ESTAMPA_CC": "2026-05-26 14:46:01" }, "geometry": { "type": "Point", "coordinates": [ -76.507316656863168, 3.380132220063188 ] } },
{ "type": "Feature", "properties": { "OBJECTID": 17518, "CE": "Traslape propio", "CT": "", "ESTAMPA_CC": "2026-05-26 14:46:01" }, "geometry": { "type": "Point", "coordinates": [ -76.507503729712155, 3.38208259041574 ] } },
{ "type": "Feature", "properties": { "OBJECTID": 17523, "CE": "Traslape propio", "CT": "", "ESTAMPA_CC": "2026-05-26 14:46:01" }, "geometry": { "type": "Point", "coordinates": [ -76.555206011413688, 3.349919280972302 ] } },
{ "type": "Feature", "properties": { "OBJECTID": 17524, "CE": "Traslape propio; NPN Manzana -> Terreno", "CT": "", "ESTAMPA_CC": "2026-05-26 14:46:01" }, "geometry": { "type": "Point", "coordinates": [ -76.554549149994799, 3.35351300473224 ] } },
{ "type": "Feature", "properties": { "OBJECTID": 17525, "CE": "Traslape propio", "CT": "", "ESTAMPA_CC": "2026-05-26 14:46:01" }, "geometry": { "type": "Point", "coordinates": [ -76.551934439004015, 3.347585105552809 ] } },
{ "type": "Feature", "properties": { "OBJECTID": 17526, "CE": "NPN Manzana -> Terreno", "CT": "", "ESTAMPA_CC": "2026-05-26 14:46:01" }, "geometry": { "type": "Point", "coordinates": [ -76.562680873073248, 3.390050522027736 ] } },
{ "type": "Feature", "properties": { "OBJECTID": 17528, "CE": "Traslape propio", "CT": "", "ESTAMPA_CC": "2026-05-26 14:46:01" }, "geometry": { "type": "Point", "coordinates": [ -76.546429519717535, 3.357146353186471 ] } },
{ "type": "Feature", "properties": { "OBJECTID": 17529, "CE": "Traslape propio", "CT": "", "ESTAMPA_CC": "2026-05-26 14:46:01" }, "geometry": { "type": "Point", "coordinates": [ -76.545963715616239, 3.356615609034779 ] } },
{ "type": "Feature", "properties": { "OBJECTID": 17530, "CE": "Traslape propio", "CT": "", "ESTAMPA_CC": "2026-05-26 14:46:01" }, "geometry": { "type": "Point", "coordinates": [ -76.545572390069324, 3.357689411765608 ] } },
{ "type": "Feature", "properties": { "OBJECTID": 17531, "CE": "Traslape propio", "CT": "", "ESTAMPA_CC": "2026-05-26 14:46:01" }, "geometry": { "type": "Point", "coordinates": [ -76.55503653410446, 3.356916666888654 ] } },
{ "type": "Feature", "properties": { "OBJECTID": 17532, "CE": "Traslape propio", "CT": "", "ESTAMPA_CC": "2026-05-26 14:46:01" }, "geometry": { "type": "Point", "coordinates": [ -76.546261499242462, 3.356600252328431 ] } }
]
}
