{
"type": "FeatureCollection",
"name": "map_r_unidad",
"crs": { "type": "name", "properties": { "name": "urn:ogc:def:crs:OGC:1.3:CRS84" } },
"features": [
{ "type": "Feature", "properties": { "OBJECTID": 36, "CE": "NPN Terreno -> Unidad", "CT": "", "ESTAMPA_CC": "2026-05-26 14:46:02" }, "geometry": { "type": "Point", "coordinates": [ -76.50889659029103, 3.379143221607994 ] } },
{ "type": "Feature", "properties": { "OBJECTID": 104, "CE": "", "CT": "Llave IDPREDIO", "ESTAMPA_CC": "2026-05-26 14:46:02" }, "geometry": { "type": "Point", "coordinates": [ -76.520614847514011, 3.355422803288024 ] } },
{ "type": "Feature", "properties": { "OBJECTID": 105, "CE": "", "CT": "Llave IDPREDIO", "ESTAMPA_CC": "2026-05-26 14:46:02" }, "geometry": { "type": "Point", "coordinates": [ -76.520614847633709, 3.355552312354559 ] } },
{ "type": "Feature", "properties": { "OBJECTID": 135, "CE": "NPN Terreno -> Unidad", "CT": "", "ESTAMPA_CC": "2026-05-26 14:46:02" }, "geometry": { "type": "Point", "coordinates": [ -76.51099417280038, 3.384121934478821 ] } },
{ "type": "Feature", "properties": { "OBJECTID": 141, "CE": "", "CT": "Llave IDPREDIO", "ESTAMPA_CC": "2026-05-26 14:46:02" }, "geometry": { "type": "Point", "coordinates": [ -76.520614847631109, 3.355503506221558 ] } },
{ "type": "Feature", "properties": { "OBJECTID": 142, "CE": "", "CT": "Llave IDPREDIO", "ESTAMPA_CC": "2026-05-26 14:46:02" }, "geometry": { "type": "Point", "coordinates": [ -76.520614848186796, 3.355379287594265 ] } },
{ "type": "Feature", "properties": { "OBJECTID": 163, "CE": "", "CT": "Llave IDPREDIO", "ESTAMPA_CC": "2026-05-26 14:46:02" }, "geometry": { "type": "Point", "coordinates": [ -76.520614847633709, 3.355552312354559 ] } },
{ "type": "Feature", "properties": { "OBJECTID": 182, "CE": "", "CT": "Llave IDPREDIO", "ESTAMPA_CC": "2026-05-26 14:46:02" }, "geometry": { "type": "Point", "coordinates": [ -76.520715614987395, 3.355428339205042 ] } },
{ "type": "Feature", "properties": { "OBJECTID": 197, "CE": "NPN Terreno -> Unidad", "CT": "", "ESTAMPA_CC": "2026-05-26 14:46:02" }, "geometry": { "type": "Point", "coordinates": [ -76.508821781550068, 3.379136838884564 ] } },
{ "type": "Feature", "properties": { "OBJECTID": 217, "CE": "", "CT": "Manzana/Vereda", "ESTAMPA_CC": "2026-05-26 14:46:02" }, "geometry": { "type": "Point", "coordinates": [ -76.505725112365397, 3.374519154872228 ] } },
{ "type": "Feature", "properties": { "OBJECTID": 218, "CE": "", "CT": "Manzana/Vereda", "ESTAMPA_CC": "2026-05-26 14:46:02" }, "geometry": { "type": "Point", "coordinates": [ -76.505755545570295, 3.374604812811986 ] } },
{ "type": "Feature", "properties": { "OBJECTID": 219, "CE": "", "CT": "Manzana/Vereda", "ESTAMPA_CC": "2026-05-26 14:46:02" }, "geometry": { "type": "Point", "coordinates": [ -76.50582854996, 3.374480744512253 ] } },
{ "type": "Feature", "properties": { "OBJECTID": 220, "CE": "", "CT": "Manzana/Vereda", "ESTAMPA_CC": "2026-05-26 14:46:02" }, "geometry": { "type": "Point", "coordinates": [ -76.505725112365397, 3.374519154872228 ] } },
{ "type": "Feature", "properties": { "OBJECTID": 222, "CE": "", "CT": "Manzana/Vereda", "ESTAMPA_CC": "2026-05-26 14:46:02" }, "geometry": { "type": "Point", "coordinates": [ -76.50582854996, 3.374480744512253 ] } },
{ "type": "Feature", "properties": { "OBJECTID": 227, "CE": "", "CT": "Llave IDPREDIO", "ESTAMPA_CC": "2026-05-26 14:46:02" }, "geometry": { "type": "Point", "coordinates": [ -76.520614847629957, 3.355481805564952 ] } },
{ "type": "Feature", "properties": { "OBJECTID": 228, "CE": "", "CT": "Llave IDPREDIO", "ESTAMPA_CC": "2026-05-26 14:46:02" }, "geometry": { "type": "Point", "coordinates": [ -76.520715614774176, 3.35550350575856 ] } },
{ "type": "Feature", "properties": { "OBJECTID": 229, "CE": "", "CT": "Llave IDPREDIO", "ESTAMPA_CC": "2026-05-26 14:46:02" }, "geometry": { "type": "Point", "coordinates": [ -76.520715615202192, 3.355363006665744 ] } },
{ "type": "Feature", "properties": { "OBJECTID": 232, "CE": "", "CT": "Llave IDPREDIO", "ESTAMPA_CC": "2026-05-26 14:46:02" }, "geometry": { "type": "Point", "coordinates": [ -76.520715615234153, 3.35556860772838 ] } },
{ "type": "Feature", "properties": { "OBJECTID": 240, "CE": "", "CT": "Llave IDPREDIO", "ESTAMPA_CC": "2026-05-26 14:46:02" }, "geometry": { "type": "Point", "coordinates": [ -76.520715614780926, 3.35554690616758 ] } },
{ "type": "Feature", "properties": { "OBJECTID": 241, "CE": "", "CT": "Llave IDPREDIO", "ESTAMPA_CC": "2026-05-26 14:46:02" }, "geometry": { "type": "Point", "coordinates": [ -76.520614839748362, 3.355341084040407 ] } },
{ "type": "Feature", "properties": { "OBJECTID": 242, "CE": "", "CT": "Llave IDPREDIO", "ESTAMPA_CC": "2026-05-26 14:46:02" }, "geometry": { "type": "Point", "coordinates": [ -76.520614847634576, 3.355568587847014 ] } },
{ "type": "Feature", "properties": { "OBJECTID": 243, "CE": "", "CT": "Llave IDPREDIO", "ESTAMPA_CC": "2026-05-26 14:46:02" }, "geometry": { "type": "Point", "coordinates": [ -76.520614847641426, 3.355697522750341 ] } },
{ "type": "Feature", "properties": { "OBJECTID": 244, "CE": "", "CT": "Llave IDPREDIO", "ESTAMPA_CC": "2026-05-26 14:46:02" }, "geometry": { "type": "Point", "coordinates": [ -76.520614847523476, 3.355594346978503 ] } },
{ "type": "Feature", "properties": { "OBJECTID": 245, "CE": "", "CT": "Llave IDPREDIO", "ESTAMPA_CC": "2026-05-26 14:46:02" }, "geometry": { "type": "Point", "coordinates": [ -76.520614847636736, 3.355609256233786 ] } },
{ "type": "Feature", "properties": { "OBJECTID": 246, "CE": "", "CT": "Llave IDPREDIO", "ESTAMPA_CC": "2026-05-26 14:46:02" }, "geometry": { "type": "Point", "coordinates": [ -76.520715614790632, 3.355609296459519 ] } },
{ "type": "Feature", "properties": { "OBJECTID": 247, "CE": "", "CT": "Llave IDPREDIO", "ESTAMPA_CC": "2026-05-26 14:46:02" }, "geometry": { "type": "Point", "coordinates": [ -76.520715615234153, 3.35556860772838 ] } },
{ "type": "Feature", "properties": { "OBJECTID": 248, "CE": "", "CT": "Llave IDPREDIO", "ESTAMPA_CC": "2026-05-26 14:46:02" }, "geometry": { "type": "Point", "coordinates": [ -76.520614848186796, 3.355379287594265 ] } },
{ "type": "Feature", "properties": { "OBJECTID": 249, "CE": "", "CT": "Llave IDPREDIO", "ESTAMPA_CC": "2026-05-26 14:46:02" }, "geometry": { "type": "Point", "coordinates": [ -76.520614847514011, 3.355422803288024 ] } },
{ "type": "Feature", "properties": { "OBJECTID": 250, "CE": "", "CT": "Llave IDPREDIO", "ESTAMPA_CC": "2026-05-26 14:46:02" }, "geometry": { "type": "Point", "coordinates": [ -76.520715615234153, 3.35556860772838 ] } },
{ "type": "Feature", "properties": { "OBJECTID": 251, "CE": "", "CT": "Llave IDPREDIO", "ESTAMPA_CC": "2026-05-26 14:46:02" }, "geometry": { "type": "Point", "coordinates": [ -76.520715615648541, 3.355341080412728 ] } },
{ "type": "Feature", "properties": { "OBJECTID": 252, "CE": "", "CT": "Llave IDPREDIO", "ESTAMPA_CC": "2026-05-26 14:46:02" }, "geometry": { "type": "Point", "coordinates": [ -76.520614846504245, 3.355459878859838 ] } },
{ "type": "Feature", "properties": { "OBJECTID": 253, "CE": "", "CT": "Llave IDPREDIO", "ESTAMPA_CC": "2026-05-26 14:46:02" }, "geometry": { "type": "Point", "coordinates": [ -76.520614847631109, 3.355503506221558 ] } },
{ "type": "Feature", "properties": { "OBJECTID": 293, "CE": "NPN Terreno -> Unidad", "CT": "", "ESTAMPA_CC": "2026-05-26 14:46:02" }, "geometry": { "type": "Point", "coordinates": [ -76.51099417280038, 3.384121934478821 ] } },
{ "type": "Feature", "properties": { "OBJECTID": 329, "CE": "", "CT": "Llave IDPREDIO", "ESTAMPA_CC": "2026-05-26 14:46:02" }, "geometry": { "type": "Point", "coordinates": [ -76.520614846504245, 3.355459878859838 ] } },
{ "type": "Feature", "properties": { "OBJECTID": 366, "CE": "NPN Terreno -> Unidad", "CT": "", "ESTAMPA_CC": "2026-05-26 14:46:02" }, "geometry": { "type": "Point", "coordinates": [ -76.50889659029103, 3.379143221607994 ] } },
{ "type": "Feature", "properties": { "OBJECTID": 372, "CE": "NPN Terreno -> Unidad", "CT": "", "ESTAMPA_CC": "2026-05-26 14:46:02" }, "geometry": { "type": "Point", "coordinates": [ -76.511069215510162, 3.384129012810741 ] } },
{ "type": "Feature", "properties": { "OBJECTID": 440, "CE": "", "CT": "Llave IDPREDIO", "ESTAMPA_CC": "2026-05-26 14:46:02" }, "geometry": { "type": "Point", "coordinates": [ -76.520614847409647, 3.355568587847014 ] } },
{ "type": "Feature", "properties": { "OBJECTID": 461, "CE": "", "CT": "Llave IDPREDIO", "ESTAMPA_CC": "2026-05-26 14:46:02" }, "geometry": { "type": "Point", "coordinates": [ -76.520614847640275, 3.355675822093735 ] } },
{ "type": "Feature", "properties": { "OBJECTID": 528, "CE": "", "CT": "Llave IDPREDIO", "ESTAMPA_CC": "2026-05-26 14:46:02" }, "geometry": { "type": "Point", "coordinates": [ -76.520614846502326, 3.355428340572235 ] } },
{ "type": "Feature", "properties": { "OBJECTID": 541, "CE": "NPN Terreno -> Unidad", "CT": "", "ESTAMPA_CC": "2026-05-26 14:46:02" }, "geometry": { "type": "Point", "coordinates": [ -76.511075476861436, 3.381507914888176 ] } },
{ "type": "Feature", "properties": { "OBJECTID": 546, "CE": "", "CT": "Llave IDPREDIO", "ESTAMPA_CC": "2026-05-26 14:46:02" }, "geometry": { "type": "Point", "coordinates": [ -76.520614847641426, 3.355697522750341 ] } },
{ "type": "Feature", "properties": { "OBJECTID": 547, "CE": "", "CT": "Llave IDPREDIO", "ESTAMPA_CC": "2026-05-26 14:46:02" }, "geometry": { "type": "Point", "coordinates": [ -76.520715614796828, 3.355649080996631 ] } },
{ "type": "Feature", "properties": { "OBJECTID": 569, "CE": "NPN Terreno -> Unidad", "CT": "", "ESTAMPA_CC": "2026-05-26 14:46:02" }, "geometry": { "type": "Point", "coordinates": [ -76.510997870615569, 3.384051064240462 ] } },
{ "type": "Feature", "properties": { "OBJECTID": 620, "CE": "Error de área; NPN Terreno -> Unidad", "CT": "", "ESTAMPA_CC": "2026-05-26 14:46:02" }, "geometry": null },
{ "type": "Feature", "properties": { "OBJECTID": 652, "CE": "", "CT": "Llave IDPREDIO", "ESTAMPA_CC": "2026-05-26 14:46:02" }, "geometry": { "type": "Point", "coordinates": [ -76.520614847640275, 3.355675822093735 ] } },
{ "type": "Feature", "properties": { "OBJECTID": 663, "CE": "Error de área; NPN Terreno -> Unidad", "CT": "", "ESTAMPA_CC": "2026-05-26 14:46:02" }, "geometry": null },
{ "type": "Feature", "properties": { "OBJECTID": 666, "CE": "NPN Terreno -> Unidad", "CT": "", "ESTAMPA_CC": "2026-05-26 14:46:02" }, "geometry": { "type": "Point", "coordinates": [ -76.50889659029103, 3.379143221607994 ] } },
{ "type": "Feature", "properties": { "OBJECTID": 687, "CE": "", "CT": "Llave IDPREDIO", "ESTAMPA_CC": "2026-05-26 14:46:02" }, "geometry": { "type": "Point", "coordinates": [ -76.520614847637788, 3.355629148502343 ] } },
{ "type": "Feature", "properties": { "OBJECTID": 688, "CE": "", "CT": "Llave IDPREDIO", "ESTAMPA_CC": "2026-05-26 14:46:02" }, "geometry": { "type": "Point", "coordinates": [ -76.520715614777544, 3.355525205963068 ] } },
{ "type": "Feature", "properties": { "OBJECTID": 719, "CE": "Error de área; NPN Terreno -> Unidad", "CT": "", "ESTAMPA_CC": "2026-05-26 14:46:02" }, "geometry": null },
{ "type": "Feature", "properties": { "OBJECTID": 739, "CE": "", "CT": "Llave IDPREDIO", "ESTAMPA_CC": "2026-05-26 14:46:02" }, "geometry": { "type": "Point", "coordinates": [ -76.52061484729802, 3.355584421188591 ] } },
{ "type": "Feature", "properties": { "OBJECTID": 740, "CE": "", "CT": "Llave IDPREDIO", "ESTAMPA_CC": "2026-05-26 14:46:02" }, "geometry": { "type": "Point", "coordinates": [ -76.520614847636736, 3.355609256233786 ] } },
{ "type": "Feature", "properties": { "OBJECTID": 783, "CE": "NPN Terreno -> Unidad", "CT": "", "ESTAMPA_CC": "2026-05-26 14:46:02" }, "geometry": { "type": "Point", "coordinates": [ -76.511075476861436, 3.381507914888176 ] } },
{ "type": "Feature", "properties": { "OBJECTID": 807, "CE": "Error de área; NPN Terreno -> Unidad", "CT": "", "ESTAMPA_CC": "2026-05-26 14:46:02" }, "geometry": null },
{ "type": "Feature", "properties": { "OBJECTID": 819, "CE": "", "CT": "Llave IDPREDIO", "ESTAMPA_CC": "2026-05-26 14:46:02" }, "geometry": { "type": "Point", "coordinates": [ -76.520715614987395, 3.355428339205042 ] } },
{ "type": "Feature", "properties": { "OBJECTID": 938, "CE": "NPN Terreno -> Unidad", "CT": "Llave IDPREDIO", "ESTAMPA_CC": "2026-05-26 14:46:02" }, "geometry": { "type": "Point", "coordinates": [ -76.517031945168085, 3.358839496389895 ] } },
{ "type": "Feature", "properties": { "OBJECTID": 951, "CE": "", "CT": "Llave IDPREDIO", "ESTAMPA_CC": "2026-05-26 14:46:02" }, "geometry": { "type": "Point", "coordinates": [ -76.52071561479373, 3.355629188728074 ] } },
{ "type": "Feature", "properties": { "OBJECTID": 977, "CE": "Error de área; NPN Terreno -> Unidad", "CT": "", "ESTAMPA_CC": "2026-05-26 14:46:02" }, "geometry": null },
{ "type": "Feature", "properties": { "OBJECTID": 999, "CE": "", "CT": "Llave IDPREDIO", "ESTAMPA_CC": "2026-05-26 14:46:02" }, "geometry": { "type": "Point", "coordinates": [ -76.51675257525639, 3.356434827919606 ] } },
{ "type": "Feature", "properties": { "OBJECTID": 1027, "CE": "NPN Terreno -> Unidad", "CT": "Llave IDPREDIO", "ESTAMPA_CC": "2026-05-26 14:46:02" }, "geometry": { "type": "Point", "coordinates": [ -76.51678978703832, 3.359349205906189 ] } },
{ "type": "Feature", "properties": { "OBJECTID": 1047, "CE": "", "CT": "Llave IDPREDIO", "ESTAMPA_CC": "2026-05-26 14:46:02" }, "geometry": { "type": "Point", "coordinates": [ -76.520715615662226, 3.355428339657139 ] } },
{ "type": "Feature", "properties": { "OBJECTID": 1048, "CE": "", "CT": "Llave IDPREDIO", "ESTAMPA_CC": "2026-05-26 14:46:02" }, "geometry": { "type": "Point", "coordinates": [ -76.520614847638996, 3.35565154538835 ] } },
{ "type": "Feature", "properties": { "OBJECTID": 1062, "CE": "Duplicado", "CT": "Llave IDPREDIO", "ESTAMPA_CC": "2026-05-26 14:46:02" }, "geometry": { "type": "Point", "coordinates": [ -76.520715614854538, 3.356019867909456 ] } },
{ "type": "Feature", "properties": { "OBJECTID": 1069, "CE": "", "CT": "Llave IDPREDIO", "ESTAMPA_CC": "2026-05-26 14:46:02" }, "geometry": { "type": "Point", "coordinates": [ -76.517675430662095, 3.358925170044149 ] } },
{ "type": "Feature", "properties": { "OBJECTID": 1191, "CE": "NPN Terreno -> Unidad", "CT": "Llave IDPREDIO", "ESTAMPA_CC": "2026-05-26 14:46:02" }, "geometry": { "type": "Point", "coordinates": [ -76.517555936514313, 3.358914416545864 ] } },
{ "type": "Feature", "properties": { "OBJECTID": 1204, "CE": "", "CT": "Llave IDPREDIO", "ESTAMPA_CC": "2026-05-26 14:46:02" }, "geometry": { "type": "Point", "coordinates": [ -76.516608597597525, 3.35894503179598 ] } },
{ "type": "Feature", "properties": { "OBJECTID": 1205, "CE": "", "CT": "Llave IDPREDIO", "ESTAMPA_CC": "2026-05-26 14:46:02" }, "geometry": { "type": "Point", "coordinates": [ -76.520715614305843, 3.355384711391225 ] } },
{ "type": "Feature", "properties": { "OBJECTID": 1234, "CE": "", "CT": "Llave IDPREDIO", "ESTAMPA_CC": "2026-05-26 14:46:02" }, "geometry": { "type": "Point", "coordinates": [ -76.520715614780926, 3.355546906619676 ] } },
{ "type": "Feature", "properties": { "OBJECTID": 1268, "CE": "", "CT": "Llave IDPREDIO", "ESTAMPA_CC": "2026-05-26 14:46:02" }, "geometry": { "type": "Point", "coordinates": [ -76.520715615202192, 3.355363006665744 ] } },
{ "type": "Feature", "properties": { "OBJECTID": 1321, "CE": "NPN Terreno -> Unidad", "CT": "", "ESTAMPA_CC": "2026-05-26 14:46:02" }, "geometry": { "type": "Point", "coordinates": [ -76.50889659029103, 3.379143221607994 ] } },
{ "type": "Feature", "properties": { "OBJECTID": 1332, "CE": "NPN Terreno -> Unidad", "CT": "Llave IDPREDIO", "ESTAMPA_CC": "2026-05-26 14:46:02" }, "geometry": { "type": "Point", "coordinates": [ -76.516819957855944, 3.358826776732769 ] } },
{ "type": "Feature", "properties": { "OBJECTID": 1348, "CE": "", "CT": "Número Piso; Llave IDPREDIO", "ESTAMPA_CC": "2026-05-26 14:46:02" }, "geometry": { "type": "Point", "coordinates": [ -76.521224700057203, 3.355543145406065 ] } },
{ "type": "Feature", "properties": { "OBJECTID": 1487, "CE": "", "CT": "Llave IDPREDIO", "ESTAMPA_CC": "2026-05-26 14:46:02" }, "geometry": { "type": "Point", "coordinates": [ -76.517467888649421, 3.359454822741416 ] } },
{ "type": "Feature", "properties": { "OBJECTID": 1521, "CE": "", "CT": "Llave IDPREDIO", "ESTAMPA_CC": "2026-05-26 14:46:02" }, "geometry": { "type": "Point", "coordinates": [ -76.520614848055132, 3.355362127347957 ] } },
{ "type": "Feature", "properties": { "OBJECTID": 1522, "CE": "", "CT": "Llave IDPREDIO", "ESTAMPA_CC": "2026-05-26 14:46:02" }, "geometry": { "type": "Point", "coordinates": [ -76.520614847629957, 3.355481805564952 ] } },
{ "type": "Feature", "properties": { "OBJECTID": 1633, "CE": "NPN Terreno -> Unidad", "CT": "Llave IDPREDIO", "ESTAMPA_CC": "2026-05-26 14:46:02" }, "geometry": { "type": "Point", "coordinates": [ -76.516694298998658, 3.35934821814212 ] } },
{ "type": "Feature", "properties": { "OBJECTID": 1641, "CE": "", "CT": "Llave IDPREDIO", "ESTAMPA_CC": "2026-05-26 14:46:02" }, "geometry": { "type": "Point", "coordinates": [ -76.517556734215034, 3.358847439280159 ] } },
{ "type": "Feature", "properties": { "OBJECTID": 1642, "CE": "", "CT": "Llave IDPREDIO", "ESTAMPA_CC": "2026-05-26 14:46:02" }, "geometry": { "type": "Point", "coordinates": [ -76.520715614777544, 3.355525205963068 ] } },
{ "type": "Feature", "properties": { "OBJECTID": 1652, "CE": "", "CT": "Llave IDPREDIO", "ESTAMPA_CC": "2026-05-26 14:46:02" }, "geometry": { "type": "Point", "coordinates": [ -76.520614848055132, 3.355362127347957 ] } },
{ "type": "Feature", "properties": { "OBJECTID": 1653, "CE": "", "CT": "Llave IDPREDIO", "ESTAMPA_CC": "2026-05-26 14:46:02" }, "geometry": { "type": "Point", "coordinates": [ -76.520614847629957, 3.355481805564952 ] } },
{ "type": "Feature", "properties": { "OBJECTID": 1654, "CE": "", "CT": "Llave IDPREDIO", "ESTAMPA_CC": "2026-05-26 14:46:02" }, "geometry": { "type": "Point", "coordinates": [ -76.52061484763226, 3.355525206878164 ] } },
{ "type": "Feature", "properties": { "OBJECTID": 1655, "CE": "", "CT": "Llave IDPREDIO", "ESTAMPA_CC": "2026-05-26 14:46:02" }, "geometry": { "type": "Point", "coordinates": [ -76.520614847644822, 3.355761268429124 ] } },
{ "type": "Feature", "properties": { "OBJECTID": 1658, "CE": "", "CT": "Llave IDPREDIO", "ESTAMPA_CC": "2026-05-26 14:46:02" }, "geometry": { "type": "Point", "coordinates": [ -76.520614847634576, 3.355568587847014 ] } },
{ "type": "Feature", "properties": { "OBJECTID": 1659, "CE": "", "CT": "Llave IDPREDIO", "ESTAMPA_CC": "2026-05-26 14:46:02" }, "geometry": { "type": "Point", "coordinates": [ -76.520614847642534, 3.355718319212923 ] } },
{ "type": "Feature", "properties": { "OBJECTID": 1660, "CE": "Duplicado", "CT": "Llave IDPREDIO", "ESTAMPA_CC": "2026-05-26 14:46:02" }, "geometry": { "type": "Point", "coordinates": [ -76.520715614854538, 3.356019867909456 ] } },
{ "type": "Feature", "properties": { "OBJECTID": 1667, "CE": "NPN Terreno -> Unidad", "CT": "Llave IDPREDIO", "ESTAMPA_CC": "2026-05-26 14:46:02" }, "geometry": { "type": "Point", "coordinates": [ -76.516998287803986, 3.359427358913901 ] } },
{ "type": "Feature", "properties": { "OBJECTID": 1687, "CE": "", "CT": "Llave IDPREDIO", "ESTAMPA_CC": "2026-05-26 14:46:02" }, "geometry": { "type": "Point", "coordinates": [ -76.520715614790632, 3.355609296459519 ] } },
{ "type": "Feature", "properties": { "OBJECTID": 1688, "CE": "", "CT": "Llave IDPREDIO", "ESTAMPA_CC": "2026-05-26 14:46:02" }, "geometry": { "type": "Point", "coordinates": [ -76.520715614777544, 3.355525205963068 ] } },
{ "type": "Feature", "properties": { "OBJECTID": 1749, "CE": "", "CT": "Llave IDPREDIO", "ESTAMPA_CC": "2026-05-26 14:46:02" }, "geometry": { "type": "Point", "coordinates": [ -76.520715614084281, 3.355406412047832 ] } },
{ "type": "Feature", "properties": { "OBJECTID": 1750, "CE": "", "CT": "Llave IDPREDIO", "ESTAMPA_CC": "2026-05-26 14:46:02" }, "geometry": { "type": "Point", "coordinates": [ -76.520715614305871, 3.355384711391225 ] } },
{ "type": "Feature", "properties": { "OBJECTID": 1753, "CE": "NPN Terreno -> Unidad", "CT": "", "ESTAMPA_CC": "2026-05-26 14:46:02" }, "geometry": { "type": "Point", "coordinates": [ -76.508817610047728, 3.37921761952721 ] } },
{ "type": "Feature", "properties": { "OBJECTID": 1797, "CE": "NPN Terreno -> Unidad", "CT": "Llave IDPREDIO", "ESTAMPA_CC": "2026-05-26 14:46:02" }, "geometry": { "type": "Point", "coordinates": [ -76.516818189717128, 3.358893757610807 ] } },
{ "type": "Feature", "properties": { "OBJECTID": 1873, "CE": "", "CT": "Llave IDPREDIO", "ESTAMPA_CC": "2026-05-26 14:46:02" }, "geometry": { "type": "Point", "coordinates": [ -76.520715614305871, 3.355384711391225 ] } },
{ "type": "Feature", "properties": { "OBJECTID": 1874, "CE": "", "CT": "Llave IDPREDIO", "ESTAMPA_CC": "2026-05-26 14:46:02" }, "geometry": { "type": "Point", "coordinates": [ -76.520614839748333, 3.355341084040407 ] } },
{ "type": "Feature", "properties": { "OBJECTID": 1910, "CE": "", "CT": "Llave IDPREDIO", "ESTAMPA_CC": "2026-05-26 14:46:02" }, "geometry": { "type": "Point", "coordinates": [ -76.52061484763226, 3.355525206878164 ] } },
{ "type": "Feature", "properties": { "OBJECTID": 1935, "CE": "", "CT": "Llave IDPREDIO", "ESTAMPA_CC": "2026-05-26 14:46:02" }, "geometry": { "type": "Point", "coordinates": [ -76.520614847638996, 3.35565154538835 ] } },
{ "type": "Feature", "properties": { "OBJECTID": 1936, "CE": "", "CT": "Llave IDPREDIO", "ESTAMPA_CC": "2026-05-26 14:46:02" }, "geometry": { "type": "Point", "coordinates": [ -76.520715614770793, 3.355481805101951 ] } },
{ "type": "Feature", "properties": { "OBJECTID": 1960, "CE": "", "CT": "Llave IDPREDIO", "ESTAMPA_CC": "2026-05-26 14:46:02" }, "geometry": { "type": "Point", "coordinates": [ -76.520614847640275, 3.355675822093735 ] } },
{ "type": "Feature", "properties": { "OBJECTID": 1987, "CE": "", "CT": "Llave IDPREDIO", "ESTAMPA_CC": "2026-05-26 14:46:02" }, "geometry": { "type": "Point", "coordinates": [ -76.516520619576752, 3.359248747033985 ] } },
{ "type": "Feature", "properties": { "OBJECTID": 2012, "CE": "NPN Terreno -> Unidad", "CT": "Llave IDPREDIO", "ESTAMPA_CC": "2026-05-26 14:46:02" }, "geometry": { "type": "Point", "coordinates": [ -76.51758737505024, 3.359465637283854 ] } },
{ "type": "Feature", "properties": { "OBJECTID": 2171, "CE": "NPN Terreno -> Unidad", "CT": "Llave IDPREDIO", "ESTAMPA_CC": "2026-05-26 14:46:02" }, "geometry": { "type": "Point", "coordinates": [ -76.516998287803986, 3.359427358913901 ] } },
{ "type": "Feature", "properties": { "OBJECTID": 2183, "CE": "NPN Terreno -> Unidad", "CT": "", "ESTAMPA_CC": "2026-05-26 14:46:02" }, "geometry": { "type": "Point", "coordinates": [ -76.510997870615569, 3.384051064240462 ] } },
{ "type": "Feature", "properties": { "OBJECTID": 2218, "CE": "", "CT": "Llave IDPREDIO", "ESTAMPA_CC": "2026-05-26 14:46:02" }, "geometry": { "type": "Point", "coordinates": [ -76.520715615202192, 3.355363006665744 ] } },
{ "type": "Feature", "properties": { "OBJECTID": 2254, "CE": "", "CT": "Llave IDPREDIO", "ESTAMPA_CC": "2026-05-26 14:46:02" }, "geometry": { "type": "Point", "coordinates": [ -76.520614847850808, 3.355406412058734 ] } },
{ "type": "Feature", "properties": { "OBJECTID": 2255, "CE": "", "CT": "Llave IDPREDIO", "ESTAMPA_CC": "2026-05-26 14:46:02" }, "geometry": { "type": "Point", "coordinates": [ -76.520715614796828, 3.355649080996631 ] } },
{ "type": "Feature", "properties": { "OBJECTID": 2262, "CE": "Error de área; NPN Terreno -> Unidad", "CT": "", "ESTAMPA_CC": "2026-05-26 14:46:02" }, "geometry": null },
{ "type": "Feature", "properties": { "OBJECTID": 2352, "CE": "", "CT": "Llave IDPREDIO", "ESTAMPA_CC": "2026-05-26 14:46:02" }, "geometry": { "type": "Point", "coordinates": [ -76.520715615237393, 3.355589404190962 ] } },
{ "type": "Feature", "properties": { "OBJECTID": 2372, "CE": "NPN Terreno -> Unidad", "CT": "Llave IDPREDIO", "ESTAMPA_CC": "2026-05-26 14:46:02" }, "geometry": { "type": "Point", "coordinates": [ -76.517031945168085, 3.358839496389895 ] } },
{ "type": "Feature", "properties": { "OBJECTID": 2373, "CE": "", "CT": "Llave IDPREDIO", "ESTAMPA_CC": "2026-05-26 14:46:02" }, "geometry": { "type": "Point", "coordinates": [ -76.516520643318671, 3.358945025096306 ] } },
{ "type": "Feature", "properties": { "OBJECTID": 2385, "CE": "", "CT": "Llave IDPREDIO", "ESTAMPA_CC": "2026-05-26 14:46:02" }, "geometry": { "type": "Point", "coordinates": [ -76.516608597234352, 3.359035300198107 ] } },
{ "type": "Feature", "properties": { "OBJECTID": 2403, "CE": "", "CT": "Llave IDPREDIO", "ESTAMPA_CC": "2026-05-26 14:46:02" }, "geometry": { "type": "Point", "coordinates": [ -76.510730091856146, 3.370159484282141 ] } },
{ "type": "Feature", "properties": { "OBJECTID": 2415, "CE": "NPN Terreno -> Unidad", "CT": "", "ESTAMPA_CC": "2026-05-26 14:46:02" }, "geometry": { "type": "Point", "coordinates": [ -76.51099417280038, 3.384121934478821 ] } },
{ "type": "Feature", "properties": { "OBJECTID": 2445, "CE": "", "CT": "Llave IDPREDIO", "ESTAMPA_CC": "2026-05-26 14:46:02" }, "geometry": { "type": "Point", "coordinates": [ -76.52061484729802, 3.355584421188591 ] } },
{ "type": "Feature", "properties": { "OBJECTID": 2455, "CE": "", "CT": "Número Piso; Llave IDPREDIO", "ESTAMPA_CC": "2026-05-26 14:46:02" }, "geometry": { "type": "Point", "coordinates": [ -76.511535469318119, 3.370160985104355 ] } },
{ "type": "Feature", "properties": { "OBJECTID": 2469, "CE": "NPN Terreno -> Unidad", "CT": "Llave IDPREDIO", "ESTAMPA_CC": "2026-05-26 14:46:02" }, "geometry": { "type": "Point", "coordinates": [ -76.517464194734089, 3.358846276641297 ] } },
{ "type": "Feature", "properties": { "OBJECTID": 2483, "CE": "", "CT": "Número Piso; Llave IDPREDIO", "ESTAMPA_CC": "2026-05-26 14:46:02" }, "geometry": { "type": "Point", "coordinates": [ -76.521131837806522, 3.355543305960726 ] } },
{ "type": "Feature", "properties": { "OBJECTID": 2494, "CE": "", "CT": "Llave IDPREDIO", "ESTAMPA_CC": "2026-05-26 14:46:02" }, "geometry": { "type": "Point", "coordinates": [ -76.511470679351149, 3.370161003022195 ] } },
{ "type": "Feature", "properties": { "OBJECTID": 2532, "CE": "", "CT": "Llave IDPREDIO", "ESTAMPA_CC": "2026-05-26 14:46:02" }, "geometry": { "type": "Point", "coordinates": [ -76.511040145302715, 3.369730984016134 ] } },
{ "type": "Feature", "properties": { "OBJECTID": 2533, "CE": "", "CT": "Llave IDPREDIO", "ESTAMPA_CC": "2026-05-26 14:46:02" }, "geometry": { "type": "Point", "coordinates": [ -76.511040145302715, 3.369730984016134 ] } },
{ "type": "Feature", "properties": { "OBJECTID": 2551, "CE": "", "CT": "Llave IDPREDIO", "ESTAMPA_CC": "2026-05-26 14:46:02" }, "geometry": { "type": "Point", "coordinates": [ -76.511429130513477, 3.369827855047399 ] } },
{ "type": "Feature", "properties": { "OBJECTID": 2574, "CE": "", "CT": "Llave IDPREDIO", "ESTAMPA_CC": "2026-05-26 14:46:02" }, "geometry": { "type": "Point", "coordinates": [ -76.520715615237393, 3.355589404190962 ] } },
{ "type": "Feature", "properties": { "OBJECTID": 2584, "CE": "", "CT": "Llave IDPREDIO", "ESTAMPA_CC": "2026-05-26 14:46:02" }, "geometry": { "type": "Point", "coordinates": [ -76.520614848186796, 3.355379287594265 ] } },
{ "type": "Feature", "properties": { "OBJECTID": 2603, "CE": "", "CT": "Número Piso; Llave IDPREDIO", "ESTAMPA_CC": "2026-05-26 14:46:02" }, "geometry": { "type": "Point", "coordinates": [ -76.511405892330629, 3.3700623846699 ] } },
{ "type": "Feature", "properties": { "OBJECTID": 2631, "CE": "", "CT": "Llave IDPREDIO", "ESTAMPA_CC": "2026-05-26 14:46:02" }, "geometry": { "type": "Point", "coordinates": [ -76.510708498232347, 3.370062358700774 ] } },
{ "type": "Feature", "properties": { "OBJECTID": 2649, "CE": "", "CT": "Llave IDPREDIO", "ESTAMPA_CC": "2026-05-26 14:46:02" }, "geometry": { "type": "Point", "coordinates": [ -76.520614847638996, 3.35565154538835 ] } },
{ "type": "Feature", "properties": { "OBJECTID": 2660, "CE": "", "CT": "Llave IDPREDIO", "ESTAMPA_CC": "2026-05-26 14:46:02" }, "geometry": { "type": "Point", "coordinates": [ -76.511533746500703, 3.369827851979014 ] } },
{ "type": "Feature", "properties": { "OBJECTID": 2669, "CE": "", "CT": "Número Piso; Llave IDPREDIO", "ESTAMPA_CC": "2026-05-26 14:46:02" }, "geometry": { "type": "Point", "coordinates": [ -76.511341102145437, 3.370062379069853 ] } },
{ "type": "Feature", "properties": { "OBJECTID": 2692, "CE": "", "CT": "Llave IDPREDIO", "ESTAMPA_CC": "2026-05-26 14:46:02" }, "geometry": { "type": "Point", "coordinates": [ -76.510773288192226, 3.370062380167377 ] } },
{ "type": "Feature", "properties": { "OBJECTID": 2705, "CE": "", "CT": "Llave IDPREDIO", "ESTAMPA_CC": "2026-05-26 14:46:02" }, "geometry": { "type": "Point", "coordinates": [ -76.517467888649421, 3.359454822741416 ] } },
{ "type": "Feature", "properties": { "OBJECTID": 2707, "CE": "", "CT": "Llave IDPREDIO", "ESTAMPA_CC": "2026-05-26 14:46:02" }, "geometry": { "type": "Point", "coordinates": [ -76.510935531549336, 3.36973536558973 ] } },
{ "type": "Feature", "properties": { "OBJECTID": 2716, "CE": "", "CT": "Llave IDPREDIO", "ESTAMPA_CC": "2026-05-26 14:46:02" }, "geometry": { "type": "Point", "coordinates": [ -76.517468533025124, 3.359387848639964 ] } },
{ "type": "Feature", "properties": { "OBJECTID": 2792, "CE": "NPN Terreno -> Unidad", "CT": "Llave IDPREDIO", "ESTAMPA_CC": "2026-05-26 14:46:02" }, "geometry": { "type": "Point", "coordinates": [ -76.516727343461483, 3.358825093658139 ] } },
{ "type": "Feature", "properties": { "OBJECTID": 2795, "CE": "", "CT": "Llave IDPREDIO", "ESTAMPA_CC": "2026-05-26 14:46:02" }, "geometry": { "type": "Point", "coordinates": [ -76.510828029813013, 3.369727092926812 ] } },
{ "type": "Feature", "properties": { "OBJECTID": 2797, "CE": "", "CT": "Llave IDPREDIO", "ESTAMPA_CC": "2026-05-26 14:46:02" }, "geometry": { "type": "Point", "coordinates": [ -76.511321632461261, 3.369735213452183 ] } },
{ "type": "Feature", "properties": { "OBJECTID": 2812, "CE": "", "CT": "Llave IDPREDIO", "ESTAMPA_CC": "2026-05-26 14:46:02" }, "geometry": { "type": "Point", "coordinates": [ -76.511470682290877, 3.370062388909234 ] } },
{ "type": "Feature", "properties": { "OBJECTID": 2876, "CE": "", "CT": "Llave IDPREDIO", "ESTAMPA_CC": "2026-05-26 14:46:02" }, "geometry": { "type": "Point", "coordinates": [ -76.520614847633141, 3.35554148237062 ] } },
{ "type": "Feature", "properties": { "OBJECTID": 2877, "CE": "", "CT": "Llave IDPREDIO", "ESTAMPA_CC": "2026-05-26 14:46:02" }, "geometry": { "type": "Point", "coordinates": [ -76.520715614807855, 3.355719921433834 ] } },
{ "type": "Feature", "properties": { "OBJECTID": 2924, "CE": "NPN Terreno -> Unidad", "CT": "Llave IDPREDIO", "ESTAMPA_CC": "2026-05-26 14:46:02" }, "geometry": { "type": "Point", "coordinates": [ -76.516727343461483, 3.358825093658139 ] } },
{ "type": "Feature", "properties": { "OBJECTID": 2960, "CE": "", "CT": "Llave IDPREDIO", "ESTAMPA_CC": "2026-05-26 14:46:02" }, "geometry": { "type": "Point", "coordinates": [ -76.511217017759691, 3.369821881686157 ] } },
{ "type": "Feature", "properties": { "OBJECTID": 2975, "CE": "", "CT": "Llave IDPREDIO", "ESTAMPA_CC": "2026-05-26 14:46:02" }, "geometry": { "type": "Point", "coordinates": [ -76.510924461997035, 3.370160952877598 ] } },
{ "type": "Feature", "properties": { "OBJECTID": 2976, "CE": "", "CT": "Llave IDPREDIO", "ESTAMPA_CC": "2026-05-26 14:46:02" }, "geometry": { "type": "Point", "coordinates": [ -76.510816478477622, 3.370159406507838 ] } },
{ "type": "Feature", "properties": { "OBJECTID": 2999, "CE": "", "CT": "Llave IDPREDIO", "ESTAMPA_CC": "2026-05-26 14:46:02" }, "geometry": { "type": "Point", "coordinates": [ -76.516608597597525, 3.35894503179598 ] } },
{ "type": "Feature", "properties": { "OBJECTID": 3028, "CE": "", "CT": "Llave IDPREDIO", "ESTAMPA_CC": "2026-05-26 14:46:02" }, "geometry": { "type": "Point", "coordinates": [ -76.51686019353501, 3.356443934483344 ] } },
{ "type": "Feature", "properties": { "OBJECTID": 3043, "CE": "", "CT": "Llave IDPREDIO", "ESTAMPA_CC": "2026-05-26 14:46:02" }, "geometry": { "type": "Point", "coordinates": [ -76.517768767861597, 3.358859354944444 ] } },
{ "type": "Feature", "properties": { "OBJECTID": 3054, "CE": "", "CT": "Llave IDPREDIO", "ESTAMPA_CC": "2026-05-26 14:46:02" }, "geometry": { "type": "Point", "coordinates": [ -76.511217018659423, 3.369821881686166 ] } },
{ "type": "Feature", "properties": { "OBJECTID": 3063, "CE": "", "CT": "Llave IDPREDIO", "ESTAMPA_CC": "2026-05-26 14:46:02" }, "geometry": { "type": "Point", "coordinates": [ -76.510773288192269, 3.370062378811087 ] } },
{ "type": "Feature", "properties": { "OBJECTID": 3083, "CE": "", "CT": "Llave IDPREDIO", "ESTAMPA_CC": "2026-05-26 14:46:02" }, "geometry": { "type": "Point", "coordinates": [ -76.510825712860026, 3.369727092903056 ] } },
{ "type": "Feature", "properties": { "OBJECTID": 3087, "CE": "", "CT": "Llave IDPREDIO", "ESTAMPA_CC": "2026-05-26 14:46:02" }, "geometry": { "type": "Point", "coordinates": [ -76.510828029730817, 3.369735364493757 ] } },
{ "type": "Feature", "properties": { "OBJECTID": 3114, "CE": "", "CT": "Llave IDPREDIO", "ESTAMPA_CC": "2026-05-26 14:46:02" }, "geometry": { "type": "Point", "coordinates": [ -76.511578662854419, 3.370160966978015 ] } },
{ "type": "Feature", "properties": { "OBJECTID": 3133, "CE": "", "CT": "Llave IDPREDIO", "ESTAMPA_CC": "2026-05-26 14:46:02" }, "geometry": { "type": "Point", "coordinates": [ -76.511035597953352, 3.370062354353235 ] } },
{ "type": "Feature", "properties": { "OBJECTID": 3198, "CE": "", "CT": "Llave IDPREDIO", "ESTAMPA_CC": "2026-05-26 14:46:02" }, "geometry": { "type": "Point", "coordinates": [ -76.520614847637788, 3.355629148502343 ] } },
{ "type": "Feature", "properties": { "OBJECTID": 3202, "CE": "", "CT": "Número Piso; Llave IDPREDIO", "ESTAMPA_CC": "2026-05-26 14:46:02" }, "geometry": { "type": "Point", "coordinates": [ -76.511297909052274, 3.370062349715203 ] } },
{ "type": "Feature", "properties": { "OBJECTID": 3208, "CE": "", "CT": "Llave IDPREDIO", "ESTAMPA_CC": "2026-05-26 14:46:02" }, "geometry": { "type": "Point", "coordinates": [ -76.511535472251083, 3.370062395404633 ] } },
{ "type": "Feature", "properties": { "OBJECTID": 3215, "CE": "", "CT": "Llave IDPREDIO", "ESTAMPA_CC": "2026-05-26 14:46:02" }, "geometry": { "type": "Point", "coordinates": [ -76.516520643318671, 3.358945025096306 ] } },
{ "type": "Feature", "properties": { "OBJECTID": 3233, "CE": "", "CT": "Llave IDPREDIO", "ESTAMPA_CC": "2026-05-26 14:46:02" }, "geometry": { "type": "Point", "coordinates": [ -76.517467888649421, 3.359454822741416 ] } },
{ "type": "Feature", "properties": { "OBJECTID": 3240, "CE": "", "CT": "Número Piso; Llave IDPREDIO", "ESTAMPA_CC": "2026-05-26 14:46:02" }, "geometry": { "type": "Point", "coordinates": [ -76.511449085637452, 3.370062387345915 ] } },
{ "type": "Feature", "properties": { "OBJECTID": 3245, "CE": "NPN Terreno -> Unidad", "CT": "", "ESTAMPA_CC": "2026-05-26 14:46:02" }, "geometry": { "type": "Point", "coordinates": [ -76.511069215510162, 3.384129012810741 ] } },
{ "type": "Feature", "properties": { "OBJECTID": 3247, "CE": "NPN Terreno -> Unidad", "CT": "Llave IDPREDIO", "ESTAMPA_CC": "2026-05-26 14:46:02" }, "geometry": { "type": "Point", "coordinates": [ -76.517675430662095, 3.358925170044149 ] } },
{ "type": "Feature", "properties": { "OBJECTID": 3277, "CE": "", "CT": "Llave IDPREDIO", "ESTAMPA_CC": "2026-05-26 14:46:02" }, "geometry": { "type": "Point", "coordinates": [ -76.511533746950562, 3.369827851979018 ] } },
{ "type": "Feature", "properties": { "OBJECTID": 3305, "CE": "", "CT": "Llave IDPREDIO", "ESTAMPA_CC": "2026-05-26 14:46:02" }, "geometry": { "type": "Point", "coordinates": [ -76.511319502986524, 3.370161038634641 ] } },
{ "type": "Feature", "properties": { "OBJECTID": 3307, "CE": "", "CT": "Llave IDPREDIO", "ESTAMPA_CC": "2026-05-26 14:46:02" }, "geometry": { "type": "Point", "coordinates": [ -76.510723416257946, 3.369727090944405 ] } },
{ "type": "Feature", "properties": { "OBJECTID": 3311, "CE": "", "CT": "Llave IDPREDIO", "ESTAMPA_CC": "2026-05-26 14:46:02" }, "geometry": { "type": "Point", "coordinates": [ -76.517675430662095, 3.358925170044149 ] } },
{ "type": "Feature", "properties": { "OBJECTID": 3326, "CE": "", "CT": "Número Piso; Llave IDPREDIO", "ESTAMPA_CC": "2026-05-26 14:46:02" }, "geometry": { "type": "Point", "coordinates": [ -76.511078788280656, 3.370161010039398 ] } },
{ "type": "Feature", "properties": { "OBJECTID": 3369, "CE": "", "CT": "Llave IDPREDIO", "ESTAMPA_CC": "2026-05-26 14:46:02" }, "geometry": { "type": "Point", "coordinates": [ -76.511384295677232, 3.370062381296719 ] } },
{ "type": "Feature", "properties": { "OBJECTID": 3370, "CE": "", "CT": "Llave IDPREDIO", "ESTAMPA_CC": "2026-05-26 14:46:02" }, "geometry": { "type": "Point", "coordinates": [ -76.511035144659786, 3.370161027686386 ] } },
{ "type": "Feature", "properties": { "OBJECTID": 3386, "CE": "", "CT": "Llave IDPREDIO", "ESTAMPA_CC": "2026-05-26 14:46:02" }, "geometry": { "type": "Point", "coordinates": [ -76.511533743868199, 3.369827852431085 ] } },
{ "type": "Feature", "properties": { "OBJECTID": 3434, "CE": "", "CT": "Llave IDPREDIO", "ESTAMPA_CC": "2026-05-26 14:46:02" }, "geometry": { "type": "Point", "coordinates": [ -76.510730091872247, 3.370160980723254 ] } },
{ "type": "Feature", "properties": { "OBJECTID": 3495, "CE": "", "CT": "Llave IDPREDIO", "ESTAMPA_CC": "2026-05-26 14:46:02" }, "geometry": { "type": "Point", "coordinates": [ -76.510751688751455, 3.370161024800047 ] } },
{ "type": "Feature", "properties": { "OBJECTID": 3498, "CE": "", "CT": "Llave IDPREDIO", "ESTAMPA_CC": "2026-05-26 14:46:02" }, "geometry": { "type": "Point", "coordinates": [ -76.51662311055459, 3.356429407200229 ] } },
{ "type": "Feature", "properties": { "OBJECTID": 3515, "CE": "NPN Terreno -> Unidad", "CT": "", "ESTAMPA_CC": "2026-05-26 14:46:02" }, "geometry": { "type": "Point", "coordinates": [ -76.511073001508436, 3.384056460772084 ] } },
{ "type": "Feature", "properties": { "OBJECTID": 3522, "CE": "", "CT": "Número Piso; Llave IDPREDIO", "ESTAMPA_CC": "2026-05-26 14:46:02" }, "geometry": { "type": "Point", "coordinates": [ -76.511362699023806, 3.370062381087727 ] } },
{ "type": "Feature", "properties": { "OBJECTID": 3557, "CE": "", "CT": "Llave IDPREDIO", "ESTAMPA_CC": "2026-05-26 14:46:02" }, "geometry": { "type": "Point", "coordinates": [ -76.511321632225076, 3.36982183388352 ] } },
{ "type": "Feature", "properties": { "OBJECTID": 3574, "CE": "", "CT": "Llave IDPREDIO", "ESTAMPA_CC": "2026-05-26 14:46:02" }, "geometry": { "type": "Point", "coordinates": [ -76.510825712860026, 3.369727092903056 ] } },
{ "type": "Feature", "properties": { "OBJECTID": 3631, "CE": "", "CT": "Manzana/Vereda", "ESTAMPA_CC": "2026-05-26 14:46:02" }, "geometry": { "type": "Point", "coordinates": [ -76.506040733196528, 3.375149302966066 ] } },
{ "type": "Feature", "properties": { "OBJECTID": 3632, "CE": "", "CT": "Manzana/Vereda", "ESTAMPA_CC": "2026-05-26 14:46:02" }, "geometry": { "type": "Point", "coordinates": [ -76.506001450773979, 3.375289073129067 ] } },
{ "type": "Feature", "properties": { "OBJECTID": 3634, "CE": "", "CT": "Llave IDPREDIO", "ESTAMPA_CC": "2026-05-26 14:46:02" }, "geometry": { "type": "Point", "coordinates": [ -76.51070849251235, 3.370157761568624 ] } },
{ "type": "Feature", "properties": { "OBJECTID": 3639, "CE": "", "CT": "Llave IDPREDIO", "ESTAMPA_CC": "2026-05-26 14:46:02" }, "geometry": { "type": "Point", "coordinates": [ -76.516520620454557, 3.359035321980449 ] } },
{ "type": "Feature", "properties": { "OBJECTID": 3664, "CE": "", "CT": "Llave IDPREDIO", "ESTAMPA_CC": "2026-05-26 14:46:02" }, "geometry": { "type": "Point", "coordinates": [ -76.511429135187967, 3.369730943983902 ] } },
{ "type": "Feature", "properties": { "OBJECTID": 3671, "CE": "", "CT": "Llave IDPREDIO", "ESTAMPA_CC": "2026-05-26 14:46:02" }, "geometry": { "type": "Point", "coordinates": [ -76.511533746500703, 3.369827851979014 ] } },
{ "type": "Feature", "properties": { "OBJECTID": 3672, "CE": "", "CT": "Número Piso; Llave IDPREDIO", "ESTAMPA_CC": "2026-05-26 14:46:02" }, "geometry": { "type": "Point", "coordinates": [ -76.511186771783997, 3.370160974491879 ] } },
{ "type": "Feature", "properties": { "OBJECTID": 3679, "CE": "", "CT": "Llave IDPREDIO", "ESTAMPA_CC": "2026-05-26 14:46:02" }, "geometry": { "type": "Point", "coordinates": [ -76.511040145302715, 3.369730984016134 ] } },
{ "type": "Feature", "properties": { "OBJECTID": 3680, "CE": "", "CT": "Llave IDPREDIO", "ESTAMPA_CC": "2026-05-26 14:46:02" }, "geometry": { "type": "Point", "coordinates": [ -76.511217019026631, 3.36972907430721 ] } },
{ "type": "Feature", "properties": { "OBJECTID": 3693, "CE": "", "CT": "Manzana/Vereda", "ESTAMPA_CC": "2026-05-26 14:46:02" }, "geometry": { "type": "Point", "coordinates": [ -76.506001450773979, 3.375289073129067 ] } },
{ "type": "Feature", "properties": { "OBJECTID": 3694, "CE": "", "CT": "Manzana/Vereda", "ESTAMPA_CC": "2026-05-26 14:46:02" }, "geometry": { "type": "Point", "coordinates": [ -76.506040733196528, 3.375149302966066 ] } },
{ "type": "Feature", "properties": { "OBJECTID": 3695, "CE": "", "CT": "Manzana/Vereda", "ESTAMPA_CC": "2026-05-26 14:46:02" }, "geometry": { "type": "Point", "coordinates": [ -76.506001450773979, 3.375289073129067 ] } },
{ "type": "Feature", "properties": { "OBJECTID": 3700, "CE": "", "CT": "Llave IDPREDIO", "ESTAMPA_CC": "2026-05-26 14:46:02" }, "geometry": { "type": "Point", "coordinates": [ -76.516520619948139, 3.359158451053939 ] } },
{ "type": "Feature", "properties": { "OBJECTID": 3724, "CE": "", "CT": "Llave IDPREDIO", "ESTAMPA_CC": "2026-05-26 14:46:02" }, "geometry": { "type": "Point", "coordinates": [ -76.511533746950562, 3.369827851979018 ] } },
{ "type": "Feature", "properties": { "OBJECTID": 3741, "CE": "", "CT": "Llave IDPREDIO", "ESTAMPA_CC": "2026-05-26 14:46:02" }, "geometry": { "type": "Point", "coordinates": [ -76.516580143227486, 3.356424400950776 ] } },
{ "type": "Feature", "properties": { "OBJECTID": 3743, "CE": "", "CT": "Manzana/Vereda", "ESTAMPA_CC": "2026-05-26 14:46:02" }, "geometry": { "type": "Point", "coordinates": [ -76.505951820300993, 3.375244288992929 ] } },
{ "type": "Feature", "properties": { "OBJECTID": 3744, "CE": "", "CT": "Manzana/Vereda", "ESTAMPA_CC": "2026-05-26 14:46:02" }, "geometry": { "type": "Point", "coordinates": [ -76.506101529222462, 3.375217283913289 ] } },
{ "type": "Feature", "properties": { "OBJECTID": 3745, "CE": "", "CT": "Manzana/Vereda", "ESTAMPA_CC": "2026-05-26 14:46:02" }, "geometry": { "type": "Point", "coordinates": [ -76.506001450773979, 3.375289073129067 ] } },
{ "type": "Feature", "properties": { "OBJECTID": 3746, "CE": "", "CT": "Manzana/Vereda", "ESTAMPA_CC": "2026-05-26 14:46:02" }, "geometry": { "type": "Point", "coordinates": [ -76.505755545570295, 3.374604812811986 ] } },
{ "type": "Feature", "properties": { "OBJECTID": 3753, "CE": "", "CT": "Número Piso; Llave IDPREDIO", "ESTAMPA_CC": "2026-05-26 14:46:02" }, "geometry": { "type": "Point", "coordinates": [ -76.52135306326339, 3.355568213183027 ] } },
{ "type": "Feature", "properties": { "OBJECTID": 3831, "CE": "", "CT": "Llave IDPREDIO", "ESTAMPA_CC": "2026-05-26 14:46:02" }, "geometry": { "type": "Point", "coordinates": [ -76.510816478476869, 3.370159466184643 ] } },
{ "type": "Feature", "properties": { "OBJECTID": 3832, "CE": "", "CT": "Llave IDPREDIO", "ESTAMPA_CC": "2026-05-26 14:46:02" }, "geometry": { "type": "Point", "coordinates": [ -76.511513875597686, 3.370062392486495 ] } },
{ "type": "Feature", "properties": { "OBJECTID": 3879, "CE": "", "CT": "Llave IDPREDIO", "ESTAMPA_CC": "2026-05-26 14:46:02" }, "geometry": { "type": "Point", "coordinates": [ -76.520614847633283, 3.355544194952696 ] } },
{ "type": "Feature", "properties": { "OBJECTID": 3880, "CE": "", "CT": "Llave IDPREDIO", "ESTAMPA_CC": "2026-05-26 14:46:02" }, "geometry": { "type": "Point", "coordinates": [ -76.511429135187967, 3.369730943983902 ] } },
{ "type": "Feature", "properties": { "OBJECTID": 3896, "CE": "Error de área; NPN Terreno -> Unidad", "CT": "", "ESTAMPA_CC": "2026-05-26 14:46:02" }, "geometry": null },
{ "type": "Feature", "properties": { "OBJECTID": 3898, "CE": "", "CT": "Llave IDPREDIO", "ESTAMPA_CC": "2026-05-26 14:46:02" }, "geometry": { "type": "Point", "coordinates": [ -76.516514876014014, 3.356430806889471 ] } },
{ "type": "Feature", "properties": { "OBJECTID": 3903, "CE": "", "CT": "Llave IDPREDIO", "ESTAMPA_CC": "2026-05-26 14:46:02" }, "geometry": { "type": "Point", "coordinates": [ -76.52061484764377, 3.355741376160568 ] } },
{ "type": "Feature", "properties": { "OBJECTID": 3913, "CE": "", "CT": "Llave IDPREDIO", "ESTAMPA_CC": "2026-05-26 14:46:02" }, "geometry": { "type": "Point", "coordinates": [ -76.510967655066139, 3.37016278204744 ] } },
{ "type": "Feature", "properties": { "OBJECTID": 3963, "CE": "", "CT": "Llave IDPREDIO", "ESTAMPA_CC": "2026-05-26 14:46:02" }, "geometry": { "type": "Point", "coordinates": [ -76.5176799107752, 3.359466973063855 ] } },
{ "type": "Feature", "properties": { "OBJECTID": 3970, "CE": "", "CT": "Llave IDPREDIO", "ESTAMPA_CC": "2026-05-26 14:46:02" }, "geometry": { "type": "Point", "coordinates": [ -76.511121981817027, 3.370160992385928 ] } },
{ "type": "Feature", "properties": { "OBJECTID": 3977, "CE": "", "CT": "Llave IDPREDIO", "ESTAMPA_CC": "2026-05-26 14:46:02" }, "geometry": { "type": "Point", "coordinates": [ -76.51083807537465, 3.370160950640555 ] } },
{ "type": "Feature", "properties": { "OBJECTID": 3988, "CE": "", "CT": "Llave IDPREDIO", "ESTAMPA_CC": "2026-05-26 14:46:02" }, "geometry": { "type": "Point", "coordinates": [ -76.511040142065028, 3.369827014394665 ] } },
{ "type": "Feature", "properties": { "OBJECTID": 3996, "CE": "NPN Terreno -> Unidad", "CT": "", "ESTAMPA_CC": "2026-05-26 14:46:02" }, "geometry": { "type": "Point", "coordinates": [ -76.51099417280038, 3.384121934478821 ] } },
{ "type": "Feature", "properties": { "OBJECTID": 4007, "CE": "", "CT": "Llave IDPREDIO", "ESTAMPA_CC": "2026-05-26 14:46:02" }, "geometry": { "type": "Point", "coordinates": [ -76.51098925173892, 3.370160949916226 ] } },
{ "type": "Feature", "properties": { "OBJECTID": 4029, "CE": "NPN Terreno -> Unidad", "CT": "", "ESTAMPA_CC": "2026-05-26 14:46:02" }, "geometry": { "type": "Point", "coordinates": [ -76.508821781550068, 3.379136838884564 ] } },
{ "type": "Feature", "properties": { "OBJECTID": 4079, "CE": "NPN Terreno -> Unidad", "CT": "Llave IDPREDIO", "ESTAMPA_CC": "2026-05-26 14:46:02" }, "geometry": { "type": "Point", "coordinates": [ -76.516726562754272, 3.358892098953231 ] } },
{ "type": "Feature", "properties": { "OBJECTID": 4081, "CE": "", "CT": "Llave IDPREDIO", "ESTAMPA_CC": "2026-05-26 14:46:02" }, "geometry": { "type": "Point", "coordinates": [ -76.517680778562436, 3.359400025636662 ] } },
{ "type": "Feature", "properties": { "OBJECTID": 4094, "CE": "", "CT": "Llave IDPREDIO", "ESTAMPA_CC": "2026-05-26 14:46:02" }, "geometry": { "type": "Point", "coordinates": [ -76.520614847636736, 3.355609256233786 ] } },
{ "type": "Feature", "properties": { "OBJECTID": 4110, "CE": "", "CT": "Llave IDPREDIO", "ESTAMPA_CC": "2026-05-26 14:46:02" }, "geometry": { "type": "Point", "coordinates": [ -76.511229964870665, 3.370160974465278 ] } },
{ "type": "Feature", "properties": { "OBJECTID": 4111, "CE": "", "CT": "Llave IDPREDIO", "ESTAMPA_CC": "2026-05-26 14:46:02" }, "geometry": { "type": "Point", "coordinates": [ -76.511533748743446, 3.369730945888559 ] } },
{ "type": "Feature", "properties": { "OBJECTID": 4117, "CE": "NPN Terreno -> Unidad", "CT": "Llave IDPREDIO", "ESTAMPA_CC": "2026-05-26 14:46:02" }, "geometry": { "type": "Point", "coordinates": [ -76.516726562754272, 3.358892098953231 ] } },
{ "type": "Feature", "properties": { "OBJECTID": 4169, "CE": "", "CT": "Llave IDPREDIO", "ESTAMPA_CC": "2026-05-26 14:46:02" }, "geometry": { "type": "Point", "coordinates": [ -76.520715614790632, 3.355609296459519 ] } },
{ "type": "Feature", "properties": { "OBJECTID": 4170, "CE": "NPN Terreno -> Unidad", "CT": "Llave IDPREDIO", "ESTAMPA_CC": "2026-05-26 14:46:02" }, "geometry": { "type": "Point", "coordinates": [ -76.516693621253481, 3.359415363587679 ] } },
{ "type": "Feature", "properties": { "OBJECTID": 4226, "CE": "", "CT": "Llave IDPREDIO", "ESTAMPA_CC": "2026-05-26 14:46:02" }, "geometry": { "type": "Point", "coordinates": [ -76.52061484729802, 3.355584421188591 ] } },
{ "type": "Feature", "properties": { "OBJECTID": 4228, "CE": "", "CT": "Llave IDPREDIO", "ESTAMPA_CC": "2026-05-26 14:46:02" }, "geometry": { "type": "Point", "coordinates": [ -76.510935529375615, 3.369827012435636 ] } },
{ "type": "Feature", "properties": { "OBJECTID": 4229, "CE": "", "CT": "Número Piso; Llave IDPREDIO", "ESTAMPA_CC": "2026-05-26 14:46:02" }, "geometry": { "type": "Point", "coordinates": [ -76.511035595179379, 3.370159665974704 ] } },
{ "type": "Feature", "properties": { "OBJECTID": 4243, "CE": "", "CT": "Llave IDPREDIO", "ESTAMPA_CC": "2026-05-26 14:46:02" }, "geometry": { "type": "Point", "coordinates": [ -76.510828028989295, 3.369821773343687 ] } },
{ "type": "Feature", "properties": { "OBJECTID": 4268, "CE": "", "CT": "Llave IDPREDIO", "ESTAMPA_CC": "2026-05-26 14:46:02" }, "geometry": { "type": "Point", "coordinates": [ -76.511040145155391, 3.369737043924491 ] } },
{ "type": "Feature", "properties": { "OBJECTID": 4283, "CE": "", "CT": "Llave IDPREDIO", "ESTAMPA_CC": "2026-05-26 14:46:02" }, "geometry": { "type": "Point", "coordinates": [ -76.520614847637788, 3.355629148502343 ] } },
{ "type": "Feature", "properties": { "OBJECTID": 4289, "CE": "", "CT": "Manzana/Vereda", "ESTAMPA_CC": "2026-05-26 14:46:02" }, "geometry": { "type": "Point", "coordinates": [ -76.506040733196528, 3.375149302966066 ] } },
{ "type": "Feature", "properties": { "OBJECTID": 4290, "CE": "", "CT": "Manzana/Vereda", "ESTAMPA_CC": "2026-05-26 14:46:02" }, "geometry": { "type": "Point", "coordinates": [ -76.505951820300993, 3.375244288992929 ] } },
{ "type": "Feature", "properties": { "OBJECTID": 4291, "CE": "", "CT": "Manzana/Vereda", "ESTAMPA_CC": "2026-05-26 14:46:02" }, "geometry": { "type": "Point", "coordinates": [ -76.505951820300993, 3.375244288992929 ] } },
{ "type": "Feature", "properties": { "OBJECTID": 4292, "CE": "", "CT": "Manzana/Vereda", "ESTAMPA_CC": "2026-05-26 14:46:02" }, "geometry": { "type": "Point", "coordinates": [ -76.505951820300993, 3.375244288992929 ] } },
{ "type": "Feature", "properties": { "OBJECTID": 4306, "CE": "", "CT": "Llave IDPREDIO", "ESTAMPA_CC": "2026-05-26 14:46:02" }, "geometry": { "type": "Point", "coordinates": [ -76.511165179039239, 3.370060999353436 ] } },
{ "type": "Feature", "properties": { "OBJECTID": 4307, "CE": "", "CT": "Número Piso; Llave IDPREDIO", "ESTAMPA_CC": "2026-05-26 14:46:02" }, "geometry": { "type": "Point", "coordinates": [ -76.511078792160063, 3.37006234981255 ] } },
{ "type": "Feature", "properties": { "OBJECTID": 4312, "CE": "NPN Terreno -> Unidad", "CT": "Llave IDPREDIO", "ESTAMPA_CC": "2026-05-26 14:46:02" }, "geometry": { "type": "Point", "coordinates": [ -76.517376222857195, 3.35938653860965 ] } },
{ "type": "Feature", "properties": { "OBJECTID": 4327, "CE": "", "CT": "Llave IDPREDIO", "ESTAMPA_CC": "2026-05-26 14:46:02" }, "geometry": { "type": "Point", "coordinates": [ -76.520715615648541, 3.355341080412728 ] } },
{ "type": "Feature", "properties": { "OBJECTID": 4341, "CE": "", "CT": "Llave IDPREDIO", "ESTAMPA_CC": "2026-05-26 14:46:02" }, "geometry": { "type": "Point", "coordinates": [ -76.511578662854433, 3.370160966525917 ] } },
{ "type": "Feature", "properties": { "OBJECTID": 4343, "CE": "", "CT": "Llave IDPREDIO", "ESTAMPA_CC": "2026-05-26 14:46:02" }, "geometry": { "type": "Point", "coordinates": [ -76.510967658073326, 3.37006237310934 ] } },
{ "type": "Feature", "properties": { "OBJECTID": 4359, "CE": "NPN Terreno -> Unidad", "CT": "Llave IDPREDIO", "ESTAMPA_CC": "2026-05-26 14:46:02" }, "geometry": { "type": "Point", "coordinates": [ -76.516939268626444, 3.358839719828807 ] } },
{ "type": "Feature", "properties": { "OBJECTID": 4366, "CE": "NPN Terreno -> Unidad", "CT": "", "ESTAMPA_CC": "2026-05-26 14:46:02" }, "geometry": { "type": "Point", "coordinates": [ -76.511073001508436, 3.384056460772084 ] } },
{ "type": "Feature", "properties": { "OBJECTID": 4380, "CE": "NPN Terreno -> Unidad", "CT": "Llave IDPREDIO", "ESTAMPA_CC": "2026-05-26 14:46:02" }, "geometry": { "type": "Point", "coordinates": [ -76.516726562754272, 3.358892098953231 ] } },
{ "type": "Feature", "properties": { "OBJECTID": 4397, "CE": "NPN Terreno -> Unidad", "CT": "Llave IDPREDIO", "ESTAMPA_CC": "2026-05-26 14:46:02" }, "geometry": { "type": "Point", "coordinates": [ -76.517555936514313, 3.358914416545864 ] } },
{ "type": "Feature", "properties": { "OBJECTID": 4420, "CE": "", "CT": "Llave IDPREDIO", "ESTAMPA_CC": "2026-05-26 14:46:02" }, "geometry": { "type": "Point", "coordinates": [ -76.511535469318119, 3.370160985104355 ] } },
{ "type": "Feature", "properties": { "OBJECTID": 4435, "CE": "", "CT": "Llave IDPREDIO", "ESTAMPA_CC": "2026-05-26 14:46:02" }, "geometry": { "type": "Point", "coordinates": [ -76.510794884846007, 3.370062362757993 ] } },
{ "type": "Feature", "properties": { "OBJECTID": 4526, "CE": "", "CT": "Llave IDPREDIO", "ESTAMPA_CC": "2026-05-26 14:46:02" }, "geometry": { "type": "Point", "coordinates": [ -76.511321632452379, 3.369735376659204 ] } },
{ "type": "Feature", "properties": { "OBJECTID": 4554, "CE": "NPN Terreno -> Unidad", "CT": "Llave IDPREDIO", "ESTAMPA_CC": "2026-05-26 14:46:02" }, "geometry": { "type": "Point", "coordinates": [ -76.516786266684676, 3.359416043914547 ] } },
{ "type": "Feature", "properties": { "OBJECTID": 4588, "CE": "", "CT": "Número Piso; Llave IDPREDIO", "ESTAMPA_CC": "2026-05-26 14:46:02" }, "geometry": { "type": "Point", "coordinates": [ -76.520917142196353, 3.355530505842465 ] } },
{ "type": "Feature", "properties": { "OBJECTID": 4643, "CE": "", "CT": "Llave IDPREDIO", "ESTAMPA_CC": "2026-05-26 14:46:02" }, "geometry": { "type": "Point", "coordinates": [ -76.510946061419901, 3.370062371082482 ] } },
{ "type": "Feature", "properties": { "OBJECTID": 4675, "CE": "", "CT": "Llave IDPREDIO", "ESTAMPA_CC": "2026-05-26 14:46:02" }, "geometry": { "type": "Point", "coordinates": [ -76.510946058671863, 3.3701627171791 ] } },
{ "type": "Feature", "properties": { "OBJECTID": 4707, "CE": "", "CT": "Llave IDPREDIO", "ESTAMPA_CC": "2026-05-26 14:46:02" }, "geometry": { "type": "Point", "coordinates": [ -76.516774186980101, 3.356435149899148 ] } },
{ "type": "Feature", "properties": { "OBJECTID": 4742, "CE": "", "CT": "Llave IDPREDIO", "ESTAMPA_CC": "2026-05-26 14:46:02" }, "geometry": { "type": "Point", "coordinates": [ -76.511121984567126, 3.370062353407629 ] } },
{ "type": "Feature", "properties": { "OBJECTID": 4753, "CE": "", "CT": "Llave IDPREDIO", "ESTAMPA_CC": "2026-05-26 14:46:02" }, "geometry": { "type": "Point", "coordinates": [ -76.511405889608341, 3.37016105981596 ] } },
{ "type": "Feature", "properties": { "OBJECTID": 4764, "CE": "NPN Terreno -> Unidad", "CT": "Llave IDPREDIO", "ESTAMPA_CC": "2026-05-26 14:46:02" }, "geometry": { "type": "Point", "coordinates": [ -76.516905685414045, 3.359426723817586 ] } },
{ "type": "Feature", "properties": { "OBJECTID": 4770, "CE": "", "CT": "Llave IDPREDIO", "ESTAMPA_CC": "2026-05-26 14:46:02" }, "geometry": { "type": "Point", "coordinates": [ -76.511384292728025, 3.37016107859553 ] } },
{ "type": "Feature", "properties": { "OBJECTID": 4796, "CE": "", "CT": "Llave IDPREDIO", "ESTAMPA_CC": "2026-05-26 14:46:02" }, "geometry": { "type": "Point", "coordinates": [ -76.520614848055132, 3.355362127347957 ] } },
{ "type": "Feature", "properties": { "OBJECTID": 4802, "CE": "", "CT": "Llave IDPREDIO", "ESTAMPA_CC": "2026-05-26 14:46:02" }, "geometry": { "type": "Point", "coordinates": [ -76.517675430662095, 3.358925170044149 ] } },
{ "type": "Feature", "properties": { "OBJECTID": 4804, "CE": "", "CT": "Llave IDPREDIO", "ESTAMPA_CC": "2026-05-26 14:46:02" }, "geometry": { "type": "Point", "coordinates": [ -76.511429133384723, 3.369827851882748 ] } },
{ "type": "Feature", "properties": { "OBJECTID": 4818, "CE": "", "CT": "Llave IDPREDIO", "ESTAMPA_CC": "2026-05-26 14:46:02" }, "geometry": { "type": "Point", "coordinates": [ -76.516709597333303, 3.356430009748324 ] } },
{ "type": "Feature", "properties": { "OBJECTID": 4833, "CE": "", "CT": "Número Piso; Llave IDPREDIO", "ESTAMPA_CC": "2026-05-26 14:46:02" }, "geometry": { "type": "Point", "coordinates": [ -76.521228767968282, 3.355430791157831 ] } },
{ "type": "Feature", "properties": { "OBJECTID": 4850, "CE": "", "CT": "Llave IDPREDIO", "ESTAMPA_CC": "2026-05-26 14:46:02" }, "geometry": { "type": "Point", "coordinates": [ -76.517376222857195, 3.35938653860965 ] } },
{ "type": "Feature", "properties": { "OBJECTID": 4862, "CE": "", "CT": "Llave IDPREDIO", "ESTAMPA_CC": "2026-05-26 14:46:02" }, "geometry": { "type": "Point", "coordinates": [ -76.520614847850808, 3.355406412058734 ] } },
{ "type": "Feature", "properties": { "OBJECTID": 4885, "CE": "", "CT": "Llave IDPREDIO", "ESTAMPA_CC": "2026-05-26 14:46:02" }, "geometry": { "type": "Point", "coordinates": [ -76.511429135187967, 3.369730943983902 ] } },
{ "type": "Feature", "properties": { "OBJECTID": 4888, "CE": "", "CT": "Llave IDPREDIO", "ESTAMPA_CC": "2026-05-26 14:46:02" }, "geometry": { "type": "Point", "coordinates": [ -76.511321632581868, 3.369729028312953 ] } },
{ "type": "Feature", "properties": { "OBJECTID": 4906, "CE": "", "CT": "Llave IDPREDIO", "ESTAMPA_CC": "2026-05-26 14:46:02" }, "geometry": { "type": "Point", "coordinates": [ -76.51746339701505, 3.358913253906924 ] } },
{ "type": "Feature", "properties": { "OBJECTID": 4935, "CE": "", "CT": "Llave IDPREDIO", "ESTAMPA_CC": "2026-05-26 14:46:02" }, "geometry": { "type": "Point", "coordinates": [ -76.510949208415511, 3.370062368853863 ] } },
{ "type": "Feature", "properties": { "OBJECTID": 4992, "CE": "", "CT": "Llave IDPREDIO", "ESTAMPA_CC": "2026-05-26 14:46:02" }, "geometry": { "type": "Point", "coordinates": [ -76.517680778562436, 3.359400025636662 ] } },
{ "type": "Feature", "properties": { "OBJECTID": 5052, "CE": "NPN Terreno -> Unidad", "CT": "", "ESTAMPA_CC": "2026-05-26 14:46:02" }, "geometry": { "type": "Point", "coordinates": [ -76.508821781550068, 3.379136838884564 ] } },
{ "type": "Feature", "properties": { "OBJECTID": 5082, "CE": "", "CT": "Llave IDPREDIO", "ESTAMPA_CC": "2026-05-26 14:46:02" }, "geometry": { "type": "Point", "coordinates": [ -76.516608596375548, 3.3592487469523 ] } },
{ "type": "Feature", "properties": { "OBJECTID": 5098, "CE": "NPN Terreno -> Unidad", "CT": "Llave IDPREDIO", "ESTAMPA_CC": "2026-05-26 14:46:02" }, "geometry": { "type": "Point", "coordinates": [ -76.51669429905499, 3.35934821814212 ] } },
{ "type": "Feature", "properties": { "OBJECTID": 5099, "CE": "", "CT": "Llave IDPREDIO", "ESTAMPA_CC": "2026-05-26 14:46:02" }, "geometry": { "type": "Point", "coordinates": [ -76.517676228367279, 3.358858192326247 ] } },
{ "type": "Feature", "properties": { "OBJECTID": 5100, "CE": "", "CT": "Llave IDPREDIO", "ESTAMPA_CC": "2026-05-26 14:46:02" }, "geometry": { "type": "Point", "coordinates": [ -76.517676228367279, 3.358858192326247 ] } },
{ "type": "Feature", "properties": { "OBJECTID": 5101, "CE": "NPN Terreno -> Unidad", "CT": "Llave IDPREDIO", "ESTAMPA_CC": "2026-05-26 14:46:02" }, "geometry": { "type": "Point", "coordinates": [ -76.51678978703832, 3.359349205906189 ] } },
{ "type": "Feature", "properties": { "OBJECTID": 5110, "CE": "NPN Terreno -> Unidad", "CT": "Llave IDPREDIO", "ESTAMPA_CC": "2026-05-26 14:46:02" }, "geometry": { "type": "Point", "coordinates": [ -76.51746339701505, 3.358913253906924 ] } },
{ "type": "Feature", "properties": { "OBJECTID": 5127, "CE": "NPN Terreno -> Unidad", "CT": "Llave IDPREDIO", "ESTAMPA_CC": "2026-05-26 14:46:02" }, "geometry": { "type": "Point", "coordinates": [ -76.516938550900605, 3.358904819083308 ] } },
{ "type": "Feature", "properties": { "OBJECTID": 5140, "CE": "NPN Terreno -> Unidad", "CT": "Llave IDPREDIO", "ESTAMPA_CC": "2026-05-26 14:46:02" }, "geometry": { "type": "Point", "coordinates": [ -76.516905685414045, 3.359426723817586 ] } },
{ "type": "Feature", "properties": { "OBJECTID": 5158, "CE": "", "CT": "Llave IDPREDIO", "ESTAMPA_CC": "2026-05-26 14:46:02" }, "geometry": { "type": "Point", "coordinates": [ -76.517376222857195, 3.35938653860965 ] } },
{ "type": "Feature", "properties": { "OBJECTID": 5193, "CE": "", "CT": "Llave IDPREDIO", "ESTAMPA_CC": "2026-05-26 14:46:02" }, "geometry": { "type": "Point", "coordinates": [ -76.520614846504245, 3.355459878859838 ] } },
{ "type": "Feature", "properties": { "OBJECTID": 5194, "CE": "NPN Terreno -> Unidad", "CT": "Llave IDPREDIO", "ESTAMPA_CC": "2026-05-26 14:46:02" }, "geometry": { "type": "Point", "coordinates": [ -76.516818189717128, 3.358893757610807 ] } },
{ "type": "Feature", "properties": { "OBJECTID": 5195, "CE": "", "CT": "Llave IDPREDIO", "ESTAMPA_CC": "2026-05-26 14:46:02" }, "geometry": { "type": "Point", "coordinates": [ -76.52071561479373, 3.355629188728074 ] } },
{ "type": "Feature", "properties": { "OBJECTID": 5198, "CE": "NPN Terreno -> Unidad", "CT": "", "ESTAMPA_CC": "2026-05-26 14:46:02" }, "geometry": { "type": "Point", "coordinates": [ -76.511073001508436, 3.384056460772084 ] } },
{ "type": "Feature", "properties": { "OBJECTID": 5265, "CE": "", "CT": "Llave IDPREDIO", "ESTAMPA_CC": "2026-05-26 14:46:02" }, "geometry": { "type": "Point", "coordinates": [ -76.511321632674935, 3.369821833883524 ] } },
{ "type": "Feature", "properties": { "OBJECTID": 5294, "CE": "NPN Terreno -> Unidad", "CT": "Llave IDPREDIO", "ESTAMPA_CC": "2026-05-26 14:46:02" }, "geometry": { "type": "Point", "coordinates": [ -76.517031945168085, 3.358839496389895 ] } },
{ "type": "Feature", "properties": { "OBJECTID": 5326, "CE": "", "CT": "Llave IDPREDIO", "ESTAMPA_CC": "2026-05-26 14:46:02" }, "geometry": { "type": "Point", "coordinates": [ -76.511217017759691, 3.369821881686157 ] } },
{ "type": "Feature", "properties": { "OBJECTID": 5345, "CE": "NPN Terreno -> Unidad", "CT": "Número Piso; Llave IDPREDIO", "ESTAMPA_CC": "2026-05-26 14:46:02" }, "geometry": { "type": "Point", "coordinates": [ -76.516998938373106, 3.359360301174844 ] } },
{ "type": "Feature", "properties": { "OBJECTID": 5346, "CE": "NPN Terreno -> Unidad", "CT": "Número Piso; Llave IDPREDIO", "ESTAMPA_CC": "2026-05-26 14:46:02" }, "geometry": { "type": "Point", "coordinates": [ -76.51678978703832, 3.359349205906189 ] } },
{ "type": "Feature", "properties": { "OBJECTID": 5353, "CE": "NPN Terreno -> Unidad", "CT": "Número Piso; Llave IDPREDIO", "ESTAMPA_CC": "2026-05-26 14:46:02" }, "geometry": { "type": "Point", "coordinates": [ -76.516906858954187, 3.359359578373786 ] } },
{ "type": "Feature", "properties": { "OBJECTID": 5360, "CE": "NPN Terreno -> Unidad", "CT": "Número Piso; Llave IDPREDIO", "ESTAMPA_CC": "2026-05-26 14:46:02" }, "geometry": { "type": "Point", "coordinates": [ -76.51669429905499, 3.35934821814212 ] } },
{ "type": "Feature", "properties": { "OBJECTID": 5361, "CE": "NPN Terreno -> Unidad", "CT": "Número Piso; Llave IDPREDIO", "ESTAMPA_CC": "2026-05-26 14:46:02" }, "geometry": { "type": "Point", "coordinates": [ -76.516998287803986, 3.359427358913901 ] } },
{ "type": "Feature", "properties": { "OBJECTID": 5362, "CE": "NPN Terreno -> Unidad", "CT": "Número Piso; Llave IDPREDIO", "ESTAMPA_CC": "2026-05-26 14:46:02" }, "geometry": { "type": "Point", "coordinates": [ -76.516693621253481, 3.359415363587679 ] } },
{ "type": "Feature", "properties": { "OBJECTID": 5363, "CE": "NPN Terreno -> Unidad", "CT": "Número Piso; Llave IDPREDIO", "ESTAMPA_CC": "2026-05-26 14:46:02" }, "geometry": { "type": "Point", "coordinates": [ -76.516905685414045, 3.359426723817586 ] } },
{ "type": "Feature", "properties": { "OBJECTID": 5369, "CE": "", "CT": "Llave IDPREDIO", "ESTAMPA_CC": "2026-05-26 14:46:02" }, "geometry": { "type": "Point", "coordinates": [ -76.510686894576921, 3.370157761344247 ] } },
{ "type": "Feature", "properties": { "OBJECTID": 5443, "CE": "", "CT": "Llave IDPREDIO", "ESTAMPA_CC": "2026-05-26 14:46:02" }, "geometry": { "type": "Point", "coordinates": [ -76.510730094885247, 3.370062387858855 ] } },
{ "type": "Feature", "properties": { "OBJECTID": 5448, "CE": "", "CT": "Número Piso; Llave IDPREDIO", "ESTAMPA_CC": "2026-05-26 14:46:02" }, "geometry": { "type": "Point", "coordinates": [ -76.510989254951937, 3.3700623611207 ] } },
{ "type": "Feature", "properties": { "OBJECTID": 5449, "CE": "", "CT": "Llave IDPREDIO", "ESTAMPA_CC": "2026-05-26 14:46:02" }, "geometry": { "type": "Point", "coordinates": [ -76.511217019026631, 3.36972907430721 ] } },
{ "type": "Feature", "properties": { "OBJECTID": 5474, "CE": "NPN Terreno -> Unidad", "CT": "Llave IDPREDIO", "ESTAMPA_CC": "2026-05-26 14:46:02" }, "geometry": { "type": "Point", "coordinates": [ -76.516939268626444, 3.358839719828807 ] } },
{ "type": "Feature", "properties": { "OBJECTID": 5507, "CE": "NPN Terreno -> Unidad", "CT": "", "ESTAMPA_CC": "2026-05-26 14:46:02" }, "geometry": { "type": "Point", "coordinates": [ -76.510997870615569, 3.384051064240462 ] } },
{ "type": "Feature", "properties": { "OBJECTID": 5510, "CE": "", "CT": "Llave IDPREDIO", "ESTAMPA_CC": "2026-05-26 14:46:02" }, "geometry": { "type": "Point", "coordinates": [ -76.517467888649421, 3.359454822741416 ] } },
{ "type": "Feature", "properties": { "OBJECTID": 5523, "CE": "", "CT": "Llave IDPREDIO", "ESTAMPA_CC": "2026-05-26 14:46:02" }, "geometry": { "type": "Point", "coordinates": [ -76.510730094885162, 3.370062389667242 ] } },
{ "type": "Feature", "properties": { "OBJECTID": 5524, "CE": "", "CT": "Número Piso; Llave IDPREDIO", "ESTAMPA_CC": "2026-05-26 14:46:02" }, "geometry": { "type": "Point", "coordinates": [ -76.511121981817027, 3.370160992385928 ] } },
{ "type": "Feature", "properties": { "OBJECTID": 5564, "CE": "", "CT": "Llave IDPREDIO", "ESTAMPA_CC": "2026-05-26 14:46:02" }, "geometry": { "type": "Point", "coordinates": [ -76.511405892330629, 3.3700623846699 ] } },
{ "type": "Feature", "properties": { "OBJECTID": 5570, "CE": "", "CT": "Número Piso; Llave IDPREDIO", "ESTAMPA_CC": "2026-05-26 14:46:02" }, "geometry": { "type": "Point", "coordinates": [ -76.511143578247697, 3.370160992600393 ] } },
{ "type": "Feature", "properties": { "OBJECTID": 5571, "CE": "", "CT": "Número Piso; Llave IDPREDIO", "ESTAMPA_CC": "2026-05-26 14:46:02" }, "geometry": { "type": "Point", "coordinates": [ -76.511100385161626, 3.370161010706946 ] } },
{ "type": "Feature", "properties": { "OBJECTID": 5636, "CE": "", "CT": "Llave IDPREDIO", "ESTAMPA_CC": "2026-05-26 14:46:02" }, "geometry": { "type": "Point", "coordinates": [ -76.510723416257946, 3.369727090944405 ] } },
{ "type": "Feature", "properties": { "OBJECTID": 5641, "CE": "", "CT": "Llave IDPREDIO", "ESTAMPA_CC": "2026-05-26 14:46:02" }, "geometry": { "type": "Point", "coordinates": [ -76.517680778562436, 3.359400025636662 ] } },
{ "type": "Feature", "properties": { "OBJECTID": 5651, "CE": "", "CT": "Llave IDPREDIO", "ESTAMPA_CC": "2026-05-26 14:46:02" }, "geometry": { "type": "Point", "coordinates": [ -76.51070849251235, 3.370157761568624 ] } },
{ "type": "Feature", "properties": { "OBJECTID": 5652, "CE": "", "CT": "Llave IDPREDIO", "ESTAMPA_CC": "2026-05-26 14:46:02" }, "geometry": { "type": "Point", "coordinates": [ -76.510723416257946, 3.369727090944405 ] } },
{ "type": "Feature", "properties": { "OBJECTID": 5662, "CE": "NPN Terreno -> Unidad", "CT": "Número Piso; Llave IDPREDIO", "ESTAMPA_CC": "2026-05-26 14:46:02" }, "geometry": { "type": "Point", "coordinates": [ -76.516786266684676, 3.359416043914547 ] } },
{ "type": "Feature", "properties": { "OBJECTID": 5681, "CE": "NPN Terreno -> Unidad", "CT": "Llave IDPREDIO", "ESTAMPA_CC": "2026-05-26 14:46:02" }, "geometry": { "type": "Point", "coordinates": [ -76.516938550900605, 3.358904819083308 ] } },
{ "type": "Feature", "properties": { "OBJECTID": 5695, "CE": "", "CT": "Llave IDPREDIO", "ESTAMPA_CC": "2026-05-26 14:46:02" }, "geometry": { "type": "Point", "coordinates": [ -76.516520620454557, 3.359035321980449 ] } },
{ "type": "Feature", "properties": { "OBJECTID": 5699, "CE": "", "CT": "Llave IDPREDIO", "ESTAMPA_CC": "2026-05-26 14:46:02" }, "geometry": { "type": "Point", "coordinates": [ -76.511319182364787, 3.369832002425685 ] } },
{ "type": "Feature", "properties": { "OBJECTID": 5738, "CE": "", "CT": "Llave IDPREDIO", "ESTAMPA_CC": "2026-05-26 14:46:02" }, "geometry": { "type": "Point", "coordinates": [ -76.516520643318671, 3.358945025096306 ] } },
{ "type": "Feature", "properties": { "OBJECTID": 5745, "CE": "", "CT": "Número Piso; Llave IDPREDIO", "ESTAMPA_CC": "2026-05-26 14:46:02" }, "geometry": { "type": "Point", "coordinates": [ -76.521014070593282, 3.355417989705196 ] } },
{ "type": "Feature", "properties": { "OBJECTID": 5749, "CE": "", "CT": "Llave IDPREDIO", "ESTAMPA_CC": "2026-05-26 14:46:02" }, "geometry": { "type": "Point", "coordinates": [ -76.516608596375548, 3.3592487469523 ] } },
{ "type": "Feature", "properties": { "OBJECTID": 5755, "CE": "", "CT": "Llave IDPREDIO", "ESTAMPA_CC": "2026-05-26 14:46:02" }, "geometry": { "type": "Point", "coordinates": [ -76.510708494974892, 3.370159406749679 ] } },
{ "type": "Feature", "properties": { "OBJECTID": 5767, "CE": "", "CT": "Llave IDPREDIO", "ESTAMPA_CC": "2026-05-26 14:46:02" }, "geometry": { "type": "Point", "coordinates": [ -76.511040145155391, 3.369737043924491 ] } },
{ "type": "Feature", "properties": { "OBJECTID": 5802, "CE": "", "CT": "Llave IDPREDIO", "ESTAMPA_CC": "2026-05-26 14:46:02" }, "geometry": { "type": "Point", "coordinates": [ -76.51121701890132, 3.369737146951468 ] } },
{ "type": "Feature", "properties": { "OBJECTID": 5825, "CE": "", "CT": "Llave IDPREDIO", "ESTAMPA_CC": "2026-05-26 14:46:02" }, "geometry": { "type": "Point", "coordinates": [ -76.517467888649421, 3.359454822741416 ] } },
{ "type": "Feature", "properties": { "OBJECTID": 5899, "CE": "", "CT": "Llave IDPREDIO", "ESTAMPA_CC": "2026-05-26 14:46:02" }, "geometry": { "type": "Point", "coordinates": [ -76.517376222857195, 3.35938653860965 ] } },
{ "type": "Feature", "properties": { "OBJECTID": 5910, "CE": "", "CT": "Llave IDPREDIO", "ESTAMPA_CC": "2026-05-26 14:46:02" }, "geometry": { "type": "Point", "coordinates": [ -76.510881268460523, 3.37016098905806 ] } },
{ "type": "Feature", "properties": { "OBJECTID": 5911, "CE": "", "CT": "Llave IDPREDIO", "ESTAMPA_CC": "2026-05-26 14:46:02" }, "geometry": { "type": "Point", "coordinates": [ -76.511533748743446, 3.369730945888559 ] } },
{ "type": "Feature", "properties": { "OBJECTID": 5917, "CE": "", "CT": "Llave IDPREDIO", "ESTAMPA_CC": "2026-05-26 14:46:02" }, "geometry": { "type": "Point", "coordinates": [ -76.520614839748362, 3.355341084040407 ] } },
{ "type": "Feature", "properties": { "OBJECTID": 5950, "CE": "", "CT": "Llave IDPREDIO", "ESTAMPA_CC": "2026-05-26 14:46:02" }, "geometry": { "type": "Point", "coordinates": [ -76.510825712860026, 3.369727092903056 ] } },
{ "type": "Feature", "properties": { "OBJECTID": 5953, "CE": "", "CT": "Llave IDPREDIO", "ESTAMPA_CC": "2026-05-26 14:46:02" }, "geometry": { "type": "Point", "coordinates": [ -76.510838075357796, 3.370159466406061 ] } },
{ "type": "Feature", "properties": { "OBJECTID": 5956, "CE": "", "CT": "Llave IDPREDIO", "ESTAMPA_CC": "2026-05-26 14:46:02" }, "geometry": { "type": "Point", "coordinates": [ -76.511251561526038, 3.370160955689215 ] } },
{ "type": "Feature", "properties": { "OBJECTID": 5985, "CE": "", "CT": "Llave IDPREDIO", "ESTAMPA_CC": "2026-05-26 14:46:02" }, "geometry": { "type": "Point", "coordinates": [ -76.511208368439597, 3.370160974252777 ] } },
{ "type": "Feature", "properties": { "OBJECTID": 5990, "CE": "", "CT": "Llave IDPREDIO", "ESTAMPA_CC": "2026-05-26 14:46:02" }, "geometry": { "type": "Point", "coordinates": [ -76.516608596375548, 3.3592487469523 ] } },
{ "type": "Feature", "properties": { "OBJECTID": 5991, "CE": "NPN Terreno -> Unidad", "CT": "Llave IDPREDIO", "ESTAMPA_CC": "2026-05-26 14:46:02" }, "geometry": { "type": "Point", "coordinates": [ -76.516939268626444, 3.358839719828807 ] } },
{ "type": "Feature", "properties": { "OBJECTID": 5992, "CE": "", "CT": "Llave IDPREDIO", "ESTAMPA_CC": "2026-05-26 14:46:02" }, "geometry": { "type": "Point", "coordinates": [ -76.517767970170439, 3.358926332210328 ] } },
{ "type": "Feature", "properties": { "OBJECTID": 6004, "CE": "", "CT": "Llave IDPREDIO", "ESTAMPA_CC": "2026-05-26 14:46:02" }, "geometry": { "type": "Point", "coordinates": [ -76.516608596738877, 3.359158449163866 ] } },
{ "type": "Feature", "properties": { "OBJECTID": 6045, "CE": "", "CT": "Llave IDPREDIO", "ESTAMPA_CC": "2026-05-26 14:46:02" }, "geometry": { "type": "Point", "coordinates": [ -76.516558369136931, 3.356426848512433 ] } },
{ "type": "Feature", "properties": { "OBJECTID": 6072, "CE": "NPN Terreno -> Unidad", "CT": "Llave IDPREDIO", "ESTAMPA_CC": "2026-05-26 14:46:02" }, "geometry": { "type": "Point", "coordinates": [ -76.516998287803986, 3.359427358913901 ] } },
{ "type": "Feature", "properties": { "OBJECTID": 6073, "CE": "NPN Terreno -> Unidad", "CT": "Llave IDPREDIO", "ESTAMPA_CC": "2026-05-26 14:46:02" }, "geometry": { "type": "Point", "coordinates": [ -76.516998938373106, 3.359360301174844 ] } },
{ "type": "Feature", "properties": { "OBJECTID": 6074, "CE": "NPN Terreno -> Unidad", "CT": "Llave IDPREDIO", "ESTAMPA_CC": "2026-05-26 14:46:02" }, "geometry": { "type": "Point", "coordinates": [ -76.516727343461483, 3.358825093658139 ] } },
{ "type": "Feature", "properties": { "OBJECTID": 6083, "CE": "NPN Terreno -> Unidad", "CT": "Llave IDPREDIO", "ESTAMPA_CC": "2026-05-26 14:46:02" }, "geometry": { "type": "Point", "coordinates": [ -76.517030854138156, 3.35890717711702 ] } },
{ "type": "Feature", "properties": { "OBJECTID": 6084, "CE": "NPN Terreno -> Unidad", "CT": "Llave IDPREDIO", "ESTAMPA_CC": "2026-05-26 14:46:02" }, "geometry": { "type": "Point", "coordinates": [ -76.517556734215034, 3.358847439280159 ] } },
{ "type": "Feature", "properties": { "OBJECTID": 6088, "CE": "NPN Terreno -> Unidad", "CT": "", "ESTAMPA_CC": "2026-05-26 14:46:02" }, "geometry": { "type": "Point", "coordinates": [ -76.508821781550068, 3.379136838884564 ] } },
{ "type": "Feature", "properties": { "OBJECTID": 6113, "CE": "", "CT": "Llave IDPREDIO", "ESTAMPA_CC": "2026-05-26 14:46:02" }, "geometry": { "type": "Point", "coordinates": [ -76.517467888649421, 3.359454822741416 ] } },
{ "type": "Feature", "properties": { "OBJECTID": 6114, "CE": "", "CT": "Llave IDPREDIO", "ESTAMPA_CC": "2026-05-26 14:46:02" }, "geometry": { "type": "Point", "coordinates": [ -76.516730905680021, 3.356435492867116 ] } },
{ "type": "Feature", "properties": { "OBJECTID": 6115, "CE": "", "CT": "Llave IDPREDIO", "ESTAMPA_CC": "2026-05-26 14:46:02" }, "geometry": { "type": "Point", "coordinates": [ -76.511321632461261, 3.369735213452183 ] } },
{ "type": "Feature", "properties": { "OBJECTID": 6154, "CE": "NPN Terreno -> Unidad", "CT": "Llave IDPREDIO", "ESTAMPA_CC": "2026-05-26 14:46:02" }, "geometry": { "type": "Point", "coordinates": [ -76.516939268626444, 3.358839719828807 ] } },
{ "type": "Feature", "properties": { "OBJECTID": 6178, "CE": "NPN Terreno -> Unidad", "CT": "", "ESTAMPA_CC": "2026-05-26 14:46:02" }, "geometry": { "type": "Point", "coordinates": [ -76.508817610047728, 3.37921761952721 ] } },
{ "type": "Feature", "properties": { "OBJECTID": 6251, "CE": "", "CT": "Llave IDPREDIO", "ESTAMPA_CC": "2026-05-26 14:46:02" }, "geometry": { "type": "Point", "coordinates": [ -76.52061484763226, 3.355525206878164 ] } },
{ "type": "Feature", "properties": { "OBJECTID": 6276, "CE": "", "CT": "Llave IDPREDIO", "ESTAMPA_CC": "2026-05-26 14:46:02" }, "geometry": { "type": "Point", "coordinates": [ -76.511321632460749, 3.369735213452183 ] } },
{ "type": "Feature", "properties": { "OBJECTID": 6282, "CE": "NPN Terreno -> Unidad", "CT": "Llave IDPREDIO", "ESTAMPA_CC": "2026-05-26 14:46:02" }, "geometry": { "type": "Point", "coordinates": [ -76.51669429905499, 3.35934821814212 ] } },
{ "type": "Feature", "properties": { "OBJECTID": 6283, "CE": "NPN Terreno -> Unidad", "CT": "Llave IDPREDIO", "ESTAMPA_CC": "2026-05-26 14:46:02" }, "geometry": { "type": "Point", "coordinates": [ -76.516905685414045, 3.359426723817586 ] } },
{ "type": "Feature", "properties": { "OBJECTID": 6300, "CE": "", "CT": "Llave IDPREDIO", "ESTAMPA_CC": "2026-05-26 14:46:02" }, "geometry": { "type": "Point", "coordinates": [ -76.510816481724362, 3.370062362075708 ] } },
{ "type": "Feature", "properties": { "OBJECTID": 6326, "CE": "NPN Terreno -> Unidad", "CT": "Llave IDPREDIO", "ESTAMPA_CC": "2026-05-26 14:46:02" }, "geometry": { "type": "Point", "coordinates": [ -76.516726562754272, 3.358892098953231 ] } },
{ "type": "Feature", "properties": { "OBJECTID": 6327, "CE": "NPN Terreno -> Unidad", "CT": "Llave IDPREDIO", "ESTAMPA_CC": "2026-05-26 14:46:02" }, "geometry": { "type": "Point", "coordinates": [ -76.51746339701505, 3.358913253906924 ] } },
{ "type": "Feature", "properties": { "OBJECTID": 6329, "CE": "", "CT": "Llave IDPREDIO", "ESTAMPA_CC": "2026-05-26 14:46:02" }, "geometry": { "type": "Point", "coordinates": [ -76.51072341542411, 3.369821771361281 ] } },
{ "type": "Feature", "properties": { "OBJECTID": 6338, "CE": "NPN Terreno -> Unidad", "CT": "Llave IDPREDIO", "ESTAMPA_CC": "2026-05-26 14:46:02" }, "geometry": { "type": "Point", "coordinates": [ -76.517588244634609, 3.35939868985675 ] } },
{ "type": "Feature", "properties": { "OBJECTID": 6348, "CE": "", "CT": "Llave IDPREDIO", "ESTAMPA_CC": "2026-05-26 14:46:02" }, "geometry": { "type": "Point", "coordinates": [ -76.511186771783997, 3.370160974491879 ] } },
{ "type": "Feature", "properties": { "OBJECTID": 6357, "CE": "NPN Terreno -> Unidad", "CT": "Llave IDPREDIO", "ESTAMPA_CC": "2026-05-26 14:46:02" }, "geometry": { "type": "Point", "coordinates": [ -76.516938550900605, 3.358904819083308 ] } },
{ "type": "Feature", "properties": { "OBJECTID": 6390, "CE": "", "CT": "Llave IDPREDIO", "ESTAMPA_CC": "2026-05-26 14:46:02" }, "geometry": { "type": "Point", "coordinates": [ -76.517468533025124, 3.359387848639964 ] } },
{ "type": "Feature", "properties": { "OBJECTID": 6401, "CE": "", "CT": "Llave IDPREDIO", "ESTAMPA_CC": "2026-05-26 14:46:02" }, "geometry": { "type": "Point", "coordinates": [ -76.520614847631109, 3.355503506221558 ] } },
{ "type": "Feature", "properties": { "OBJECTID": 6423, "CE": "", "CT": "Llave IDPREDIO", "ESTAMPA_CC": "2026-05-26 14:46:02" }, "geometry": { "type": "Point", "coordinates": [ -76.511341099417933, 3.370160961988122 ] } },
{ "type": "Feature", "properties": { "OBJECTID": 6431, "CE": "", "CT": "Llave IDPREDIO", "ESTAMPA_CC": "2026-05-26 14:46:02" }, "geometry": { "type": "Point", "coordinates": [ -76.511186775440166, 3.370060993689656 ] } },
{ "type": "Feature", "properties": { "OBJECTID": 6441, "CE": "", "CT": "Llave IDPREDIO", "ESTAMPA_CC": "2026-05-26 14:46:02" }, "geometry": { "type": "Point", "coordinates": [ -76.5176799107752, 3.359466973063855 ] } },
{ "type": "Feature", "properties": { "OBJECTID": 6450, "CE": "NPN Terreno -> Unidad", "CT": "Llave IDPREDIO", "ESTAMPA_CC": "2026-05-26 14:46:02" }, "geometry": { "type": "Point", "coordinates": [ -76.517680778562436, 3.359400025636662 ] } },
{ "type": "Feature", "properties": { "OBJECTID": 6462, "CE": "", "CT": "Llave IDPREDIO", "ESTAMPA_CC": "2026-05-26 14:46:02" }, "geometry": { "type": "Point", "coordinates": [ -76.516608596738877, 3.359158449163866 ] } },
{ "type": "Feature", "properties": { "OBJECTID": 6463, "CE": "NPN Terreno -> Unidad", "CT": "Llave IDPREDIO", "ESTAMPA_CC": "2026-05-26 14:46:02" }, "geometry": { "type": "Point", "coordinates": [ -76.516938550900605, 3.358904819083308 ] } },
{ "type": "Feature", "properties": { "OBJECTID": 6478, "CE": "NPN Terreno -> Unidad", "CT": "Llave IDPREDIO", "ESTAMPA_CC": "2026-05-26 14:46:02" }, "geometry": { "type": "Point", "coordinates": [ -76.517768767861597, 3.358859354944444 ] } },
{ "type": "Feature", "properties": { "OBJECTID": 6485, "CE": "", "CT": "Llave IDPREDIO", "ESTAMPA_CC": "2026-05-26 14:46:02" }, "geometry": { "type": "Point", "coordinates": [ -76.510924464991433, 3.370062369507234 ] } },
{ "type": "Feature", "properties": { "OBJECTID": 6491, "CE": "", "CT": "Llave IDPREDIO", "ESTAMPA_CC": "2026-05-26 14:46:02" }, "geometry": { "type": "Point", "coordinates": [ -76.510816481724362, 3.370062363431999 ] } },
{ "type": "Feature", "properties": { "OBJECTID": 6500, "CE": "", "CT": "Llave IDPREDIO", "ESTAMPA_CC": "2026-05-26 14:46:02" }, "geometry": { "type": "Point", "coordinates": [ -76.511040145155391, 3.369737043924491 ] } },
{ "type": "Feature", "properties": { "OBJECTID": 6504, "CE": "", "CT": "Llave IDPREDIO", "ESTAMPA_CC": "2026-05-26 14:46:02" }, "geometry": { "type": "Point", "coordinates": [ -76.511143578247697, 3.370160992600393 ] } },
{ "type": "Feature", "properties": { "OBJECTID": 6505, "CE": "", "CT": "Llave IDPREDIO", "ESTAMPA_CC": "2026-05-26 14:46:02" }, "geometry": { "type": "Point", "coordinates": [ -76.510935529375615, 3.369827012435636 ] } },
{ "type": "Feature", "properties": { "OBJECTID": 6512, "CE": "", "CT": "Llave IDPREDIO", "ESTAMPA_CC": "2026-05-26 14:46:02" }, "geometry": { "type": "Point", "coordinates": [ -76.517767970170439, 3.358926332210328 ] } },
{ "type": "Feature", "properties": { "OBJECTID": 6563, "CE": "", "CT": "Llave IDPREDIO", "ESTAMPA_CC": "2026-05-26 14:46:02" }, "geometry": { "type": "Point", "coordinates": [ -76.511276309223675, 3.370161055392899 ] } },
{ "type": "Feature", "properties": { "OBJECTID": 6566, "CE": "", "CT": "Llave IDPREDIO", "ESTAMPA_CC": "2026-05-26 14:46:02" }, "geometry": { "type": "Point", "coordinates": [ -76.51092446199705, 3.370160951973403 ] } },
{ "type": "Feature", "properties": { "OBJECTID": 6568, "CE": "", "CT": "Llave IDPREDIO", "ESTAMPA_CC": "2026-05-26 14:46:02" }, "geometry": { "type": "Point", "coordinates": [ -76.517588244634609, 3.35939868985675 ] } },
{ "type": "Feature", "properties": { "OBJECTID": 6579, "CE": "", "CT": "Llave IDPREDIO", "ESTAMPA_CC": "2026-05-26 14:46:02" }, "geometry": { "type": "Point", "coordinates": [ -76.517376222857195, 3.35938653860965 ] } },
{ "type": "Feature", "properties": { "OBJECTID": 6607, "CE": "NPN Terreno -> Unidad", "CT": "", "ESTAMPA_CC": "2026-05-26 14:46:02" }, "geometry": { "type": "Point", "coordinates": [ -76.518932778125233, 3.346376307212624 ] } },
{ "type": "Feature", "properties": { "OBJECTID": 6608, "CE": "NPN Terreno -> Unidad", "CT": "", "ESTAMPA_CC": "2026-05-26 14:46:02" }, "geometry": { "type": "Point", "coordinates": [ -76.518918674727772, 3.346328408414017 ] } },
{ "type": "Feature", "properties": { "OBJECTID": 6609, "CE": "NPN Terreno -> Unidad", "CT": "", "ESTAMPA_CC": "2026-05-26 14:46:02" }, "geometry": { "type": "Point", "coordinates": [ -76.518904474800976, 3.346333343480318 ] } },
{ "type": "Feature", "properties": { "OBJECTID": 6610, "CE": "NPN Terreno -> Unidad", "CT": "", "ESTAMPA_CC": "2026-05-26 14:46:02" }, "geometry": { "type": "Point", "coordinates": [ -76.518830014537016, 3.346503045646724 ] } },
{ "type": "Feature", "properties": { "OBJECTID": 6611, "CE": "NPN Terreno -> Unidad", "CT": "", "ESTAMPA_CC": "2026-05-26 14:46:02" }, "geometry": { "type": "Point", "coordinates": [ -76.518844214138568, 3.346498110129439 ] } },
{ "type": "Feature", "properties": { "OBJECTID": 6612, "CE": "NPN Terreno -> Unidad", "CT": "", "ESTAMPA_CC": "2026-05-26 14:46:02" }, "geometry": { "type": "Point", "coordinates": [ -76.518817432455876, 3.346459569714461 ] } },
{ "type": "Feature", "properties": { "OBJECTID": 6626, "CE": "", "CT": "Llave IDPREDIO", "ESTAMPA_CC": "2026-05-26 14:46:02" }, "geometry": { "type": "Point", "coordinates": [ -76.510924464991419, 3.370062369959332 ] } },
{ "type": "Feature", "properties": { "OBJECTID": 6631, "CE": "", "CT": "Llave IDPREDIO", "ESTAMPA_CC": "2026-05-26 14:46:02" }, "geometry": { "type": "Point", "coordinates": [ -76.517556734215034, 3.358847439280159 ] } },
{ "type": "Feature", "properties": { "OBJECTID": 6634, "CE": "NPN Terreno -> Unidad", "CT": "Llave IDPREDIO", "ESTAMPA_CC": "2026-05-26 14:46:02" }, "geometry": { "type": "Point", "coordinates": [ -76.516819957855944, 3.358826776732769 ] } },
{ "type": "Feature", "properties": { "OBJECTID": 6635, "CE": "NPN Terreno -> Unidad", "CT": "Llave IDPREDIO", "ESTAMPA_CC": "2026-05-26 14:46:02" }, "geometry": { "type": "Point", "coordinates": [ -76.516939268626444, 3.358839719828807 ] } },
{ "type": "Feature", "properties": { "OBJECTID": 6646, "CE": "", "CT": "Llave IDPREDIO", "ESTAMPA_CC": "2026-05-26 14:46:02" }, "geometry": { "type": "Point", "coordinates": [ -76.517768767861597, 3.358859354944444 ] } },
{ "type": "Feature", "properties": { "OBJECTID": 6647, "CE": "NPN Terreno -> Unidad", "CT": "Llave IDPREDIO", "ESTAMPA_CC": "2026-05-26 14:46:02" }, "geometry": { "type": "Point", "coordinates": [ -76.517031945168085, 3.358839496389895 ] } },
{ "type": "Feature", "properties": { "OBJECTID": 6649, "CE": "NPN Terreno -> Unidad", "CT": "", "ESTAMPA_CC": "2026-05-26 14:46:02" }, "geometry": { "type": "Point", "coordinates": [ -76.518873465085093, 3.346203948739672 ] } },
{ "type": "Feature", "properties": { "OBJECTID": 6654, "CE": "", "CT": "Llave IDPREDIO", "ESTAMPA_CC": "2026-05-26 14:46:02" }, "geometry": { "type": "Point", "coordinates": [ -76.511100385161626, 3.370161010706946 ] } },
{ "type": "Feature", "properties": { "OBJECTID": 6655, "CE": "", "CT": "Llave IDPREDIO", "ESTAMPA_CC": "2026-05-26 14:46:02" }, "geometry": { "type": "Point", "coordinates": [ -76.511297906106222, 3.370161057864344 ] } },
{ "type": "Feature", "properties": { "OBJECTID": 6662, "CE": "NPN Terreno -> Unidad", "CT": "", "ESTAMPA_CC": "2026-05-26 14:46:02" }, "geometry": { "type": "Point", "coordinates": [ -76.518755489927571, 3.346240286271973 ] } },
{ "type": "Feature", "properties": { "OBJECTID": 6663, "CE": "NPN Terreno -> Unidad", "CT": "", "ESTAMPA_CC": "2026-05-26 14:46:02" }, "geometry": { "type": "Point", "coordinates": [ -76.518728707797578, 3.346201744498202 ] } },
{ "type": "Feature", "properties": { "OBJECTID": 6664, "CE": "NPN Terreno -> Unidad", "CT": "", "ESTAMPA_CC": "2026-05-26 14:46:02" }, "geometry": { "type": "Point", "coordinates": [ -76.518727273024041, 3.346197574352586 ] } },
{ "type": "Feature", "properties": { "OBJECTID": 6665, "CE": "NPN Terreno -> Unidad", "CT": "", "ESTAMPA_CC": "2026-05-26 14:46:02" }, "geometry": { "type": "Point", "coordinates": [ -76.518872030292911, 3.346199778594274 ] } },
{ "type": "Feature", "properties": { "OBJECTID": 6676, "CE": "", "CT": "Llave IDPREDIO", "ESTAMPA_CC": "2026-05-26 14:46:02" }, "geometry": { "type": "Point", "coordinates": [ -76.510946061419901, 3.370062371986676 ] } },
{ "type": "Feature", "properties": { "OBJECTID": 6708, "CE": "", "CT": "Llave IDPREDIO", "ESTAMPA_CC": "2026-05-26 14:46:02" }, "geometry": { "type": "Point", "coordinates": [ -76.520715615237393, 3.355589404190962 ] } },
{ "type": "Feature", "properties": { "OBJECTID": 6710, "CE": "", "CT": "Llave IDPREDIO", "ESTAMPA_CC": "2026-05-26 14:46:02" }, "geometry": { "type": "Point", "coordinates": [ -76.517680778562436, 3.359400025636662 ] } },
{ "type": "Feature", "properties": { "OBJECTID": 6725, "CE": "", "CT": "Llave IDPREDIO", "ESTAMPA_CC": "2026-05-26 14:46:02" }, "geometry": { "type": "Point", "coordinates": [ -76.517768767861597, 3.358859354944444 ] } },
{ "type": "Feature", "properties": { "OBJECTID": 6726, "CE": "NPN Terreno -> Unidad", "CT": "Llave IDPREDIO", "ESTAMPA_CC": "2026-05-26 14:46:02" }, "geometry": { "type": "Point", "coordinates": [ -76.516906858954187, 3.359359578373786 ] } },
{ "type": "Feature", "properties": { "OBJECTID": 6727, "CE": "NPN Terreno -> Unidad", "CT": "Llave IDPREDIO", "ESTAMPA_CC": "2026-05-26 14:46:02" }, "geometry": { "type": "Point", "coordinates": [ -76.516998938373106, 3.359360301174844 ] } },
{ "type": "Feature", "properties": { "OBJECTID": 6732, "CE": "NPN Terreno -> Unidad", "CT": "", "ESTAMPA_CC": "2026-05-26 14:46:02" }, "geometry": { "type": "Point", "coordinates": [ -76.518903520603999, 3.346670449616133 ] } },
{ "type": "Feature", "properties": { "OBJECTID": 6733, "CE": "NPN Terreno -> Unidad", "CT": "", "ESTAMPA_CC": "2026-05-26 14:46:02" }, "geometry": { "type": "Point", "coordinates": [ -76.518876654351644, 3.346631663261903 ] } },
{ "type": "Feature", "properties": { "OBJECTID": 6734, "CE": "NPN Terreno -> Unidad", "CT": "", "ESTAMPA_CC": "2026-05-26 14:46:02" }, "geometry": { "type": "Point", "coordinates": [ -76.518875219742256, 3.346627493568606 ] } },
{ "type": "Feature", "properties": { "OBJECTID": 6735, "CE": "NPN Terreno -> Unidad", "CT": "", "ESTAMPA_CC": "2026-05-26 14:46:02" }, "geometry": { "type": "Point", "coordinates": [ -76.519020061424627, 3.346629943276556 ] } },
{ "type": "Feature", "properties": { "OBJECTID": 6736, "CE": "NPN Terreno -> Unidad", "CT": "", "ESTAMPA_CC": "2026-05-26 14:46:02" }, "geometry": { "type": "Point", "coordinates": [ -76.519021496256045, 3.346634113421731 ] } },
{ "type": "Feature", "properties": { "OBJECTID": 6737, "CE": "NPN Terreno -> Unidad", "CT": "", "ESTAMPA_CC": "2026-05-26 14:46:02" }, "geometry": { "type": "Point", "coordinates": [ -76.51900739528871, 3.346586221405899 ] } },
{ "type": "Feature", "properties": { "OBJECTID": 6738, "CE": "NPN Terreno -> Unidad", "CT": "", "ESTAMPA_CC": "2026-05-26 14:46:02" }, "geometry": { "type": "Point", "coordinates": [ -76.518993195307303, 3.346591156473528 ] } },
{ "type": "Feature", "properties": { "OBJECTID": 6739, "CE": "NPN Terreno -> Unidad", "CT": "", "ESTAMPA_CC": "2026-05-26 14:46:02" }, "geometry": { "type": "Point", "coordinates": [ -76.518933015685775, 3.346756159123059 ] } },
{ "type": "Feature", "properties": { "OBJECTID": 6740, "CE": "NPN Terreno -> Unidad", "CT": "", "ESTAMPA_CC": "2026-05-26 14:46:02" }, "geometry": { "type": "Point", "coordinates": [ -76.51890623732919, 3.346717629108824 ] } },
{ "type": "Feature", "properties": { "OBJECTID": 6741, "CE": "NPN Terreno -> Unidad", "CT": "", "ESTAMPA_CC": "2026-05-26 14:46:02" }, "geometry": { "type": "Point", "coordinates": [ -76.518904802680908, 3.346713459415573 ] } },
{ "type": "Feature", "properties": { "OBJECTID": 6773, "CE": "NPN Terreno -> Unidad", "CT": "", "ESTAMPA_CC": "2026-05-26 14:46:02" }, "geometry": { "type": "Point", "coordinates": [ -76.518784742239305, 3.345946128501719 ] } },
{ "type": "Feature", "properties": { "OBJECTID": 6774, "CE": "NPN Terreno -> Unidad", "CT": "", "ESTAMPA_CC": "2026-05-26 14:46:02" }, "geometry": { "type": "Point", "coordinates": [ -76.51877073062316, 3.345898498246711 ] } },
{ "type": "Feature", "properties": { "OBJECTID": 6775, "CE": "NPN Terreno -> Unidad", "CT": "", "ESTAMPA_CC": "2026-05-26 14:46:02" }, "geometry": { "type": "Point", "coordinates": [ -76.51875653132214, 3.345903433310801 ] } },
{ "type": "Feature", "properties": { "OBJECTID": 6776, "CE": "NPN Terreno -> Unidad", "CT": "", "ESTAMPA_CC": "2026-05-26 14:46:02" }, "geometry": { "type": "Point", "coordinates": [ -76.518682061842753, 3.34607310924396 ] } },
{ "type": "Feature", "properties": { "OBJECTID": 6777, "CE": "NPN Terreno -> Unidad", "CT": "", "ESTAMPA_CC": "2026-05-26 14:46:02" }, "geometry": { "type": "Point", "coordinates": [ -76.51869626134588, 3.346068173276792 ] } },
{ "type": "Feature", "properties": { "OBJECTID": 6778, "CE": "NPN Terreno -> Unidad", "CT": "", "ESTAMPA_CC": "2026-05-26 14:46:02" }, "geometry": { "type": "Point", "coordinates": [ -76.518669395220996, 3.346029387368795 ] } },
{ "type": "Feature", "properties": { "OBJECTID": 6779, "CE": "NPN Terreno -> Unidad", "CT": "", "ESTAMPA_CC": "2026-05-26 14:46:02" }, "geometry": { "type": "Point", "coordinates": [ -76.518667960296696, 3.346025217223088 ] } },
{ "type": "Feature", "properties": { "OBJECTID": 6780, "CE": "NPN Terreno -> Unidad", "CT": "", "ESTAMPA_CC": "2026-05-26 14:46:02" }, "geometry": { "type": "Point", "coordinates": [ -76.518812801656125, 3.346027666962653 ] } },
{ "type": "Feature", "properties": { "OBJECTID": 6781, "CE": "NPN Terreno -> Unidad", "CT": "", "ESTAMPA_CC": "2026-05-26 14:46:02" }, "geometry": { "type": "Point", "coordinates": [ -76.518814236478306, 3.34603183710814 ] } },
{ "type": "Feature", "properties": { "OBJECTID": 6784, "CE": "", "CT": "Llave IDPREDIO", "ESTAMPA_CC": "2026-05-26 14:46:02" }, "geometry": { "type": "Point", "coordinates": [ -76.517464194734089, 3.358846276641297 ] } },
{ "type": "Feature", "properties": { "OBJECTID": 6785, "CE": "", "CT": "Llave IDPREDIO", "ESTAMPA_CC": "2026-05-26 14:46:02" }, "geometry": { "type": "Point", "coordinates": [ -76.516520619948139, 3.359158451053939 ] } },
{ "type": "Feature", "properties": { "OBJECTID": 6808, "CE": "NPN Terreno -> Unidad", "CT": "Llave IDPREDIO", "ESTAMPA_CC": "2026-05-26 14:46:02" }, "geometry": { "type": "Point", "coordinates": [ -76.516938550900605, 3.358904819083308 ] } },
{ "type": "Feature", "properties": { "OBJECTID": 6839, "CE": "NPN Terreno -> Unidad", "CT": "", "ESTAMPA_CC": "2026-05-26 14:46:02" }, "geometry": { "type": "Point", "coordinates": [ -76.518800135961428, 3.345983945993428 ] } },
{ "type": "Feature", "properties": { "OBJECTID": 6840, "CE": "NPN Terreno -> Unidad", "CT": "", "ESTAMPA_CC": "2026-05-26 14:46:02" }, "geometry": { "type": "Point", "coordinates": [ -76.51878593604431, 3.345988881510051 ] } },
{ "type": "Feature", "properties": { "OBJECTID": 6841, "CE": "NPN Terreno -> Unidad", "CT": "", "ESTAMPA_CC": "2026-05-26 14:46:02" }, "geometry": { "type": "Point", "coordinates": [ -76.518963382779447, 3.346504524690029 ] } },
{ "type": "Feature", "properties": { "OBJECTID": 6847, "CE": "NPN Terreno -> Unidad", "CT": "", "ESTAMPA_CC": "2026-05-26 14:46:02" }, "geometry": { "type": "Point", "coordinates": [ -76.518815997677322, 3.346455400021076 ] } },
{ "type": "Feature", "properties": { "OBJECTID": 6848, "CE": "NPN Terreno -> Unidad", "CT": "", "ESTAMPA_CC": "2026-05-26 14:46:02" }, "geometry": { "type": "Point", "coordinates": [ -76.518960752214142, 3.346457597015683 ] } },
{ "type": "Feature", "properties": { "OBJECTID": 6849, "CE": "NPN Terreno -> Unidad", "CT": "", "ESTAMPA_CC": "2026-05-26 14:46:02" }, "geometry": { "type": "Point", "coordinates": [ -76.518962186949238, 3.346461767160946 ] } },
{ "type": "Feature", "properties": { "OBJECTID": 6850, "CE": "NPN Terreno -> Unidad", "CT": "", "ESTAMPA_CC": "2026-05-26 14:46:02" }, "geometry": { "type": "Point", "coordinates": [ -76.518948172747983, 3.346414127414516 ] } },
{ "type": "Feature", "properties": { "OBJECTID": 6851, "CE": "NPN Terreno -> Unidad", "CT": "", "ESTAMPA_CC": "2026-05-26 14:46:02" }, "geometry": { "type": "Point", "coordinates": [ -76.518933973506122, 3.346419062481259 ] } },
{ "type": "Feature", "properties": { "OBJECTID": 6852, "CE": "NPN Terreno -> Unidad", "CT": "", "ESTAMPA_CC": "2026-05-26 14:46:02" }, "geometry": { "type": "Point", "coordinates": [ -76.518859502248631, 3.346588735263653 ] } },
{ "type": "Feature", "properties": { "OBJECTID": 6853, "CE": "NPN Terreno -> Unidad", "CT": "", "ESTAMPA_CC": "2026-05-26 14:46:02" }, "geometry": { "type": "Point", "coordinates": [ -76.518873702126427, 3.346583799745928 ] } },
{ "type": "Feature", "properties": { "OBJECTID": 6854, "CE": "NPN Terreno -> Unidad", "CT": "", "ESTAMPA_CC": "2026-05-26 14:46:02" }, "geometry": { "type": "Point", "coordinates": [ -76.51884684401341, 3.346545036899913 ] } },
{ "type": "Feature", "properties": { "OBJECTID": 6855, "CE": "NPN Terreno -> Unidad", "CT": "", "ESTAMPA_CC": "2026-05-26 14:46:02" }, "geometry": { "type": "Point", "coordinates": [ -76.5188454092077, 3.346540867206572 ] } },
{ "type": "Feature", "properties": { "OBJECTID": 6856, "CE": "NPN Terreno -> Unidad", "CT": "", "ESTAMPA_CC": "2026-05-26 14:46:02" }, "geometry": { "type": "Point", "coordinates": [ -76.518990242868867, 3.346543292957914 ] } },
{ "type": "Feature", "properties": { "OBJECTID": 6857, "CE": "NPN Terreno -> Unidad", "CT": "", "ESTAMPA_CC": "2026-05-26 14:46:02" }, "geometry": { "type": "Point", "coordinates": [ -76.518991677692554, 3.346547463103133 ] } },
{ "type": "Feature", "properties": { "OBJECTID": 6859, "CE": "NPN Terreno -> Unidad", "CT": "Llave IDPREDIO", "ESTAMPA_CC": "2026-05-26 14:46:02" }, "geometry": { "type": "Point", "coordinates": [ -76.516726562754272, 3.358892098953231 ] } },
{ "type": "Feature", "properties": { "OBJECTID": 6863, "CE": "NPN Terreno -> Unidad", "CT": "", "ESTAMPA_CC": "2026-05-26 14:46:02" }, "geometry": { "type": "Point", "coordinates": [ -76.511069215510162, 3.384129012810741 ] } },
{ "type": "Feature", "properties": { "OBJECTID": 6887, "CE": "NPN Terreno -> Unidad", "CT": "", "ESTAMPA_CC": "2026-05-26 14:46:02" }, "geometry": { "type": "Point", "coordinates": [ -76.518609058804273, 3.345854054078942 ] } },
{ "type": "Feature", "properties": { "OBJECTID": 6889, "CE": "NPN Terreno -> Unidad", "CT": "", "ESTAMPA_CC": "2026-05-26 14:46:02" }, "geometry": { "type": "Point", "coordinates": [ -76.518753902222088, 3.345856510608951 ] } },
{ "type": "Feature", "properties": { "OBJECTID": 6892, "CE": "NPN Terreno -> Unidad", "CT": "", "ESTAMPA_CC": "2026-05-26 14:46:02" }, "geometry": { "type": "Point", "coordinates": [ -76.518623162150519, 3.345901951977953 ] } },
{ "type": "Feature", "properties": { "OBJECTID": 6893, "CE": "NPN Terreno -> Unidad", "CT": "", "ESTAMPA_CC": "2026-05-26 14:46:02" }, "geometry": { "type": "Point", "coordinates": [ -76.518637361972964, 3.345897016463764 ] } },
{ "type": "Feature", "properties": { "OBJECTID": 6894, "CE": "NPN Terreno -> Unidad", "CT": "", "ESTAMPA_CC": "2026-05-26 14:46:02" }, "geometry": { "type": "Point", "coordinates": [ -76.518610493566953, 3.345858224224737 ] } },
{ "type": "Feature", "properties": { "OBJECTID": 6911, "CE": "", "CT": "Llave IDPREDIO", "ESTAMPA_CC": "2026-05-26 14:46:02" }, "geometry": { "type": "Point", "coordinates": [ -76.51132163132489, 3.36982188270999 ] } },
{ "type": "Feature", "properties": { "OBJECTID": 6915, "CE": "", "CT": "Llave IDPREDIO", "ESTAMPA_CC": "2026-05-26 14:46:02" }, "geometry": { "type": "Point", "coordinates": [ -76.516493626458043, 3.356424312877162 ] } },
{ "type": "Feature", "properties": { "OBJECTID": 6917, "CE": "NPN Terreno -> Unidad", "CT": "", "ESTAMPA_CC": "2026-05-26 14:46:02" }, "geometry": { "type": "Point", "coordinates": [ -76.518977582341392, 3.346499589170749 ] } },
{ "type": "Feature", "properties": { "OBJECTID": 6919, "CE": "", "CT": "Llave IDPREDIO", "ESTAMPA_CC": "2026-05-26 14:46:02" }, "geometry": { "type": "Point", "coordinates": [ -76.520715614084281, 3.355406412047832 ] } },
{ "type": "Feature", "properties": { "OBJECTID": 6921, "CE": "NPN Terreno -> Unidad", "CT": "Llave IDPREDIO", "ESTAMPA_CC": "2026-05-26 14:46:02" }, "geometry": { "type": "Point", "coordinates": [ -76.516998938373106, 3.359360301174844 ] } },
{ "type": "Feature", "properties": { "OBJECTID": 6960, "CE": "NPN Terreno -> Unidad", "CT": "", "ESTAMPA_CC": "2026-05-26 14:46:02" }, "geometry": { "type": "Point", "coordinates": [ -76.51885944844274, 3.346156303114668 ] } },
{ "type": "Feature", "properties": { "OBJECTID": 6961, "CE": "NPN Terreno -> Unidad", "CT": "", "ESTAMPA_CC": "2026-05-26 14:46:02" }, "geometry": { "type": "Point", "coordinates": [ -76.518845248872935, 3.346161238632179 ] } },
{ "type": "Feature", "properties": { "OBJECTID": 6962, "CE": "NPN Terreno -> Unidad", "CT": "", "ESTAMPA_CC": "2026-05-26 14:46:02" }, "geometry": { "type": "Point", "coordinates": [ -76.51877078226606, 3.346330922257952 ] } },
{ "type": "Feature", "properties": { "OBJECTID": 6963, "CE": "NPN Terreno -> Unidad", "CT": "", "ESTAMPA_CC": "2026-05-26 14:46:02" }, "geometry": { "type": "Point", "coordinates": [ -76.518784981845258, 3.346325986741553 ] } },
{ "type": "Feature", "properties": { "OBJECTID": 6964, "CE": "NPN Terreno -> Unidad", "CT": "", "ESTAMPA_CC": "2026-05-26 14:46:02" }, "geometry": { "type": "Point", "coordinates": [ -76.518758118399944, 3.346287209425915 ] } },
{ "type": "Feature", "properties": { "OBJECTID": 6965, "CE": "NPN Terreno -> Unidad", "CT": "", "ESTAMPA_CC": "2026-05-26 14:46:02" }, "geometry": { "type": "Point", "coordinates": [ -76.518756683742353, 3.34628303973244 ] } },
{ "type": "Feature", "properties": { "OBJECTID": 6966, "CE": "NPN Terreno -> Unidad", "CT": "", "ESTAMPA_CC": "2026-05-26 14:46:02" }, "geometry": { "type": "Point", "coordinates": [ -76.518901522575305, 3.346285480416526 ] } },
{ "type": "Feature", "properties": { "OBJECTID": 6967, "CE": "NPN Terreno -> Unidad", "CT": "", "ESTAMPA_CC": "2026-05-26 14:46:02" }, "geometry": { "type": "Point", "coordinates": [ -76.518902957339847, 3.34628965056188 ] } },
{ "type": "Feature", "properties": { "OBJECTID": 6968, "CE": "NPN Terreno -> Unidad", "CT": "", "ESTAMPA_CC": "2026-05-26 14:46:02" }, "geometry": { "type": "Point", "coordinates": [ -76.518888859328669, 3.346241767134137 ] } },
{ "type": "Feature", "properties": { "OBJECTID": 6969, "CE": "NPN Terreno -> Unidad", "CT": "", "ESTAMPA_CC": "2026-05-26 14:46:02" }, "geometry": { "type": "Point", "coordinates": [ -76.518874659471848, 3.34624670265209 ] } },
{ "type": "Feature", "properties": { "OBJECTID": 6970, "CE": "NPN Terreno -> Unidad", "CT": "", "ESTAMPA_CC": "2026-05-26 14:46:02" }, "geometry": { "type": "Point", "coordinates": [ -76.518800604502886, 3.346417582529627 ] } },
{ "type": "Feature", "properties": { "OBJECTID": 6971, "CE": "NPN Terreno -> Unidad", "CT": "", "ESTAMPA_CC": "2026-05-26 14:46:02" }, "geometry": { "type": "Point", "coordinates": [ -76.518814803984554, 3.346412646560685 ] } },
{ "type": "Feature", "properties": { "OBJECTID": 6972, "CE": "NPN Terreno -> Unidad", "CT": "", "ESTAMPA_CC": "2026-05-26 14:46:02" }, "geometry": { "type": "Point", "coordinates": [ -76.518787934109071, 3.346373850257804 ] } },
{ "type": "Feature", "properties": { "OBJECTID": 6973, "CE": "NPN Terreno -> Unidad", "CT": "", "ESTAMPA_CC": "2026-05-26 14:46:02" }, "geometry": { "type": "Point", "coordinates": [ -76.518786499301513, 3.346369680112277 ] } },
{ "type": "Feature", "properties": { "OBJECTID": 6985, "CE": "", "CT": "Llave IDPREDIO", "ESTAMPA_CC": "2026-05-26 14:46:02" }, "geometry": { "type": "Point", "coordinates": [ -76.510816449331216, 3.370062364787958 ] } },
{ "type": "Feature", "properties": { "OBJECTID": 7024, "CE": "", "CT": "Llave IDPREDIO", "ESTAMPA_CC": "2026-05-26 14:46:02" }, "geometry": { "type": "Point", "coordinates": [ -76.51758737505024, 3.359465637283854 ] } },
{ "type": "Feature", "properties": { "OBJECTID": 7039, "CE": "", "CT": "Llave IDPREDIO", "ESTAMPA_CC": "2026-05-26 14:46:02" }, "geometry": { "type": "Point", "coordinates": [ -76.517676228367279, 3.358858192326247 ] } },
{ "type": "Feature", "properties": { "OBJECTID": 7040, "CE": "NPN Terreno -> Unidad", "CT": "Llave IDPREDIO", "ESTAMPA_CC": "2026-05-26 14:46:02" }, "geometry": { "type": "Point", "coordinates": [ -76.516819957855944, 3.358826776732769 ] } },
{ "type": "Feature", "properties": { "OBJECTID": 7041, "CE": "NPN Terreno -> Unidad", "CT": "", "ESTAMPA_CC": "2026-05-26 14:46:02" }, "geometry": { "type": "Point", "coordinates": [ -76.519049556538064, 3.346715652779862 ] } },
{ "type": "Feature", "properties": { "OBJECTID": 7042, "CE": "NPN Terreno -> Unidad", "CT": "", "ESTAMPA_CC": "2026-05-26 14:46:02" }, "geometry": { "type": "Point", "coordinates": [ -76.519050991264137, 3.346719822924992 ] } },
{ "type": "Feature", "properties": { "OBJECTID": 7043, "CE": "NPN Terreno -> Unidad", "CT": "", "ESTAMPA_CC": "2026-05-26 14:46:02" }, "geometry": { "type": "Point", "coordinates": [ -76.519036890144534, 3.346671930457503 ] } },
{ "type": "Feature", "properties": { "OBJECTID": 7062, "CE": "", "CT": "Llave IDPREDIO", "ESTAMPA_CC": "2026-05-26 14:46:02" }, "geometry": { "type": "Point", "coordinates": [ -76.511384295677189, 3.37006238581769 ] } },
{ "type": "Feature", "properties": { "OBJECTID": 7088, "CE": "NPN Terreno -> Unidad", "CT": "", "ESTAMPA_CC": "2026-05-26 14:46:02" }, "geometry": { "type": "Point", "coordinates": [ -76.518726079404203, 3.346154821796276 ] } },
{ "type": "Feature", "properties": { "OBJECTID": 7089, "CE": "NPN Terreno -> Unidad", "CT": "", "ESTAMPA_CC": "2026-05-26 14:46:02" }, "geometry": { "type": "Point", "coordinates": [ -76.51869921391993, 3.346116037697513 ] } },
{ "type": "Feature", "properties": { "OBJECTID": 7090, "CE": "NPN Terreno -> Unidad", "CT": "", "ESTAMPA_CC": "2026-05-26 14:46:02" }, "geometry": { "type": "Point", "coordinates": [ -76.518697779152845, 3.346111867551851 ] } },
{ "type": "Feature", "properties": { "OBJECTID": 7091, "CE": "NPN Terreno -> Unidad", "CT": "", "ESTAMPA_CC": "2026-05-26 14:46:02" }, "geometry": { "type": "Point", "coordinates": [ -76.518842620316676, 3.346114316382673 ] } },
{ "type": "Feature", "properties": { "OBJECTID": 7092, "CE": "NPN Terreno -> Unidad", "CT": "", "ESTAMPA_CC": "2026-05-26 14:46:02" }, "geometry": { "type": "Point", "coordinates": [ -76.518844054990069, 3.346118486528115 ] } },
{ "type": "Feature", "properties": { "OBJECTID": 7093, "CE": "NPN Terreno -> Unidad", "CT": "", "ESTAMPA_CC": "2026-05-26 14:46:02" }, "geometry": { "type": "Point", "coordinates": [ -76.518829954289203, 3.346070595413844 ] } },
{ "type": "Feature", "properties": { "OBJECTID": 7094, "CE": "NPN Terreno -> Unidad", "CT": "", "ESTAMPA_CC": "2026-05-26 14:46:02" }, "geometry": { "type": "Point", "coordinates": [ -76.518815754662526, 3.346075530930915 ] } },
{ "type": "Feature", "properties": { "OBJECTID": 7095, "CE": "NPN Terreno -> Unidad", "CT": "", "ESTAMPA_CC": "2026-05-26 14:46:02" }, "geometry": { "type": "Point", "coordinates": [ -76.518741290138365, 3.346245221787931 ] } },
{ "type": "Feature", "properties": { "OBJECTID": 7096, "CE": "", "CT": "Llave IDPREDIO", "ESTAMPA_CC": "2026-05-26 14:46:02" }, "geometry": { "type": "Point", "coordinates": [ -76.510937983181009, 3.36983199004862 ] } },
{ "type": "Feature", "properties": { "OBJECTID": 7102, "CE": "NPN Terreno -> Unidad", "CT": "Llave IDPREDIO", "ESTAMPA_CC": "2026-05-26 14:46:02" }, "geometry": { "type": "Point", "coordinates": [ -76.517467888649421, 3.359454822741416 ] } },
{ "type": "Feature", "properties": { "OBJECTID": 7132, "CE": "", "CT": "Llave IDPREDIO", "ESTAMPA_CC": "2026-05-26 14:46:02" }, "geometry": { "type": "Point", "coordinates": [ -76.51683861718837, 3.356443009860579 ] } },
{ "type": "Feature", "properties": { "OBJECTID": 7142, "CE": "NPN Terreno -> Unidad", "CT": "Llave IDPREDIO", "ESTAMPA_CC": "2026-05-26 14:46:02" }, "geometry": { "type": "Point", "coordinates": [ -76.5176799107752, 3.359466973063855 ] } },
{ "type": "Feature", "properties": { "OBJECTID": 7154, "CE": "NPN Terreno -> Unidad", "CT": "", "ESTAMPA_CC": "2026-05-26 14:46:02" }, "geometry": { "type": "Point", "coordinates": [ -76.518889320796575, 3.346675385586401 ] } },
{ "type": "Feature", "properties": { "OBJECTID": 7177, "CE": "", "CT": "Llave IDPREDIO", "ESTAMPA_CC": "2026-05-26 14:46:02" }, "geometry": { "type": "Point", "coordinates": [ -76.511040142056785, 3.369827014394665 ] } },
{ "type": "Feature", "properties": { "OBJECTID": 7187, "CE": "", "CT": "Llave IDPREDIO", "ESTAMPA_CC": "2026-05-26 14:46:02" }, "geometry": { "type": "Point", "coordinates": [ -76.517556734215034, 3.358847439280159 ] } },
{ "type": "Feature", "properties": { "OBJECTID": 7192, "CE": "", "CT": "Llave IDPREDIO", "ESTAMPA_CC": "2026-05-26 14:46:02" }, "geometry": { "type": "Point", "coordinates": [ -76.511040142056785, 3.369827014394665 ] } },
{ "type": "Feature", "properties": { "OBJECTID": 7193, "CE": "", "CT": "Llave IDPREDIO", "ESTAMPA_CC": "2026-05-26 14:46:02" }, "geometry": { "type": "Point", "coordinates": [ -76.511040145179706, 3.369730984920328 ] } },
{ "type": "Feature", "properties": { "OBJECTID": 7195, "CE": "", "CT": "Llave IDPREDIO", "ESTAMPA_CC": "2026-05-26 14:46:02" }, "geometry": { "type": "Point", "coordinates": [ -76.516608596375548, 3.3592487469523 ] } },
{ "type": "Feature", "properties": { "OBJECTID": 7201, "CE": "NPN Terreno -> Unidad", "CT": "", "ESTAMPA_CC": "2026-05-26 14:46:02" }, "geometry": { "type": "Point", "coordinates": [ -76.518755337033241, 3.345860680754527 ] } },
{ "type": "Feature", "properties": { "OBJECTID": 7202, "CE": "NPN Terreno -> Unidad", "CT": "", "ESTAMPA_CC": "2026-05-26 14:46:02" }, "geometry": { "type": "Point", "coordinates": [ -76.518741233743981, 3.345812782405382 ] } },
{ "type": "Feature", "properties": { "OBJECTID": 7203, "CE": "NPN Terreno -> Unidad", "CT": "", "ESTAMPA_CC": "2026-05-26 14:46:02" }, "geometry": { "type": "Point", "coordinates": [ -76.518727033948082, 3.345817717921125 ] } },
{ "type": "Feature", "properties": { "OBJECTID": 7204, "CE": "NPN Terreno -> Unidad", "CT": "", "ESTAMPA_CC": "2026-05-26 14:46:02" }, "geometry": { "type": "Point", "coordinates": [ -76.518652567551143, 3.345987400181336 ] } },
{ "type": "Feature", "properties": { "OBJECTID": 7205, "CE": "NPN Terreno -> Unidad", "CT": "", "ESTAMPA_CC": "2026-05-26 14:46:02" }, "geometry": { "type": "Point", "coordinates": [ -76.518666767064744, 3.345982464666705 ] } },
{ "type": "Feature", "properties": { "OBJECTID": 7206, "CE": "NPN Terreno -> Unidad", "CT": "", "ESTAMPA_CC": "2026-05-26 14:46:02" }, "geometry": { "type": "Point", "coordinates": [ -76.518639990750984, 3.345943940070129 ] } },
{ "type": "Feature", "properties": { "OBJECTID": 7207, "CE": "NPN Terreno -> Unidad", "CT": "", "ESTAMPA_CC": "2026-05-26 14:46:02" }, "geometry": { "type": "Point", "coordinates": [ -76.518638556019539, 3.345939769924379 ] } },
{ "type": "Feature", "properties": { "OBJECTID": 7208, "CE": "NPN Terreno -> Unidad", "CT": "", "ESTAMPA_CC": "2026-05-26 14:46:02" }, "geometry": { "type": "Point", "coordinates": [ -76.518783307374932, 3.345941958356188 ] } },
{ "type": "Feature", "properties": { "OBJECTID": 7229, "CE": "", "CT": "Llave IDPREDIO", "ESTAMPA_CC": "2026-05-26 14:46:02" }, "geometry": { "type": "Point", "coordinates": [ -76.516608596738877, 3.359158449163866 ] } },
{ "type": "Feature", "properties": { "OBJECTID": 7256, "CE": "", "CT": "Llave IDPREDIO", "ESTAMPA_CC": "2026-05-26 14:46:02" }, "geometry": { "type": "Point", "coordinates": [ -76.511276312410175, 3.370062371656999 ] } },
{ "type": "Feature", "properties": { "OBJECTID": 7267, "CE": "NPN Terreno -> Unidad", "CT": "Llave IDPREDIO", "ESTAMPA_CC": "2026-05-26 14:46:02" }, "geometry": { "type": "Point", "coordinates": [ -76.517767970170439, 3.358926332210328 ] } },
{ "type": "Feature", "properties": { "OBJECTID": 7268, "CE": "", "CT": "Llave IDPREDIO", "ESTAMPA_CC": "2026-05-26 14:46:02" }, "geometry": { "type": "Point", "coordinates": [ -76.517767970170439, 3.358926332210328 ] } },
{ "type": "Feature", "properties": { "OBJECTID": 7269, "CE": "", "CT": "Llave IDPREDIO", "ESTAMPA_CC": "2026-05-26 14:46:02" }, "geometry": { "type": "Point", "coordinates": [ -76.510828028989295, 3.369821773343687 ] } },
{ "type": "Feature", "properties": { "OBJECTID": 7270, "CE": "", "CT": "Llave IDPREDIO", "ESTAMPA_CC": "2026-05-26 14:46:02" }, "geometry": { "type": "Point", "coordinates": [ -76.510859674806269, 3.370062364778532 ] } },
{ "type": "Feature", "properties": { "OBJECTID": 7285, "CE": "NPN Terreno -> Unidad", "CT": "Llave IDPREDIO", "ESTAMPA_CC": "2026-05-26 14:46:02" }, "geometry": { "type": "Point", "coordinates": [ -76.516693621253481, 3.359415363587679 ] } },
{ "type": "Feature", "properties": { "OBJECTID": 7338, "CE": "", "CT": "Llave IDPREDIO", "ESTAMPA_CC": "2026-05-26 14:46:02" }, "geometry": { "type": "Point", "coordinates": [ -76.510935531640214, 3.36973536558973 ] } },
{ "type": "Feature", "properties": { "OBJECTID": 7341, "CE": "", "CT": "Llave IDPREDIO", "ESTAMPA_CC": "2026-05-26 14:46:02" }, "geometry": { "type": "Point", "coordinates": [ -76.510686894576921, 3.370157761344247 ] } },
{ "type": "Feature", "properties": { "OBJECTID": 7346, "CE": "NPN Terreno -> Unidad", "CT": "Llave IDPREDIO", "ESTAMPA_CC": "2026-05-26 14:46:02" }, "geometry": { "type": "Point", "coordinates": [ -76.516998938373106, 3.359360301174844 ] } },
{ "type": "Feature", "properties": { "OBJECTID": 7351, "CE": "", "CT": "Llave IDPREDIO", "ESTAMPA_CC": "2026-05-26 14:46:02" }, "geometry": { "type": "Point", "coordinates": [ -76.510794881839004, 3.37016098184402 ] } },
{ "type": "Feature", "properties": { "OBJECTID": 7357, "CE": "", "CT": "Llave IDPREDIO", "ESTAMPA_CC": "2026-05-26 14:46:02" }, "geometry": { "type": "Point", "coordinates": [ -76.511449082695194, 3.370161041243413 ] } },
{ "type": "Feature", "properties": { "OBJECTID": 7370, "CE": "", "CT": "Llave IDPREDIO", "ESTAMPA_CC": "2026-05-26 14:46:02" }, "geometry": { "type": "Point", "coordinates": [ -76.511533748743446, 3.369730945888559 ] } },
{ "type": "Feature", "properties": { "OBJECTID": 7385, "CE": "", "CT": "Llave IDPREDIO", "ESTAMPA_CC": "2026-05-26 14:46:02" }, "geometry": { "type": "Point", "coordinates": [ -76.517588244634609, 3.35939868985675 ] } },
{ "type": "Feature", "properties": { "OBJECTID": 7403, "CE": "", "CT": "Llave IDPREDIO", "ESTAMPA_CC": "2026-05-26 14:46:02" }, "geometry": { "type": "Point", "coordinates": [ -76.511429135146614, 3.369735379507693 ] } },
{ "type": "Feature", "properties": { "OBJECTID": 7414, "CE": "", "CT": "Llave IDPREDIO", "ESTAMPA_CC": "2026-05-26 14:46:02" }, "geometry": { "type": "Point", "coordinates": [ -76.510935531549336, 3.36973536558973 ] } },
{ "type": "Feature", "properties": { "OBJECTID": 7415, "CE": "", "CT": "Llave IDPREDIO", "ESTAMPA_CC": "2026-05-26 14:46:02" }, "geometry": { "type": "Point", "coordinates": [ -76.510828028989295, 3.369821773343687 ] } },
{ "type": "Feature", "properties": { "OBJECTID": 7418, "CE": "", "CT": "Llave IDPREDIO", "ESTAMPA_CC": "2026-05-26 14:46:02" }, "geometry": { "type": "Point", "coordinates": [ -76.510935531549336, 3.36973536558973 ] } },
{ "type": "Feature", "properties": { "OBJECTID": 7421, "CE": "NPN Terreno -> Unidad", "CT": "", "ESTAMPA_CC": "2026-05-26 14:46:02" }, "geometry": { "type": "Point", "coordinates": [ -76.508475048765533, 3.365975215859401 ] } },
{ "type": "Feature", "properties": { "OBJECTID": 7422, "CE": "NPN Terreno -> Unidad", "CT": "", "ESTAMPA_CC": "2026-05-26 14:46:02" }, "geometry": { "type": "Point", "coordinates": [ -76.508109920007186, 3.365636483783832 ] } },
{ "type": "Feature", "properties": { "OBJECTID": 7426, "CE": "NPN Terreno -> Unidad", "CT": "", "ESTAMPA_CC": "2026-05-26 14:46:02" }, "geometry": { "type": "Point", "coordinates": [ -76.508475048765533, 3.365975215859401 ] } },
{ "type": "Feature", "properties": { "OBJECTID": 7427, "CE": "NPN Terreno -> Unidad", "CT": "", "ESTAMPA_CC": "2026-05-26 14:46:02" }, "geometry": { "type": "Point", "coordinates": [ -76.50789662271184, 3.365706980518732 ] } },
{ "type": "Feature", "properties": { "OBJECTID": 7431, "CE": "", "CT": "Llave IDPREDIO", "ESTAMPA_CC": "2026-05-26 14:46:02" }, "geometry": { "type": "Point", "coordinates": [ -76.511321632225076, 3.36982183388352 ] } },
{ "type": "Feature", "properties": { "OBJECTID": 7451, "CE": "NPN Terreno -> Unidad", "CT": "Llave IDPREDIO", "ESTAMPA_CC": "2026-05-26 14:46:02" }, "geometry": { "type": "Point", "coordinates": [ -76.516939268626444, 3.358839719828807 ] } },
{ "type": "Feature", "properties": { "OBJECTID": 7454, "CE": "", "CT": "Llave IDPREDIO", "ESTAMPA_CC": "2026-05-26 14:46:02" }, "geometry": { "type": "Point", "coordinates": [ -76.510935531640214, 3.36973536558973 ] } },
{ "type": "Feature", "properties": { "OBJECTID": 7466, "CE": "", "CT": "Llave IDPREDIO", "ESTAMPA_CC": "2026-05-26 14:46:02" }, "geometry": { "type": "Point", "coordinates": [ -76.516644568875478, 3.356432338233945 ] } },
{ "type": "Feature", "properties": { "OBJECTID": 7477, "CE": "", "CT": "Llave IDPREDIO", "ESTAMPA_CC": "2026-05-26 14:46:02" }, "geometry": { "type": "Point", "coordinates": [ -76.510828028989295, 3.369821773343687 ] } },
{ "type": "Feature", "properties": { "OBJECTID": 7486, "CE": "NPN Terreno -> Unidad", "CT": "", "ESTAMPA_CC": "2026-05-26 14:46:02" }, "geometry": { "type": "Point", "coordinates": [ -76.508117519474936, 3.366586859618755 ] } },
{ "type": "Feature", "properties": { "OBJECTID": 7490, "CE": "NPN Terreno -> Unidad", "CT": "", "ESTAMPA_CC": "2026-05-26 14:46:02" }, "geometry": { "type": "Point", "coordinates": [ -76.508066776547096, 3.365579475592146 ] } },
{ "type": "Feature", "properties": { "OBJECTID": 7491, "CE": "NPN Terreno -> Unidad", "CT": "", "ESTAMPA_CC": "2026-05-26 14:46:02" }, "geometry": { "type": "Point", "coordinates": [ -76.50789662271184, 3.365706980518732 ] } },
{ "type": "Feature", "properties": { "OBJECTID": 7520, "CE": "", "CT": "Llave IDPREDIO", "ESTAMPA_CC": "2026-05-26 14:46:02" }, "geometry": { "type": "Point", "coordinates": [ -76.517375354363509, 3.359453492365921 ] } },
{ "type": "Feature", "properties": { "OBJECTID": 7539, "CE": "", "CT": "Llave IDPREDIO", "ESTAMPA_CC": "2026-05-26 14:46:02" }, "geometry": { "type": "Point", "coordinates": [ -76.511533748743446, 3.369730945888559 ] } },
{ "type": "Feature", "properties": { "OBJECTID": 7572, "CE": "NPN Terreno -> Unidad", "CT": "", "ESTAMPA_CC": "2026-05-26 14:46:02" }, "geometry": { "type": "Point", "coordinates": [ -76.508395777070049, 3.366383461162062 ] } },
{ "type": "Feature", "properties": { "OBJECTID": 7579, "CE": "NPN Terreno -> Unidad", "CT": "", "ESTAMPA_CC": "2026-05-26 14:46:02" }, "geometry": { "type": "Point", "coordinates": [ -76.508109920007186, 3.365636483783832 ] } },
{ "type": "Feature", "properties": { "OBJECTID": 7580, "CE": "", "CT": "Llave IDPREDIO", "ESTAMPA_CC": "2026-05-26 14:46:02" }, "geometry": { "type": "Point", "coordinates": [ -76.517468533025124, 3.359387848639964 ] } },
{ "type": "Feature", "properties": { "OBJECTID": 7585, "CE": "", "CT": "Llave IDPREDIO", "ESTAMPA_CC": "2026-05-26 14:46:02" }, "geometry": { "type": "Point", "coordinates": [ -76.511217018659423, 3.369821881686166 ] } },
{ "type": "Feature", "properties": { "OBJECTID": 7588, "CE": "NPN Terreno -> Unidad", "CT": "Llave IDPREDIO", "ESTAMPA_CC": "2026-05-26 14:46:02" }, "geometry": { "type": "Point", "coordinates": [ -76.516819957855944, 3.358826776732769 ] } },
{ "type": "Feature", "properties": { "OBJECTID": 7597, "CE": "", "CT": "Llave IDPREDIO", "ESTAMPA_CC": "2026-05-26 14:46:02" }, "geometry": { "type": "Point", "coordinates": [ -76.510838078377773, 3.370062365009705 ] } },
{ "type": "Feature", "properties": { "OBJECTID": 7603, "CE": "", "CT": "Llave IDPREDIO", "ESTAMPA_CC": "2026-05-26 14:46:02" }, "geometry": { "type": "Point", "coordinates": [ -76.52061484763226, 3.355525206878164 ] } },
{ "type": "Feature", "properties": { "OBJECTID": 7623, "CE": "", "CT": "Llave IDPREDIO", "ESTAMPA_CC": "2026-05-26 14:46:02" }, "geometry": { "type": "Point", "coordinates": [ -76.511429135187967, 3.369730943983902 ] } },
{ "type": "Feature", "properties": { "OBJECTID": 7625, "CE": "", "CT": "Llave IDPREDIO", "ESTAMPA_CC": "2026-05-26 14:46:02" }, "geometry": { "type": "Point", "coordinates": [ -76.510989254951937, 3.3700623611207 ] } },
{ "type": "Feature", "properties": { "OBJECTID": 7663, "CE": "", "CT": "Llave IDPREDIO", "ESTAMPA_CC": "2026-05-26 14:46:02" }, "geometry": { "type": "Point", "coordinates": [ -76.511429133384723, 3.369827851882748 ] } },
{ "type": "Feature", "properties": { "OBJECTID": 7680, "CE": "NPN Terreno -> Unidad", "CT": "Llave IDPREDIO", "ESTAMPA_CC": "2026-05-26 14:46:02" }, "geometry": { "type": "Point", "coordinates": [ -76.516786266684676, 3.359416043914547 ] } },
{ "type": "Feature", "properties": { "OBJECTID": 7706, "CE": "", "CT": "Llave IDPREDIO", "ESTAMPA_CC": "2026-05-26 14:46:02" }, "geometry": { "type": "Point", "coordinates": [ -76.51121701890132, 3.369737146951468 ] } },
{ "type": "Feature", "properties": { "OBJECTID": 7707, "CE": "", "CT": "Llave IDPREDIO", "ESTAMPA_CC": "2026-05-26 14:46:02" }, "geometry": { "type": "Point", "coordinates": [ -76.511429133834582, 3.36982785233485 ] } },
{ "type": "Feature", "properties": { "OBJECTID": 7708, "CE": "", "CT": "Llave IDPREDIO", "ESTAMPA_CC": "2026-05-26 14:46:02" }, "geometry": { "type": "Point", "coordinates": [ -76.511321632461261, 3.369735213452183 ] } },
{ "type": "Feature", "properties": { "OBJECTID": 7711, "CE": "", "CT": "Llave IDPREDIO", "ESTAMPA_CC": "2026-05-26 14:46:02" }, "geometry": { "type": "Point", "coordinates": [ -76.511040142065028, 3.369827014394665 ] } },
{ "type": "Feature", "properties": { "OBJECTID": 7720, "CE": "", "CT": "Llave IDPREDIO", "ESTAMPA_CC": "2026-05-26 14:46:02" }, "geometry": { "type": "Point", "coordinates": [ -76.511533746950562, 3.369827851979018 ] } },
{ "type": "Feature", "properties": { "OBJECTID": 7724, "CE": "", "CT": "Llave IDPREDIO", "ESTAMPA_CC": "2026-05-26 14:46:02" }, "geometry": { "type": "Point", "coordinates": [ -76.51149227623209, 3.37016100368083 ] } },
{ "type": "Feature", "properties": { "OBJECTID": 7734, "CE": "", "CT": "Llave IDPREDIO", "ESTAMPA_CC": "2026-05-26 14:46:02" }, "geometry": { "type": "Point", "coordinates": [ -76.510935531640214, 3.36973536558973 ] } },
{ "type": "Feature", "properties": { "OBJECTID": 7754, "CE": "", "CT": "Llave IDPREDIO", "ESTAMPA_CC": "2026-05-26 14:46:02" }, "geometry": { "type": "Point", "coordinates": [ -76.510794881857692, 3.370162832729191 ] } },
{ "type": "Feature", "properties": { "OBJECTID": 7759, "CE": "NPN Terreno -> Unidad", "CT": "Llave IDPREDIO", "ESTAMPA_CC": "2026-05-26 14:46:02" }, "geometry": { "type": "Point", "coordinates": [ -76.516726562754272, 3.358892098953231 ] } },
{ "type": "Feature", "properties": { "OBJECTID": 7765, "CE": "", "CT": "Llave IDPREDIO", "ESTAMPA_CC": "2026-05-26 14:46:02" }, "geometry": { "type": "Point", "coordinates": [ -76.510751691538715, 3.370062388082236 ] } },
{ "type": "Feature", "properties": { "OBJECTID": 7770, "CE": "", "CT": "Llave IDPREDIO", "ESTAMPA_CC": "2026-05-26 14:46:02" }, "geometry": { "type": "Point", "coordinates": [ -76.510989251738891, 3.370160953985098 ] } },
{ "type": "Feature", "properties": { "OBJECTID": 7771, "CE": "", "CT": "Llave IDPREDIO", "ESTAMPA_CC": "2026-05-26 14:46:02" }, "geometry": { "type": "Point", "coordinates": [ -76.510859674581297, 3.370062368395306 ] } },
{ "type": "Feature", "properties": { "OBJECTID": 7773, "CE": "", "CT": "Llave IDPREDIO", "ESTAMPA_CC": "2026-05-26 14:46:02" }, "geometry": { "type": "Point", "coordinates": [ -76.517464194734089, 3.358846276641297 ] } },
{ "type": "Feature", "properties": { "OBJECTID": 7774, "CE": "NPN Terreno -> Unidad", "CT": "Llave IDPREDIO", "ESTAMPA_CC": "2026-05-26 14:46:02" }, "geometry": { "type": "Point", "coordinates": [ -76.516906858954187, 3.359359578373786 ] } },
{ "type": "Feature", "properties": { "OBJECTID": 7779, "CE": "", "CT": "Llave IDPREDIO", "ESTAMPA_CC": "2026-05-26 14:46:02" }, "geometry": { "type": "Point", "coordinates": [ -76.517467888649421, 3.359454822741416 ] } },
{ "type": "Feature", "properties": { "OBJECTID": 7796, "CE": "NPN Terreno -> Unidad", "CT": "Llave IDPREDIO", "ESTAMPA_CC": "2026-05-26 14:46:02" }, "geometry": { "type": "Point", "coordinates": [ -76.516786266684676, 3.359416043914547 ] } },
{ "type": "Feature", "properties": { "OBJECTID": 7816, "CE": "", "CT": "Llave IDPREDIO", "ESTAMPA_CC": "2026-05-26 14:46:02" }, "geometry": { "type": "Point", "coordinates": [ -76.510751688752265, 3.37016094884775 ] } },
{ "type": "Feature", "properties": { "OBJECTID": 7819, "CE": "", "CT": "Llave IDPREDIO", "ESTAMPA_CC": "2026-05-26 14:46:02" }, "geometry": { "type": "Point", "coordinates": [ -76.511040145302715, 3.369730984016134 ] } },
{ "type": "Feature", "properties": { "OBJECTID": 7830, "CE": "", "CT": "Llave IDPREDIO", "ESTAMPA_CC": "2026-05-26 14:46:02" }, "geometry": { "type": "Point", "coordinates": [ -76.517376222857195, 3.35938653860965 ] } },
{ "type": "Feature", "properties": { "OBJECTID": 7840, "CE": "", "CT": "Llave IDPREDIO", "ESTAMPA_CC": "2026-05-26 14:46:02" }, "geometry": { "type": "Point", "coordinates": [ -76.511013998538644, 3.370161027926081 ] } },
{ "type": "Feature", "properties": { "OBJECTID": 7843, "CE": "", "CT": "Llave IDPREDIO", "ESTAMPA_CC": "2026-05-26 14:46:02" }, "geometry": { "type": "Point", "coordinates": [ -76.511321632225545, 3.369821785057043 ] } },
{ "type": "Feature", "properties": { "OBJECTID": 7852, "CE": "NPN Terreno -> Unidad", "CT": "Llave IDPREDIO", "ESTAMPA_CC": "2026-05-26 14:46:02" }, "geometry": { "type": "Point", "coordinates": [ -76.516998938373106, 3.359360301174844 ] } },
{ "type": "Feature", "properties": { "OBJECTID": 7853, "CE": "", "CT": "Llave IDPREDIO", "ESTAMPA_CC": "2026-05-26 14:46:02" }, "geometry": { "type": "Point", "coordinates": [ -76.516608597597525, 3.35894503179598 ] } },
{ "type": "Feature", "properties": { "OBJECTID": 7858, "CE": "", "CT": "Llave IDPREDIO", "ESTAMPA_CC": "2026-05-26 14:46:02" }, "geometry": { "type": "Point", "coordinates": [ -76.511384292729133, 3.370160962406599 ] } },
{ "type": "Feature", "properties": { "OBJECTID": 7869, "CE": "", "CT": "Llave IDPREDIO", "ESTAMPA_CC": "2026-05-26 14:46:02" }, "geometry": { "type": "Point", "coordinates": [ -76.517556734215034, 3.358847439280159 ] } },
{ "type": "Feature", "properties": { "OBJECTID": 7908, "CE": "", "CT": "Llave IDPREDIO", "ESTAMPA_CC": "2026-05-26 14:46:02" }, "geometry": { "type": "Point", "coordinates": [ -76.517676228367279, 3.358858192326247 ] } },
{ "type": "Feature", "properties": { "OBJECTID": 7912, "CE": "", "CT": "Llave IDPREDIO", "ESTAMPA_CC": "2026-05-26 14:46:02" }, "geometry": { "type": "Point", "coordinates": [ -76.511057191609979, 3.370159647655158 ] } },
{ "type": "Feature", "properties": { "OBJECTID": 7913, "CE": "", "CT": "Llave IDPREDIO", "ESTAMPA_CC": "2026-05-26 14:46:02" }, "geometry": { "type": "Point", "coordinates": [ -76.511429133834582, 3.36982785233485 ] } },
{ "type": "Feature", "properties": { "OBJECTID": 7943, "CE": "", "CT": "Llave IDPREDIO", "ESTAMPA_CC": "2026-05-26 14:46:02" }, "geometry": { "type": "Point", "coordinates": [ -76.511217018901434, 3.369737100385475 ] } },
{ "type": "Feature", "properties": { "OBJECTID": 7946, "CE": "", "CT": "Llave IDPREDIO", "ESTAMPA_CC": "2026-05-26 14:46:02" }, "geometry": { "type": "Point", "coordinates": [ -76.51121701890132, 3.369737146951468 ] } },
{ "type": "Feature", "properties": { "OBJECTID": 7976, "CE": "", "CT": "Llave IDPREDIO", "ESTAMPA_CC": "2026-05-26 14:46:02" }, "geometry": { "type": "Point", "coordinates": [ -76.510946058652578, 3.370160954904944 ] } },
{ "type": "Feature", "properties": { "OBJECTID": 8003, "CE": "", "CT": "Llave IDPREDIO", "ESTAMPA_CC": "2026-05-26 14:46:02" }, "geometry": { "type": "Point", "coordinates": [ -76.510881268460139, 3.370161010306619 ] } },
{ "type": "Feature", "properties": { "OBJECTID": 8004, "CE": "", "CT": "Llave IDPREDIO", "ESTAMPA_CC": "2026-05-26 14:46:02" }, "geometry": { "type": "Point", "coordinates": [ -76.510828028989295, 3.369821773343687 ] } },
{ "type": "Feature", "properties": { "OBJECTID": 8011, "CE": "", "CT": "Llave IDPREDIO", "ESTAMPA_CC": "2026-05-26 14:46:02" }, "geometry": { "type": "Point", "coordinates": [ -76.510881268460963, 3.37016094656094 ] } },
{ "type": "Feature", "properties": { "OBJECTID": 8022, "CE": "Error de área; NPN Terreno -> Unidad", "CT": "", "ESTAMPA_CC": "2026-05-26 14:46:02" }, "geometry": null },
{ "type": "Feature", "properties": { "OBJECTID": 8061, "CE": "", "CT": "Número Piso; Llave IDPREDIO", "ESTAMPA_CC": "2026-05-26 14:46:02" }, "geometry": { "type": "Point", "coordinates": [ -76.511057191609979, 3.370159647655158 ] } },
{ "type": "Feature", "properties": { "OBJECTID": 8062, "CE": "", "CT": "Llave IDPREDIO", "ESTAMPA_CC": "2026-05-26 14:46:02" }, "geometry": { "type": "Point", "coordinates": [ -76.510902865116535, 3.370160989730099 ] } },
{ "type": "Feature", "properties": { "OBJECTID": 8063, "CE": "", "CT": "Llave IDPREDIO", "ESTAMPA_CC": "2026-05-26 14:46:02" }, "geometry": { "type": "Point", "coordinates": [ -76.511321632581868, 3.369729028312953 ] } },
{ "type": "Feature", "properties": { "OBJECTID": 8069, "CE": "", "CT": "Llave IDPREDIO", "ESTAMPA_CC": "2026-05-26 14:46:02" }, "geometry": { "type": "Point", "coordinates": [ -76.510881271459681, 3.370062366355256 ] } },
{ "type": "Feature", "properties": { "OBJECTID": 8070, "CE": "", "CT": "Llave IDPREDIO", "ESTAMPA_CC": "2026-05-26 14:46:02" }, "geometry": { "type": "Point", "coordinates": [ -76.511513872887278, 3.370161003886877 ] } },
{ "type": "Feature", "properties": { "OBJECTID": 8118, "CE": "", "CT": "Llave IDPREDIO", "ESTAMPA_CC": "2026-05-26 14:46:02" }, "geometry": { "type": "Point", "coordinates": [ -76.511557069129424, 3.370062396965989 ] } },
{ "type": "Feature", "properties": { "OBJECTID": 8119, "CE": "", "CT": "Llave IDPREDIO", "ESTAMPA_CC": "2026-05-26 14:46:02" }, "geometry": { "type": "Point", "coordinates": [ -76.511429405021644, 3.36973976349502 ] } },
{ "type": "Feature", "properties": { "OBJECTID": 8120, "CE": "", "CT": "Llave IDPREDIO", "ESTAMPA_CC": "2026-05-26 14:46:02" }, "geometry": { "type": "Point", "coordinates": [ -76.511429135146585, 3.369735382220274 ] } },
{ "type": "Feature", "properties": { "OBJECTID": 8151, "CE": "", "CT": "Llave IDPREDIO", "ESTAMPA_CC": "2026-05-26 14:46:02" }, "geometry": { "type": "Point", "coordinates": [ -76.511533746950562, 3.369827851979018 ] } },
{ "type": "Feature", "properties": { "OBJECTID": 8170, "CE": "NPN Terreno -> Unidad", "CT": "Llave IDPREDIO", "ESTAMPA_CC": "2026-05-26 14:46:02" }, "geometry": { "type": "Point", "coordinates": [ -76.51669429905499, 3.35934821814212 ] } },
{ "type": "Feature", "properties": { "OBJECTID": 8173, "CE": "", "CT": "Llave IDPREDIO", "ESTAMPA_CC": "2026-05-26 14:46:02" }, "geometry": { "type": "Point", "coordinates": [ -76.517464194734089, 3.358846276641297 ] } },
{ "type": "Feature", "properties": { "OBJECTID": 8174, "CE": "NPN Terreno -> Unidad", "CT": "Llave IDPREDIO", "ESTAMPA_CC": "2026-05-26 14:46:02" }, "geometry": { "type": "Point", "coordinates": [ -76.516906858954187, 3.359359578373786 ] } },
{ "type": "Feature", "properties": { "OBJECTID": 8191, "CE": "", "CT": "Llave IDPREDIO", "ESTAMPA_CC": "2026-05-26 14:46:02" }, "geometry": { "type": "Point", "coordinates": [ -76.51149227894426, 3.370062390924159 ] } },
{ "type": "Feature", "properties": { "OBJECTID": 8205, "CE": "", "CT": "Llave IDPREDIO", "ESTAMPA_CC": "2026-05-26 14:46:02" }, "geometry": { "type": "Point", "coordinates": [ -76.516536630588945, 3.356428691620034 ] } },
{ "type": "Feature", "properties": { "OBJECTID": 8211, "CE": "", "CT": "Llave IDPREDIO", "ESTAMPA_CC": "2026-05-26 14:46:02" }, "geometry": { "type": "Point", "coordinates": [ -76.516608597234352, 3.359035300198107 ] } },
{ "type": "Feature", "properties": { "OBJECTID": 8212, "CE": "NPN Terreno -> Unidad", "CT": "Llave IDPREDIO", "ESTAMPA_CC": "2026-05-26 14:46:02" }, "geometry": { "type": "Point", "coordinates": [ -76.516998938373106, 3.359360301174844 ] } },
{ "type": "Feature", "properties": { "OBJECTID": 8219, "CE": "NPN Terreno -> Unidad", "CT": "", "ESTAMPA_CC": "2026-05-26 14:46:02" }, "geometry": { "type": "Point", "coordinates": [ -76.511075476861436, 3.381507914888176 ] } },
{ "type": "Feature", "properties": { "OBJECTID": 8224, "CE": "", "CT": "Llave IDPREDIO", "ESTAMPA_CC": "2026-05-26 14:46:02" }, "geometry": { "type": "Point", "coordinates": [ -76.517556734215034, 3.358847439280159 ] } },
{ "type": "Feature", "properties": { "OBJECTID": 8225, "CE": "NPN Terreno -> Unidad", "CT": "", "ESTAMPA_CC": "2026-05-26 14:46:02" }, "geometry": { "type": "Point", "coordinates": [ -76.511075476861436, 3.381507914888176 ] } },
{ "type": "Feature", "properties": { "OBJECTID": 8226, "CE": "", "CT": "Llave IDPREDIO", "ESTAMPA_CC": "2026-05-26 14:46:02" }, "geometry": { "type": "Point", "coordinates": [ -76.517375354363509, 3.359453492365921 ] } },
{ "type": "Feature", "properties": { "OBJECTID": 8238, "CE": "", "CT": "Número Piso; Llave IDPREDIO", "ESTAMPA_CC": "2026-05-26 14:46:02" }, "geometry": { "type": "Point", "coordinates": [ -76.511427488984026, 3.370062385782104 ] } },
{ "type": "Feature", "properties": { "OBJECTID": 8242, "CE": "NPN Terreno -> Unidad", "CT": "Llave IDPREDIO", "ESTAMPA_CC": "2026-05-26 14:46:02" }, "geometry": { "type": "Point", "coordinates": [ -76.516998287803986, 3.359427358913901 ] } },
{ "type": "Feature", "properties": { "OBJECTID": 8254, "CE": "", "CT": "Llave IDPREDIO", "ESTAMPA_CC": "2026-05-26 14:46:02" }, "geometry": { "type": "Point", "coordinates": [ -76.511040142065028, 3.369827014394665 ] } },
{ "type": "Feature", "properties": { "OBJECTID": 8257, "CE": "", "CT": "Llave IDPREDIO", "ESTAMPA_CC": "2026-05-26 14:46:02" }, "geometry": { "type": "Point", "coordinates": [ -76.511533746950562, 3.369827851979018 ] } },
{ "type": "Feature", "properties": { "OBJECTID": 8258, "CE": "NPN Terreno -> Unidad", "CT": "", "ESTAMPA_CC": "2026-05-26 14:46:02" }, "geometry": { "type": "Point", "coordinates": [ -76.511069215510162, 3.384129012810741 ] } },
{ "type": "Feature", "properties": { "OBJECTID": 8262, "CE": "NPN Terreno -> Unidad", "CT": "Llave IDPREDIO", "ESTAMPA_CC": "2026-05-26 14:46:02" }, "geometry": { "type": "Point", "coordinates": [ -76.516786266684676, 3.359416043914547 ] } },
{ "type": "Feature", "properties": { "OBJECTID": 8290, "CE": "NPN Terreno -> Unidad", "CT": "Llave IDPREDIO", "ESTAMPA_CC": "2026-05-26 14:46:02" }, "geometry": { "type": "Point", "coordinates": [ -76.517031945168085, 3.358839496389895 ] } },
{ "type": "Feature", "properties": { "OBJECTID": 8291, "CE": "", "CT": "Llave IDPREDIO", "ESTAMPA_CC": "2026-05-26 14:46:02" }, "geometry": { "type": "Point", "coordinates": [ -76.516520643318671, 3.358945025096306 ] } },
{ "type": "Feature", "properties": { "OBJECTID": 8304, "CE": "", "CT": "Llave IDPREDIO", "ESTAMPA_CC": "2026-05-26 14:46:02" }, "geometry": { "type": "Point", "coordinates": [ -76.51072341542411, 3.369821771361281 ] } },
{ "type": "Feature", "properties": { "OBJECTID": 8359, "CE": "NPN Terreno -> Unidad", "CT": "Llave IDPREDIO", "ESTAMPA_CC": "2026-05-26 14:46:02" }, "geometry": { "type": "Point", "coordinates": [ -76.51678978703832, 3.359349205906189 ] } },
{ "type": "Feature", "properties": { "OBJECTID": 8360, "CE": "", "CT": "Llave IDPREDIO", "ESTAMPA_CC": "2026-05-26 14:46:02" }, "geometry": { "type": "Point", "coordinates": [ -76.517556734215034, 3.358847439280159 ] } },
{ "type": "Feature", "properties": { "OBJECTID": 8364, "CE": "", "CT": "Llave IDPREDIO", "ESTAMPA_CC": "2026-05-26 14:46:02" }, "geometry": { "type": "Point", "coordinates": [ -76.511056739740553, 3.370161010271029 ] } },
{ "type": "Feature", "properties": { "OBJECTID": 8407, "CE": "", "CT": "Llave IDPREDIO", "ESTAMPA_CC": "2026-05-26 14:46:02" }, "geometry": { "type": "Point", "coordinates": [ -76.510902865116506, 3.370160952206047 ] } },
{ "type": "Feature", "properties": { "OBJECTID": 8433, "CE": "", "CT": "Llave IDPREDIO", "ESTAMPA_CC": "2026-05-26 14:46:02" }, "geometry": { "type": "Point", "coordinates": [ -76.510935528940877, 3.369827012435632 ] } },
{ "type": "Feature", "properties": { "OBJECTID": 8479, "CE": "NPN Terreno -> Unidad", "CT": "", "ESTAMPA_CC": "2026-05-26 14:46:02" }, "geometry": { "type": "Point", "coordinates": [ -76.508266471309824, 3.365756753575481 ] } },
{ "type": "Feature", "properties": { "OBJECTID": 8491, "CE": "", "CT": "Llave IDPREDIO", "ESTAMPA_CC": "2026-05-26 14:46:02" }, "geometry": { "type": "Point", "coordinates": [ -76.516608597234352, 3.359035300198107 ] } },
{ "type": "Feature", "properties": { "OBJECTID": 8492, "CE": "NPN Terreno -> Unidad", "CT": "Llave IDPREDIO", "ESTAMPA_CC": "2026-05-26 14:46:02" }, "geometry": { "type": "Point", "coordinates": [ -76.517030854138156, 3.35890717711702 ] } },
{ "type": "Feature", "properties": { "OBJECTID": 8493, "CE": "NPN Terreno -> Unidad", "CT": "Llave IDPREDIO", "ESTAMPA_CC": "2026-05-26 14:46:02" }, "geometry": { "type": "Point", "coordinates": [ -76.516939268626444, 3.358839719828807 ] } },
{ "type": "Feature", "properties": { "OBJECTID": 8505, "CE": "", "CT": "Llave IDPREDIO", "ESTAMPA_CC": "2026-05-26 14:46:02" }, "geometry": { "type": "Point", "coordinates": [ -76.510730094885162, 3.370062389667242 ] } },
{ "type": "Feature", "properties": { "OBJECTID": 8506, "CE": "", "CT": "Llave IDPREDIO", "ESTAMPA_CC": "2026-05-26 14:46:02" }, "geometry": { "type": "Point", "coordinates": [ -76.510935531640214, 3.36973536558973 ] } },
{ "type": "Feature", "properties": { "OBJECTID": 8518, "CE": "", "CT": "Llave IDPREDIO", "ESTAMPA_CC": "2026-05-26 14:46:02" }, "geometry": { "type": "Point", "coordinates": [ -76.511078792160063, 3.37006234981255 ] } },
{ "type": "Feature", "properties": { "OBJECTID": 8519, "CE": "", "CT": "Llave IDPREDIO", "ESTAMPA_CC": "2026-05-26 14:46:02" }, "geometry": { "type": "Point", "coordinates": [ -76.511533748743446, 3.369730945888559 ] } },
{ "type": "Feature", "properties": { "OBJECTID": 8523, "CE": "", "CT": "Llave IDPREDIO", "ESTAMPA_CC": "2026-05-26 14:46:02" }, "geometry": { "type": "Point", "coordinates": [ -76.510773285425927, 3.3701628921836 ] } },
{ "type": "Feature", "properties": { "OBJECTID": 8544, "CE": "NPN Terreno -> Unidad", "CT": "", "ESTAMPA_CC": "2026-05-26 14:46:02" }, "geometry": { "type": "Point", "coordinates": [ -76.508226480182429, 3.366516564476048 ] } },
{ "type": "Feature", "properties": { "OBJECTID": 8558, "CE": "", "CT": "Llave IDPREDIO", "ESTAMPA_CC": "2026-05-26 14:46:02" }, "geometry": { "type": "Point", "coordinates": [ -76.516881583271555, 3.356448036442698 ] } },
{ "type": "Feature", "properties": { "OBJECTID": 8609, "CE": "NPN Terreno -> Unidad", "CT": "", "ESTAMPA_CC": "2026-05-26 14:46:02" }, "geometry": { "type": "Point", "coordinates": [ -76.508561200997391, 3.36608321614706 ] } },
{ "type": "Feature", "properties": { "OBJECTID": 8610, "CE": "NPN Terreno -> Unidad", "CT": "", "ESTAMPA_CC": "2026-05-26 14:46:02" }, "geometry": { "type": "Point", "coordinates": [ -76.508322537901307, 3.365713689798901 ] } },
{ "type": "Feature", "properties": { "OBJECTID": 8611, "CE": "NPN Terreno -> Unidad", "CT": "", "ESTAMPA_CC": "2026-05-26 14:46:02" }, "geometry": { "type": "Point", "coordinates": [ -76.508163817605691, 3.365508252596629 ] } },
{ "type": "Feature", "properties": { "OBJECTID": 8612, "CE": "NPN Terreno -> Unidad", "CT": "", "ESTAMPA_CC": "2026-05-26 14:46:02" }, "geometry": { "type": "Point", "coordinates": [ -76.508659126971551, 3.36618250647352 ] } },
{ "type": "Feature", "properties": { "OBJECTID": 8614, "CE": "NPN Terreno -> Unidad", "CT": "", "ESTAMPA_CC": "2026-05-26 14:46:02" }, "geometry": { "type": "Point", "coordinates": [ -76.508483345466317, 3.366115586210166 ] } },
{ "type": "Feature", "properties": { "OBJECTID": 8624, "CE": "", "CT": "Llave IDPREDIO", "ESTAMPA_CC": "2026-05-26 14:46:02" }, "geometry": { "type": "Point", "coordinates": [ -76.511321632461261, 3.369735213452183 ] } },
{ "type": "Feature", "properties": { "OBJECTID": 8632, "CE": "", "CT": "Llave IDPREDIO", "ESTAMPA_CC": "2026-05-26 14:46:02" }, "geometry": { "type": "Point", "coordinates": [ -76.511533748743446, 3.369730945888559 ] } },
{ "type": "Feature", "properties": { "OBJECTID": 8643, "CE": "", "CT": "Llave IDPREDIO", "ESTAMPA_CC": "2026-05-26 14:46:02" }, "geometry": { "type": "Point", "coordinates": [ -76.511429135187967, 3.369730943983902 ] } },
{ "type": "Feature", "properties": { "OBJECTID": 8646, "CE": "", "CT": "Llave IDPREDIO", "ESTAMPA_CC": "2026-05-26 14:46:02" }, "geometry": { "type": "Point", "coordinates": [ -76.511217018659423, 3.369821881686166 ] } },
{ "type": "Feature", "properties": { "OBJECTID": 8651, "CE": "NPN Terreno -> Unidad", "CT": "", "ESTAMPA_CC": "2026-05-26 14:46:02" }, "geometry": { "type": "Point", "coordinates": [ -76.508395777070049, 3.366383461162062 ] } },
{ "type": "Feature", "properties": { "OBJECTID": 8687, "CE": "", "CT": "Llave IDPREDIO", "ESTAMPA_CC": "2026-05-26 14:46:02" }, "geometry": { "type": "Point", "coordinates": [ -76.511557065974131, 3.370160985309418 ] } },
{ "type": "Feature", "properties": { "OBJECTID": 8689, "CE": "", "CT": "Llave IDPREDIO", "ESTAMPA_CC": "2026-05-26 14:46:02" }, "geometry": { "type": "Point", "coordinates": [ -76.511470679351504, 3.370160964141853 ] } },
{ "type": "Feature", "properties": { "OBJECTID": 8707, "CE": "", "CT": "Llave IDPREDIO", "ESTAMPA_CC": "2026-05-26 14:46:02" }, "geometry": { "type": "Point", "coordinates": [ -76.511040145179706, 3.369730984920328 ] } },
{ "type": "Feature", "properties": { "OBJECTID": 8721, "CE": "", "CT": "Llave IDPREDIO", "ESTAMPA_CC": "2026-05-26 14:46:02" }, "geometry": { "type": "Point", "coordinates": [ -76.516608597597525, 3.35894503179598 ] } },
{ "type": "Feature", "properties": { "OBJECTID": 8731, "CE": "", "CT": "Llave IDPREDIO", "ESTAMPA_CC": "2026-05-26 14:46:02" }, "geometry": { "type": "Point", "coordinates": [ -76.511429405021644, 3.36973976349502 ] } },
{ "type": "Feature", "properties": { "OBJECTID": 8739, "CE": "", "CT": "Llave IDPREDIO", "ESTAMPA_CC": "2026-05-26 14:46:02" }, "geometry": { "type": "Point", "coordinates": [ -76.511362699023806, 3.370062381087727 ] } },
{ "type": "Feature", "properties": { "OBJECTID": 8766, "CE": "NPN Terreno -> Unidad", "CT": "Llave IDPREDIO", "ESTAMPA_CC": "2026-05-26 14:46:02" }, "geometry": { "type": "Point", "coordinates": [ -76.517030854138156, 3.35890717711702 ] } },
{ "type": "Feature", "properties": { "OBJECTID": 8767, "CE": "NPN Terreno -> Unidad", "CT": "Llave IDPREDIO", "ESTAMPA_CC": "2026-05-26 14:46:02" }, "geometry": { "type": "Point", "coordinates": [ -76.517031945168085, 3.358839496389895 ] } },
{ "type": "Feature", "properties": { "OBJECTID": 8768, "CE": "", "CT": "Llave IDPREDIO", "ESTAMPA_CC": "2026-05-26 14:46:02" }, "geometry": { "type": "Point", "coordinates": [ -76.516608597234352, 3.359035300198107 ] } },
{ "type": "Feature", "properties": { "OBJECTID": 8769, "CE": "", "CT": "Llave IDPREDIO", "ESTAMPA_CC": "2026-05-26 14:46:02" }, "geometry": { "type": "Point", "coordinates": [ -76.517767970170439, 3.358926332210328 ] } },
{ "type": "Feature", "properties": { "OBJECTID": 8775, "CE": "NPN Terreno -> Unidad", "CT": "", "ESTAMPA_CC": "2026-05-26 14:46:02" }, "geometry": { "type": "Point", "coordinates": [ -76.508475048765533, 3.365975215859401 ] } },
{ "type": "Feature", "properties": { "OBJECTID": 8776, "CE": "NPN Terreno -> Unidad", "CT": "", "ESTAMPA_CC": "2026-05-26 14:46:02" }, "geometry": { "type": "Point", "coordinates": [ -76.508206814663879, 3.36556435432749 ] } },
{ "type": "Feature", "properties": { "OBJECTID": 8783, "CE": "", "CT": "Número Piso; Llave IDPREDIO", "ESTAMPA_CC": "2026-05-26 14:46:02" }, "geometry": { "type": "Point", "coordinates": [ -76.511319502986524, 3.370161038634641 ] } },
{ "type": "Feature", "properties": { "OBJECTID": 8784, "CE": "", "CT": "Llave IDPREDIO", "ESTAMPA_CC": "2026-05-26 14:46:02" }, "geometry": { "type": "Point", "coordinates": [ -76.510828029813013, 3.369727092926812 ] } },
{ "type": "Feature", "properties": { "OBJECTID": 8785, "CE": "", "CT": "Llave IDPREDIO", "ESTAMPA_CC": "2026-05-26 14:46:02" }, "geometry": { "type": "Point", "coordinates": [ -76.511078336396125, 3.370161010034885 ] } },
{ "type": "Feature", "properties": { "OBJECTID": 8790, "CE": "", "CT": "Llave IDPREDIO", "ESTAMPA_CC": "2026-05-26 14:46:02" }, "geometry": { "type": "Point", "coordinates": [ -76.510828029322013, 3.369821773795788 ] } },
{ "type": "Feature", "properties": { "OBJECTID": 8801, "CE": "", "CT": "Llave IDPREDIO", "ESTAMPA_CC": "2026-05-26 14:46:02" }, "geometry": { "type": "Point", "coordinates": [ -76.510723416158058, 3.369737037530781 ] } },
{ "type": "Feature", "properties": { "OBJECTID": 8807, "CE": "", "CT": "Llave IDPREDIO", "ESTAMPA_CC": "2026-05-26 14:46:02" }, "geometry": { "type": "Point", "coordinates": [ -76.510723416539449, 3.369821770005001 ] } },
{ "type": "Feature", "properties": { "OBJECTID": 8810, "CE": "", "CT": "Llave IDPREDIO", "ESTAMPA_CC": "2026-05-26 14:46:02" }, "geometry": { "type": "Point", "coordinates": [ -76.510902865116563, 3.37016094723298 ] } },
{ "type": "Feature", "properties": { "OBJECTID": 8836, "CE": "NPN Terreno -> Unidad", "CT": "", "ESTAMPA_CC": "2026-05-26 14:46:02" }, "geometry": { "type": "Point", "coordinates": [ -76.508066776547096, 3.365579475592146 ] } },
{ "type": "Feature", "properties": { "OBJECTID": 8838, "CE": "", "CT": "Llave IDPREDIO", "ESTAMPA_CC": "2026-05-26 14:46:02" }, "geometry": { "type": "Point", "coordinates": [ -76.510967655083505, 3.370160972755196 ] } },
{ "type": "Feature", "properties": { "OBJECTID": 8849, "CE": "", "CT": "Llave IDPREDIO", "ESTAMPA_CC": "2026-05-26 14:46:02" }, "geometry": { "type": "Point", "coordinates": [ -76.516520619948139, 3.359158451053939 ] } },
{ "type": "Feature", "properties": { "OBJECTID": 8874, "CE": "", "CT": "Llave IDPREDIO", "ESTAMPA_CC": "2026-05-26 14:46:02" }, "geometry": { "type": "Point", "coordinates": [ -76.517680778562436, 3.359400025636662 ] } },
{ "type": "Feature", "properties": { "OBJECTID": 8889, "CE": "", "CT": "Llave IDPREDIO", "ESTAMPA_CC": "2026-05-26 14:46:02" }, "geometry": { "type": "Point", "coordinates": [ -76.520614847850808, 3.355406412058734 ] } },
{ "type": "Feature", "properties": { "OBJECTID": 8897, "CE": "NPN Terreno -> Unidad", "CT": "", "ESTAMPA_CC": "2026-05-26 14:46:02" }, "geometry": { "type": "Point", "coordinates": [ -76.508066776547096, 3.365579475592146 ] } },
{ "type": "Feature", "properties": { "OBJECTID": 8899, "CE": "", "CT": "Llave IDPREDIO", "ESTAMPA_CC": "2026-05-26 14:46:02" }, "geometry": { "type": "Point", "coordinates": [ -76.517675430662095, 3.358925170044149 ] } },
{ "type": "Feature", "properties": { "OBJECTID": 8905, "CE": "", "CT": "Llave IDPREDIO", "ESTAMPA_CC": "2026-05-26 14:46:02" }, "geometry": { "type": "Point", "coordinates": [ -76.511321632461261, 3.369735213452183 ] } },
{ "type": "Feature", "properties": { "OBJECTID": 8906, "CE": "", "CT": "Llave IDPREDIO", "ESTAMPA_CC": "2026-05-26 14:46:02" }, "geometry": { "type": "Point", "coordinates": [ -76.510937983181009, 3.36983199004862 ] } },
{ "type": "Feature", "properties": { "OBJECTID": 8911, "CE": "", "CT": "Llave IDPREDIO", "ESTAMPA_CC": "2026-05-26 14:46:02" }, "geometry": { "type": "Point", "coordinates": [ -76.516608597234352, 3.359035300198107 ] } },
{ "type": "Feature", "properties": { "OBJECTID": 8912, "CE": "NPN Terreno -> Unidad", "CT": "Llave IDPREDIO", "ESTAMPA_CC": "2026-05-26 14:46:02" }, "geometry": { "type": "Point", "coordinates": [ -76.516786266684676, 3.359416043914547 ] } },
{ "type": "Feature", "properties": { "OBJECTID": 8918, "CE": "", "CT": "Número Piso; Llave IDPREDIO", "ESTAMPA_CC": "2026-05-26 14:46:02" }, "geometry": { "type": "Point", "coordinates": [ -76.511513875597686, 3.370062392486495 ] } },
{ "type": "Feature", "properties": { "OBJECTID": 8928, "CE": "", "CT": "Llave IDPREDIO", "ESTAMPA_CC": "2026-05-26 14:46:02" }, "geometry": { "type": "Point", "coordinates": [ -76.511341102145437, 3.370062379069853 ] } },
{ "type": "Feature", "properties": { "OBJECTID": 8934, "CE": "", "CT": "Llave IDPREDIO", "ESTAMPA_CC": "2026-05-26 14:46:02" }, "geometry": { "type": "Point", "coordinates": [ -76.516608597234352, 3.359035300198107 ] } },
{ "type": "Feature", "properties": { "OBJECTID": 8935, "CE": "", "CT": "Llave IDPREDIO", "ESTAMPA_CC": "2026-05-26 14:46:02" }, "geometry": { "type": "Point", "coordinates": [ -76.516608596738877, 3.359158449163866 ] } },
{ "type": "Feature", "properties": { "OBJECTID": 8938, "CE": "NPN Terreno -> Unidad", "CT": "Llave IDPREDIO", "ESTAMPA_CC": "2026-05-26 14:46:02" }, "geometry": { "type": "Point", "coordinates": [ -76.516693621253481, 3.359415363587679 ] } },
{ "type": "Feature", "properties": { "OBJECTID": 8939, "CE": "NPN Terreno -> Unidad", "CT": "Llave IDPREDIO", "ESTAMPA_CC": "2026-05-26 14:46:02" }, "geometry": { "type": "Point", "coordinates": [ -76.51669429905499, 3.35934821814212 ] } },
{ "type": "Feature", "properties": { "OBJECTID": 8959, "CE": "", "CT": "Número Piso; Llave IDPREDIO", "ESTAMPA_CC": "2026-05-26 14:46:02" }, "geometry": { "type": "Point", "coordinates": [ -76.521016717549827, 3.355515147160339 ] } },
{ "type": "Feature", "properties": { "OBJECTID": 8961, "CE": "NPN Terreno -> Unidad", "CT": "Llave IDPREDIO", "ESTAMPA_CC": "2026-05-26 14:46:02" }, "geometry": { "type": "Point", "coordinates": [ -76.516693621253481, 3.359415363587679 ] } },
{ "type": "Feature", "properties": { "OBJECTID": 8962, "CE": "", "CT": "Llave IDPREDIO", "ESTAMPA_CC": "2026-05-26 14:46:02" }, "geometry": { "type": "Point", "coordinates": [ -76.517555936514313, 3.358914416545864 ] } },
{ "type": "Feature", "properties": { "OBJECTID": 8963, "CE": "", "CT": "Llave IDPREDIO", "ESTAMPA_CC": "2026-05-26 14:46:02" }, "geometry": { "type": "Point", "coordinates": [ -76.517555936514313, 3.358914416545864 ] } },
{ "type": "Feature", "properties": { "OBJECTID": 8964, "CE": "", "CT": "Número Piso; Llave IDPREDIO", "ESTAMPA_CC": "2026-05-26 14:46:02" }, "geometry": { "type": "Point", "coordinates": [ -76.511165174903681, 3.37016099281437 ] } },
{ "type": "Feature", "properties": { "OBJECTID": 8984, "CE": "", "CT": "Número Piso; Llave IDPREDIO", "ESTAMPA_CC": "2026-05-26 14:46:02" }, "geometry": { "type": "Point", "coordinates": [ -76.511427486264907, 3.370161021595724 ] } },
{ "type": "Feature", "properties": { "OBJECTID": 8987, "CE": "", "CT": "Llave IDPREDIO", "ESTAMPA_CC": "2026-05-26 14:46:02" }, "geometry": { "type": "Point", "coordinates": [ -76.511470682290877, 3.370062388909234 ] } },
{ "type": "Feature", "properties": { "OBJECTID": 8991, "CE": "", "CT": "Llave IDPREDIO", "ESTAMPA_CC": "2026-05-26 14:46:02" }, "geometry": { "type": "Point", "coordinates": [ -76.510935531640214, 3.36973536558973 ] } },
{ "type": "Feature", "properties": { "OBJECTID": 8996, "CE": "NPN Terreno -> Unidad", "CT": "Llave IDPREDIO", "ESTAMPA_CC": "2026-05-26 14:46:02" }, "geometry": { "type": "Point", "coordinates": [ -76.516818189717128, 3.358893757610807 ] } },
{ "type": "Feature", "properties": { "OBJECTID": 9008, "CE": "NPN Terreno -> Unidad", "CT": "Llave IDPREDIO", "ESTAMPA_CC": "2026-05-26 14:46:02" }, "geometry": { "type": "Point", "coordinates": [ -76.516939268626444, 3.358839719828807 ] } },
{ "type": "Feature", "properties": { "OBJECTID": 9009, "CE": "", "CT": "Llave IDPREDIO", "ESTAMPA_CC": "2026-05-26 14:46:02" }, "geometry": { "type": "Point", "coordinates": [ -76.51746339701505, 3.358913253906924 ] } },
{ "type": "Feature", "properties": { "OBJECTID": 9012, "CE": "", "CT": "Llave IDPREDIO", "ESTAMPA_CC": "2026-05-26 14:46:02" }, "geometry": { "type": "Point", "coordinates": [ -76.517768767861597, 3.358859354944444 ] } },
{ "type": "Feature", "properties": { "OBJECTID": 9021, "CE": "", "CT": "Llave IDPREDIO", "ESTAMPA_CC": "2026-05-26 14:46:02" }, "geometry": { "type": "Point", "coordinates": [ -76.51746339701505, 3.358913253906924 ] } },
{ "type": "Feature", "properties": { "OBJECTID": 9026, "CE": "", "CT": "Llave IDPREDIO", "ESTAMPA_CC": "2026-05-26 14:46:02" }, "geometry": { "type": "Point", "coordinates": [ -76.510967658073312, 3.370062374465631 ] } },
{ "type": "Feature", "properties": { "OBJECTID": 9055, "CE": "", "CT": "Llave IDPREDIO", "ESTAMPA_CC": "2026-05-26 14:46:02" }, "geometry": { "type": "Point", "coordinates": [ -76.516608597234352, 3.359035300198107 ] } },
{ "type": "Feature", "properties": { "OBJECTID": 9069, "CE": "", "CT": "Llave IDPREDIO", "ESTAMPA_CC": "2026-05-26 14:46:02" }, "geometry": { "type": "Point", "coordinates": [ -76.51072341542411, 3.369821771361281 ] } },
{ "type": "Feature", "properties": { "OBJECTID": 9073, "CE": "", "CT": "Llave IDPREDIO", "ESTAMPA_CC": "2026-05-26 14:46:02" }, "geometry": { "type": "Point", "coordinates": [ -76.517375354363509, 3.359453492365921 ] } },
{ "type": "Feature", "properties": { "OBJECTID": 9080, "CE": "", "CT": "Llave IDPREDIO", "ESTAMPA_CC": "2026-05-26 14:46:02" }, "geometry": { "type": "Point", "coordinates": [ -76.516520643318671, 3.358945025096306 ] } },
{ "type": "Feature", "properties": { "OBJECTID": 9089, "CE": "NPN Terreno -> Unidad", "CT": "", "ESTAMPA_CC": "2026-05-26 14:46:02" }, "geometry": { "type": "Point", "coordinates": [ -76.508117519474936, 3.366586859618755 ] } },
{ "type": "Feature", "properties": { "OBJECTID": 9092, "CE": "", "CT": "Llave IDPREDIO", "ESTAMPA_CC": "2026-05-26 14:46:02" }, "geometry": { "type": "Point", "coordinates": [ -76.516520619576752, 3.359248747033985 ] } },
{ "type": "Feature", "properties": { "OBJECTID": 9096, "CE": "NPN Terreno -> Unidad", "CT": "Llave IDPREDIO", "ESTAMPA_CC": "2026-05-26 14:46:02" }, "geometry": { "type": "Point", "coordinates": [ -76.516726562754272, 3.358892098953231 ] } },
{ "type": "Feature", "properties": { "OBJECTID": 9097, "CE": "NPN Terreno -> Unidad", "CT": "Llave IDPREDIO", "ESTAMPA_CC": "2026-05-26 14:46:02" }, "geometry": { "type": "Point", "coordinates": [ -76.516998287803986, 3.359427358913901 ] } },
{ "type": "Feature", "properties": { "OBJECTID": 9108, "CE": "", "CT": "Llave IDPREDIO", "ESTAMPA_CC": "2026-05-26 14:46:02" }, "geometry": { "type": "Point", "coordinates": [ -76.511362695848277, 3.370161039958289 ] } },
{ "type": "Feature", "properties": { "OBJECTID": 9109, "CE": "", "CT": "Número Piso; Llave IDPREDIO", "ESTAMPA_CC": "2026-05-26 14:46:02" }, "geometry": { "type": "Point", "coordinates": [ -76.511557065974117, 3.370160985309418 ] } },
{ "type": "Feature", "properties": { "OBJECTID": 9114, "CE": "", "CT": "Llave IDPREDIO", "ESTAMPA_CC": "2026-05-26 14:46:02" }, "geometry": { "type": "Point", "coordinates": [ -76.517767970170439, 3.358926332210328 ] } },
{ "type": "Feature", "properties": { "OBJECTID": 9115, "CE": "NPN Terreno -> Unidad", "CT": "Llave IDPREDIO", "ESTAMPA_CC": "2026-05-26 14:46:02" }, "geometry": { "type": "Point", "coordinates": [ -76.517767970170439, 3.358926332210328 ] } },
{ "type": "Feature", "properties": { "OBJECTID": 9121, "CE": "NPN Terreno -> Unidad", "CT": "Llave IDPREDIO", "ESTAMPA_CC": "2026-05-26 14:46:02" }, "geometry": { "type": "Point", "coordinates": [ -76.516694298998658, 3.35934821814212 ] } },
{ "type": "Feature", "properties": { "OBJECTID": 9156, "CE": "", "CT": "Número Piso; Llave IDPREDIO", "ESTAMPA_CC": "2026-05-26 14:46:02" }, "geometry": { "type": "Point", "coordinates": [ -76.521249771967874, 3.355671842488549 ] } },
{ "type": "Feature", "properties": { "OBJECTID": 9165, "CE": "", "CT": "Llave IDPREDIO", "ESTAMPA_CC": "2026-05-26 14:46:02" }, "geometry": { "type": "Point", "coordinates": [ -76.510904215893589, 3.370062369753588 ] } },
{ "type": "Feature", "properties": { "OBJECTID": 9170, "CE": "", "CT": "Llave IDPREDIO", "ESTAMPA_CC": "2026-05-26 14:46:02" }, "geometry": { "type": "Point", "coordinates": [ -76.51072341542411, 3.369821771361281 ] } },
{ "type": "Feature", "properties": { "OBJECTID": 9176, "CE": "", "CT": "Llave IDPREDIO", "ESTAMPA_CC": "2026-05-26 14:46:02" }, "geometry": { "type": "Point", "coordinates": [ -76.516608597597525, 3.35894503179598 ] } },
{ "type": "Feature", "properties": { "OBJECTID": 9177, "CE": "", "CT": "Llave IDPREDIO", "ESTAMPA_CC": "2026-05-26 14:46:02" }, "geometry": { "type": "Point", "coordinates": [ -76.517675430662095, 3.358925170044149 ] } },
{ "type": "Feature", "properties": { "OBJECTID": 9201, "CE": "NPN Terreno -> Unidad", "CT": "", "ESTAMPA_CC": "2026-05-26 14:46:02" }, "geometry": { "type": "Point", "coordinates": [ -76.51099417280038, 3.384121934478821 ] } },
{ "type": "Feature", "properties": { "OBJECTID": 9228, "CE": "", "CT": "Llave IDPREDIO", "ESTAMPA_CC": "2026-05-26 14:46:02" }, "geometry": { "type": "Point", "coordinates": [ -76.511100388363602, 3.370062351836384 ] } },
{ "type": "Feature", "properties": { "OBJECTID": 9232, "CE": "NPN Terreno -> Unidad", "CT": "Llave IDPREDIO", "ESTAMPA_CC": "2026-05-26 14:46:02" }, "geometry": { "type": "Point", "coordinates": [ -76.51678978703832, 3.359349205906189 ] } },
{ "type": "Feature", "properties": { "OBJECTID": 9241, "CE": "", "CT": "Llave IDPREDIO", "ESTAMPA_CC": "2026-05-26 14:46:02" }, "geometry": { "type": "Point", "coordinates": [ -76.511429133384723, 3.369827851882748 ] } },
{ "type": "Feature", "properties": { "OBJECTID": 9242, "CE": "", "CT": "Llave IDPREDIO", "ESTAMPA_CC": "2026-05-26 14:46:02" }, "geometry": { "type": "Point", "coordinates": [ -76.51121701890132, 3.369737146951468 ] } },
{ "type": "Feature", "properties": { "OBJECTID": 9243, "CE": "", "CT": "Llave IDPREDIO", "ESTAMPA_CC": "2026-05-26 14:46:02" }, "geometry": { "type": "Point", "coordinates": [ -76.511217017759691, 3.369821881686157 ] } },
{ "type": "Feature", "properties": { "OBJECTID": 9245, "CE": "", "CT": "Llave IDPREDIO", "ESTAMPA_CC": "2026-05-26 14:46:02" }, "geometry": { "type": "Point", "coordinates": [ -76.511429135146585, 3.369735382220274 ] } },
{ "type": "Feature", "properties": { "OBJECTID": 9247, "CE": "", "CT": "Llave IDPREDIO", "ESTAMPA_CC": "2026-05-26 14:46:02" }, "geometry": { "type": "Point", "coordinates": [ -76.517555936514313, 3.358914416545864 ] } },
{ "type": "Feature", "properties": { "OBJECTID": 9250, "CE": "", "CT": "Llave IDPREDIO", "ESTAMPA_CC": "2026-05-26 14:46:02" }, "geometry": { "type": "Point", "coordinates": [ -76.510816478476869, 3.370159466184643 ] } },
{ "type": "Feature", "properties": { "OBJECTID": 9251, "CE": "", "CT": "Llave IDPREDIO", "ESTAMPA_CC": "2026-05-26 14:46:02" }, "geometry": { "type": "Point", "coordinates": [ -76.511429133384723, 3.369827851882748 ] } },
{ "type": "Feature", "properties": { "OBJECTID": 9253, "CE": "", "CT": "Llave IDPREDIO", "ESTAMPA_CC": "2026-05-26 14:46:02" }, "geometry": { "type": "Point", "coordinates": [ -76.511040145155391, 3.369737043924491 ] } },
{ "type": "Feature", "properties": { "OBJECTID": 9257, "CE": "", "CT": "Llave IDPREDIO", "ESTAMPA_CC": "2026-05-26 14:46:02" }, "geometry": { "type": "Point", "coordinates": [ -76.511044141151416, 3.381192165047862 ] } },
{ "type": "Feature", "properties": { "OBJECTID": 9258, "CE": "", "CT": "Llave IDPREDIO", "ESTAMPA_CC": "2026-05-26 14:46:02" }, "geometry": { "type": "Point", "coordinates": [ -76.516608596375548, 3.3592487469523 ] } },
{ "type": "Feature", "properties": { "OBJECTID": 9268, "CE": "", "CT": "Llave IDPREDIO", "ESTAMPA_CC": "2026-05-26 14:46:02" }, "geometry": { "type": "Point", "coordinates": [ -76.511533748366844, 3.369827846553866 ] } },
{ "type": "Feature", "properties": { "OBJECTID": 9269, "CE": "", "CT": "Llave IDPREDIO", "ESTAMPA_CC": "2026-05-26 14:46:02" }, "geometry": { "type": "Point", "coordinates": [ -76.511533746500703, 3.369827851979014 ] } },
{ "type": "Feature", "properties": { "OBJECTID": 9271, "CE": "", "CT": "Llave IDPREDIO", "ESTAMPA_CC": "2026-05-26 14:46:02" }, "geometry": { "type": "Point", "coordinates": [ -76.510723415306984, 3.369821772265473 ] } },
{ "type": "Feature", "properties": { "OBJECTID": 9292, "CE": "", "CT": "Llave IDPREDIO", "ESTAMPA_CC": "2026-05-26 14:46:02" }, "geometry": { "type": "Point", "coordinates": [ -76.510935532736511, 3.369735365589743 ] } },
{ "type": "Feature", "properties": { "OBJECTID": 9293, "CE": "", "CT": "Llave IDPREDIO", "ESTAMPA_CC": "2026-05-26 14:46:02" }, "geometry": { "type": "Point", "coordinates": [ -76.51105719460692, 3.370062347336116 ] } },
{ "type": "Feature", "properties": { "OBJECTID": 9305, "CE": "", "CT": "Llave IDPREDIO", "ESTAMPA_CC": "2026-05-26 14:46:02" }, "geometry": { "type": "Point", "coordinates": [ -76.510935528940877, 3.369827012435632 ] } },
{ "type": "Feature", "properties": { "OBJECTID": 9307, "CE": "", "CT": "Llave IDPREDIO", "ESTAMPA_CC": "2026-05-26 14:46:02" }, "geometry": { "type": "Point", "coordinates": [ -76.511217018901434, 3.369737100385475 ] } },
{ "type": "Feature", "properties": { "OBJECTID": 9330, "CE": "", "CT": "Llave IDPREDIO", "ESTAMPA_CC": "2026-05-26 14:46:02" }, "geometry": { "type": "Point", "coordinates": [ -76.511078788279931, 3.370161049371838 ] } },
{ "type": "Feature", "properties": { "OBJECTID": 9336, "CE": "", "CT": "Llave IDPREDIO", "ESTAMPA_CC": "2026-05-26 14:46:02" }, "geometry": { "type": "Point", "coordinates": [ -76.510935529606513, 3.369820951170988 ] } },
{ "type": "Feature", "properties": { "OBJECTID": 9337, "CE": "NPN Terreno -> Unidad", "CT": "Llave IDPREDIO", "ESTAMPA_CC": "2026-05-26 14:46:02" }, "geometry": { "type": "Point", "coordinates": [ -76.517675430662095, 3.358925170044149 ] } },
{ "type": "Feature", "properties": { "OBJECTID": 9339, "CE": "NPN Terreno -> Unidad", "CT": "", "ESTAMPA_CC": "2026-05-26 14:46:02" }, "geometry": { "type": "Point", "coordinates": [ -76.508487902669515, 3.366310740725122 ] } },
{ "type": "Feature", "properties": { "OBJECTID": 9342, "CE": "NPN Terreno -> Unidad", "CT": "", "ESTAMPA_CC": "2026-05-26 14:46:02" }, "geometry": { "type": "Point", "coordinates": [ -76.508035881065339, 3.365694109807812 ] } },
{ "type": "Feature", "properties": { "OBJECTID": 9346, "CE": "NPN Terreno -> Unidad", "CT": "", "ESTAMPA_CC": "2026-05-26 14:46:02" }, "geometry": { "type": "Point", "coordinates": [ -76.508659126971551, 3.36618250647352 ] } },
{ "type": "Feature", "properties": { "OBJECTID": 9355, "CE": "NPN Terreno -> Unidad", "CT": "Llave IDPREDIO", "ESTAMPA_CC": "2026-05-26 14:46:02" }, "geometry": { "type": "Point", "coordinates": [ -76.516727343461483, 3.358825093658139 ] } },
{ "type": "Feature", "properties": { "OBJECTID": 9356, "CE": "", "CT": "Llave IDPREDIO", "ESTAMPA_CC": "2026-05-26 14:46:02" }, "geometry": { "type": "Point", "coordinates": [ -76.510902868338036, 3.370062367931491 ] } },
{ "type": "Feature", "properties": { "OBJECTID": 9360, "CE": "", "CT": "Llave IDPREDIO", "ESTAMPA_CC": "2026-05-26 14:46:02" }, "geometry": { "type": "Point", "coordinates": [ -76.511276312388318, 3.370063497830659 ] } },
{ "type": "Feature", "properties": { "OBJECTID": 9382, "CE": "", "CT": "Llave IDPREDIO", "ESTAMPA_CC": "2026-05-26 14:46:02" }, "geometry": { "type": "Point", "coordinates": [ -76.511321632581868, 3.369729028312953 ] } },
{ "type": "Feature", "properties": { "OBJECTID": 9430, "CE": "", "CT": "Llave IDPREDIO", "ESTAMPA_CC": "2026-05-26 14:46:02" }, "geometry": { "type": "Point", "coordinates": [ -76.510828029730817, 3.369735364493757 ] } },
{ "type": "Feature", "properties": { "OBJECTID": 9444, "CE": "NPN Terreno -> Unidad", "CT": "", "ESTAMPA_CC": "2026-05-26 14:46:02" }, "geometry": { "type": "Point", "coordinates": [ -76.511073001508436, 3.384056460772084 ] } },
{ "type": "Feature", "properties": { "OBJECTID": 9470, "CE": "", "CT": "Llave IDPREDIO", "ESTAMPA_CC": "2026-05-26 14:46:02" }, "geometry": { "type": "Point", "coordinates": [ -76.520715614780926, 3.355546906619676 ] } },
{ "type": "Feature", "properties": { "OBJECTID": 9484, "CE": "", "CT": "Llave IDPREDIO", "ESTAMPA_CC": "2026-05-26 14:46:02" }, "geometry": { "type": "Point", "coordinates": [ -76.510686898526743, 3.370157761796386 ] } },
{ "type": "Feature", "properties": { "OBJECTID": 9485, "CE": "", "CT": "Llave IDPREDIO", "ESTAMPA_CC": "2026-05-26 14:46:02" }, "geometry": { "type": "Point", "coordinates": [ -76.516608596375548, 3.3592487469523 ] } },
{ "type": "Feature", "properties": { "OBJECTID": 9486, "CE": "", "CT": "Llave IDPREDIO", "ESTAMPA_CC": "2026-05-26 14:46:02" }, "geometry": { "type": "Point", "coordinates": [ -76.516520619948139, 3.359158451053939 ] } },
{ "type": "Feature", "properties": { "OBJECTID": 9487, "CE": "", "CT": "Llave IDPREDIO", "ESTAMPA_CC": "2026-05-26 14:46:02" }, "geometry": { "type": "Point", "coordinates": [ -76.516520620454557, 3.359035321980449 ] } },
{ "type": "Feature", "properties": { "OBJECTID": 9492, "CE": "NPN Terreno -> Unidad", "CT": "Llave IDPREDIO", "ESTAMPA_CC": "2026-05-26 14:46:02" }, "geometry": { "type": "Point", "coordinates": [ -76.516819957855944, 3.358826776732769 ] } },
{ "type": "Feature", "properties": { "OBJECTID": 9521, "CE": "", "CT": "Llave IDPREDIO", "ESTAMPA_CC": "2026-05-26 14:46:02" }, "geometry": { "type": "Point", "coordinates": [ -76.517768767861597, 3.358859354944444 ] } },
{ "type": "Feature", "properties": { "OBJECTID": 9522, "CE": "NPN Terreno -> Unidad", "CT": "Llave IDPREDIO", "ESTAMPA_CC": "2026-05-26 14:46:02" }, "geometry": { "type": "Point", "coordinates": [ -76.517031945168085, 3.358839496389895 ] } },
{ "type": "Feature", "properties": { "OBJECTID": 9527, "CE": "", "CT": "Llave IDPREDIO", "ESTAMPA_CC": "2026-05-26 14:46:02" }, "geometry": { "type": "Point", "coordinates": [ -76.510902868338022, 3.370062367931491 ] } },
{ "type": "Feature", "properties": { "OBJECTID": 9528, "CE": "", "CT": "Llave IDPREDIO", "ESTAMPA_CC": "2026-05-26 14:46:02" }, "geometry": { "type": "Point", "coordinates": [ -76.510794884846035, 3.370062360497508 ] } },
{ "type": "Feature", "properties": { "OBJECTID": 9533, "CE": "", "CT": "Llave IDPREDIO", "ESTAMPA_CC": "2026-05-26 14:46:02" }, "geometry": { "type": "Point", "coordinates": [ -76.511165181022918, 3.370062389551769 ] } },
{ "type": "Feature", "properties": { "OBJECTID": 9535, "CE": "NPN Terreno -> Unidad", "CT": "", "ESTAMPA_CC": "2026-05-26 14:46:02" }, "geometry": { "type": "Point", "coordinates": [ -76.508414629245252, 3.365829491562447 ] } },
{ "type": "Feature", "properties": { "OBJECTID": 9543, "CE": "", "CT": "Llave IDPREDIO", "ESTAMPA_CC": "2026-05-26 14:46:02" }, "geometry": { "type": "Point", "coordinates": [ -76.510730091872574, 3.370161025932955 ] } },
{ "type": "Feature", "properties": { "OBJECTID": 9552, "CE": "", "CT": "Llave IDPREDIO", "ESTAMPA_CC": "2026-05-26 14:46:02" }, "geometry": { "type": "Point", "coordinates": [ -76.511533748743446, 3.369730945888559 ] } },
{ "type": "Feature", "properties": { "OBJECTID": 9579, "CE": "", "CT": "Llave IDPREDIO", "ESTAMPA_CC": "2026-05-26 14:46:02" }, "geometry": { "type": "Point", "coordinates": [ -76.517767970170439, 3.358926332210328 ] } },
{ "type": "Feature", "properties": { "OBJECTID": 9580, "CE": "", "CT": "Llave IDPREDIO", "ESTAMPA_CC": "2026-05-26 14:46:02" }, "geometry": { "type": "Point", "coordinates": [ -76.517676228367279, 3.358858192326247 ] } },
{ "type": "Feature", "properties": { "OBJECTID": 9581, "CE": "", "CT": "Llave IDPREDIO", "ESTAMPA_CC": "2026-05-26 14:46:02" }, "geometry": { "type": "Point", "coordinates": [ -76.516520619948139, 3.359158451053939 ] } },
{ "type": "Feature", "properties": { "OBJECTID": 9582, "CE": "", "CT": "Llave IDPREDIO", "ESTAMPA_CC": "2026-05-26 14:46:02" }, "geometry": { "type": "Point", "coordinates": [ -76.516520620454557, 3.359035321980449 ] } },
{ "type": "Feature", "properties": { "OBJECTID": 9583, "CE": "NPN Terreno -> Unidad", "CT": "Llave IDPREDIO", "ESTAMPA_CC": "2026-05-26 14:46:02" }, "geometry": { "type": "Point", "coordinates": [ -76.516818189717128, 3.358893757610807 ] } },
{ "type": "Feature", "properties": { "OBJECTID": 9584, "CE": "", "CT": "Llave IDPREDIO", "ESTAMPA_CC": "2026-05-26 14:46:02" }, "geometry": { "type": "Point", "coordinates": [ -76.511217019026631, 3.36972907430721 ] } },
{ "type": "Feature", "properties": { "OBJECTID": 9585, "CE": "", "CT": "Número Piso; Llave IDPREDIO", "ESTAMPA_CC": "2026-05-26 14:46:02" }, "geometry": { "type": "Point", "coordinates": [ -76.51149227894426, 3.370062390924159 ] } },
{ "type": "Feature", "properties": { "OBJECTID": 9587, "CE": "", "CT": "Llave IDPREDIO", "ESTAMPA_CC": "2026-05-26 14:46:02" }, "geometry": { "type": "Point", "coordinates": [ -76.511321632225076, 3.36982183388352 ] } },
{ "type": "Feature", "properties": { "OBJECTID": 9598, "CE": "NPN Terreno -> Unidad", "CT": "", "ESTAMPA_CC": "2026-05-26 14:46:02" }, "geometry": { "type": "Point", "coordinates": [ -76.508336742187794, 3.365861860708937 ] } },
{ "type": "Feature", "properties": { "OBJECTID": 9599, "CE": "NPN Terreno -> Unidad", "CT": "", "ESTAMPA_CC": "2026-05-26 14:46:02" }, "geometry": { "type": "Point", "coordinates": [ -76.508206814663879, 3.36556435432749 ] } },
{ "type": "Feature", "properties": { "OBJECTID": 9600, "CE": "NPN Terreno -> Unidad", "CT": "", "ESTAMPA_CC": "2026-05-26 14:46:02" }, "geometry": { "type": "Point", "coordinates": [ -76.50789662271184, 3.365706980518732 ] } },
{ "type": "Feature", "properties": { "OBJECTID": 9603, "CE": "NPN Terreno -> Unidad", "CT": "", "ESTAMPA_CC": "2026-05-26 14:46:02" }, "geometry": { "type": "Point", "coordinates": [ -76.508395777070049, 3.366383461162062 ] } },
{ "type": "Feature", "properties": { "OBJECTID": 9605, "CE": "NPN Terreno -> Unidad", "CT": "", "ESTAMPA_CC": "2026-05-26 14:46:02" }, "geometry": { "type": "Point", "coordinates": [ -76.508260802579088, 3.366562568957045 ] } },
{ "type": "Feature", "properties": { "OBJECTID": 9610, "CE": "NPN Terreno -> Unidad", "CT": "Llave IDPREDIO", "ESTAMPA_CC": "2026-05-26 14:46:02" }, "geometry": { "type": "Point", "coordinates": [ -76.51678978703832, 3.359349205906189 ] } },
{ "type": "Feature", "properties": { "OBJECTID": 9614, "CE": "NPN Terreno -> Unidad", "CT": "Llave IDPREDIO", "ESTAMPA_CC": "2026-05-26 14:46:02" }, "geometry": { "type": "Point", "coordinates": [ -76.517031945168085, 3.358839496389895 ] } },
{ "type": "Feature", "properties": { "OBJECTID": 9631, "CE": "", "CT": "Llave IDPREDIO", "ESTAMPA_CC": "2026-05-26 14:46:02" }, "geometry": { "type": "Point", "coordinates": [ -76.516608597234352, 3.359035300198107 ] } },
{ "type": "Feature", "properties": { "OBJECTID": 9639, "CE": "", "CT": "Llave IDPREDIO", "ESTAMPA_CC": "2026-05-26 14:46:02" }, "geometry": { "type": "Point", "coordinates": [ -76.510723416158058, 3.369737037530781 ] } },
{ "type": "Feature", "properties": { "OBJECTID": 9647, "CE": "", "CT": "Llave IDPREDIO", "ESTAMPA_CC": "2026-05-26 14:46:02" }, "geometry": { "type": "Point", "coordinates": [ -76.517555936514313, 3.358914416545864 ] } },
{ "type": "Feature", "properties": { "OBJECTID": 9674, "CE": "", "CT": "Llave IDPREDIO", "ESTAMPA_CC": "2026-05-26 14:46:02" }, "geometry": { "type": "Point", "coordinates": [ -76.510859672029881, 3.370160988837628 ] } },
{ "type": "Feature", "properties": { "OBJECTID": 9679, "CE": "", "CT": "Llave IDPREDIO", "ESTAMPA_CC": "2026-05-26 14:46:02" }, "geometry": { "type": "Point", "coordinates": [ -76.510859674806255, 3.370062366134822 ] } },
{ "type": "Feature", "properties": { "OBJECTID": 9702, "CE": "NPN Terreno -> Unidad", "CT": "Llave IDPREDIO", "ESTAMPA_CC": "2026-05-26 14:46:02" }, "geometry": { "type": "Point", "coordinates": [ -76.517030854138156, 3.35890717711702 ] } },
{ "type": "Feature", "properties": { "OBJECTID": 9705, "CE": "", "CT": "Llave IDPREDIO", "ESTAMPA_CC": "2026-05-26 14:46:02" }, "geometry": { "type": "Point", "coordinates": [ -76.516608597597525, 3.35894503179598 ] } },
{ "type": "Feature", "properties": { "OBJECTID": 9707, "CE": "", "CT": "Llave IDPREDIO", "ESTAMPA_CC": "2026-05-26 14:46:02" }, "geometry": { "type": "Point", "coordinates": [ -76.510859672030307, 3.370160945436314 ] } },
{ "type": "Feature", "properties": { "OBJECTID": 9708, "CE": "", "CT": "Llave IDPREDIO", "ESTAMPA_CC": "2026-05-26 14:46:02" }, "geometry": { "type": "Point", "coordinates": [ -76.516608596738877, 3.359158449163866 ] } },
{ "type": "Feature", "properties": { "OBJECTID": 9709, "CE": "", "CT": "Llave IDPREDIO", "ESTAMPA_CC": "2026-05-26 14:46:02" }, "geometry": { "type": "Point", "coordinates": [ -76.510825712860026, 3.369727092903056 ] } },
{ "type": "Feature", "properties": { "OBJECTID": 9738, "CE": "NPN Terreno -> Unidad", "CT": "", "ESTAMPA_CC": "2026-05-26 14:46:02" }, "geometry": { "type": "Point", "coordinates": [ -76.507992679226618, 3.365635981315593 ] } },
{ "type": "Feature", "properties": { "OBJECTID": 9758, "CE": "", "CT": "Llave IDPREDIO", "ESTAMPA_CC": "2026-05-26 14:46:02" }, "geometry": { "type": "Point", "coordinates": [ -76.511217019026631, 3.36972907430721 ] } },
{ "type": "Feature", "properties": { "OBJECTID": 9760, "CE": "", "CT": "Llave IDPREDIO", "ESTAMPA_CC": "2026-05-26 14:46:02" }, "geometry": { "type": "Point", "coordinates": [ -76.511429135187967, 3.369730943983902 ] } },
{ "type": "Feature", "properties": { "OBJECTID": 9761, "CE": "", "CT": "Llave IDPREDIO", "ESTAMPA_CC": "2026-05-26 14:46:02" }, "geometry": { "type": "Point", "coordinates": [ -76.510828029813013, 3.369727092926812 ] } },
{ "type": "Feature", "properties": { "OBJECTID": 9769, "CE": "", "CT": "Llave IDPREDIO", "ESTAMPA_CC": "2026-05-26 14:46:02" }, "geometry": { "type": "Point", "coordinates": [ -76.510881271459667, 3.370062367711547 ] } },
{ "type": "Feature", "properties": { "OBJECTID": 9780, "CE": "NPN Terreno -> Unidad", "CT": "Llave IDPREDIO", "ESTAMPA_CC": "2026-05-26 14:46:02" }, "geometry": { "type": "Point", "coordinates": [ -76.517375354363509, 3.359453492365921 ] } },
{ "type": "Feature", "properties": { "OBJECTID": 9800, "CE": "", "CT": "Llave IDPREDIO", "ESTAMPA_CC": "2026-05-26 14:46:02" }, "geometry": { "type": "Point", "coordinates": [ -76.511319505492068, 3.370062374791003 ] } },
{ "type": "Feature", "properties": { "OBJECTID": 9819, "CE": "NPN Terreno -> Unidad", "CT": "Llave IDPREDIO", "ESTAMPA_CC": "2026-05-26 14:46:02" }, "geometry": { "type": "Point", "coordinates": [ -76.516819957855944, 3.358826776732769 ] } },
{ "type": "Feature", "properties": { "OBJECTID": 9820, "CE": "", "CT": "Llave IDPREDIO", "ESTAMPA_CC": "2026-05-26 14:46:02" }, "geometry": { "type": "Point", "coordinates": [ -76.516608597597525, 3.35894503179598 ] } },
{ "type": "Feature", "properties": { "OBJECTID": 9831, "CE": "", "CT": "Llave IDPREDIO", "ESTAMPA_CC": "2026-05-26 14:46:02" }, "geometry": { "type": "Point", "coordinates": [ -76.516608596375548, 3.3592487469523 ] } },
{ "type": "Feature", "properties": { "OBJECTID": 9837, "CE": "NPN Terreno -> Unidad", "CT": "Llave IDPREDIO", "ESTAMPA_CC": "2026-05-26 14:46:02" }, "geometry": { "type": "Point", "coordinates": [ -76.517030854138156, 3.35890717711702 ] } },
{ "type": "Feature", "properties": { "OBJECTID": 9857, "CE": "NPN Terreno -> Unidad", "CT": "Llave IDPREDIO", "ESTAMPA_CC": "2026-05-26 14:46:02" }, "geometry": { "type": "Point", "coordinates": [ -76.51669429905499, 3.35934821814212 ] } },
{ "type": "Feature", "properties": { "OBJECTID": 9858, "CE": "", "CT": "Llave IDPREDIO", "ESTAMPA_CC": "2026-05-26 14:46:02" }, "geometry": { "type": "Point", "coordinates": [ -76.516520619576752, 3.359248747033985 ] } },
{ "type": "Feature", "properties": { "OBJECTID": 9866, "CE": "", "CT": "Llave IDPREDIO", "ESTAMPA_CC": "2026-05-26 14:46:02" }, "geometry": { "type": "Point", "coordinates": [ -76.517375354363509, 3.359453492365921 ] } },
{ "type": "Feature", "properties": { "OBJECTID": 9869, "CE": "NPN Terreno -> Unidad", "CT": "Llave IDPREDIO", "ESTAMPA_CC": "2026-05-26 14:46:02" }, "geometry": { "type": "Point", "coordinates": [ -76.516726562754272, 3.358892098953231 ] } },
{ "type": "Feature", "properties": { "OBJECTID": 9871, "CE": "", "CT": "Llave IDPREDIO", "ESTAMPA_CC": "2026-05-26 14:46:02" }, "geometry": { "type": "Point", "coordinates": [ -76.516608597597525, 3.35894503179598 ] } },
{ "type": "Feature", "properties": { "OBJECTID": 9877, "CE": "NPN Terreno -> Unidad", "CT": "", "ESTAMPA_CC": "2026-05-26 14:46:02" }, "geometry": { "type": "Point", "coordinates": [ -76.508206814663879, 3.36556435432749 ] } },
{ "type": "Feature", "properties": { "OBJECTID": 9879, "CE": "NPN Terreno -> Unidad", "CT": "", "ESTAMPA_CC": "2026-05-26 14:46:02" }, "geometry": { "type": "Point", "coordinates": [ -76.508561200997391, 3.36608321614706 ] } },
{ "type": "Feature", "properties": { "OBJECTID": 9900, "CE": "NPN Terreno -> Unidad", "CT": "Llave IDPREDIO", "ESTAMPA_CC": "2026-05-26 14:46:02" }, "geometry": { "type": "Point", "coordinates": [ -76.516786266684676, 3.359416043914547 ] } },
{ "type": "Feature", "properties": { "OBJECTID": 9901, "CE": "NPN Terreno -> Unidad", "CT": "Llave IDPREDIO", "ESTAMPA_CC": "2026-05-26 14:46:02" }, "geometry": { "type": "Point", "coordinates": [ -76.516905685414045, 3.359426723817586 ] } },
{ "type": "Feature", "properties": { "OBJECTID": 9906, "CE": "NPN Terreno -> Unidad", "CT": "Llave IDPREDIO", "ESTAMPA_CC": "2026-05-26 14:46:02" }, "geometry": { "type": "Point", "coordinates": [ -76.517030854138156, 3.35890717711702 ] } },
{ "type": "Feature", "properties": { "OBJECTID": 9917, "CE": "", "CT": "Llave IDPREDIO", "ESTAMPA_CC": "2026-05-26 14:46:02" }, "geometry": { "type": "Point", "coordinates": [ -76.510967655309258, 3.37016277933486 ] } },
{ "type": "Feature", "properties": { "OBJECTID": 9967, "CE": "NPN Terreno -> Unidad", "CT": "Llave IDPREDIO", "ESTAMPA_CC": "2026-05-26 14:46:02" }, "geometry": { "type": "Point", "coordinates": [ -76.516727343461483, 3.358825093658139 ] } },
{ "type": "Feature", "properties": { "OBJECTID": 9969, "CE": "NPN Terreno -> Unidad", "CT": "Llave IDPREDIO", "ESTAMPA_CC": "2026-05-26 14:46:02" }, "geometry": { "type": "Point", "coordinates": [ -76.516693621253481, 3.359415363587679 ] } },
{ "type": "Feature", "properties": { "OBJECTID": 9970, "CE": "", "CT": "Llave IDPREDIO", "ESTAMPA_CC": "2026-05-26 14:46:02" }, "geometry": { "type": "Point", "coordinates": [ -76.516520619576752, 3.359248747033985 ] } },
{ "type": "Feature", "properties": { "OBJECTID": 9971, "CE": "NPN Terreno -> Unidad", "CT": "Llave IDPREDIO", "ESTAMPA_CC": "2026-05-26 14:46:02" }, "geometry": { "type": "Point", "coordinates": [ -76.516998287803986, 3.359427358913901 ] } },
{ "type": "Feature", "properties": { "OBJECTID": 9974, "CE": "", "CT": "Llave IDPREDIO", "ESTAMPA_CC": "2026-05-26 14:46:02" }, "geometry": { "type": "Point", "coordinates": [ -76.510935529375615, 3.369827012435636 ] } },
{ "type": "Feature", "properties": { "OBJECTID": 9976, "CE": "", "CT": "Número Piso; Llave IDPREDIO", "ESTAMPA_CC": "2026-05-26 14:46:02" }, "geometry": { "type": "Point", "coordinates": [ -76.511535472251083, 3.370062395404633 ] } },
{ "type": "Feature", "properties": { "OBJECTID": 9978, "CE": "", "CT": "Número Piso; Llave IDPREDIO", "ESTAMPA_CC": "2026-05-26 14:46:02" }, "geometry": { "type": "Point", "coordinates": [ -76.511449082695563, 3.370161002815167 ] } },
{ "type": "Feature", "properties": { "OBJECTID": 9979, "CE": "", "CT": "Llave IDPREDIO", "ESTAMPA_CC": "2026-05-26 14:46:02" }, "geometry": { "type": "Point", "coordinates": [ -76.511427488984026, 3.370062385782104 ] } },
{ "type": "Feature", "properties": { "OBJECTID": 9981, "CE": "", "CT": "Llave IDPREDIO", "ESTAMPA_CC": "2026-05-26 14:46:02" }, "geometry": { "type": "Point", "coordinates": [ -76.511297909052274, 3.370062349715203 ] } },
{ "type": "Feature", "properties": { "OBJECTID": 9984, "CE": "", "CT": "Llave IDPREDIO", "ESTAMPA_CC": "2026-05-26 14:46:02" }, "geometry": { "type": "Point", "coordinates": [ -76.517767970170439, 3.358926332210328 ] } },
{ "type": "Feature", "properties": { "OBJECTID": 9986, "CE": "", "CT": "Llave IDPREDIO", "ESTAMPA_CC": "2026-05-26 14:46:02" }, "geometry": { "type": "Point", "coordinates": [ -76.511429133384723, 3.369827851882748 ] } },
{ "type": "Feature", "properties": { "OBJECTID": 9987, "CE": "", "CT": "Llave IDPREDIO", "ESTAMPA_CC": "2026-05-26 14:46:02" }, "geometry": { "type": "Point", "coordinates": [ -76.511429133384723, 3.369827851882748 ] } },
{ "type": "Feature", "properties": { "OBJECTID": 9988, "CE": "", "CT": "Número Piso; Llave IDPREDIO", "ESTAMPA_CC": "2026-05-26 14:46:02" }, "geometry": { "type": "Point", "coordinates": [ -76.511229964870665, 3.370160974465278 ] } },
{ "type": "Feature", "properties": { "OBJECTID": 9989, "CE": "", "CT": "Llave IDPREDIO", "ESTAMPA_CC": "2026-05-26 14:46:02" }, "geometry": { "type": "Point", "coordinates": [ -76.511321632674935, 3.369821833883524 ] } },
{ "type": "Feature", "properties": { "OBJECTID": 10013, "CE": "", "CT": "Llave IDPREDIO", "ESTAMPA_CC": "2026-05-26 14:46:02" }, "geometry": { "type": "Point", "coordinates": [ -76.517555936514313, 3.358914416545864 ] } },
{ "type": "Feature", "properties": { "OBJECTID": 10014, "CE": "NPN Terreno -> Unidad", "CT": "Llave IDPREDIO", "ESTAMPA_CC": "2026-05-26 14:46:02" }, "geometry": { "type": "Point", "coordinates": [ -76.516727343461483, 3.358825093658139 ] } },
{ "type": "Feature", "properties": { "OBJECTID": 10015, "CE": "NPN Terreno -> Unidad", "CT": "Llave IDPREDIO", "ESTAMPA_CC": "2026-05-26 14:46:02" }, "geometry": { "type": "Point", "coordinates": [ -76.516693621253481, 3.359415363587679 ] } },
{ "type": "Feature", "properties": { "OBJECTID": 10016, "CE": "", "CT": "Llave IDPREDIO", "ESTAMPA_CC": "2026-05-26 14:46:02" }, "geometry": { "type": "Point", "coordinates": [ -76.516520643318671, 3.358945025096306 ] } },
{ "type": "Feature", "properties": { "OBJECTID": 10042, "CE": "", "CT": "Llave IDPREDIO", "ESTAMPA_CC": "2026-05-26 14:46:02" }, "geometry": { "type": "Point", "coordinates": [ -76.517376222857195, 3.35938653860965 ] } },
{ "type": "Feature", "properties": { "OBJECTID": 10049, "CE": "", "CT": "Llave IDPREDIO", "ESTAMPA_CC": "2026-05-26 14:46:02" }, "geometry": { "type": "Point", "coordinates": [ -76.516608596738877, 3.359158449163866 ] } },
{ "type": "Feature", "properties": { "OBJECTID": 10050, "CE": "NPN Terreno -> Unidad", "CT": "Llave IDPREDIO", "ESTAMPA_CC": "2026-05-26 14:46:02" }, "geometry": { "type": "Point", "coordinates": [ -76.516998938373106, 3.359360301174844 ] } },
{ "type": "Feature", "properties": { "OBJECTID": 10051, "CE": "NPN Terreno -> Unidad", "CT": "Llave IDPREDIO", "ESTAMPA_CC": "2026-05-26 14:46:02" }, "geometry": { "type": "Point", "coordinates": [ -76.516818189717128, 3.358893757610807 ] } },
{ "type": "Feature", "properties": { "OBJECTID": 10063, "CE": "", "CT": "Llave IDPREDIO", "ESTAMPA_CC": "2026-05-26 14:46:02" }, "geometry": { "type": "Point", "coordinates": [ -76.510935531640214, 3.36973536558973 ] } },
{ "type": "Feature", "properties": { "OBJECTID": 10069, "CE": "", "CT": "Llave IDPREDIO", "ESTAMPA_CC": "2026-05-26 14:46:02" }, "geometry": { "type": "Point", "coordinates": [ -76.516520619576752, 3.359248747033985 ] } },
{ "type": "Feature", "properties": { "OBJECTID": 10070, "CE": "NPN Terreno -> Unidad", "CT": "Llave IDPREDIO", "ESTAMPA_CC": "2026-05-26 14:46:02" }, "geometry": { "type": "Point", "coordinates": [ -76.516818189717128, 3.358893757610807 ] } },
{ "type": "Feature", "properties": { "OBJECTID": 10071, "CE": "", "CT": "Llave IDPREDIO", "ESTAMPA_CC": "2026-05-26 14:46:02" }, "geometry": { "type": "Point", "coordinates": [ -76.517555936514313, 3.358914416545864 ] } },
{ "type": "Feature", "properties": { "OBJECTID": 10077, "CE": "", "CT": "Llave IDPREDIO", "ESTAMPA_CC": "2026-05-26 14:46:02" }, "geometry": { "type": "Point", "coordinates": [ -76.510937983181009, 3.36983199004862 ] } },
{ "type": "Feature", "properties": { "OBJECTID": 10078, "CE": "", "CT": "Llave IDPREDIO", "ESTAMPA_CC": "2026-05-26 14:46:02" }, "geometry": { "type": "Point", "coordinates": [ -76.51072341542411, 3.369821771361281 ] } },
{ "type": "Feature", "properties": { "OBJECTID": 10082, "CE": "", "CT": "Llave IDPREDIO", "ESTAMPA_CC": "2026-05-26 14:46:02" }, "geometry": { "type": "Point", "coordinates": [ -76.510723415306984, 3.369821772265473 ] } },
{ "type": "Feature", "properties": { "OBJECTID": 10084, "CE": "NPN Terreno -> Unidad", "CT": "Llave IDPREDIO", "ESTAMPA_CC": "2026-05-26 14:46:02" }, "geometry": { "type": "Point", "coordinates": [ -76.516905685414045, 3.359426723817586 ] } },
{ "type": "Feature", "properties": { "OBJECTID": 10085, "CE": "", "CT": "Llave IDPREDIO", "ESTAMPA_CC": "2026-05-26 14:46:02" }, "geometry": { "type": "Point", "coordinates": [ -76.517768767861597, 3.358859354944444 ] } },
{ "type": "Feature", "properties": { "OBJECTID": 10086, "CE": "NPN Terreno -> Unidad", "CT": "Llave IDPREDIO", "ESTAMPA_CC": "2026-05-26 14:46:02" }, "geometry": { "type": "Point", "coordinates": [ -76.516818189717128, 3.358893757610807 ] } },
{ "type": "Feature", "properties": { "OBJECTID": 10092, "CE": "", "CT": "Llave IDPREDIO", "ESTAMPA_CC": "2026-05-26 14:46:02" }, "geometry": { "type": "Point", "coordinates": [ -76.511429133384723, 3.369827851882748 ] } },
{ "type": "Feature", "properties": { "OBJECTID": 10112, "CE": "NPN Terreno -> Unidad", "CT": "", "ESTAMPA_CC": "2026-05-26 14:46:02" }, "geometry": { "type": "Point", "coordinates": [ -76.50889659029103, 3.379143221607994 ] } },
{ "type": "Feature", "properties": { "OBJECTID": 10114, "CE": "", "CT": "Llave IDPREDIO", "ESTAMPA_CC": "2026-05-26 14:46:02" }, "geometry": { "type": "Point", "coordinates": [ -76.517375354363509, 3.359453492365921 ] } },
{ "type": "Feature", "properties": { "OBJECTID": 10115, "CE": "", "CT": "Llave IDPREDIO", "ESTAMPA_CC": "2026-05-26 14:46:02" }, "geometry": { "type": "Point", "coordinates": [ -76.51758737505024, 3.359465637283854 ] } },
{ "type": "Feature", "properties": { "OBJECTID": 10140, "CE": "", "CT": "Llave IDPREDIO", "ESTAMPA_CC": "2026-05-26 14:46:02" }, "geometry": { "type": "Point", "coordinates": [ -76.510828029730817, 3.369735364493757 ] } },
{ "type": "Feature", "properties": { "OBJECTID": 10150, "CE": "", "CT": "Número Piso; Llave IDPREDIO", "ESTAMPA_CC": "2026-05-26 14:46:02" }, "geometry": { "type": "Point", "coordinates": [ -76.511013998538644, 3.370161027926081 ] } },
{ "type": "Feature", "properties": { "OBJECTID": 10151, "CE": "", "CT": "Llave IDPREDIO", "ESTAMPA_CC": "2026-05-26 14:46:02" }, "geometry": { "type": "Point", "coordinates": [ -76.511321632460934, 3.369735376659204 ] } },
{ "type": "Feature", "properties": { "OBJECTID": 10177, "CE": "NPN Terreno -> Unidad", "CT": "Llave IDPREDIO", "ESTAMPA_CC": "2026-05-26 14:46:02" }, "geometry": { "type": "Point", "coordinates": [ -76.516727343461483, 3.358825093658139 ] } },
{ "type": "Feature", "properties": { "OBJECTID": 10204, "CE": "", "CT": "Número Piso; Llave IDPREDIO", "ESTAMPA_CC": "2026-05-26 14:46:02" }, "geometry": { "type": "Point", "coordinates": [ -76.511276309225295, 3.370161056297093 ] } },
{ "type": "Feature", "properties": { "OBJECTID": 10205, "CE": "", "CT": "Número Piso; Llave IDPREDIO", "ESTAMPA_CC": "2026-05-26 14:46:02" }, "geometry": { "type": "Point", "coordinates": [ -76.511013548004584, 3.370161026565258 ] } },
{ "type": "Feature", "properties": { "OBJECTID": 10206, "CE": "", "CT": "Llave IDPREDIO", "ESTAMPA_CC": "2026-05-26 14:46:02" }, "geometry": { "type": "Point", "coordinates": [ -76.510708498232361, 3.370062357796581 ] } },
{ "type": "Feature", "properties": { "OBJECTID": 10208, "CE": "", "CT": "Llave IDPREDIO", "ESTAMPA_CC": "2026-05-26 14:46:02" }, "geometry": { "type": "Point", "coordinates": [ -76.511578665788505, 3.370062101951211 ] } },
{ "type": "Feature", "properties": { "OBJECTID": 10213, "CE": "", "CT": "Llave IDPREDIO", "ESTAMPA_CC": "2026-05-26 14:46:02" }, "geometry": { "type": "Point", "coordinates": [ -76.517675430662095, 3.358925170044149 ] } },
{ "type": "Feature", "properties": { "OBJECTID": 10221, "CE": "NPN Terreno -> Unidad", "CT": "Llave IDPREDIO", "ESTAMPA_CC": "2026-05-26 14:46:02" }, "geometry": { "type": "Point", "coordinates": [ -76.516693621253481, 3.359415363587679 ] } },
{ "type": "Feature", "properties": { "OBJECTID": 10222, "CE": "", "CT": "Llave IDPREDIO", "ESTAMPA_CC": "2026-05-26 14:46:02" }, "geometry": { "type": "Point", "coordinates": [ -76.510723416539449, 3.369821770005001 ] } },
{ "type": "Feature", "properties": { "OBJECTID": 10245, "CE": "NPN Terreno -> Unidad", "CT": "Llave IDPREDIO", "ESTAMPA_CC": "2026-05-26 14:46:02" }, "geometry": { "type": "Point", "coordinates": [ -76.516998938373106, 3.359360301174844 ] } },
{ "type": "Feature", "properties": { "OBJECTID": 10249, "CE": "", "CT": "Llave IDPREDIO", "ESTAMPA_CC": "2026-05-26 14:46:02" }, "geometry": { "type": "Point", "coordinates": [ -76.510935529375615, 3.369827012435636 ] } },
{ "type": "Feature", "properties": { "OBJECTID": 10259, "CE": "", "CT": "Llave IDPREDIO", "ESTAMPA_CC": "2026-05-26 14:46:02" }, "geometry": { "type": "Point", "coordinates": [ -76.510838078377773, 3.370062365009705 ] } },
{ "type": "Feature", "properties": { "OBJECTID": 10260, "CE": "", "CT": "Llave IDPREDIO", "ESTAMPA_CC": "2026-05-26 14:46:02" }, "geometry": { "type": "Point", "coordinates": [ -76.510723416257946, 3.369727090492308 ] } },
{ "type": "Feature", "properties": { "OBJECTID": 10261, "CE": "", "CT": "Llave IDPREDIO", "ESTAMPA_CC": "2026-05-26 14:46:02" }, "geometry": { "type": "Point", "coordinates": [ -76.516520620454557, 3.359035321980449 ] } },
{ "type": "Feature", "properties": { "OBJECTID": 10278, "CE": "", "CT": "Número Piso; Llave IDPREDIO", "ESTAMPA_CC": "2026-05-26 14:46:02" }, "geometry": { "type": "Point", "coordinates": [ -76.511251561526038, 3.370160955689215 ] } },
{ "type": "Feature", "properties": { "OBJECTID": 10280, "CE": "", "CT": "Llave IDPREDIO", "ESTAMPA_CC": "2026-05-26 14:46:02" }, "geometry": { "type": "Point", "coordinates": [ -76.511217018659423, 3.369821881686166 ] } },
{ "type": "Feature", "properties": { "OBJECTID": 10281, "CE": "", "CT": "Llave IDPREDIO", "ESTAMPA_CC": "2026-05-26 14:46:02" }, "geometry": { "type": "Point", "coordinates": [ -76.511319182364787, 3.369832002425685 ] } },
{ "type": "Feature", "properties": { "OBJECTID": 10284, "CE": "", "CT": "Número Piso; Llave IDPREDIO", "ESTAMPA_CC": "2026-05-26 14:46:02" }, "geometry": { "type": "Point", "coordinates": [ -76.51149227623209, 3.37016100368083 ] } },
{ "type": "Feature", "properties": { "OBJECTID": 10286, "CE": "", "CT": "Llave IDPREDIO", "ESTAMPA_CC": "2026-05-26 14:46:02" }, "geometry": { "type": "Point", "coordinates": [ -76.510751691538687, 3.370062389890623 ] } },
{ "type": "Feature", "properties": { "OBJECTID": 10287, "CE": "", "CT": "Número Piso; Llave IDPREDIO", "ESTAMPA_CC": "2026-05-26 14:46:02" }, "geometry": { "type": "Point", "coordinates": [ -76.511405889609108, 3.370161020935617 ] } },
{ "type": "Feature", "properties": { "OBJECTID": 10290, "CE": "", "CT": "Llave IDPREDIO", "ESTAMPA_CC": "2026-05-26 14:46:02" }, "geometry": { "type": "Point", "coordinates": [ -76.511427486264907, 3.370161021595724 ] } },
{ "type": "Feature", "properties": { "OBJECTID": 10292, "CE": "", "CT": "Llave IDPREDIO", "ESTAMPA_CC": "2026-05-26 14:46:02" }, "geometry": { "type": "Point", "coordinates": [ -76.511040142056785, 3.369827014394665 ] } },
{ "type": "Feature", "properties": { "OBJECTID": 10312, "CE": "", "CT": "Llave IDPREDIO", "ESTAMPA_CC": "2026-05-26 14:46:02" }, "geometry": { "type": "Point", "coordinates": [ -76.517468533025124, 3.359387848639964 ] } },
{ "type": "Feature", "properties": { "OBJECTID": 10318, "CE": "NPN Terreno -> Unidad", "CT": "Llave IDPREDIO", "ESTAMPA_CC": "2026-05-26 14:46:02" }, "geometry": { "type": "Point", "coordinates": [ -76.516906858954187, 3.359359578373786 ] } },
{ "type": "Feature", "properties": { "OBJECTID": 10347, "CE": "", "CT": "Llave IDPREDIO", "ESTAMPA_CC": "2026-05-26 14:46:02" }, "geometry": { "type": "Point", "coordinates": [ -76.516608597597525, 3.35894503179598 ] } },
{ "type": "Feature", "properties": { "OBJECTID": 10384, "CE": "", "CT": "Llave IDPREDIO", "ESTAMPA_CC": "2026-05-26 14:46:02" }, "geometry": { "type": "Point", "coordinates": [ -76.510838075374721, 3.370160944763293 ] } },
{ "type": "Feature", "properties": { "OBJECTID": 10385, "CE": "", "CT": "Llave IDPREDIO", "ESTAMPA_CC": "2026-05-26 14:46:02" }, "geometry": { "type": "Point", "coordinates": [ -76.511321632674935, 3.369821833883524 ] } },
{ "type": "Feature", "properties": { "OBJECTID": 10386, "CE": "NPN Terreno -> Unidad", "CT": "Llave IDPREDIO", "ESTAMPA_CC": "2026-05-26 14:46:02" }, "geometry": { "type": "Point", "coordinates": [ -76.516906858954187, 3.359359578373786 ] } },
{ "type": "Feature", "properties": { "OBJECTID": 10397, "CE": "NPN Terreno -> Unidad", "CT": "Llave IDPREDIO", "ESTAMPA_CC": "2026-05-26 14:46:02" }, "geometry": { "type": "Point", "coordinates": [ -76.516906858954187, 3.359359578373786 ] } },
{ "type": "Feature", "properties": { "OBJECTID": 10401, "CE": "NPN Terreno -> Unidad", "CT": "Llave IDPREDIO", "ESTAMPA_CC": "2026-05-26 14:46:02" }, "geometry": { "type": "Point", "coordinates": [ -76.517768767861597, 3.358859354944444 ] } },
{ "type": "Feature", "properties": { "OBJECTID": 10402, "CE": "NPN Terreno -> Unidad", "CT": "Llave IDPREDIO", "ESTAMPA_CC": "2026-05-26 14:46:02" }, "geometry": { "type": "Point", "coordinates": [ -76.517464194734089, 3.358846276641297 ] } },
{ "type": "Feature", "properties": { "OBJECTID": 10403, "CE": "", "CT": "Llave IDPREDIO", "ESTAMPA_CC": "2026-05-26 14:46:02" }, "geometry": { "type": "Point", "coordinates": [ -76.516608596375548, 3.3592487469523 ] } },
{ "type": "Feature", "properties": { "OBJECTID": 10461, "CE": "NPN Terreno -> Unidad", "CT": "", "ESTAMPA_CC": "2026-05-26 14:46:02" }, "geometry": { "type": "Point", "coordinates": [ -76.511069215510162, 3.384129012810741 ] } },
{ "type": "Feature", "properties": { "OBJECTID": 10465, "CE": "", "CT": "Llave IDPREDIO", "ESTAMPA_CC": "2026-05-26 14:46:02" }, "geometry": { "type": "Point", "coordinates": [ -76.517680778562436, 3.359400025636662 ] } },
{ "type": "Feature", "properties": { "OBJECTID": 10471, "CE": "", "CT": "Llave IDPREDIO", "ESTAMPA_CC": "2026-05-26 14:46:02" }, "geometry": { "type": "Point", "coordinates": [ -76.510773285406714, 3.370160981621623 ] } },
{ "type": "Feature", "properties": { "OBJECTID": 10476, "CE": "", "CT": "Llave IDPREDIO", "ESTAMPA_CC": "2026-05-26 14:46:02" }, "geometry": { "type": "Point", "coordinates": [ -76.517464194734089, 3.358846276641297 ] } },
{ "type": "Feature", "properties": { "OBJECTID": 10484, "CE": "NPN Terreno -> Unidad", "CT": "Llave IDPREDIO", "ESTAMPA_CC": "2026-05-26 14:46:02" }, "geometry": { "type": "Point", "coordinates": [ -76.516786266684676, 3.359416043914547 ] } },
{ "type": "Feature", "properties": { "OBJECTID": 10538, "CE": "NPN Terreno -> Unidad", "CT": "Llave IDPREDIO", "ESTAMPA_CC": "2026-05-26 14:46:02" }, "geometry": { "type": "Point", "coordinates": [ -76.516938550900605, 3.358904819083308 ] } },
{ "type": "Feature", "properties": { "OBJECTID": 10543, "CE": "", "CT": "Llave IDPREDIO", "ESTAMPA_CC": "2026-05-26 14:46:02" }, "geometry": { "type": "Point", "coordinates": [ -76.51746339701505, 3.358913253906924 ] } },
{ "type": "Feature", "properties": { "OBJECTID": 10544, "CE": "", "CT": "Número Edificio; Llave IDPREDIO", "ESTAMPA_CC": "2026-05-26 14:46:02" }, "geometry": { "type": "Point", "coordinates": [ -76.517464194734089, 3.358846276641297 ] } },
{ "type": "Feature", "properties": { "OBJECTID": 10598, "CE": "", "CT": "Llave IDPREDIO", "ESTAMPA_CC": "2026-05-26 14:46:02" }, "geometry": { "type": "Point", "coordinates": [ -76.516520619576752, 3.359248747033985 ] } },
{ "type": "Feature", "properties": { "OBJECTID": 10599, "CE": "NPN Terreno -> Unidad", "CT": "Llave IDPREDIO", "ESTAMPA_CC": "2026-05-26 14:46:02" }, "geometry": { "type": "Point", "coordinates": [ -76.516905685414045, 3.359426723817586 ] } },
{ "type": "Feature", "properties": { "OBJECTID": 10600, "CE": "", "CT": "Llave IDPREDIO", "ESTAMPA_CC": "2026-05-26 14:46:02" }, "geometry": { "type": "Point", "coordinates": [ -76.511341099417209, 3.370161039748808 ] } },
{ "type": "Feature", "properties": { "OBJECTID": 10601, "CE": "NPN Terreno -> Unidad", "CT": "Llave IDPREDIO", "ESTAMPA_CC": "2026-05-26 14:46:02" }, "geometry": { "type": "Point", "coordinates": [ -76.51678978703832, 3.359349205906189 ] } },
{ "type": "Feature", "properties": { "OBJECTID": 10604, "CE": "", "CT": "Llave IDPREDIO", "ESTAMPA_CC": "2026-05-26 14:46:02" }, "geometry": { "type": "Point", "coordinates": [ -76.510773288192581, 3.370062362535595 ] } },
{ "type": "Feature", "properties": { "OBJECTID": 10610, "CE": "", "CT": "Llave IDPREDIO", "ESTAMPA_CC": "2026-05-26 14:46:02" }, "geometry": { "type": "Point", "coordinates": [ -76.511429405021659, 3.369739762590826 ] } },
{ "type": "Feature", "properties": { "OBJECTID": 10611, "CE": "", "CT": "Número Piso; Llave IDPREDIO", "ESTAMPA_CC": "2026-05-26 14:46:02" }, "geometry": { "type": "Point", "coordinates": [ -76.511208368439597, 3.370160974252777 ] } },
{ "type": "Feature", "properties": { "OBJECTID": 10612, "CE": "", "CT": "Número Piso; Llave IDPREDIO", "ESTAMPA_CC": "2026-05-26 14:46:02" }, "geometry": { "type": "Point", "coordinates": [ -76.511557069129424, 3.370062396965989 ] } },
{ "type": "Feature", "properties": { "OBJECTID": 10620, "CE": "", "CT": "Llave IDPREDIO", "ESTAMPA_CC": "2026-05-26 14:46:02" }, "geometry": { "type": "Point", "coordinates": [ -76.517467888649421, 3.359454822741416 ] } },
{ "type": "Feature", "properties": { "OBJECTID": 10622, "CE": "", "CT": "Llave IDPREDIO", "ESTAMPA_CC": "2026-05-26 14:46:02" }, "geometry": { "type": "Point", "coordinates": [ -76.516520619576752, 3.359248747033985 ] } },
{ "type": "Feature", "properties": { "OBJECTID": 10623, "CE": "NPN Terreno -> Unidad", "CT": "Llave IDPREDIO", "ESTAMPA_CC": "2026-05-26 14:46:02" }, "geometry": { "type": "Point", "coordinates": [ -76.516998287803986, 3.359427358913901 ] } },
{ "type": "Feature", "properties": { "OBJECTID": 10624, "CE": "NPN Terreno -> Unidad", "CT": "Llave IDPREDIO", "ESTAMPA_CC": "2026-05-26 14:46:02" }, "geometry": { "type": "Point", "coordinates": [ -76.51669429905499, 3.35934821814212 ] } },
{ "type": "Feature", "properties": { "OBJECTID": 10659, "CE": "NPN Terreno -> Unidad", "CT": "", "ESTAMPA_CC": "2026-05-26 14:46:02" }, "geometry": { "type": "Point", "coordinates": [ -76.508414629245252, 3.365829491562447 ] } },
{ "type": "Feature", "properties": { "OBJECTID": 10660, "CE": "NPN Terreno -> Unidad", "CT": "", "ESTAMPA_CC": "2026-05-26 14:46:02" }, "geometry": { "type": "Point", "coordinates": [ -76.507992679226618, 3.365635981315593 ] } },
{ "type": "Feature", "properties": { "OBJECTID": 10671, "CE": "", "CT": "Llave IDPREDIO", "ESTAMPA_CC": "2026-05-26 14:46:02" }, "geometry": { "type": "Point", "coordinates": [ -76.517556734215034, 3.358847439280159 ] } },
{ "type": "Feature", "properties": { "OBJECTID": 10672, "CE": "NPN Terreno -> Unidad", "CT": "Llave IDPREDIO", "ESTAMPA_CC": "2026-05-26 14:46:02" }, "geometry": { "type": "Point", "coordinates": [ -76.517031945168085, 3.358839496389895 ] } },
{ "type": "Feature", "properties": { "OBJECTID": 10687, "CE": "", "CT": "Llave IDPREDIO", "ESTAMPA_CC": "2026-05-26 14:46:02" }, "geometry": { "type": "Point", "coordinates": [ -76.5176799107752, 3.359466973063855 ] } },
{ "type": "Feature", "properties": { "OBJECTID": 10709, "CE": "", "CT": "Llave IDPREDIO", "ESTAMPA_CC": "2026-05-26 14:46:02" }, "geometry": { "type": "Point", "coordinates": [ -76.511429133834582, 3.36982785233485 ] } },
{ "type": "Feature", "properties": { "OBJECTID": 10734, "CE": "Duplicado; Error de área; NPN Terreno -> Unidad", "CT": "Departamento; Municipio; Zona; Sector; Comuna; Barrio; Manzana/Vereda; Terreno; Condición; Número Edificio; Número Piso; Número Unidad; Llave IDPREDIO", "ESTAMPA_CC": "2026-05-26 14:46:02" }, "geometry": null },
{ "type": "Feature", "properties": { "OBJECTID": 10744, "CE": "NPN Terreno -> Unidad", "CT": "", "ESTAMPA_CC": "2026-05-26 14:46:02" }, "geometry": { "type": "Point", "coordinates": [ -76.511075476861436, 3.381507914888176 ] } },
{ "type": "Feature", "properties": { "OBJECTID": 10762, "CE": "NPN Terreno -> Unidad", "CT": "Llave IDPREDIO", "ESTAMPA_CC": "2026-05-26 14:46:02" }, "geometry": { "type": "Point", "coordinates": [ -76.516693621253481, 3.359415363587679 ] } },
{ "type": "Feature", "properties": { "OBJECTID": 10767, "CE": "", "CT": "Llave IDPREDIO", "ESTAMPA_CC": "2026-05-26 14:46:02" }, "geometry": { "type": "Point", "coordinates": [ -76.51758737505024, 3.359465637283854 ] } },
{ "type": "Feature", "properties": { "OBJECTID": 10788, "CE": "", "CT": "Número Piso; Llave IDPREDIO", "ESTAMPA_CC": "2026-05-26 14:46:02" }, "geometry": { "type": "Point", "coordinates": [ -76.511297906106222, 3.370161057864344 ] } },
{ "type": "Feature", "properties": { "OBJECTID": 10801, "CE": "Error de área; NPN Terreno -> Unidad", "CT": "", "ESTAMPA_CC": "2026-05-26 14:46:02" }, "geometry": null },
{ "type": "Feature", "properties": { "OBJECTID": 10806, "CE": "NPN Terreno -> Unidad", "CT": "", "ESTAMPA_CC": "2026-05-26 14:46:02" }, "geometry": { "type": "Point", "coordinates": [ -76.507935674209335, 3.365756036729388 ] } },
{ "type": "Feature", "properties": { "OBJECTID": 10820, "CE": "", "CT": "Llave IDPREDIO", "ESTAMPA_CC": "2026-05-26 14:46:02" }, "geometry": { "type": "Point", "coordinates": [ -76.517588244634609, 3.35939868985675 ] } },
{ "type": "Feature", "properties": { "OBJECTID": 10829, "CE": "", "CT": "Llave IDPREDIO", "ESTAMPA_CC": "2026-05-26 14:46:02" }, "geometry": { "type": "Point", "coordinates": [ -76.510751688751114, 3.370160980946638 ] } },
{ "type": "Feature", "properties": { "OBJECTID": 10836, "CE": "", "CT": "Llave IDPREDIO", "ESTAMPA_CC": "2026-05-26 14:46:02" }, "geometry": { "type": "Point", "coordinates": [ -76.510881720419917, 3.370062369524514 ] } },
{ "type": "Feature", "properties": { "OBJECTID": 10837, "CE": "", "CT": "Llave IDPREDIO", "ESTAMPA_CC": "2026-05-26 14:46:02" }, "geometry": { "type": "Point", "coordinates": [ -76.517588244634609, 3.35939868985675 ] } },
{ "type": "Feature", "properties": { "OBJECTID": 10865, "CE": "", "CT": "Llave IDPREDIO", "ESTAMPA_CC": "2026-05-26 14:46:02" }, "geometry": { "type": "Point", "coordinates": [ -76.516520619576752, 3.359248747033985 ] } },
{ "type": "Feature", "properties": { "OBJECTID": 10880, "CE": "NPN Terreno -> Unidad", "CT": "", "ESTAMPA_CC": "2026-05-26 14:46:02" }, "geometry": { "type": "Point", "coordinates": [ -76.508475048765533, 3.365975215859401 ] } },
{ "type": "Feature", "properties": { "OBJECTID": 10887, "CE": "NPN Terreno -> Unidad", "CT": "", "ESTAMPA_CC": "2026-05-26 14:46:02" }, "geometry": { "type": "Point", "coordinates": [ -76.508266471309824, 3.365756753575481 ] } },
{ "type": "Feature", "properties": { "OBJECTID": 10901, "CE": "", "CT": "Llave IDPREDIO", "ESTAMPA_CC": "2026-05-26 14:46:02" }, "geometry": { "type": "Point", "coordinates": [ -76.511429133834582, 3.36982785233485 ] } },
{ "type": "Feature", "properties": { "OBJECTID": 10902, "CE": "", "CT": "Llave IDPREDIO", "ESTAMPA_CC": "2026-05-26 14:46:02" }, "geometry": { "type": "Point", "coordinates": [ -76.510773285426609, 3.370162832958891 ] } },
{ "type": "Feature", "properties": { "OBJECTID": 10909, "CE": "NPN Terreno -> Unidad", "CT": "Llave IDPREDIO", "ESTAMPA_CC": "2026-05-26 14:46:02" }, "geometry": { "type": "Point", "coordinates": [ -76.517030854138156, 3.35890717711702 ] } },
{ "type": "Feature", "properties": { "OBJECTID": 10912, "CE": "", "CT": "Manzana/Vereda", "ESTAMPA_CC": "2026-05-26 14:46:02" }, "geometry": { "type": "Point", "coordinates": [ -76.506001450773979, 3.375289073129067 ] } },
{ "type": "Feature", "properties": { "OBJECTID": 10913, "CE": "", "CT": "Manzana/Vereda", "ESTAMPA_CC": "2026-05-26 14:46:02" }, "geometry": { "type": "Point", "coordinates": [ -76.506040733196528, 3.375149302966066 ] } },
{ "type": "Feature", "properties": { "OBJECTID": 10914, "CE": "", "CT": "Manzana/Vereda", "ESTAMPA_CC": "2026-05-26 14:46:02" }, "geometry": { "type": "Point", "coordinates": [ -76.505951820300993, 3.375244288992929 ] } },
{ "type": "Feature", "properties": { "OBJECTID": 10915, "CE": "", "CT": "Manzana/Vereda", "ESTAMPA_CC": "2026-05-26 14:46:02" }, "geometry": { "type": "Point", "coordinates": [ -76.506040733196528, 3.375149302966066 ] } },
{ "type": "Feature", "properties": { "OBJECTID": 10924, "CE": "", "CT": "Condición: Condominio", "ESTAMPA_CC": "2026-05-26 14:46:02" }, "geometry": { "type": "Point", "coordinates": [ -76.550163113781437, 3.327107750563122 ] } },
{ "type": "Feature", "properties": { "OBJECTID": 10936, "CE": "", "CT": "Llave IDPREDIO", "ESTAMPA_CC": "2026-05-26 14:46:02" }, "geometry": { "type": "Point", "coordinates": [ -76.516520619948139, 3.359158451053939 ] } },
{ "type": "Feature", "properties": { "OBJECTID": 10957, "CE": "NPN Terreno -> Unidad", "CT": "", "ESTAMPA_CC": "2026-05-26 14:46:02" }, "geometry": { "type": "Point", "coordinates": [ -76.508336742187794, 3.365861860708937 ] } },
{ "type": "Feature", "properties": { "OBJECTID": 10963, "CE": "NPN Terreno -> Unidad", "CT": "Llave IDPREDIO", "ESTAMPA_CC": "2026-05-26 14:46:02" }, "geometry": { "type": "Point", "coordinates": [ -76.516939268626444, 3.358839719828807 ] } },
{ "type": "Feature", "properties": { "OBJECTID": 10970, "CE": "", "CT": "Llave IDPREDIO", "ESTAMPA_CC": "2026-05-26 14:46:02" }, "geometry": { "type": "Point", "coordinates": [ -76.517376222857195, 3.35938653860965 ] } },
{ "type": "Feature", "properties": { "OBJECTID": 10979, "CE": "", "CT": "Condición: Condominio", "ESTAMPA_CC": "2026-05-26 14:46:02" }, "geometry": { "type": "Point", "coordinates": [ -76.549959208403408, 3.327087913456007 ] } },
{ "type": "Feature", "properties": { "OBJECTID": 10980, "CE": "", "CT": "Condición: Condominio", "ESTAMPA_CC": "2026-05-26 14:46:02" }, "geometry": { "type": "Point", "coordinates": [ -76.549746508684834, 3.327096870182118 ] } },
{ "type": "Feature", "properties": { "OBJECTID": 10981, "CE": "", "CT": "Condición: Condominio", "ESTAMPA_CC": "2026-05-26 14:46:02" }, "geometry": { "type": "Point", "coordinates": [ -76.507628470210093, 3.365901068933065 ] } },
{ "type": "Feature", "properties": { "OBJECTID": 10982, "CE": "", "CT": "Condición: Condominio", "ESTAMPA_CC": "2026-05-26 14:46:02" }, "geometry": { "type": "Point", "coordinates": [ -76.507763450436443, 3.366096883924405 ] } },
{ "type": "Feature", "properties": { "OBJECTID": 10983, "CE": "NPN Terreno -> Unidad", "CT": "", "ESTAMPA_CC": "2026-05-26 14:46:02" }, "geometry": { "type": "Point", "coordinates": [ -76.508206814663879, 3.36556435432749 ] } },
{ "type": "Feature", "properties": { "OBJECTID": 10988, "CE": "NPN Terreno -> Unidad", "CT": "", "ESTAMPA_CC": "2026-05-26 14:46:02" }, "geometry": { "type": "Point", "coordinates": [ -76.508487902669515, 3.366310740725122 ] } },
{ "type": "Feature", "properties": { "OBJECTID": 10990, "CE": "NPN Terreno -> Unidad", "CT": "", "ESTAMPA_CC": "2026-05-26 14:46:02" }, "geometry": { "type": "Point", "coordinates": [ -76.508109920007186, 3.365636483783832 ] } },
{ "type": "Feature", "properties": { "OBJECTID": 11035, "CE": "", "CT": "Condición: Condominio", "ESTAMPA_CC": "2026-05-26 14:46:02" }, "geometry": { "type": "Point", "coordinates": [ -76.507906544736343, 3.366289911826652 ] } },
{ "type": "Feature", "properties": { "OBJECTID": 11036, "CE": "", "CT": "Condición: Condominio", "ESTAMPA_CC": "2026-05-26 14:46:02" }, "geometry": { "type": "Point", "coordinates": [ -76.5079923491122, 3.366404518202837 ] } },
{ "type": "Feature", "properties": { "OBJECTID": 11037, "CE": "", "CT": "Condición: Condominio", "ESTAMPA_CC": "2026-05-26 14:46:02" }, "geometry": { "type": "Point", "coordinates": [ -76.507962436203371, 3.366366185856963 ] } },
{ "type": "Feature", "properties": { "OBJECTID": 11038, "CE": "", "CT": "Condición: Condominio", "ESTAMPA_CC": "2026-05-26 14:46:02" }, "geometry": { "type": "Point", "coordinates": [ -76.507932446614248, 3.366326577691357 ] } },
{ "type": "Feature", "properties": { "OBJECTID": 11039, "CE": "NPN Terreno -> Unidad", "CT": "", "ESTAMPA_CC": "2026-05-26 14:46:02" }, "geometry": { "type": "Point", "coordinates": [ -76.508475048765533, 3.365975215859401 ] } },
{ "type": "Feature", "properties": { "OBJECTID": 11040, "CE": "NPN Terreno -> Unidad", "CT": "", "ESTAMPA_CC": "2026-05-26 14:46:02" }, "geometry": { "type": "Point", "coordinates": [ -76.508226480182429, 3.366516564476048 ] } },
{ "type": "Feature", "properties": { "OBJECTID": 11041, "CE": "NPN Terreno -> Unidad", "CT": "", "ESTAMPA_CC": "2026-05-26 14:46:02" }, "geometry": { "type": "Point", "coordinates": [ -76.508562148003847, 3.366253468660465 ] } },
{ "type": "Feature", "properties": { "OBJECTID": 11047, "CE": "NPN Terreno -> Unidad", "CT": "", "ESTAMPA_CC": "2026-05-26 14:46:02" }, "geometry": { "type": "Point", "coordinates": [ -76.507935674209335, 3.365756036729388 ] } },
{ "type": "Feature", "properties": { "OBJECTID": 11051, "CE": "NPN Terreno -> Unidad", "CT": "", "ESTAMPA_CC": "2026-05-26 14:46:02" }, "geometry": { "type": "Point", "coordinates": [ -76.50841408085472, 3.366018847868238 ] } },
{ "type": "Feature", "properties": { "OBJECTID": 11060, "CE": "NPN Terreno -> Unidad", "CT": "", "ESTAMPA_CC": "2026-05-26 14:46:02" }, "geometry": { "type": "Point", "coordinates": [ -76.508117519474936, 3.366586859618755 ] } },
{ "type": "Feature", "properties": { "OBJECTID": 11062, "CE": "NPN Terreno -> Unidad", "CT": "", "ESTAMPA_CC": "2026-05-26 14:46:02" }, "geometry": { "type": "Point", "coordinates": [ -76.50841408085472, 3.366018847868238 ] } },
{ "type": "Feature", "properties": { "OBJECTID": 11084, "CE": "NPN Terreno -> Unidad", "CT": "", "ESTAMPA_CC": "2026-05-26 14:46:02" }, "geometry": { "type": "Point", "coordinates": [ -76.508414629245252, 3.365829491562447 ] } },
{ "type": "Feature", "properties": { "OBJECTID": 11086, "CE": "NPN Terreno -> Unidad", "CT": "", "ESTAMPA_CC": "2026-05-26 14:46:02" }, "geometry": { "type": "Point", "coordinates": [ -76.508226480182429, 3.366516564476048 ] } },
{ "type": "Feature", "properties": { "OBJECTID": 11088, "CE": "NPN Terreno -> Unidad", "CT": "", "ESTAMPA_CC": "2026-05-26 14:46:02" }, "geometry": { "type": "Point", "coordinates": [ -76.508117519474936, 3.366586859618755 ] } },
{ "type": "Feature", "properties": { "OBJECTID": 11095, "CE": "NPN Terreno -> Unidad", "CT": "", "ESTAMPA_CC": "2026-05-26 14:46:02" }, "geometry": { "type": "Point", "coordinates": [ -76.507935674209335, 3.365756036729388 ] } },
{ "type": "Feature", "properties": { "OBJECTID": 11097, "CE": "", "CT": "Llave IDPREDIO", "ESTAMPA_CC": "2026-05-26 14:46:02" }, "geometry": { "type": "Point", "coordinates": [ -76.517680778562436, 3.359400025636662 ] } },
{ "type": "Feature", "properties": { "OBJECTID": 11107, "CE": "NPN Terreno -> Unidad", "CT": "", "ESTAMPA_CC": "2026-05-26 14:46:02" }, "geometry": { "type": "Point", "coordinates": [ -76.510997870615569, 3.384051064240462 ] } },
{ "type": "Feature", "properties": { "OBJECTID": 11111, "CE": "", "CT": "Llave IDPREDIO", "ESTAMPA_CC": "2026-05-26 14:46:02" }, "geometry": { "type": "Point", "coordinates": [ -76.510751691538687, 3.370062389890623 ] } },
{ "type": "Feature", "properties": { "OBJECTID": 11114, "CE": "NPN Terreno -> Unidad", "CT": "Llave IDPREDIO", "ESTAMPA_CC": "2026-05-26 14:46:02" }, "geometry": { "type": "Point", "coordinates": [ -76.51678978703832, 3.359349205906189 ] } },
{ "type": "Feature", "properties": { "OBJECTID": 11118, "CE": "NPN Terreno -> Unidad", "CT": "", "ESTAMPA_CC": "2026-05-26 14:46:02" }, "geometry": { "type": "Point", "coordinates": [ -76.508163817605691, 3.365508252596629 ] } },
{ "type": "Feature", "properties": { "OBJECTID": 11120, "CE": "NPN Terreno -> Unidad", "CT": "Llave IDPREDIO", "ESTAMPA_CC": "2026-05-26 14:46:02" }, "geometry": { "type": "Point", "coordinates": [ -76.516906858954187, 3.359359578373786 ] } },
{ "type": "Feature", "properties": { "OBJECTID": 11135, "CE": "", "CT": "Llave IDPREDIO", "ESTAMPA_CC": "2026-05-26 14:46:02" }, "geometry": { "type": "Point", "coordinates": [ -76.510794881857692, 3.370162832729191 ] } },
{ "type": "Feature", "properties": { "OBJECTID": 11137, "CE": "NPN Terreno -> Unidad", "CT": "", "ESTAMPA_CC": "2026-05-26 14:46:02" }, "geometry": { "type": "Point", "coordinates": [ -76.508821781550068, 3.379136838884564 ] } },
{ "type": "Feature", "properties": { "OBJECTID": 11144, "CE": "NPN Terreno -> Unidad", "CT": "Llave IDPREDIO", "ESTAMPA_CC": "2026-05-26 14:46:02" }, "geometry": { "type": "Point", "coordinates": [ -76.51669429905499, 3.35934821814212 ] } },
{ "type": "Feature", "properties": { "OBJECTID": 11152, "CE": "NPN Terreno -> Unidad", "CT": "", "ESTAMPA_CC": "2026-05-26 14:46:02" }, "geometry": { "type": "Point", "coordinates": [ -76.508109920007186, 3.365636483783832 ] } },
{ "type": "Feature", "properties": { "OBJECTID": 11154, "CE": "NPN Terreno -> Unidad", "CT": "", "ESTAMPA_CC": "2026-05-26 14:46:02" }, "geometry": { "type": "Point", "coordinates": [ -76.508659126971551, 3.36618250647352 ] } },
{ "type": "Feature", "properties": { "OBJECTID": 11156, "CE": "NPN Terreno -> Unidad", "CT": "", "ESTAMPA_CC": "2026-05-26 14:46:02" }, "geometry": { "type": "Point", "coordinates": [ -76.50841408085472, 3.366018847868238 ] } },
{ "type": "Feature", "properties": { "OBJECTID": 11165, "CE": "NPN Terreno -> Unidad", "CT": "", "ESTAMPA_CC": "2026-05-26 14:46:02" }, "geometry": { "type": "Point", "coordinates": [ -76.508322537901307, 3.365713689798901 ] } },
{ "type": "Feature", "properties": { "OBJECTID": 11167, "CE": "NPN Terreno -> Unidad", "CT": "", "ESTAMPA_CC": "2026-05-26 14:46:02" }, "geometry": { "type": "Point", "coordinates": [ -76.508322537901307, 3.365713689798901 ] } },
{ "type": "Feature", "properties": { "OBJECTID": 11177, "CE": "", "CT": "Llave IDPREDIO", "ESTAMPA_CC": "2026-05-26 14:46:02" }, "geometry": { "type": "Point", "coordinates": [ -76.510828028989295, 3.369821773343687 ] } },
{ "type": "Feature", "properties": { "OBJECTID": 11183, "CE": "", "CT": "Condición: Condominio", "ESTAMPA_CC": "2026-05-26 14:46:02" }, "geometry": { "type": "Point", "coordinates": [ -76.550147301887407, 3.327543679271428 ] } },
{ "type": "Feature", "properties": { "OBJECTID": 11189, "CE": "NPN Terreno -> Unidad", "CT": "", "ESTAMPA_CC": "2026-05-26 14:46:02" }, "geometry": { "type": "Point", "coordinates": [ -76.508483345466317, 3.366115586210166 ] } },
{ "type": "Feature", "properties": { "OBJECTID": 11190, "CE": "NPN Terreno -> Unidad", "CT": "", "ESTAMPA_CC": "2026-05-26 14:46:02" }, "geometry": { "type": "Point", "coordinates": [ -76.508414629245252, 3.365829491562447 ] } },
{ "type": "Feature", "properties": { "OBJECTID": 11193, "CE": "NPN Terreno -> Unidad", "CT": "", "ESTAMPA_CC": "2026-05-26 14:46:02" }, "geometry": { "type": "Point", "coordinates": [ -76.508414629245252, 3.365829491562447 ] } },
{ "type": "Feature", "properties": { "OBJECTID": 11202, "CE": "NPN Terreno -> Unidad", "CT": "", "ESTAMPA_CC": "2026-05-26 14:46:02" }, "geometry": { "type": "Point", "coordinates": [ -76.508035881065339, 3.365694109807812 ] } },
{ "type": "Feature", "properties": { "OBJECTID": 11204, "CE": "NPN Terreno -> Unidad", "CT": "", "ESTAMPA_CC": "2026-05-26 14:46:02" }, "geometry": { "type": "Point", "coordinates": [ -76.508659126971551, 3.36618250647352 ] } },
{ "type": "Feature", "properties": { "OBJECTID": 11207, "CE": "NPN Terreno -> Unidad", "CT": "", "ESTAMPA_CC": "2026-05-26 14:46:02" }, "geometry": { "type": "Point", "coordinates": [ -76.508487902669515, 3.366310740725122 ] } },
{ "type": "Feature", "properties": { "OBJECTID": 11213, "CE": "NPN Terreno -> Unidad", "CT": "", "ESTAMPA_CC": "2026-05-26 14:46:02" }, "geometry": { "type": "Point", "coordinates": [ -76.508659126971551, 3.36618250647352 ] } },
{ "type": "Feature", "properties": { "OBJECTID": 11214, "CE": "NPN Terreno -> Unidad", "CT": "", "ESTAMPA_CC": "2026-05-26 14:46:02" }, "geometry": { "type": "Point", "coordinates": [ -76.508561200997391, 3.36608321614706 ] } },
{ "type": "Feature", "properties": { "OBJECTID": 11216, "CE": "NPN Terreno -> Unidad", "CT": "", "ESTAMPA_CC": "2026-05-26 14:46:02" }, "geometry": { "type": "Point", "coordinates": [ -76.508483345466317, 3.366115586210166 ] } },
{ "type": "Feature", "properties": { "OBJECTID": 11217, "CE": "NPN Terreno -> Unidad", "CT": "", "ESTAMPA_CC": "2026-05-26 14:46:02" }, "geometry": { "type": "Point", "coordinates": [ -76.508206814663879, 3.36556435432749 ] } },
{ "type": "Feature", "properties": { "OBJECTID": 11218, "CE": "NPN Terreno -> Unidad", "CT": "", "ESTAMPA_CC": "2026-05-26 14:46:02" }, "geometry": { "type": "Point", "coordinates": [ -76.508266471309824, 3.365756753575481 ] } },
{ "type": "Feature", "properties": { "OBJECTID": 11224, "CE": "NPN Terreno -> Unidad", "CT": "", "ESTAMPA_CC": "2026-05-26 14:46:02" }, "geometry": { "type": "Point", "coordinates": [ -76.508483345466317, 3.366115586210166 ] } },
{ "type": "Feature", "properties": { "OBJECTID": 11233, "CE": "", "CT": "Condición: Condominio", "ESTAMPA_CC": "2026-05-26 14:46:02" }, "geometry": { "type": "Point", "coordinates": [ -76.507874780555213, 3.366250104712885 ] } },
{ "type": "Feature", "properties": { "OBJECTID": 11234, "CE": "", "CT": "Condición: Condominio", "ESTAMPA_CC": "2026-05-26 14:46:02" }, "geometry": { "type": "Point", "coordinates": [ -76.507849557950152, 3.366212765231154 ] } },
{ "type": "Feature", "properties": { "OBJECTID": 11235, "CE": "", "CT": "Condición: Condominio", "ESTAMPA_CC": "2026-05-26 14:46:02" }, "geometry": { "type": "Point", "coordinates": [ -76.507793600176498, 3.366136710008262 ] } },
{ "type": "Feature", "properties": { "OBJECTID": 11236, "CE": "", "CT": "Condición: Condominio", "ESTAMPA_CC": "2026-05-26 14:46:02" }, "geometry": { "type": "Point", "coordinates": [ -76.507737133348485, 3.366059345502249 ] } },
{ "type": "Feature", "properties": { "OBJECTID": 11237, "CE": "", "CT": "Condición: Condominio", "ESTAMPA_CC": "2026-05-26 14:46:02" }, "geometry": { "type": "Point", "coordinates": [ -76.507706690081648, 3.366019737323383 ] } },
{ "type": "Feature", "properties": { "OBJECTID": 11238, "CE": "", "CT": "Condición: Condominio", "ESTAMPA_CC": "2026-05-26 14:46:02" }, "geometry": { "type": "Point", "coordinates": [ -76.507680721975959, 3.365983289362382 ] } },
{ "type": "Feature", "properties": { "OBJECTID": 11239, "CE": "", "CT": "Condición: Condominio", "ESTAMPA_CC": "2026-05-26 14:46:02" }, "geometry": { "type": "Point", "coordinates": [ -76.507650732671934, 3.365943682092076 ] } },
{ "type": "Feature", "properties": { "OBJECTID": 11243, "CE": "Error de área; NPN Terreno -> Unidad", "CT": "", "ESTAMPA_CC": "2026-05-26 14:46:02" }, "geometry": null },
{ "type": "Feature", "properties": { "OBJECTID": 11252, "CE": "NPN Terreno -> Unidad", "CT": "", "ESTAMPA_CC": "2026-05-26 14:46:02" }, "geometry": { "type": "Point", "coordinates": [ -76.508561200997391, 3.36608321614706 ] } },
{ "type": "Feature", "properties": { "OBJECTID": 11256, "CE": "", "CT": "Llave IDPREDIO", "ESTAMPA_CC": "2026-05-26 14:46:02" }, "geometry": { "type": "Point", "coordinates": [ -76.517768767861597, 3.358859354944444 ] } },
{ "type": "Feature", "properties": { "OBJECTID": 11257, "CE": "NPN Terreno -> Unidad", "CT": "Llave IDPREDIO", "ESTAMPA_CC": "2026-05-26 14:46:02" }, "geometry": { "type": "Point", "coordinates": [ -76.516693621253481, 3.359415363587679 ] } },
{ "type": "Feature", "properties": { "OBJECTID": 11262, "CE": "NPN Terreno -> Unidad", "CT": "Llave IDPREDIO", "ESTAMPA_CC": "2026-05-26 14:46:02" }, "geometry": { "type": "Point", "coordinates": [ -76.516727343461483, 3.358825093658139 ] } },
{ "type": "Feature", "properties": { "OBJECTID": 11275, "CE": "NPN Terreno -> Unidad", "CT": "", "ESTAMPA_CC": "2026-05-26 14:46:02" }, "geometry": { "type": "Point", "coordinates": [ -76.507992679226618, 3.365635981315593 ] } },
{ "type": "Feature", "properties": { "OBJECTID": 11277, "CE": "NPN Terreno -> Unidad", "CT": "", "ESTAMPA_CC": "2026-05-26 14:46:02" }, "geometry": { "type": "Point", "coordinates": [ -76.508322537901307, 3.365713689798901 ] } },
{ "type": "Feature", "properties": { "OBJECTID": 11281, "CE": "NPN Terreno -> Unidad", "CT": "", "ESTAMPA_CC": "2026-05-26 14:46:02" }, "geometry": { "type": "Point", "coordinates": [ -76.508206814663879, 3.36556435432749 ] } },
{ "type": "Feature", "properties": { "OBJECTID": 11282, "CE": "NPN Terreno -> Unidad", "CT": "", "ESTAMPA_CC": "2026-05-26 14:46:02" }, "geometry": { "type": "Point", "coordinates": [ -76.508395777070049, 3.366383461162062 ] } },
{ "type": "Feature", "properties": { "OBJECTID": 11283, "CE": "NPN Terreno -> Unidad", "CT": "", "ESTAMPA_CC": "2026-05-26 14:46:02" }, "geometry": { "type": "Point", "coordinates": [ -76.508066776547096, 3.365579475592146 ] } },
{ "type": "Feature", "properties": { "OBJECTID": 11291, "CE": "", "CT": "Llave IDPREDIO", "ESTAMPA_CC": "2026-05-26 14:46:02" }, "geometry": { "type": "Point", "coordinates": [ -76.516520643318671, 3.358945025096306 ] } },
{ "type": "Feature", "properties": { "OBJECTID": 11301, "CE": "NPN Terreno -> Unidad", "CT": "", "ESTAMPA_CC": "2026-05-26 14:46:02" }, "geometry": { "type": "Point", "coordinates": [ -76.508066776547096, 3.365579475592146 ] } },
{ "type": "Feature", "properties": { "OBJECTID": 11328, "CE": "NPN Terreno -> Unidad", "CT": "", "ESTAMPA_CC": "2026-05-26 14:46:02" }, "geometry": { "type": "Point", "coordinates": [ -76.508561200997391, 3.36608321614706 ] } },
{ "type": "Feature", "properties": { "OBJECTID": 11329, "CE": "NPN Terreno -> Unidad", "CT": "", "ESTAMPA_CC": "2026-05-26 14:46:02" }, "geometry": { "type": "Point", "coordinates": [ -76.50789662271184, 3.365706980518732 ] } },
{ "type": "Feature", "properties": { "OBJECTID": 11332, "CE": "NPN Terreno -> Unidad", "CT": "", "ESTAMPA_CC": "2026-05-26 14:46:02" }, "geometry": { "type": "Point", "coordinates": [ -76.508066776547096, 3.365579475592146 ] } },
{ "type": "Feature", "properties": { "OBJECTID": 11338, "CE": "NPN Terreno -> Unidad", "CT": "Llave IDPREDIO", "ESTAMPA_CC": "2026-05-26 14:46:02" }, "geometry": { "type": "Point", "coordinates": [ -76.516998287803986, 3.359427358913901 ] } },
{ "type": "Feature", "properties": { "OBJECTID": 11346, "CE": "NPN Terreno -> Unidad", "CT": "", "ESTAMPA_CC": "2026-05-26 14:46:02" }, "geometry": { "type": "Point", "coordinates": [ -76.508226480182429, 3.366516564476048 ] } },
{ "type": "Feature", "properties": { "OBJECTID": 11347, "CE": "NPN Terreno -> Unidad", "CT": "", "ESTAMPA_CC": "2026-05-26 14:46:02" }, "geometry": { "type": "Point", "coordinates": [ -76.507992679226618, 3.365635981315593 ] } },
{ "type": "Feature", "properties": { "OBJECTID": 11361, "CE": "NPN Terreno -> Unidad", "CT": "", "ESTAMPA_CC": "2026-05-26 14:46:02" }, "geometry": { "type": "Point", "coordinates": [ -76.508483345466317, 3.366115586210166 ] } },
{ "type": "Feature", "properties": { "OBJECTID": 11362, "CE": "NPN Terreno -> Unidad", "CT": "", "ESTAMPA_CC": "2026-05-26 14:46:02" }, "geometry": { "type": "Point", "coordinates": [ -76.508109920007186, 3.365636483783832 ] } },
{ "type": "Feature", "properties": { "OBJECTID": 11402, "CE": "", "CT": "Llave IDPREDIO", "ESTAMPA_CC": "2026-05-26 14:46:02" }, "geometry": { "type": "Point", "coordinates": [ -76.511449085637452, 3.370062387345915 ] } },
{ "type": "Feature", "properties": { "OBJECTID": 11404, "CE": "", "CT": "Llave IDPREDIO", "ESTAMPA_CC": "2026-05-26 14:46:02" }, "geometry": { "type": "Point", "coordinates": [ -76.511578665788505, 3.370062101951211 ] } },
{ "type": "Feature", "properties": { "OBJECTID": 11405, "CE": "NPN Terreno -> Unidad", "CT": "Llave IDPREDIO", "ESTAMPA_CC": "2026-05-26 14:46:02" }, "geometry": { "type": "Point", "coordinates": [ -76.516818189717128, 3.358893757610807 ] } },
{ "type": "Feature", "properties": { "OBJECTID": 11408, "CE": "", "CT": "Llave IDPREDIO", "ESTAMPA_CC": "2026-05-26 14:46:02" }, "geometry": { "type": "Point", "coordinates": [ -76.510723415306984, 3.369821772265473 ] } },
{ "type": "Feature", "properties": { "OBJECTID": 11427, "CE": "NPN Terreno -> Unidad", "CT": "", "ESTAMPA_CC": "2026-05-26 14:46:02" }, "geometry": { "type": "Point", "coordinates": [ -76.50841408085472, 3.366018847868238 ] } },
{ "type": "Feature", "properties": { "OBJECTID": 11428, "CE": "NPN Terreno -> Unidad", "CT": "", "ESTAMPA_CC": "2026-05-26 14:46:02" }, "geometry": { "type": "Point", "coordinates": [ -76.508206814663879, 3.36556435432749 ] } },
{ "type": "Feature", "properties": { "OBJECTID": 11455, "CE": "NPN Terreno -> Unidad", "CT": "Llave IDPREDIO", "ESTAMPA_CC": "2026-05-26 14:46:02" }, "geometry": { "type": "Point", "coordinates": [ -76.516818189717128, 3.358893757610807 ] } },
{ "type": "Feature", "properties": { "OBJECTID": 11463, "CE": "", "CT": "Llave IDPREDIO", "ESTAMPA_CC": "2026-05-26 14:46:02" }, "geometry": { "type": "Point", "coordinates": [ -76.510794884846007, 3.370062363662188 ] } },
{ "type": "Feature", "properties": { "OBJECTID": 11464, "CE": "", "CT": "Llave IDPREDIO", "ESTAMPA_CC": "2026-05-26 14:46:02" }, "geometry": { "type": "Point", "coordinates": [ -76.510935531549336, 3.36973536558973 ] } },
{ "type": "Feature", "properties": { "OBJECTID": 11466, "CE": "", "CT": "Llave IDPREDIO", "ESTAMPA_CC": "2026-05-26 14:46:02" }, "geometry": { "type": "Point", "coordinates": [ -76.516520619948139, 3.359158451053939 ] } },
{ "type": "Feature", "properties": { "OBJECTID": 11469, "CE": "", "CT": "Llave IDPREDIO", "ESTAMPA_CC": "2026-05-26 14:46:02" }, "geometry": { "type": "Point", "coordinates": [ -76.511362695848604, 3.370160962197604 ] } },
{ "type": "Feature", "properties": { "OBJECTID": 11470, "CE": "", "CT": "Llave IDPREDIO", "ESTAMPA_CC": "2026-05-26 14:46:02" }, "geometry": { "type": "Point", "coordinates": [ -76.510828028989295, 3.369821773343687 ] } },
{ "type": "Feature", "properties": { "OBJECTID": 11471, "CE": "", "CT": "Llave IDPREDIO", "ESTAMPA_CC": "2026-05-26 14:46:02" }, "geometry": { "type": "Point", "coordinates": [ -76.511040145179706, 3.369730984920328 ] } },
{ "type": "Feature", "properties": { "OBJECTID": 11472, "CE": "", "CT": "Llave IDPREDIO", "ESTAMPA_CC": "2026-05-26 14:46:02" }, "geometry": { "type": "Point", "coordinates": [ -76.51746339701505, 3.358913253906924 ] } },
{ "type": "Feature", "properties": { "OBJECTID": 11473, "CE": "NPN Terreno -> Unidad", "CT": "Llave IDPREDIO", "ESTAMPA_CC": "2026-05-26 14:46:02" }, "geometry": { "type": "Point", "coordinates": [ -76.516906858954187, 3.359359578373786 ] } },
{ "type": "Feature", "properties": { "OBJECTID": 11490, "CE": "", "CT": "Llave IDPREDIO", "ESTAMPA_CC": "2026-05-26 14:46:02" }, "geometry": { "type": "Point", "coordinates": [ -76.511533746500703, 3.369827851979014 ] } },
{ "type": "Feature", "properties": { "OBJECTID": 11498, "CE": "NPN Terreno -> Unidad", "CT": "", "ESTAMPA_CC": "2026-05-26 14:46:02" }, "geometry": { "type": "Point", "coordinates": [ -76.508487902669515, 3.366310740725122 ] } },
{ "type": "Feature", "properties": { "OBJECTID": 11499, "CE": "NPN Terreno -> Unidad", "CT": "", "ESTAMPA_CC": "2026-05-26 14:46:02" }, "geometry": { "type": "Point", "coordinates": [ -76.508322537901307, 3.365713689798901 ] } },
{ "type": "Feature", "properties": { "OBJECTID": 11500, "CE": "NPN Terreno -> Unidad", "CT": "", "ESTAMPA_CC": "2026-05-26 14:46:02" }, "geometry": { "type": "Point", "coordinates": [ -76.508266471309824, 3.365756753575481 ] } },
{ "type": "Feature", "properties": { "OBJECTID": 11506, "CE": "NPN Terreno -> Unidad", "CT": "", "ESTAMPA_CC": "2026-05-26 14:46:02" }, "geometry": { "type": "Point", "coordinates": [ -76.508266471309824, 3.365756753575481 ] } },
{ "type": "Feature", "properties": { "OBJECTID": 11507, "CE": "NPN Terreno -> Unidad", "CT": "Llave IDPREDIO", "ESTAMPA_CC": "2026-05-26 14:46:02" }, "geometry": { "type": "Point", "coordinates": [ -76.517030854138156, 3.35890717711702 ] } },
{ "type": "Feature", "properties": { "OBJECTID": 11510, "CE": "", "CT": "Llave IDPREDIO", "ESTAMPA_CC": "2026-05-26 14:46:02" }, "geometry": { "type": "Point", "coordinates": [ -76.511217019026631, 3.36972907430721 ] } },
{ "type": "Feature", "properties": { "OBJECTID": 11511, "CE": "", "CT": "Llave IDPREDIO", "ESTAMPA_CC": "2026-05-26 14:46:02" }, "geometry": { "type": "Point", "coordinates": [ -76.510924461996822, 3.370160970509381 ] } },
{ "type": "Feature", "properties": { "OBJECTID": 11512, "CE": "", "CT": "Número Piso; Llave IDPREDIO", "ESTAMPA_CC": "2026-05-26 14:46:02" }, "geometry": { "type": "Point", "coordinates": [ -76.511513872887463, 3.370160984898803 ] } },
{ "type": "Feature", "properties": { "OBJECTID": 11527, "CE": "", "CT": "Llave IDPREDIO", "ESTAMPA_CC": "2026-05-26 14:46:02" }, "geometry": { "type": "Point", "coordinates": [ -76.51746339701505, 3.358913253906924 ] } },
{ "type": "Feature", "properties": { "OBJECTID": 11530, "CE": "", "CT": "Llave IDPREDIO", "ESTAMPA_CC": "2026-05-26 14:46:02" }, "geometry": { "type": "Point", "coordinates": [ -76.516520619948139, 3.359158451053939 ] } },
{ "type": "Feature", "properties": { "OBJECTID": 11531, "CE": "NPN Terreno -> Unidad", "CT": "Llave IDPREDIO", "ESTAMPA_CC": "2026-05-26 14:46:02" }, "geometry": { "type": "Point", "coordinates": [ -76.517676228367279, 3.358858192326247 ] } },
{ "type": "Feature", "properties": { "OBJECTID": 11550, "CE": "", "CT": "Llave IDPREDIO", "ESTAMPA_CC": "2026-05-26 14:46:02" }, "geometry": { "type": "Point", "coordinates": [ -76.517588244634609, 3.35939868985675 ] } },
{ "type": "Feature", "properties": { "OBJECTID": 11560, "CE": "NPN Terreno -> Unidad", "CT": "", "ESTAMPA_CC": "2026-05-26 14:46:02" }, "geometry": { "type": "Point", "coordinates": [ -76.508487902669515, 3.366310740725122 ] } },
{ "type": "Feature", "properties": { "OBJECTID": 11569, "CE": "NPN Terreno -> Unidad", "CT": "Llave IDPREDIO", "ESTAMPA_CC": "2026-05-26 14:46:02" }, "geometry": { "type": "Point", "coordinates": [ -76.516998938373106, 3.359360301174844 ] } },
{ "type": "Feature", "properties": { "OBJECTID": 11571, "CE": "", "CT": "Llave IDPREDIO", "ESTAMPA_CC": "2026-05-26 14:46:02" }, "geometry": { "type": "Point", "coordinates": [ -76.516520620454557, 3.359035321980449 ] } },
{ "type": "Feature", "properties": { "OBJECTID": 11615, "CE": "", "CT": "Llave IDPREDIO", "ESTAMPA_CC": "2026-05-26 14:46:02" }, "geometry": { "type": "Point", "coordinates": [ -76.510989251738877, 3.370160953985098 ] } },
{ "type": "Feature", "properties": { "OBJECTID": 11617, "CE": "", "CT": "Llave IDPREDIO", "ESTAMPA_CC": "2026-05-26 14:46:02" }, "geometry": { "type": "Point", "coordinates": [ -76.510828028989295, 3.369821773343687 ] } },
{ "type": "Feature", "properties": { "OBJECTID": 11623, "CE": "", "CT": "Llave IDPREDIO", "ESTAMPA_CC": "2026-05-26 14:46:02" }, "geometry": { "type": "Point", "coordinates": [ -76.516608596738877, 3.359158449163866 ] } },
{ "type": "Feature", "properties": { "OBJECTID": 11627, "CE": "NPN Terreno -> Unidad", "CT": "Llave IDPREDIO", "ESTAMPA_CC": "2026-05-26 14:46:02" }, "geometry": { "type": "Point", "coordinates": [ -76.516905685414045, 3.359426723817586 ] } },
{ "type": "Feature", "properties": { "OBJECTID": 11628, "CE": "NPN Terreno -> Unidad", "CT": "", "ESTAMPA_CC": "2026-05-26 14:46:02" }, "geometry": { "type": "Point", "coordinates": [ -76.508475048765533, 3.365975215859401 ] } },
{ "type": "Feature", "properties": { "OBJECTID": 11629, "CE": "NPN Terreno -> Unidad", "CT": "", "ESTAMPA_CC": "2026-05-26 14:46:02" }, "geometry": { "type": "Point", "coordinates": [ -76.508561200997391, 3.36608321614706 ] } },
{ "type": "Feature", "properties": { "OBJECTID": 11635, "CE": "NPN Terreno -> Unidad", "CT": "Llave IDPREDIO", "ESTAMPA_CC": "2026-05-26 14:46:02" }, "geometry": { "type": "Point", "coordinates": [ -76.516905685414045, 3.359426723817586 ] } },
{ "type": "Feature", "properties": { "OBJECTID": 11636, "CE": "", "CT": "Llave IDPREDIO", "ESTAMPA_CC": "2026-05-26 14:46:02" }, "geometry": { "type": "Point", "coordinates": [ -76.51746339701505, 3.358913253906924 ] } },
{ "type": "Feature", "properties": { "OBJECTID": 11656, "CE": "", "CT": "Llave IDPREDIO", "ESTAMPA_CC": "2026-05-26 14:46:02" }, "geometry": { "type": "Point", "coordinates": [ -76.511035595178242, 3.370159666426801 ] } },
{ "type": "Feature", "properties": { "OBJECTID": 11684, "CE": "", "CT": "Llave IDPREDIO", "ESTAMPA_CC": "2026-05-26 14:46:02" }, "geometry": { "type": "Point", "coordinates": [ -76.51758737505024, 3.359465637283854 ] } },
{ "type": "Feature", "properties": { "OBJECTID": 11688, "CE": "NPN Terreno -> Unidad", "CT": "Llave IDPREDIO", "ESTAMPA_CC": "2026-05-26 14:46:02" }, "geometry": { "type": "Point", "coordinates": [ -76.517556734215034, 3.358847439280159 ] } },
{ "type": "Feature", "properties": { "OBJECTID": 11713, "CE": "", "CT": "Llave IDPREDIO", "ESTAMPA_CC": "2026-05-26 14:46:02" }, "geometry": { "type": "Point", "coordinates": [ -76.5176799107752, 3.359466973063855 ] } },
{ "type": "Feature", "properties": { "OBJECTID": 11714, "CE": "NPN Terreno -> Unidad", "CT": "", "ESTAMPA_CC": "2026-05-26 14:46:02" }, "geometry": { "type": "Point", "coordinates": [ -76.508395777070049, 3.366383461162062 ] } },
{ "type": "Feature", "properties": { "OBJECTID": 11717, "CE": "", "CT": "Llave IDPREDIO", "ESTAMPA_CC": "2026-05-26 14:46:02" }, "geometry": { "type": "Point", "coordinates": [ -76.517376222857195, 3.35938653860965 ] } },
{ "type": "Feature", "properties": { "OBJECTID": 11719, "CE": "", "CT": "Llave IDPREDIO", "ESTAMPA_CC": "2026-05-26 14:46:02" }, "geometry": { "type": "Point", "coordinates": [ -76.517555936514313, 3.358914416545864 ] } },
{ "type": "Feature", "properties": { "OBJECTID": 11734, "CE": "", "CT": "Llave IDPREDIO", "ESTAMPA_CC": "2026-05-26 14:46:02" }, "geometry": { "type": "Point", "coordinates": [ -76.510926711817135, 3.370062369982134 ] } },
{ "type": "Feature", "properties": { "OBJECTID": 11740, "CE": "", "CT": "Llave IDPREDIO", "ESTAMPA_CC": "2026-05-26 14:46:02" }, "geometry": { "type": "Point", "coordinates": [ -76.516608596375548, 3.3592487469523 ] } },
{ "type": "Feature", "properties": { "OBJECTID": 11742, "CE": "NPN Terreno -> Unidad", "CT": "Llave IDPREDIO", "ESTAMPA_CC": "2026-05-26 14:46:02" }, "geometry": { "type": "Point", "coordinates": [ -76.51678978703832, 3.359349205906189 ] } },
{ "type": "Feature", "properties": { "OBJECTID": 11760, "CE": "", "CT": "Llave IDPREDIO", "ESTAMPA_CC": "2026-05-26 14:46:02" }, "geometry": { "type": "Point", "coordinates": [ -76.511165174903496, 3.370161012254542 ] } },
{ "type": "Feature", "properties": { "OBJECTID": 11761, "CE": "", "CT": "Llave IDPREDIO", "ESTAMPA_CC": "2026-05-26 14:46:02" }, "geometry": { "type": "Point", "coordinates": [ -76.510828029730817, 3.369735364493757 ] } },
{ "type": "Feature", "properties": { "OBJECTID": 11774, "CE": "NPN Terreno -> Unidad", "CT": "", "ESTAMPA_CC": "2026-05-26 14:46:02" }, "geometry": { "type": "Point", "coordinates": [ -76.508483345466317, 3.366115586210166 ] } },
{ "type": "Feature", "properties": { "OBJECTID": 11776, "CE": "NPN Terreno -> Unidad", "CT": "", "ESTAMPA_CC": "2026-05-26 14:46:02" }, "geometry": { "type": "Point", "coordinates": [ -76.508109920007186, 3.365636483783832 ] } },
{ "type": "Feature", "properties": { "OBJECTID": 11778, "CE": "NPN Terreno -> Unidad", "CT": "", "ESTAMPA_CC": "2026-05-26 14:46:02" }, "geometry": { "type": "Point", "coordinates": [ -76.508163817605691, 3.365508252596629 ] } },
{ "type": "Feature", "properties": { "OBJECTID": 11779, "CE": "NPN Terreno -> Unidad", "CT": "", "ESTAMPA_CC": "2026-05-26 14:46:02" }, "geometry": { "type": "Point", "coordinates": [ -76.508163817605691, 3.365508252596629 ] } },
{ "type": "Feature", "properties": { "OBJECTID": 11780, "CE": "NPN Terreno -> Unidad", "CT": "", "ESTAMPA_CC": "2026-05-26 14:46:02" }, "geometry": { "type": "Point", "coordinates": [ -76.50841408085472, 3.366018847868238 ] } },
{ "type": "Feature", "properties": { "OBJECTID": 11781, "CE": "NPN Terreno -> Unidad", "CT": "Llave IDPREDIO", "ESTAMPA_CC": "2026-05-26 14:46:02" }, "geometry": { "type": "Point", "coordinates": [ -76.517030854138156, 3.35890717711702 ] } },
{ "type": "Feature", "properties": { "OBJECTID": 11783, "CE": "", "CT": "Llave IDPREDIO", "ESTAMPA_CC": "2026-05-26 14:46:02" }, "geometry": { "type": "Point", "coordinates": [ -76.517464194734089, 3.358846276641297 ] } },
{ "type": "Feature", "properties": { "OBJECTID": 11791, "CE": "", "CT": "Llave IDPREDIO", "ESTAMPA_CC": "2026-05-26 14:46:02" }, "geometry": { "type": "Point", "coordinates": [ -76.517467888649421, 3.359454822741416 ] } },
{ "type": "Feature", "properties": { "OBJECTID": 11797, "CE": "", "CT": "Llave IDPREDIO", "ESTAMPA_CC": "2026-05-26 14:46:02" }, "geometry": { "type": "Point", "coordinates": [ -76.517675430662095, 3.358925170044149 ] } },
{ "type": "Feature", "properties": { "OBJECTID": 11798, "CE": "", "CT": "Llave IDPREDIO", "ESTAMPA_CC": "2026-05-26 14:46:02" }, "geometry": { "type": "Point", "coordinates": [ -76.516608596738877, 3.359158449163866 ] } },
{ "type": "Feature", "properties": { "OBJECTID": 11821, "CE": "", "CT": "Llave IDPREDIO", "ESTAMPA_CC": "2026-05-26 14:46:02" }, "geometry": { "type": "Point", "coordinates": [ -76.516608597234352, 3.359035300198107 ] } },
{ "type": "Feature", "properties": { "OBJECTID": 11829, "CE": "NPN Terreno -> Unidad", "CT": "Llave IDPREDIO", "ESTAMPA_CC": "2026-05-26 14:46:02" }, "geometry": { "type": "Point", "coordinates": [ -76.516726562754272, 3.358892098953231 ] } },
{ "type": "Feature", "properties": { "OBJECTID": 11840, "CE": "", "CT": "Llave IDPREDIO", "ESTAMPA_CC": "2026-05-26 14:46:02" }, "geometry": { "type": "Point", "coordinates": [ -76.5176799107752, 3.359466973063855 ] } },
{ "type": "Feature", "properties": { "OBJECTID": 11847, "CE": "", "CT": "Llave IDPREDIO", "ESTAMPA_CC": "2026-05-26 14:46:02" }, "geometry": { "type": "Point", "coordinates": [ -76.511533748743446, 3.369730945888559 ] } },
{ "type": "Feature", "properties": { "OBJECTID": 11848, "CE": "", "CT": "Llave IDPREDIO", "ESTAMPA_CC": "2026-05-26 14:46:02" }, "geometry": { "type": "Point", "coordinates": [ -76.511319505514351, 3.370061226464593 ] } },
{ "type": "Feature", "properties": { "OBJECTID": 11850, "CE": "", "CT": "Llave IDPREDIO", "ESTAMPA_CC": "2026-05-26 14:46:02" }, "geometry": { "type": "Point", "coordinates": [ -76.511040142065028, 3.369827014394665 ] } },
{ "type": "Feature", "properties": { "OBJECTID": 11852, "CE": "", "CT": "Llave IDPREDIO", "ESTAMPA_CC": "2026-05-26 14:46:02" }, "geometry": { "type": "Point", "coordinates": [ -76.510828029322013, 3.369821773795788 ] } },
{ "type": "Feature", "properties": { "OBJECTID": 11857, "CE": "", "CT": "Llave IDPREDIO", "ESTAMPA_CC": "2026-05-26 14:46:02" }, "geometry": { "type": "Point", "coordinates": [ -76.516520620454557, 3.359035321980449 ] } },
{ "type": "Feature", "properties": { "OBJECTID": 11858, "CE": "", "CT": "Llave IDPREDIO", "ESTAMPA_CC": "2026-05-26 14:46:02" }, "geometry": { "type": "Point", "coordinates": [ -76.516520643318671, 3.358945025096306 ] } },
{ "type": "Feature", "properties": { "OBJECTID": 11859, "CE": "", "CT": "Llave IDPREDIO", "ESTAMPA_CC": "2026-05-26 14:46:02" }, "geometry": { "type": "Point", "coordinates": [ -76.517676228367279, 3.358858192326247 ] } },
{ "type": "Feature", "properties": { "OBJECTID": 11881, "CE": "", "CT": "Llave IDPREDIO", "ESTAMPA_CC": "2026-05-26 14:46:02" }, "geometry": { "type": "Point", "coordinates": [ -76.517375354363509, 3.359453492365921 ] } },
{ "type": "Feature", "properties": { "OBJECTID": 11929, "CE": "NPN Terreno -> Unidad", "CT": "Llave IDPREDIO", "ESTAMPA_CC": "2026-05-26 14:46:02" }, "geometry": { "type": "Point", "coordinates": [ -76.516938550900605, 3.358904819083308 ] } },
{ "type": "Feature", "properties": { "OBJECTID": 11930, "CE": "NPN Terreno -> Unidad", "CT": "Llave IDPREDIO", "ESTAMPA_CC": "2026-05-26 14:46:02" }, "geometry": { "type": "Point", "coordinates": [ -76.516938550900605, 3.358904819083308 ] } },
{ "type": "Feature", "properties": { "OBJECTID": 12057, "CE": "NPN Terreno -> Unidad", "CT": "", "ESTAMPA_CC": "2026-05-26 14:46:02" }, "geometry": { "type": "Point", "coordinates": [ -76.508266471309824, 3.365756753575481 ] } },
{ "type": "Feature", "properties": { "OBJECTID": 12059, "CE": "NPN Terreno -> Unidad", "CT": "", "ESTAMPA_CC": "2026-05-26 14:46:02" }, "geometry": { "type": "Point", "coordinates": [ -76.508117519474936, 3.366586859618755 ] } },
{ "type": "Feature", "properties": { "OBJECTID": 12064, "CE": "", "CT": "Llave IDPREDIO", "ESTAMPA_CC": "2026-05-26 14:46:02" }, "geometry": { "type": "Point", "coordinates": [ -76.517676228367279, 3.358858192326247 ] } },
{ "type": "Feature", "properties": { "OBJECTID": 12065, "CE": "", "CT": "Llave IDPREDIO", "ESTAMPA_CC": "2026-05-26 14:46:02" }, "geometry": { "type": "Point", "coordinates": [ -76.516520643318671, 3.358945025096306 ] } },
{ "type": "Feature", "properties": { "OBJECTID": 12075, "CE": "", "CT": "Condición: Condominio", "ESTAMPA_CC": "2026-05-26 14:46:02" }, "geometry": { "type": "Point", "coordinates": [ -76.547548354751228, 3.323661335167559 ] } },
{ "type": "Feature", "properties": { "OBJECTID": 12082, "CE": "NPN Terreno -> Unidad", "CT": "Condición: Condominio", "ESTAMPA_CC": "2026-05-26 14:46:02" }, "geometry": { "type": "Point", "coordinates": [ -76.548993954634909, 3.322377978084784 ] } },
{ "type": "Feature", "properties": { "OBJECTID": 12103, "CE": "", "CT": "Condición: Condominio", "ESTAMPA_CC": "2026-05-26 14:46:02" }, "geometry": { "type": "Point", "coordinates": [ -76.549436039747405, 3.327516675711951 ] } },
{ "type": "Feature", "properties": { "OBJECTID": 12104, "CE": "", "CT": "Condición: Condominio", "ESTAMPA_CC": "2026-05-26 14:46:02" }, "geometry": { "type": "Point", "coordinates": [ -76.549685855686704, 3.327529472825926 ] } },
{ "type": "Feature", "properties": { "OBJECTID": 12105, "CE": "", "CT": "Condición: Condominio", "ESTAMPA_CC": "2026-05-26 14:46:02" }, "geometry": { "type": "Point", "coordinates": [ -76.549945488179048, 3.327526004928294 ] } },
{ "type": "Feature", "properties": { "OBJECTID": 12106, "CE": "NPN Terreno -> Unidad", "CT": "", "ESTAMPA_CC": "2026-05-26 14:46:02" }, "geometry": { "type": "Point", "coordinates": [ -76.508163817605691, 3.365508252596629 ] } },
{ "type": "Feature", "properties": { "OBJECTID": 12107, "CE": "NPN Terreno -> Unidad", "CT": "", "ESTAMPA_CC": "2026-05-26 14:46:02" }, "geometry": { "type": "Point", "coordinates": [ -76.508487902669515, 3.366310740725122 ] } },
{ "type": "Feature", "properties": { "OBJECTID": 12108, "CE": "NPN Terreno -> Unidad", "CT": "", "ESTAMPA_CC": "2026-05-26 14:46:02" }, "geometry": { "type": "Point", "coordinates": [ -76.508336742187794, 3.365861860708937 ] } },
{ "type": "Feature", "properties": { "OBJECTID": 12109, "CE": "NPN Terreno -> Unidad", "CT": "", "ESTAMPA_CC": "2026-05-26 14:46:02" }, "geometry": { "type": "Point", "coordinates": [ -76.508206814663879, 3.36556435432749 ] } },
{ "type": "Feature", "properties": { "OBJECTID": 12165, "CE": "NPN Terreno -> Unidad", "CT": "Llave IDPREDIO", "ESTAMPA_CC": "2026-05-26 14:46:02" }, "geometry": { "type": "Point", "coordinates": [ -76.517676228367279, 3.358858192326247 ] } },
{ "type": "Feature", "properties": { "OBJECTID": 12203, "CE": "NPN Terreno -> Unidad", "CT": "Condición: Condominio", "ESTAMPA_CC": "2026-05-26 14:46:02" }, "geometry": { "type": "Point", "coordinates": [ -76.54748970929154, 3.323029764991061 ] } },
{ "type": "Feature", "properties": { "OBJECTID": 12255, "CE": "NPN Terreno -> Unidad", "CT": "Condición: Condominio", "ESTAMPA_CC": "2026-05-26 14:46:02" }, "geometry": { "type": "Point", "coordinates": [ -76.549188091632672, 3.322240957922434 ] } },
{ "type": "Feature", "properties": { "OBJECTID": 12361, "CE": "", "CT": "Condición: Condominio", "ESTAMPA_CC": "2026-05-26 14:46:02" }, "geometry": { "type": "Point", "coordinates": [ -76.54715991628035, 3.321817750569348 ] } },
{ "type": "Feature", "properties": { "OBJECTID": 12381, "CE": "", "CT": "Llave IDPREDIO", "ESTAMPA_CC": "2026-05-26 14:46:02" }, "geometry": { "type": "Point", "coordinates": [ -76.51758737505024, 3.359465637283854 ] } },
{ "type": "Feature", "properties": { "OBJECTID": 12386, "CE": "NPN Terreno -> Unidad", "CT": "", "ESTAMPA_CC": "2026-05-26 14:46:02" }, "geometry": { "type": "Point", "coordinates": [ -76.511073001508436, 3.384056460772084 ] } },
{ "type": "Feature", "properties": { "OBJECTID": 12405, "CE": "NPN Terreno -> Unidad", "CT": "", "ESTAMPA_CC": "2026-05-26 14:46:02" }, "geometry": { "type": "Point", "coordinates": [ -76.508561200997391, 3.36608321614706 ] } },
{ "type": "Feature", "properties": { "OBJECTID": 12416, "CE": "NPN Terreno -> Unidad", "CT": "", "ESTAMPA_CC": "2026-05-26 14:46:02" }, "geometry": { "type": "Point", "coordinates": [ -76.507992679226618, 3.365635981315593 ] } },
{ "type": "Feature", "properties": { "OBJECTID": 12421, "CE": "NPN Terreno -> Unidad", "CT": "", "ESTAMPA_CC": "2026-05-26 14:46:02" }, "geometry": { "type": "Point", "coordinates": [ -76.50841408085472, 3.366018847868238 ] } },
{ "type": "Feature", "properties": { "OBJECTID": 12424, "CE": "NPN Terreno -> Unidad", "CT": "", "ESTAMPA_CC": "2026-05-26 14:46:02" }, "geometry": { "type": "Point", "coordinates": [ -76.50841408085472, 3.366018847868238 ] } },
{ "type": "Feature", "properties": { "OBJECTID": 12426, "CE": "NPN Terreno -> Unidad", "CT": "", "ESTAMPA_CC": "2026-05-26 14:46:02" }, "geometry": { "type": "Point", "coordinates": [ -76.508659126971551, 3.36618250647352 ] } },
{ "type": "Feature", "properties": { "OBJECTID": 12427, "CE": "NPN Terreno -> Unidad", "CT": "", "ESTAMPA_CC": "2026-05-26 14:46:02" }, "geometry": { "type": "Point", "coordinates": [ -76.508035881065339, 3.365694109807812 ] } },
{ "type": "Feature", "properties": { "OBJECTID": 12431, "CE": "", "CT": "Llave IDPREDIO", "ESTAMPA_CC": "2026-05-26 14:46:02" }, "geometry": { "type": "Point", "coordinates": [ -76.517680778562436, 3.359400025636662 ] } },
{ "type": "Feature", "properties": { "OBJECTID": 12446, "CE": "", "CT": "Condición: Condominio", "ESTAMPA_CC": "2026-05-26 14:46:02" }, "geometry": { "type": "Point", "coordinates": [ -76.548741431026386, 3.323730674342988 ] } },
{ "type": "Feature", "properties": { "OBJECTID": 12465, "CE": "", "CT": "Llave IDPREDIO", "ESTAMPA_CC": "2026-05-26 14:46:02" }, "geometry": { "type": "Point", "coordinates": [ -76.516794880072069, 3.356451118047967 ] } },
{ "type": "Feature", "properties": { "OBJECTID": 12579, "CE": "NPN Terreno -> Unidad", "CT": "", "ESTAMPA_CC": "2026-05-26 14:46:02" }, "geometry": { "type": "Point", "coordinates": [ -76.508066776547096, 3.365579475592146 ] } },
{ "type": "Feature", "properties": { "OBJECTID": 12580, "CE": "NPN Terreno -> Unidad", "CT": "Condición: Condominio", "ESTAMPA_CC": "2026-05-26 14:46:02" }, "geometry": { "type": "Point", "coordinates": [ -76.548989556855787, 3.323303024765161 ] } },
{ "type": "Feature", "properties": { "OBJECTID": 12608, "CE": "NPN Terreno -> Unidad", "CT": "Llave IDPREDIO", "ESTAMPA_CC": "2026-05-26 14:46:02" }, "geometry": { "type": "Point", "coordinates": [ -76.516998287803986, 3.359427358913901 ] } },
{ "type": "Feature", "properties": { "OBJECTID": 12623, "CE": "NPN Terreno -> Unidad", "CT": "", "ESTAMPA_CC": "2026-05-26 14:46:02" }, "geometry": { "type": "Point", "coordinates": [ -76.508109920007186, 3.365636483783832 ] } },
{ "type": "Feature", "properties": { "OBJECTID": 12624, "CE": "NPN Terreno -> Unidad", "CT": "", "ESTAMPA_CC": "2026-05-26 14:46:02" }, "geometry": { "type": "Point", "coordinates": [ -76.508395777070049, 3.366383461162062 ] } },
{ "type": "Feature", "properties": { "OBJECTID": 12629, "CE": "NPN Terreno -> Unidad", "CT": "", "ESTAMPA_CC": "2026-05-26 14:46:02" }, "geometry": { "type": "Point", "coordinates": [ -76.508395777070049, 3.366383461162062 ] } },
{ "type": "Feature", "properties": { "OBJECTID": 12637, "CE": "NPN Terreno -> Unidad", "CT": "", "ESTAMPA_CC": "2026-05-26 14:46:02" }, "geometry": { "type": "Point", "coordinates": [ -76.507992679226618, 3.365635981315593 ] } },
{ "type": "Feature", "properties": { "OBJECTID": 12638, "CE": "NPN Terreno -> Unidad", "CT": "", "ESTAMPA_CC": "2026-05-26 14:46:02" }, "geometry": { "type": "Point", "coordinates": [ -76.508035881065339, 3.365694109807812 ] } },
{ "type": "Feature", "properties": { "OBJECTID": 12657, "CE": "NPN Terreno -> Unidad", "CT": "Llave IDPREDIO", "ESTAMPA_CC": "2026-05-26 14:46:02" }, "geometry": { "type": "Point", "coordinates": [ -76.516786266684676, 3.359416043914547 ] } },
{ "type": "Feature", "properties": { "OBJECTID": 12658, "CE": "NPN Terreno -> Unidad", "CT": "Llave IDPREDIO", "ESTAMPA_CC": "2026-05-26 14:46:02" }, "geometry": { "type": "Point", "coordinates": [ -76.516938550900605, 3.358904819083308 ] } },
{ "type": "Feature", "properties": { "OBJECTID": 12668, "CE": "NPN Terreno -> Unidad", "CT": "", "ESTAMPA_CC": "2026-05-26 14:46:02" }, "geometry": { "type": "Point", "coordinates": [ -76.507935674209335, 3.365756036729388 ] } },
{ "type": "Feature", "properties": { "OBJECTID": 12669, "CE": "NPN Terreno -> Unidad", "CT": "", "ESTAMPA_CC": "2026-05-26 14:46:02" }, "geometry": { "type": "Point", "coordinates": [ -76.508260802579088, 3.366562568957045 ] } },
{ "type": "Feature", "properties": { "OBJECTID": 12682, "CE": "", "CT": "Llave IDPREDIO", "ESTAMPA_CC": "2026-05-26 14:46:02" }, "geometry": { "type": "Point", "coordinates": [ -76.517375354363509, 3.359453492365921 ] } },
{ "type": "Feature", "properties": { "OBJECTID": 12694, "CE": "NPN Terreno -> Unidad", "CT": "", "ESTAMPA_CC": "2026-05-26 14:46:02" }, "geometry": { "type": "Point", "coordinates": [ -76.508395777070049, 3.366383461162062 ] } },
{ "type": "Feature", "properties": { "OBJECTID": 12714, "CE": "NPN Terreno -> Unidad", "CT": "Condición: Condominio", "ESTAMPA_CC": "2026-05-26 14:46:02" }, "geometry": { "type": "Point", "coordinates": [ -76.549363109546249, 3.322339607431484 ] } },
{ "type": "Feature", "properties": { "OBJECTID": 12719, "CE": "", "CT": "Condición: Condominio", "ESTAMPA_CC": "2026-05-26 14:46:02" }, "geometry": { "type": "Point", "coordinates": [ -76.548033492975279, 3.321848709712723 ] } },
{ "type": "Feature", "properties": { "OBJECTID": 12809, "CE": "NPN Terreno -> Unidad", "CT": "", "ESTAMPA_CC": "2026-05-26 14:46:02" }, "geometry": { "type": "Point", "coordinates": [ -76.508475048765533, 3.365975215859401 ] } },
{ "type": "Feature", "properties": { "OBJECTID": 12818, "CE": "NPN Terreno -> Unidad", "CT": "", "ESTAMPA_CC": "2026-05-26 14:46:02" }, "geometry": { "type": "Point", "coordinates": [ -76.508475048765533, 3.365975215859401 ] } },
{ "type": "Feature", "properties": { "OBJECTID": 12819, "CE": "NPN Terreno -> Unidad", "CT": "", "ESTAMPA_CC": "2026-05-26 14:46:02" }, "geometry": { "type": "Point", "coordinates": [ -76.508562148003847, 3.366253468660465 ] } },
{ "type": "Feature", "properties": { "OBJECTID": 12823, "CE": "NPN Terreno -> Unidad", "CT": "", "ESTAMPA_CC": "2026-05-26 14:46:02" }, "geometry": { "type": "Point", "coordinates": [ -76.508035881065339, 3.365694109807812 ] } },
{ "type": "Feature", "properties": { "OBJECTID": 12824, "CE": "NPN Terreno -> Unidad", "CT": "", "ESTAMPA_CC": "2026-05-26 14:46:02" }, "geometry": { "type": "Point", "coordinates": [ -76.508226480182429, 3.366516564476048 ] } },
{ "type": "Feature", "properties": { "OBJECTID": 12825, "CE": "NPN Terreno -> Unidad", "CT": "", "ESTAMPA_CC": "2026-05-26 14:46:02" }, "geometry": { "type": "Point", "coordinates": [ -76.508487902669515, 3.366310740725122 ] } },
{ "type": "Feature", "properties": { "OBJECTID": 12828, "CE": "NPN Terreno -> Unidad", "CT": "", "ESTAMPA_CC": "2026-05-26 14:46:02" }, "geometry": { "type": "Point", "coordinates": [ -76.508414629245252, 3.365829491562447 ] } },
{ "type": "Feature", "properties": { "OBJECTID": 12830, "CE": "NPN Terreno -> Unidad", "CT": "Condición: Condominio", "ESTAMPA_CC": "2026-05-26 14:46:02" }, "geometry": { "type": "Point", "coordinates": [ -76.548546519028307, 3.322108302850626 ] } },
{ "type": "Feature", "properties": { "OBJECTID": 12855, "CE": "NPN Terreno -> Unidad", "CT": "", "ESTAMPA_CC": "2026-05-26 14:46:02" }, "geometry": { "type": "Point", "coordinates": [ -76.508336742187794, 3.365861860708937 ] } },
{ "type": "Feature", "properties": { "OBJECTID": 12858, "CE": "", "CT": "Llave IDPREDIO", "ESTAMPA_CC": "2026-05-26 14:46:02" }, "geometry": { "type": "Point", "coordinates": [ -76.5176799107752, 3.359466973063855 ] } },
{ "type": "Feature", "properties": { "OBJECTID": 12874, "CE": "", "CT": "Llave IDPREDIO", "ESTAMPA_CC": "2026-05-26 14:46:02" }, "geometry": { "type": "Point", "coordinates": [ -76.517680778562436, 3.359400025636662 ] } },
{ "type": "Feature", "properties": { "OBJECTID": 12883, "CE": "NPN Terreno -> Unidad", "CT": "", "ESTAMPA_CC": "2026-05-26 14:46:02" }, "geometry": { "type": "Point", "coordinates": [ -76.508109920007186, 3.365636483783832 ] } },
{ "type": "Feature", "properties": { "OBJECTID": 12927, "CE": "", "CT": "Condición: Condominio", "ESTAMPA_CC": "2026-05-26 14:46:02" }, "geometry": { "type": "Point", "coordinates": [ -76.549538400798383, 3.327093533750578 ] } },
{ "type": "Feature", "properties": { "OBJECTID": 12968, "CE": "", "CT": "Condición: Condominio", "ESTAMPA_CC": "2026-05-26 14:46:02" }, "geometry": { "type": "Point", "coordinates": [ -76.547734947122436, 3.32206719915821 ] } },
{ "type": "Feature", "properties": { "OBJECTID": 13020, "CE": "NPN Terreno -> Unidad", "CT": "", "ESTAMPA_CC": "2026-05-26 14:46:02" }, "geometry": { "type": "Point", "coordinates": [ -76.508163817605691, 3.365508252596629 ] } },
{ "type": "Feature", "properties": { "OBJECTID": 13022, "CE": "NPN Terreno -> Unidad", "CT": "", "ESTAMPA_CC": "2026-05-26 14:46:02" }, "geometry": { "type": "Point", "coordinates": [ -76.508206814663879, 3.36556435432749 ] } },
{ "type": "Feature", "properties": { "OBJECTID": 13023, "CE": "NPN Terreno -> Unidad", "CT": "", "ESTAMPA_CC": "2026-05-26 14:46:02" }, "geometry": { "type": "Point", "coordinates": [ -76.508561200997391, 3.36608321614706 ] } },
{ "type": "Feature", "properties": { "OBJECTID": 13086, "CE": "NPN Terreno -> Unidad", "CT": "", "ESTAMPA_CC": "2026-05-26 14:46:02" }, "geometry": { "type": "Point", "coordinates": [ -76.508226480182429, 3.366516564476048 ] } },
{ "type": "Feature", "properties": { "OBJECTID": 13088, "CE": "NPN Terreno -> Unidad", "CT": "", "ESTAMPA_CC": "2026-05-26 14:46:02" }, "geometry": { "type": "Point", "coordinates": [ -76.50789662271184, 3.365706980518732 ] } },
{ "type": "Feature", "properties": { "OBJECTID": 13089, "CE": "NPN Terreno -> Unidad", "CT": "", "ESTAMPA_CC": "2026-05-26 14:46:02" }, "geometry": { "type": "Point", "coordinates": [ -76.508260802579088, 3.366562568957045 ] } },
{ "type": "Feature", "properties": { "OBJECTID": 13092, "CE": "NPN Terreno -> Unidad", "CT": "", "ESTAMPA_CC": "2026-05-26 14:46:02" }, "geometry": { "type": "Point", "coordinates": [ -76.508483345466317, 3.366115586210166 ] } },
{ "type": "Feature", "properties": { "OBJECTID": 13130, "CE": "NPN Terreno -> Unidad", "CT": "", "ESTAMPA_CC": "2026-05-26 14:46:02" }, "geometry": { "type": "Point", "coordinates": [ -76.508206814663879, 3.36556435432749 ] } },
{ "type": "Feature", "properties": { "OBJECTID": 13132, "CE": "NPN Terreno -> Unidad", "CT": "", "ESTAMPA_CC": "2026-05-26 14:46:02" }, "geometry": { "type": "Point", "coordinates": [ -76.508260802579088, 3.366562568957045 ] } },
{ "type": "Feature", "properties": { "OBJECTID": 13139, "CE": "NPN Terreno -> Unidad", "CT": "", "ESTAMPA_CC": "2026-05-26 14:46:02" }, "geometry": { "type": "Point", "coordinates": [ -76.508266471309824, 3.365756753575481 ] } },
{ "type": "Feature", "properties": { "OBJECTID": 13140, "CE": "NPN Terreno -> Unidad", "CT": "", "ESTAMPA_CC": "2026-05-26 14:46:02" }, "geometry": { "type": "Point", "coordinates": [ -76.508260802579088, 3.366562568957045 ] } },
{ "type": "Feature", "properties": { "OBJECTID": 13186, "CE": "NPN Terreno -> Unidad", "CT": "", "ESTAMPA_CC": "2026-05-26 14:46:02" }, "geometry": { "type": "Point", "coordinates": [ -76.508487902669515, 3.366310740725122 ] } },
{ "type": "Feature", "properties": { "OBJECTID": 13202, "CE": "", "CT": "Condición: Condominio", "ESTAMPA_CC": "2026-05-26 14:46:02" }, "geometry": { "type": "Point", "coordinates": [ -76.548067621703453, 3.322079175575275 ] } },
{ "type": "Feature", "properties": { "OBJECTID": 13268, "CE": "NPN Terreno -> Unidad", "CT": "", "ESTAMPA_CC": "2026-05-26 14:46:02" }, "geometry": { "type": "Point", "coordinates": [ -76.508483345466317, 3.366115586210166 ] } },
{ "type": "Feature", "properties": { "OBJECTID": 13311, "CE": "NPN Terreno -> Unidad", "CT": "", "ESTAMPA_CC": "2026-05-26 14:46:02" }, "geometry": { "type": "Point", "coordinates": [ -76.508562148003847, 3.366253468660465 ] } },
{ "type": "Feature", "properties": { "OBJECTID": 13312, "CE": "NPN Terreno -> Unidad", "CT": "", "ESTAMPA_CC": "2026-05-26 14:46:02" }, "geometry": { "type": "Point", "coordinates": [ -76.508109920007186, 3.365636483783832 ] } },
{ "type": "Feature", "properties": { "OBJECTID": 13451, "CE": "NPN Terreno -> Unidad", "CT": "", "ESTAMPA_CC": "2026-05-26 14:46:02" }, "geometry": { "type": "Point", "coordinates": [ -76.508414629245252, 3.365829491562447 ] } },
{ "type": "Feature", "properties": { "OBJECTID": 13452, "CE": "NPN Terreno -> Unidad", "CT": "", "ESTAMPA_CC": "2026-05-26 14:46:02" }, "geometry": { "type": "Point", "coordinates": [ -76.508395777070049, 3.366383461162062 ] } },
{ "type": "Feature", "properties": { "OBJECTID": 13453, "CE": "NPN Terreno -> Unidad", "CT": "", "ESTAMPA_CC": "2026-05-26 14:46:02" }, "geometry": { "type": "Point", "coordinates": [ -76.50841408085472, 3.366018847868238 ] } },
{ "type": "Feature", "properties": { "OBJECTID": 13454, "CE": "NPN Terreno -> Unidad", "CT": "", "ESTAMPA_CC": "2026-05-26 14:46:02" }, "geometry": { "type": "Point", "coordinates": [ -76.50789662271184, 3.365706980518732 ] } },
{ "type": "Feature", "properties": { "OBJECTID": 13472, "CE": "NPN Terreno -> Unidad", "CT": "", "ESTAMPA_CC": "2026-05-26 14:46:02" }, "geometry": { "type": "Point", "coordinates": [ -76.508066776547096, 3.365579475592146 ] } },
{ "type": "Feature", "properties": { "OBJECTID": 13488, "CE": "NPN Terreno -> Unidad", "CT": "", "ESTAMPA_CC": "2026-05-26 14:46:02" }, "geometry": { "type": "Point", "coordinates": [ -76.508109920007186, 3.365636483783832 ] } },
{ "type": "Feature", "properties": { "OBJECTID": 13519, "CE": "NPN Terreno -> Unidad", "CT": "", "ESTAMPA_CC": "2026-05-26 14:46:02" }, "geometry": { "type": "Point", "coordinates": [ -76.508322537901307, 3.365713689798901 ] } },
{ "type": "Feature", "properties": { "OBJECTID": 13521, "CE": "NPN Terreno -> Unidad", "CT": "", "ESTAMPA_CC": "2026-05-26 14:46:02" }, "geometry": { "type": "Point", "coordinates": [ -76.508562148003847, 3.366253468660465 ] } },
{ "type": "Feature", "properties": { "OBJECTID": 13522, "CE": "NPN Terreno -> Unidad", "CT": "", "ESTAMPA_CC": "2026-05-26 14:46:02" }, "geometry": { "type": "Point", "coordinates": [ -76.508562148003847, 3.366253468660465 ] } },
{ "type": "Feature", "properties": { "OBJECTID": 13568, "CE": "NPN Terreno -> Unidad", "CT": "", "ESTAMPA_CC": "2026-05-26 14:46:02" }, "geometry": { "type": "Point", "coordinates": [ -76.50841408085472, 3.366018847868238 ] } },
{ "type": "Feature", "properties": { "OBJECTID": 13571, "CE": "NPN Terreno -> Unidad", "CT": "", "ESTAMPA_CC": "2026-05-26 14:46:02" }, "geometry": { "type": "Point", "coordinates": [ -76.508475048765533, 3.365975215859401 ] } },
{ "type": "Feature", "properties": { "OBJECTID": 13575, "CE": "NPN Terreno -> Unidad", "CT": "", "ESTAMPA_CC": "2026-05-26 14:46:02" }, "geometry": { "type": "Point", "coordinates": [ -76.508483345466317, 3.366115586210166 ] } },
{ "type": "Feature", "properties": { "OBJECTID": 13588, "CE": "Error de área; NPN Terreno -> Unidad", "CT": "Departamento; Municipio; Zona; Sector; Comuna; Barrio; Manzana/Vereda; Terreno; Condición; Número Edificio; Número Piso; Llave IDPREDIO", "ESTAMPA_CC": "2026-05-26 14:46:02" }, "geometry": null },
{ "type": "Feature", "properties": { "OBJECTID": 13609, "CE": "NPN Terreno -> Unidad", "CT": "", "ESTAMPA_CC": "2026-05-26 14:46:02" }, "geometry": { "type": "Point", "coordinates": [ -76.508260802579088, 3.366562568957045 ] } },
{ "type": "Feature", "properties": { "OBJECTID": 13615, "CE": "", "CT": "Condición: Condominio", "ESTAMPA_CC": "2026-05-26 14:46:02" }, "geometry": { "type": "Point", "coordinates": [ -76.548824312191115, 3.324069926834451 ] } },
{ "type": "Feature", "properties": { "OBJECTID": 13616, "CE": "NPN Terreno -> Unidad", "CT": "Condición: Condominio", "ESTAMPA_CC": "2026-05-26 14:46:02" }, "geometry": { "type": "Point", "coordinates": [ -76.54874455621129, 3.323042338916115 ] } },
{ "type": "Feature", "properties": { "OBJECTID": 13624, "CE": "NPN Terreno -> Unidad", "CT": "", "ESTAMPA_CC": "2026-05-26 14:46:02" }, "geometry": { "type": "Point", "coordinates": [ -76.508336742187794, 3.365861860708937 ] } },
{ "type": "Feature", "properties": { "OBJECTID": 13626, "CE": "NPN Terreno -> Unidad", "CT": "", "ESTAMPA_CC": "2026-05-26 14:46:02" }, "geometry": { "type": "Point", "coordinates": [ -76.508066776547096, 3.365579475592146 ] } },
{ "type": "Feature", "properties": { "OBJECTID": 13633, "CE": "NPN Terreno -> Unidad", "CT": "", "ESTAMPA_CC": "2026-05-26 14:46:02" }, "geometry": { "type": "Point", "coordinates": [ -76.508163817605691, 3.365508252596629 ] } },
{ "type": "Feature", "properties": { "OBJECTID": 13634, "CE": "NPN Terreno -> Unidad", "CT": "", "ESTAMPA_CC": "2026-05-26 14:46:02" }, "geometry": { "type": "Point", "coordinates": [ -76.508487902669515, 3.366310740725122 ] } },
{ "type": "Feature", "properties": { "OBJECTID": 13635, "CE": "NPN Terreno -> Unidad", "CT": "", "ESTAMPA_CC": "2026-05-26 14:46:02" }, "geometry": { "type": "Point", "coordinates": [ -76.507935674209335, 3.365756036729388 ] } },
{ "type": "Feature", "properties": { "OBJECTID": 13750, "CE": "NPN Terreno -> Unidad", "CT": "", "ESTAMPA_CC": "2026-05-26 14:46:02" }, "geometry": { "type": "Point", "coordinates": [ -76.507935674209335, 3.365756036729388 ] } },
{ "type": "Feature", "properties": { "OBJECTID": 13753, "CE": "NPN Terreno -> Unidad", "CT": "", "ESTAMPA_CC": "2026-05-26 14:46:02" }, "geometry": { "type": "Point", "coordinates": [ -76.508322537901307, 3.365713689798901 ] } },
{ "type": "Feature", "properties": { "OBJECTID": 13844, "CE": "NPN Terreno -> Unidad", "CT": "", "ESTAMPA_CC": "2026-05-26 14:46:02" }, "geometry": { "type": "Point", "coordinates": [ -76.508117519474936, 3.366586859618755 ] } },
{ "type": "Feature", "properties": { "OBJECTID": 13846, "CE": "NPN Terreno -> Unidad", "CT": "", "ESTAMPA_CC": "2026-05-26 14:46:02" }, "geometry": { "type": "Point", "coordinates": [ -76.508035881065339, 3.365694109807812 ] } },
{ "type": "Feature", "properties": { "OBJECTID": 13847, "CE": "NPN Terreno -> Unidad", "CT": "", "ESTAMPA_CC": "2026-05-26 14:46:02" }, "geometry": { "type": "Point", "coordinates": [ -76.508561200997391, 3.36608321614706 ] } },
{ "type": "Feature", "properties": { "OBJECTID": 13848, "CE": "NPN Terreno -> Unidad", "CT": "", "ESTAMPA_CC": "2026-05-26 14:46:02" }, "geometry": { "type": "Point", "coordinates": [ -76.508483345466317, 3.366115586210166 ] } },
{ "type": "Feature", "properties": { "OBJECTID": 13899, "CE": "NPN Terreno -> Unidad", "CT": "", "ESTAMPA_CC": "2026-05-26 14:46:02" }, "geometry": { "type": "Point", "coordinates": [ -76.508066776547096, 3.365579475592146 ] } },
{ "type": "Feature", "properties": { "OBJECTID": 13906, "CE": "NPN Terreno -> Unidad", "CT": "", "ESTAMPA_CC": "2026-05-26 14:46:02" }, "geometry": { "type": "Point", "coordinates": [ -76.508336742187794, 3.365861860708937 ] } },
{ "type": "Feature", "properties": { "OBJECTID": 13928, "CE": "NPN Terreno -> Unidad", "CT": "", "ESTAMPA_CC": "2026-05-26 14:46:02" }, "geometry": { "type": "Point", "coordinates": [ -76.508336742187794, 3.365861860708937 ] } },
{ "type": "Feature", "properties": { "OBJECTID": 13933, "CE": "NPN Terreno -> Unidad", "CT": "", "ESTAMPA_CC": "2026-05-26 14:46:02" }, "geometry": { "type": "Point", "coordinates": [ -76.508561200997391, 3.36608321614706 ] } },
{ "type": "Feature", "properties": { "OBJECTID": 13934, "CE": "NPN Terreno -> Unidad", "CT": "", "ESTAMPA_CC": "2026-05-26 14:46:02" }, "geometry": { "type": "Point", "coordinates": [ -76.508562148003847, 3.366253468660465 ] } },
{ "type": "Feature", "properties": { "OBJECTID": 13938, "CE": "NPN Terreno -> Unidad", "CT": "", "ESTAMPA_CC": "2026-05-26 14:46:02" }, "geometry": { "type": "Point", "coordinates": [ -76.508562148003847, 3.366253468660465 ] } },
{ "type": "Feature", "properties": { "OBJECTID": 14089, "CE": "NPN Terreno -> Unidad", "CT": "Condición: Condominio", "ESTAMPA_CC": "2026-05-26 14:46:02" }, "geometry": { "type": "Point", "coordinates": [ -76.54724053057268, 3.323253337614822 ] } },
{ "type": "Feature", "properties": { "OBJECTID": 14145, "CE": "", "CT": "Llave IDPREDIO", "ESTAMPA_CC": "2026-05-26 14:46:02" }, "geometry": { "type": "Point", "coordinates": [ -76.51758737505024, 3.359465637283854 ] } },
{ "type": "Feature", "properties": { "OBJECTID": 14149, "CE": "", "CT": "Llave IDPREDIO", "ESTAMPA_CC": "2026-05-26 14:46:02" }, "geometry": { "type": "Point", "coordinates": [ -76.51758737505024, 3.359465637283854 ] } },
{ "type": "Feature", "properties": { "OBJECTID": 14152, "CE": "NPN Terreno -> Unidad", "CT": "Condición: Condominio", "ESTAMPA_CC": "2026-05-26 14:46:02" }, "geometry": { "type": "Point", "coordinates": [ -76.549072942442933, 3.322170602433141 ] } },
{ "type": "Feature", "properties": { "OBJECTID": 14222, "CE": "", "CT": "Condición: Condominio", "ESTAMPA_CC": "2026-05-26 14:46:02" }, "geometry": { "type": "Point", "coordinates": [ -76.547149699730767, 3.323583690162591 ] } },
{ "type": "Feature", "properties": { "OBJECTID": 14226, "CE": "NPN Terreno -> Unidad", "CT": "Condición: Condominio", "ESTAMPA_CC": "2026-05-26 14:46:02" }, "geometry": { "type": "Point", "coordinates": [ -76.548787463011678, 3.321998539674689 ] } },
{ "type": "Feature", "properties": { "OBJECTID": 14228, "CE": "", "CT": "Condición: Condominio", "ESTAMPA_CC": "2026-05-26 14:46:02" }, "geometry": { "type": "Point", "coordinates": [ -76.546691092520518, 3.322359025433084 ] } },
{ "type": "Feature", "properties": { "OBJECTID": 14304, "CE": "NPN Terreno -> Unidad", "CT": "Condición: Condominio", "ESTAMPA_CC": "2026-05-26 14:46:02" }, "geometry": { "type": "Point", "coordinates": [ -76.548075040449632, 3.322857964456398 ] } },
{ "type": "Feature", "properties": { "OBJECTID": 14305, "CE": "NPN Terreno -> Unidad", "CT": "Condición: Condominio", "ESTAMPA_CC": "2026-05-26 14:46:02" }, "geometry": { "type": "Point", "coordinates": [ -76.54834063755618, 3.323258945977208 ] } },
{ "type": "Feature", "properties": { "OBJECTID": 14423, "CE": "", "CT": "Condición: Condominio", "ESTAMPA_CC": "2026-05-26 14:46:02" }, "geometry": { "type": "Point", "coordinates": [ -76.547137102141974, 3.324047132450694 ] } },
{ "type": "Feature", "properties": { "OBJECTID": 14429, "CE": "", "CT": "Condición: Condominio", "ESTAMPA_CC": "2026-05-26 14:46:02" }, "geometry": { "type": "Point", "coordinates": [ -76.546681218191964, 3.322184641036533 ] } },
{ "type": "Feature", "properties": { "OBJECTID": 14492, "CE": "", "CT": "Condición: Condominio", "ESTAMPA_CC": "2026-05-26 14:46:02" }, "geometry": { "type": "Point", "coordinates": [ -76.547402226170746, 3.322056726300559 ] } },
{ "type": "Feature", "properties": { "OBJECTID": 14508, "CE": "NPN Terreno -> Unidad", "CT": "Condición: Condominio", "ESTAMPA_CC": "2026-05-26 14:46:02" }, "geometry": { "type": "Point", "coordinates": [ -76.549404113863346, 3.322624599101884 ] } },
{ "type": "Feature", "properties": { "OBJECTID": 14579, "CE": "", "CT": "Condición: Condominio", "ESTAMPA_CC": "2026-05-26 14:46:02" }, "geometry": { "type": "Point", "coordinates": [ -76.547859371167078, 3.322072169108464 ] } },
{ "type": "Feature", "properties": { "OBJECTID": 14583, "CE": "", "CT": "Llave IDPREDIO", "ESTAMPA_CC": "2026-05-26 14:46:02" }, "geometry": { "type": "Point", "coordinates": [ -76.517375354363509, 3.359453492365921 ] } },
{ "type": "Feature", "properties": { "OBJECTID": 14630, "CE": "NPN Terreno -> Unidad", "CT": "Condición: Condominio", "ESTAMPA_CC": "2026-05-26 14:46:02" }, "geometry": { "type": "Point", "coordinates": [ -76.547565291727508, 3.32326663455351 ] } },
{ "type": "Feature", "properties": { "OBJECTID": 14698, "CE": "NPN Terreno -> Unidad", "CT": "Condición: Condominio", "ESTAMPA_CC": "2026-05-26 14:46:02" }, "geometry": { "type": "Point", "coordinates": [ -76.548949907415661, 3.323058316236507 ] } },
{ "type": "Feature", "properties": { "OBJECTID": 14725, "CE": "", "CT": "Condición: Condominio", "ESTAMPA_CC": "2026-05-26 14:46:02" }, "geometry": { "type": "Point", "coordinates": [ -76.547069611714406, 3.322043248234495 ] } },
{ "type": "Feature", "properties": { "OBJECTID": 14793, "CE": "NPN Terreno -> Unidad", "CT": "Condición: Condominio", "ESTAMPA_CC": "2026-05-26 14:46:02" }, "geometry": { "type": "Point", "coordinates": [ -76.548540862463767, 3.323270979441693 ] } },
{ "type": "Feature", "properties": { "OBJECTID": 14834, "CE": "NPN Terreno -> Unidad", "CT": "Condición: Condominio", "ESTAMPA_CC": "2026-05-26 14:46:02" }, "geometry": { "type": "Point", "coordinates": [ -76.548708472673127, 3.322205913946363 ] } },
{ "type": "Feature", "properties": { "OBJECTID": 14919, "CE": "", "CT": "Condición: Condominio", "ESTAMPA_CC": "2026-05-26 14:46:02" }, "geometry": { "type": "Point", "coordinates": [ -76.547825250813091, 3.321841702333992 ] } },
{ "type": "Feature", "properties": { "OBJECTID": 15084, "CE": "NPN Terreno -> Unidad", "CT": "Condición: Condominio", "ESTAMPA_CC": "2026-05-26 14:46:02" }, "geometry": { "type": "Point", "coordinates": [ -76.547890876906763, 3.323256789867592 ] } },
{ "type": "Feature", "properties": { "OBJECTID": 15086, "CE": "NPN Terreno -> Unidad", "CT": "Condición: Condominio", "ESTAMPA_CC": "2026-05-26 14:46:02" }, "geometry": { "type": "Point", "coordinates": [ -76.547159871941631, 3.323020915447054 ] } },
{ "type": "Feature", "properties": { "OBJECTID": 15115, "CE": "NPN Terreno -> Unidad", "CT": "Condición: Condominio", "ESTAMPA_CC": "2026-05-26 14:46:02" }, "geometry": { "type": "Point", "coordinates": [ -76.548865032773989, 3.323300877859736 ] } },
{ "type": "Feature", "properties": { "OBJECTID": 15145, "CE": "NPN Terreno -> Unidad", "CT": "Condición: Condominio", "ESTAMPA_CC": "2026-05-26 14:46:02" }, "geometry": { "type": "Point", "coordinates": [ -76.547284296575455, 3.323025885472658 ] } },
{ "type": "Feature", "properties": { "OBJECTID": 15166, "CE": "NPN Terreno -> Unidad", "CT": "Condición: Condominio", "ESTAMPA_CC": "2026-05-26 14:46:02" }, "geometry": { "type": "Point", "coordinates": [ -76.548620314065033, 3.323032264901202 ] } },
{ "type": "Feature", "properties": { "OBJECTID": 15200, "CE": "NPN Terreno -> Unidad", "CT": "Condición: Condominio", "ESTAMPA_CC": "2026-05-26 14:46:02" }, "geometry": { "type": "Point", "coordinates": [ -76.548902611392123, 3.322068895198625 ] } },
{ "type": "Feature", "properties": { "OBJECTID": 15202, "CE": "NPN Terreno -> Unidad", "CT": "Condición: Condominio", "ESTAMPA_CC": "2026-05-26 14:46:02" }, "geometry": { "type": "Point", "coordinates": [ -76.547614211132668, 3.323027530353241 ] } },
{ "type": "Feature", "properties": { "OBJECTID": 15295, "CE": "NPN Terreno -> Unidad", "CT": "Condición: Condominio", "ESTAMPA_CC": "2026-05-26 14:46:02" }, "geometry": { "type": "Point", "coordinates": [ -76.549490624469641, 3.322393697414676 ] } },
{ "type": "Feature", "properties": { "OBJECTID": 15307, "CE": "", "CT": "Condición: Condominio", "ESTAMPA_CC": "2026-05-26 14:46:02" }, "geometry": { "type": "Point", "coordinates": [ -76.546704974101857, 3.322516737737659 ] } },
{ "type": "Feature", "properties": { "OBJECTID": 15345, "CE": "NPN Terreno -> Unidad", "CT": "Condición: Condominio", "ESTAMPA_CC": "2026-05-26 14:46:02" }, "geometry": { "type": "Point", "coordinates": [ -76.548096667958632, 3.322524119119559 ] } },
{ "type": "Feature", "properties": { "OBJECTID": 15357, "CE": "NPN Terreno -> Unidad", "CT": "Condición: Condominio", "ESTAMPA_CC": "2026-05-26 14:46:02" }, "geometry": { "type": "Point", "coordinates": [ -76.549282261250667, 3.322558974584721 ] } },
{ "type": "Feature", "properties": { "OBJECTID": 15364, "CE": "NPN Terreno -> Unidad", "CT": "Condición: Condominio", "ESTAMPA_CC": "2026-05-26 14:46:02" }, "geometry": { "type": "Point", "coordinates": [ -76.54882362139665, 3.322276269931967 ] } },
{ "type": "Feature", "properties": { "OBJECTID": 15371, "CE": "NPN Terreno -> Unidad", "CT": "Condición: Condominio", "ESTAMPA_CC": "2026-05-26 14:46:02" }, "geometry": { "type": "Point", "coordinates": [ -76.548665287058455, 3.323275939340192 ] } },
{ "type": "Feature", "properties": { "OBJECTID": 15373, "CE": "", "CT": "Condición: Condominio", "ESTAMPA_CC": "2026-05-26 14:46:02" }, "geometry": { "type": "Point", "coordinates": [ -76.54644638301842, 3.321992881477519 ] } },
{ "type": "Feature", "properties": { "OBJECTID": 15400, "CE": "NPN Terreno -> Unidad", "CT": "Condición: Condominio", "ESTAMPA_CC": "2026-05-26 14:46:02" }, "geometry": { "type": "Point", "coordinates": [ -76.547364955042468, 3.323258307629861 ] } },
{ "type": "Feature", "properties": { "OBJECTID": 15410, "CE": "", "CT": "Condición: Condominio", "ESTAMPA_CC": "2026-05-26 14:46:02" }, "geometry": { "type": "Point", "coordinates": [ -76.548330862270888, 3.323663288720776 ] } },
{ "type": "Feature", "properties": { "OBJECTID": 15430, "CE": "NPN Terreno -> Unidad", "CT": "Condición: Condominio", "ESTAMPA_CC": "2026-05-26 14:46:02" }, "geometry": { "type": "Point", "coordinates": [ -76.548086434972987, 3.322682065837109 ] } },
{ "type": "Feature", "properties": { "OBJECTID": 15435, "CE": "", "CT": "Condición: Condominio", "ESTAMPA_CC": "2026-05-26 14:46:02" }, "geometry": { "type": "Point", "coordinates": [ -76.546498021699037, 3.322726688676256 ] } },
{ "type": "Feature", "properties": { "OBJECTID": 15523, "CE": "", "CT": "Llave IDPREDIO", "ESTAMPA_CC": "2026-05-26 14:46:02" }, "geometry": { "type": "Point", "coordinates": [ -76.516687675308546, 3.356434974136415 ] } },
{ "type": "Feature", "properties": { "OBJECTID": 15526, "CE": "", "CT": "Llave IDPREDIO", "ESTAMPA_CC": "2026-05-26 14:46:02" }, "geometry": { "type": "Point", "coordinates": [ -76.517468533025124, 3.359387848639964 ] } },
{ "type": "Feature", "properties": { "OBJECTID": 15545, "CE": "", "CT": "Número Piso", "ESTAMPA_CC": "2026-05-26 14:46:02" }, "geometry": { "type": "Point", "coordinates": [ -76.514569923532875, 3.356037763808259 ] } },
{ "type": "Feature", "properties": { "OBJECTID": 15566, "CE": "", "CT": "Llave IDPREDIO", "ESTAMPA_CC": "2026-05-26 14:46:02" }, "geometry": { "type": "Point", "coordinates": [ -76.517376222857195, 3.35938653860965 ] } },
{ "type": "Feature", "properties": { "OBJECTID": 15596, "CE": "", "CT": "Condición: Condominio", "ESTAMPA_CC": "2026-05-26 14:46:02" }, "geometry": { "type": "Point", "coordinates": [ -76.547526703882582, 3.322060193070322 ] } },
{ "type": "Feature", "properties": { "OBJECTID": 15608, "CE": "", "CT": "Condición: Condominio", "ESTAMPA_CC": "2026-05-26 14:46:02" }, "geometry": { "type": "Point", "coordinates": [ -76.547035282773138, 3.321818656890251 ] } },
{ "type": "Feature", "properties": { "OBJECTID": 15629, "CE": "", "CT": "Condición: Condominio", "ESTAMPA_CC": "2026-05-26 14:46:02" }, "geometry": { "type": "Point", "coordinates": [ -76.548357130973372, 3.323967929003406 ] } },
{ "type": "Feature", "properties": { "OBJECTID": 15648, "CE": "NPN Terreno -> Unidad", "CT": "Condición: Condominio", "ESTAMPA_CC": "2026-05-26 14:46:02" }, "geometry": { "type": "Point", "coordinates": [ -76.548343167226093, 3.322861822530671 ] } },
{ "type": "Feature", "properties": { "OBJECTID": 15654, "CE": "", "CT": "Número Piso; Llave IDPREDIO", "ESTAMPA_CC": "2026-05-26 14:46:02" }, "geometry": { "type": "Point", "coordinates": [ -76.521342529635405, 3.355458854993252 ] } },
{ "type": "Feature", "properties": { "OBJECTID": 15672, "CE": "", "CT": "Condición: Condominio", "ESTAMPA_CC": "2026-05-26 14:46:02" }, "geometry": { "type": "Point", "coordinates": [ -76.546680086878538, 3.321785170407476 ] } },
{ "type": "Feature", "properties": { "OBJECTID": 15686, "CE": "", "CT": "Condición: Condominio", "ESTAMPA_CC": "2026-05-26 14:46:02" }, "geometry": { "type": "Point", "coordinates": [ -76.547940386097636, 3.323961147901908 ] } },
{ "type": "Feature", "properties": { "OBJECTID": 15687, "CE": "", "CT": "Condición: Condominio", "ESTAMPA_CC": "2026-05-26 14:46:02" }, "geometry": { "type": "Point", "coordinates": [ -76.547368159440509, 3.321824756285585 ] } },
{ "type": "Feature", "properties": { "OBJECTID": 15696, "CE": "NPN Terreno -> Unidad", "CT": "Condición: Condominio", "ESTAMPA_CC": "2026-05-26 14:46:02" }, "geometry": { "type": "Point", "coordinates": [ -76.548344508872304, 3.322685311158815 ] } },
{ "type": "Feature", "properties": { "OBJECTID": 15749, "CE": "", "CT": "Condición: Condominio", "ESTAMPA_CC": "2026-05-26 14:46:02" }, "geometry": { "type": "Point", "coordinates": [ -76.546725623272479, 3.322690044037838 ] } },
{ "type": "Feature", "properties": { "OBJECTID": 15750, "CE": "NPN Terreno -> Unidad", "CT": "Condición: Condominio", "ESTAMPA_CC": "2026-05-26 14:46:02" }, "geometry": { "type": "Point", "coordinates": [ -76.547689543321042, 3.323276447394132 ] } },
{ "type": "Feature", "properties": { "OBJECTID": 15760, "CE": "", "CT": "Condición: Condominio", "ESTAMPA_CC": "2026-05-26 14:46:02" }, "geometry": { "type": "Point", "coordinates": [ -76.546449381088465, 3.322151041658509 ] } },
{ "type": "Feature", "properties": { "OBJECTID": 15795, "CE": "", "CT": "Condición: Condominio", "ESTAMPA_CC": "2026-05-26 14:46:02" }, "geometry": { "type": "Point", "coordinates": [ -76.546521548320143, 3.322883368130423 ] } },
{ "type": "Feature", "properties": { "OBJECTID": 15811, "CE": "NPN Terreno -> Unidad", "CT": "", "ESTAMPA_CC": "2026-05-26 14:46:02" }, "geometry": { "type": "Point", "coordinates": [ -76.508659126971551, 3.36618250647352 ] } },
{ "type": "Feature", "properties": { "OBJECTID": 15816, "CE": "", "CT": "Condición: Condominio", "ESTAMPA_CC": "2026-05-26 14:46:02" }, "geometry": { "type": "Point", "coordinates": [ -76.546460292069398, 3.322360466712378 ] } },
{ "type": "Feature", "properties": { "OBJECTID": 15825, "CE": "NPN Terreno -> Unidad", "CT": "Condición: Condominio", "ESTAMPA_CC": "2026-05-26 14:46:02" }, "geometry": { "type": "Point", "coordinates": [ -76.548338348193482, 3.322527203519571 ] } },
{ "type": "Feature", "properties": { "OBJECTID": 15832, "CE": "", "CT": "Condición: Condominio", "ESTAMPA_CC": "2026-05-26 14:46:02" }, "geometry": { "type": "Point", "coordinates": [ -76.547492583590042, 3.321829726283899 ] } },
{ "type": "Feature", "properties": { "OBJECTID": 15855, "CE": "", "CT": "Llave IDPREDIO", "ESTAMPA_CC": "2026-05-26 14:46:02" }, "geometry": { "type": "Point", "coordinates": [ -76.516666200313665, 3.356432323855849 ] } },
{ "type": "Feature", "properties": { "OBJECTID": 15856, "CE": "", "CT": "Llave IDPREDIO", "ESTAMPA_CC": "2026-05-26 14:46:02" }, "geometry": { "type": "Point", "coordinates": [ -76.516601619885208, 3.356427023203279 ] } },
{ "type": "Feature", "properties": { "OBJECTID": 15888, "CE": "", "CT": "Condición: Condominio", "ESTAMPA_CC": "2026-05-26 14:46:02" }, "geometry": { "type": "Point", "coordinates": [ -76.546749186538051, 3.322846718512291 ] } },
{ "type": "Feature", "properties": { "OBJECTID": 15892, "CE": "Error de área; NPN Terreno -> Unidad", "CT": "Condición: Condominio", "ESTAMPA_CC": "2026-05-26 14:46:02" }, "geometry": null },
{ "type": "Feature", "properties": { "OBJECTID": 15904, "CE": "", "CT": "Llave IDPREDIO", "ESTAMPA_CC": "2026-05-26 14:46:02" }, "geometry": { "type": "Point", "coordinates": [ -76.516817234441476, 3.356438789902965 ] } },
{ "type": "Feature", "properties": { "OBJECTID": 15912, "CE": "NPN Terreno -> Unidad", "CT": "", "ESTAMPA_CC": "2026-05-26 14:46:02" }, "geometry": { "type": "Point", "coordinates": [ -76.510997870615569, 3.384051064240462 ] } },
{ "type": "Feature", "properties": { "OBJECTID": 15937, "CE": "", "CT": "Condición: Condominio", "ESTAMPA_CC": "2026-05-26 14:46:02" }, "geometry": { "type": "Point", "coordinates": [ -76.547509995924202, 3.32397292332676 ] } },
{ "type": "Feature", "properties": { "OBJECTID": 16031, "CE": "", "CT": "Condición: Condominio", "ESTAMPA_CC": "2026-05-26 14:46:02" }, "geometry": { "type": "Point", "coordinates": [ -76.547193975929673, 3.322049906403862 ] } },
{ "type": "Feature", "properties": { "OBJECTID": 16043, "CE": "NPN Terreno -> Unidad", "CT": "Condición: Condominio", "ESTAMPA_CC": "2026-05-26 14:46:02" }, "geometry": { "type": "Point", "coordinates": [ -76.548349327589392, 3.323019930169893 ] } },
{ "type": "Feature", "properties": { "OBJECTID": 16082, "CE": "NPN Terreno -> Unidad", "CT": "", "ESTAMPA_CC": "2026-05-26 14:46:02" }, "geometry": { "type": "Point", "coordinates": [ -76.508163817605691, 3.365508252596629 ] } },
{ "type": "Feature", "properties": { "OBJECTID": 16102, "CE": "", "CT": "Condición: Condominio", "ESTAMPA_CC": "2026-05-26 14:46:02" }, "geometry": { "type": "Point", "coordinates": [ -76.547136844255533, 3.323859923605805 ] } },
{ "type": "Feature", "properties": { "OBJECTID": 16137, "CE": "", "CT": "Manzana/Vereda", "ESTAMPA_CC": "2026-05-26 14:46:02" }, "geometry": { "type": "Point", "coordinates": [ -76.505750999477115, 3.375011658911736 ] } },
{ "type": "Feature", "properties": { "OBJECTID": 16138, "CE": "", "CT": "Manzana/Vereda", "ESTAMPA_CC": "2026-05-26 14:46:02" }, "geometry": { "type": "Point", "coordinates": [ -76.505809873910792, 3.374881311217522 ] } },
{ "type": "Feature", "properties": { "OBJECTID": 16144, "CE": "", "CT": "Manzana/Vereda", "ESTAMPA_CC": "2026-05-26 14:46:02" }, "geometry": { "type": "Point", "coordinates": [ -76.505654344002366, 3.373895824555377 ] } },
{ "type": "Feature", "properties": { "OBJECTID": 16145, "CE": "", "CT": "Manzana/Vereda", "ESTAMPA_CC": "2026-05-26 14:46:02" }, "geometry": { "type": "Point", "coordinates": [ -76.50575570921724, 3.37388451648252 ] } },
{ "type": "Feature", "properties": { "OBJECTID": 16146, "CE": "", "CT": "Manzana/Vereda", "ESTAMPA_CC": "2026-05-26 14:46:02" }, "geometry": { "type": "Point", "coordinates": [ -76.505650486642963, 3.373805763153092 ] } },
{ "type": "Feature", "properties": { "OBJECTID": 16147, "CE": "", "CT": "Manzana/Vereda", "ESTAMPA_CC": "2026-05-26 14:46:02" }, "geometry": { "type": "Point", "coordinates": [ -76.50575570921724, 3.37388451648252 ] } },
{ "type": "Feature", "properties": { "OBJECTID": 16148, "CE": "", "CT": "Manzana/Vereda", "ESTAMPA_CC": "2026-05-26 14:46:02" }, "geometry": { "type": "Point", "coordinates": [ -76.505757832852112, 3.373818416767689 ] } },
{ "type": "Feature", "properties": { "OBJECTID": 16149, "CE": "", "CT": "Manzana/Vereda", "ESTAMPA_CC": "2026-05-26 14:46:02" }, "geometry": { "type": "Point", "coordinates": [ -76.505757832852112, 3.373818416767689 ] } },
{ "type": "Feature", "properties": { "OBJECTID": 16150, "CE": "", "CT": "Manzana/Vereda", "ESTAMPA_CC": "2026-05-26 14:46:02" }, "geometry": { "type": "Point", "coordinates": [ -76.505757832852112, 3.373818416767689 ] } },
{ "type": "Feature", "properties": { "OBJECTID": 16151, "CE": "", "CT": "Manzana/Vereda", "ESTAMPA_CC": "2026-05-26 14:46:02" }, "geometry": { "type": "Point", "coordinates": [ -76.505654344002366, 3.373895824555377 ] } },
{ "type": "Feature", "properties": { "OBJECTID": 16152, "CE": "", "CT": "Manzana/Vereda", "ESTAMPA_CC": "2026-05-26 14:46:02" }, "geometry": { "type": "Point", "coordinates": [ -76.505654344002366, 3.373895824555377 ] } },
{ "type": "Feature", "properties": { "OBJECTID": 16153, "CE": "", "CT": "Manzana/Vereda", "ESTAMPA_CC": "2026-05-26 14:46:02" }, "geometry": { "type": "Point", "coordinates": [ -76.505650486642963, 3.373805763153092 ] } },
{ "type": "Feature", "properties": { "OBJECTID": 16155, "CE": "", "CT": "Manzana/Vereda", "ESTAMPA_CC": "2026-05-26 14:46:02" }, "geometry": { "type": "Point", "coordinates": [ -76.505992507061833, 3.374772064342135 ] } },
{ "type": "Feature", "properties": { "OBJECTID": 16156, "CE": "", "CT": "Manzana/Vereda", "ESTAMPA_CC": "2026-05-26 14:46:02" }, "geometry": { "type": "Point", "coordinates": [ -76.506023137825736, 3.374823997647584 ] } },
{ "type": "Feature", "properties": { "OBJECTID": 16163, "CE": "", "CT": "Manzana/Vereda", "ESTAMPA_CC": "2026-05-26 14:46:02" }, "geometry": { "type": "Point", "coordinates": [ -76.50575570921724, 3.37388451648252 ] } },
{ "type": "Feature", "properties": { "OBJECTID": 16164, "CE": "", "CT": "Manzana/Vereda", "ESTAMPA_CC": "2026-05-26 14:46:02" }, "geometry": { "type": "Point", "coordinates": [ -76.505757832852112, 3.373818416767689 ] } },
{ "type": "Feature", "properties": { "OBJECTID": 16165, "CE": "", "CT": "Manzana/Vereda", "ESTAMPA_CC": "2026-05-26 14:46:02" }, "geometry": { "type": "Point", "coordinates": [ -76.505650486642963, 3.373805763153092 ] } },
{ "type": "Feature", "properties": { "OBJECTID": 16166, "CE": "", "CT": "Manzana/Vereda", "ESTAMPA_CC": "2026-05-26 14:46:02" }, "geometry": { "type": "Point", "coordinates": [ -76.505757832852112, 3.373818416767689 ] } },
{ "type": "Feature", "properties": { "OBJECTID": 16167, "CE": "", "CT": "Manzana/Vereda", "ESTAMPA_CC": "2026-05-26 14:46:02" }, "geometry": { "type": "Point", "coordinates": [ -76.50575570921724, 3.37388451648252 ] } },
{ "type": "Feature", "properties": { "OBJECTID": 16168, "CE": "", "CT": "Manzana/Vereda", "ESTAMPA_CC": "2026-05-26 14:46:02" }, "geometry": { "type": "Point", "coordinates": [ -76.505757832852112, 3.373818416767689 ] } },
{ "type": "Feature", "properties": { "OBJECTID": 16169, "CE": "", "CT": "Manzana/Vereda", "ESTAMPA_CC": "2026-05-26 14:46:02" }, "geometry": { "type": "Point", "coordinates": [ -76.50575570921724, 3.37388451648252 ] } },
{ "type": "Feature", "properties": { "OBJECTID": 16170, "CE": "", "CT": "Manzana/Vereda", "ESTAMPA_CC": "2026-05-26 14:46:02" }, "geometry": { "type": "Point", "coordinates": [ -76.505757832852112, 3.373818416767689 ] } },
{ "type": "Feature", "properties": { "OBJECTID": 16171, "CE": "", "CT": "Manzana/Vereda", "ESTAMPA_CC": "2026-05-26 14:46:02" }, "geometry": { "type": "Point", "coordinates": [ -76.505654344002366, 3.373895824555377 ] } },
{ "type": "Feature", "properties": { "OBJECTID": 16172, "CE": "", "CT": "Manzana/Vereda", "ESTAMPA_CC": "2026-05-26 14:46:02" }, "geometry": { "type": "Point", "coordinates": [ -76.505645487713991, 3.374566406352403 ] } },
{ "type": "Feature", "properties": { "OBJECTID": 16173, "CE": "", "CT": "Manzana/Vereda", "ESTAMPA_CC": "2026-05-26 14:46:02" }, "geometry": { "type": "Point", "coordinates": [ -76.505992507061833, 3.374772064342135 ] } },
{ "type": "Feature", "properties": { "OBJECTID": 16174, "CE": "", "CT": "Manzana/Vereda", "ESTAMPA_CC": "2026-05-26 14:46:02" }, "geometry": { "type": "Point", "coordinates": [ -76.506023137825736, 3.374823997647584 ] } },
{ "type": "Feature", "properties": { "OBJECTID": 16180, "CE": "", "CT": "Manzana/Vereda", "ESTAMPA_CC": "2026-05-26 14:46:02" }, "geometry": { "type": "Point", "coordinates": [ -76.505449205024604, 3.374244984877449 ] } },
{ "type": "Feature", "properties": { "OBJECTID": 16181, "CE": "", "CT": "Manzana/Vereda", "ESTAMPA_CC": "2026-05-26 14:46:02" }, "geometry": { "type": "Point", "coordinates": [ -76.505446390960103, 3.374177776090739 ] } },
{ "type": "Feature", "properties": { "OBJECTID": 16182, "CE": "", "CT": "Manzana/Vereda", "ESTAMPA_CC": "2026-05-26 14:46:02" }, "geometry": { "type": "Point", "coordinates": [ -76.505554272705353, 3.374254497760841 ] } },
{ "type": "Feature", "properties": { "OBJECTID": 16183, "CE": "", "CT": "Manzana/Vereda", "ESTAMPA_CC": "2026-05-26 14:46:02" }, "geometry": { "type": "Point", "coordinates": [ -76.505554272705353, 3.374254497760841 ] } },
{ "type": "Feature", "properties": { "OBJECTID": 16184, "CE": "", "CT": "Manzana/Vereda", "ESTAMPA_CC": "2026-05-26 14:46:02" }, "geometry": { "type": "Point", "coordinates": [ -76.505449205024604, 3.374244984877449 ] } },
{ "type": "Feature", "properties": { "OBJECTID": 16185, "CE": "", "CT": "Manzana/Vereda", "ESTAMPA_CC": "2026-05-26 14:46:02" }, "geometry": { "type": "Point", "coordinates": [ -76.505449205024604, 3.374244984877449 ] } },
{ "type": "Feature", "properties": { "OBJECTID": 16186, "CE": "", "CT": "Manzana/Vereda", "ESTAMPA_CC": "2026-05-26 14:46:02" }, "geometry": { "type": "Point", "coordinates": [ -76.505446390960103, 3.374177776090739 ] } },
{ "type": "Feature", "properties": { "OBJECTID": 16215, "CE": "", "CT": "Manzana/Vereda", "ESTAMPA_CC": "2026-05-26 14:46:02" }, "geometry": { "type": "Point", "coordinates": [ -76.505765408352943, 3.37421231816265 ] } },
{ "type": "Feature", "properties": { "OBJECTID": 16216, "CE": "", "CT": "Manzana/Vereda", "ESTAMPA_CC": "2026-05-26 14:46:02" }, "geometry": { "type": "Point", "coordinates": [ -76.505657522110184, 3.374135565321773 ] } },
{ "type": "Feature", "properties": { "OBJECTID": 16217, "CE": "", "CT": "Manzana/Vereda", "ESTAMPA_CC": "2026-05-26 14:46:02" }, "geometry": { "type": "Point", "coordinates": [ -76.505657522110184, 3.374135565321773 ] } },
{ "type": "Feature", "properties": { "OBJECTID": 16218, "CE": "", "CT": "Manzana/Vereda", "ESTAMPA_CC": "2026-05-26 14:46:02" }, "geometry": { "type": "Point", "coordinates": [ -76.505762593273275, 3.374145091745081 ] } },
{ "type": "Feature", "properties": { "OBJECTID": 16219, "CE": "", "CT": "Manzana/Vereda", "ESTAMPA_CC": "2026-05-26 14:46:02" }, "geometry": { "type": "Point", "coordinates": [ -76.505765408352943, 3.37421231816265 ] } },
{ "type": "Feature", "properties": { "OBJECTID": 16220, "CE": "", "CT": "Manzana/Vereda", "ESTAMPA_CC": "2026-05-26 14:46:02" }, "geometry": { "type": "Point", "coordinates": [ -76.50582854996, 3.374480744512253 ] } },
{ "type": "Feature", "properties": { "OBJECTID": 16221, "CE": "", "CT": "Manzana/Vereda", "ESTAMPA_CC": "2026-05-26 14:46:02" }, "geometry": { "type": "Point", "coordinates": [ -76.50582854996, 3.374480744512253 ] } },
{ "type": "Feature", "properties": { "OBJECTID": 16222, "CE": "", "CT": "Manzana/Vereda", "ESTAMPA_CC": "2026-05-26 14:46:02" }, "geometry": { "type": "Point", "coordinates": [ -76.505855358973491, 3.374542371627953 ] } },
{ "type": "Feature", "properties": { "OBJECTID": 16223, "CE": "", "CT": "Manzana/Vereda", "ESTAMPA_CC": "2026-05-26 14:46:02" }, "geometry": { "type": "Point", "coordinates": [ -76.505755545570295, 3.374604812811986 ] } },
{ "type": "Feature", "properties": { "OBJECTID": 16224, "CE": "", "CT": "Manzana/Vereda", "ESTAMPA_CC": "2026-05-26 14:46:02" }, "geometry": { "type": "Point", "coordinates": [ -76.50582854996, 3.374480744512253 ] } },
{ "type": "Feature", "properties": { "OBJECTID": 16225, "CE": "", "CT": "Manzana/Vereda", "ESTAMPA_CC": "2026-05-26 14:46:02" }, "geometry": { "type": "Point", "coordinates": [ -76.50582854996, 3.374480744512253 ] } },
{ "type": "Feature", "properties": { "OBJECTID": 16226, "CE": "", "CT": "Manzana/Vereda", "ESTAMPA_CC": "2026-05-26 14:46:02" }, "geometry": { "type": "Point", "coordinates": [ -76.505855358973491, 3.374542371627953 ] } },
{ "type": "Feature", "properties": { "OBJECTID": 16227, "CE": "", "CT": "Manzana/Vereda", "ESTAMPA_CC": "2026-05-26 14:46:02" }, "geometry": { "type": "Point", "coordinates": [ -76.505855358973491, 3.374542371627953 ] } },
{ "type": "Feature", "properties": { "OBJECTID": 16228, "CE": "", "CT": "Manzana/Vereda", "ESTAMPA_CC": "2026-05-26 14:46:02" }, "geometry": { "type": "Point", "coordinates": [ -76.505755545570295, 3.374604812811986 ] } },
{ "type": "Feature", "properties": { "OBJECTID": 16229, "CE": "", "CT": "Manzana/Vereda", "ESTAMPA_CC": "2026-05-26 14:46:02" }, "geometry": { "type": "Point", "coordinates": [ -76.505855358973491, 3.374542371627953 ] } },
{ "type": "Feature", "properties": { "OBJECTID": 16230, "CE": "", "CT": "Manzana/Vereda", "ESTAMPA_CC": "2026-05-26 14:46:02" }, "geometry": { "type": "Point", "coordinates": [ -76.505855358973491, 3.374542371627953 ] } },
{ "type": "Feature", "properties": { "OBJECTID": 16231, "CE": "", "CT": "Manzana/Vereda", "ESTAMPA_CC": "2026-05-26 14:46:02" }, "geometry": { "type": "Point", "coordinates": [ -76.505725112365397, 3.374519154872228 ] } },
{ "type": "Feature", "properties": { "OBJECTID": 16232, "CE": "", "CT": "Manzana/Vereda", "ESTAMPA_CC": "2026-05-26 14:46:02" }, "geometry": { "type": "Point", "coordinates": [ -76.50582854996, 3.374480744512253 ] } },
{ "type": "Feature", "properties": { "OBJECTID": 16233, "CE": "", "CT": "Manzana/Vereda", "ESTAMPA_CC": "2026-05-26 14:46:02" }, "geometry": { "type": "Point", "coordinates": [ -76.505725112365397, 3.374519154872228 ] } },
{ "type": "Feature", "properties": { "OBJECTID": 16234, "CE": "", "CT": "Manzana/Vereda", "ESTAMPA_CC": "2026-05-26 14:46:02" }, "geometry": { "type": "Point", "coordinates": [ -76.505755545570295, 3.374604812811986 ] } },
{ "type": "Feature", "properties": { "OBJECTID": 16235, "CE": "", "CT": "Manzana/Vereda", "ESTAMPA_CC": "2026-05-26 14:46:02" }, "geometry": { "type": "Point", "coordinates": [ -76.505725112365397, 3.374519154872228 ] } },
{ "type": "Feature", "properties": { "OBJECTID": 16280, "CE": "", "CT": "Manzana/Vereda", "ESTAMPA_CC": "2026-05-26 14:46:02" }, "geometry": { "type": "Point", "coordinates": [ -76.505725112365397, 3.374519154872228 ] } },
{ "type": "Feature", "properties": { "OBJECTID": 16281, "CE": "", "CT": "Manzana/Vereda", "ESTAMPA_CC": "2026-05-26 14:46:02" }, "geometry": { "type": "Point", "coordinates": [ -76.505755545570295, 3.374604812811986 ] } },
{ "type": "Feature", "properties": { "OBJECTID": 16282, "CE": "", "CT": "Manzana/Vereda", "ESTAMPA_CC": "2026-05-26 14:46:02" }, "geometry": { "type": "Point", "coordinates": [ -76.505725112365397, 3.374519154872228 ] } },
{ "type": "Feature", "properties": { "OBJECTID": 16283, "CE": "", "CT": "Manzana/Vereda", "ESTAMPA_CC": "2026-05-26 14:46:02" }, "geometry": { "type": "Point", "coordinates": [ -76.505725112365397, 3.374519154872228 ] } },
{ "type": "Feature", "properties": { "OBJECTID": 16284, "CE": "", "CT": "Manzana/Vereda", "ESTAMPA_CC": "2026-05-26 14:46:02" }, "geometry": { "type": "Point", "coordinates": [ -76.505855358973491, 3.374542371627953 ] } },
{ "type": "Feature", "properties": { "OBJECTID": 16285, "CE": "", "CT": "Manzana/Vereda", "ESTAMPA_CC": "2026-05-26 14:46:02" }, "geometry": { "type": "Point", "coordinates": [ -76.505855358973491, 3.374542371627953 ] } },
{ "type": "Feature", "properties": { "OBJECTID": 16462, "CE": "", "CT": "Manzana/Vereda", "ESTAMPA_CC": "2026-05-26 14:46:02" }, "geometry": { "type": "Point", "coordinates": [ -76.505855358973491, 3.374542371627953 ] } },
{ "type": "Feature", "properties": { "OBJECTID": 16463, "CE": "", "CT": "Manzana/Vereda", "ESTAMPA_CC": "2026-05-26 14:46:02" }, "geometry": { "type": "Point", "coordinates": [ -76.50582854996, 3.374480744512253 ] } },
{ "type": "Feature", "properties": { "OBJECTID": 16464, "CE": "", "CT": "Manzana/Vereda", "ESTAMPA_CC": "2026-05-26 14:46:02" }, "geometry": { "type": "Point", "coordinates": [ -76.50582854996, 3.374480744512253 ] } },
{ "type": "Feature", "properties": { "OBJECTID": 16465, "CE": "", "CT": "Manzana/Vereda", "ESTAMPA_CC": "2026-05-26 14:46:02" }, "geometry": { "type": "Point", "coordinates": [ -76.505755545570295, 3.374604812811986 ] } },
{ "type": "Feature", "properties": { "OBJECTID": 16466, "CE": "", "CT": "Manzana/Vereda", "ESTAMPA_CC": "2026-05-26 14:46:02" }, "geometry": { "type": "Point", "coordinates": [ -76.505855358973491, 3.374542371627953 ] } },
{ "type": "Feature", "properties": { "OBJECTID": 16467, "CE": "", "CT": "Manzana/Vereda", "ESTAMPA_CC": "2026-05-26 14:46:02" }, "geometry": { "type": "Point", "coordinates": [ -76.505725112365397, 3.374519154872228 ] } },
{ "type": "Feature", "properties": { "OBJECTID": 16468, "CE": "", "CT": "Manzana/Vereda", "ESTAMPA_CC": "2026-05-26 14:46:02" }, "geometry": { "type": "Point", "coordinates": [ -76.505855358973491, 3.374542371627953 ] } },
{ "type": "Feature", "properties": { "OBJECTID": 16469, "CE": "", "CT": "Manzana/Vereda", "ESTAMPA_CC": "2026-05-26 14:46:02" }, "geometry": { "type": "Point", "coordinates": [ -76.505755545570295, 3.374604812811986 ] } },
{ "type": "Feature", "properties": { "OBJECTID": 16493, "CE": "", "CT": "Manzana/Vereda", "ESTAMPA_CC": "2026-05-26 14:46:02" }, "geometry": { "type": "Point", "coordinates": [ -76.505645487713991, 3.374566406352403 ] } },
{ "type": "Feature", "properties": { "OBJECTID": 16494, "CE": "", "CT": "Manzana/Vereda", "ESTAMPA_CC": "2026-05-26 14:46:02" }, "geometry": { "type": "Point", "coordinates": [ -76.505675916336855, 3.374652053896408 ] } },
{ "type": "Feature", "properties": { "OBJECTID": 16495, "CE": "", "CT": "Manzana/Vereda", "ESTAMPA_CC": "2026-05-26 14:46:02" }, "geometry": { "type": "Point", "coordinates": [ -76.505545670261625, 3.374628833499303 ] } },
{ "type": "Feature", "properties": { "OBJECTID": 16496, "CE": "", "CT": "Manzana/Vereda", "ESTAMPA_CC": "2026-05-26 14:46:02" }, "geometry": { "type": "Point", "coordinates": [ -76.505545670261625, 3.374628833499303 ] } },
{ "type": "Feature", "properties": { "OBJECTID": 16497, "CE": "", "CT": "Manzana/Vereda", "ESTAMPA_CC": "2026-05-26 14:46:02" }, "geometry": { "type": "Point", "coordinates": [ -76.505545670261625, 3.374628833499303 ] } },
{ "type": "Feature", "properties": { "OBJECTID": 16498, "CE": "", "CT": "Manzana/Vereda", "ESTAMPA_CC": "2026-05-26 14:46:02" }, "geometry": { "type": "Point", "coordinates": [ -76.505545670261625, 3.374628833499303 ] } },
{ "type": "Feature", "properties": { "OBJECTID": 16517, "CE": "", "CT": "Manzana/Vereda", "ESTAMPA_CC": "2026-05-26 14:46:02" }, "geometry": { "type": "Point", "coordinates": [ -76.505645487713991, 3.374566406352403 ] } },
{ "type": "Feature", "properties": { "OBJECTID": 16518, "CE": "", "CT": "Manzana/Vereda", "ESTAMPA_CC": "2026-05-26 14:46:02" }, "geometry": { "type": "Point", "coordinates": [ -76.505675916336855, 3.374652053896408 ] } },
{ "type": "Feature", "properties": { "OBJECTID": 16519, "CE": "", "CT": "Manzana/Vereda", "ESTAMPA_CC": "2026-05-26 14:46:02" }, "geometry": { "type": "Point", "coordinates": [ -76.505675916336855, 3.374652053896408 ] } },
{ "type": "Feature", "properties": { "OBJECTID": 16539, "CE": "", "CT": "Manzana/Vereda", "ESTAMPA_CC": "2026-05-26 14:46:02" }, "geometry": { "type": "Point", "coordinates": [ -76.505762593273275, 3.374145091745081 ] } },
{ "type": "Feature", "properties": { "OBJECTID": 16540, "CE": "", "CT": "Manzana/Vereda", "ESTAMPA_CC": "2026-05-26 14:46:02" }, "geometry": { "type": "Point", "coordinates": [ -76.505657522110184, 3.374135565321773 ] } },
{ "type": "Feature", "properties": { "OBJECTID": 16541, "CE": "", "CT": "Manzana/Vereda", "ESTAMPA_CC": "2026-05-26 14:46:02" }, "geometry": { "type": "Point", "coordinates": [ -76.505765408352943, 3.37421231816265 ] } },
{ "type": "Feature", "properties": { "OBJECTID": 16542, "CE": "", "CT": "Manzana/Vereda", "ESTAMPA_CC": "2026-05-26 14:46:02" }, "geometry": { "type": "Point", "coordinates": [ -76.505762593273275, 3.374145091745081 ] } },
{ "type": "Feature", "properties": { "OBJECTID": 16702, "CE": "", "CT": "Llave IDPREDIO", "ESTAMPA_CC": "2026-05-26 14:46:02" }, "geometry": { "type": "Point", "coordinates": [ -76.517375354363509, 3.359453492365921 ] } },
{ "type": "Feature", "properties": { "OBJECTID": 16741, "CE": "", "CT": "Manzana/Vereda", "ESTAMPA_CC": "2026-05-26 14:46:02" }, "geometry": { "type": "Point", "coordinates": [ -76.505681387327101, 3.373561409271333 ] } },
{ "type": "Feature", "properties": { "OBJECTID": 16742, "CE": "", "CT": "Manzana/Vereda", "ESTAMPA_CC": "2026-05-26 14:46:02" }, "geometry": { "type": "Point", "coordinates": [ -76.505789033413365, 3.373563967560807 ] } },
{ "type": "Feature", "properties": { "OBJECTID": 16743, "CE": "", "CT": "Manzana/Vereda", "ESTAMPA_CC": "2026-05-26 14:46:02" }, "geometry": { "type": "Point", "coordinates": [ -76.505789033413365, 3.373563967560807 ] } },
{ "type": "Feature", "properties": { "OBJECTID": 16744, "CE": "", "CT": "Manzana/Vereda", "ESTAMPA_CC": "2026-05-26 14:46:02" }, "geometry": { "type": "Point", "coordinates": [ -76.505689195651755, 3.373465083795742 ] } },
{ "type": "Feature", "properties": { "OBJECTID": 16760, "CE": "", "CT": "Manzana/Vereda", "ESTAMPA_CC": "2026-05-26 14:46:02" }, "geometry": { "type": "Point", "coordinates": [ -76.505793611458515, 3.373494895798316 ] } },
{ "type": "Feature", "properties": { "OBJECTID": 16761, "CE": "", "CT": "Manzana/Vereda", "ESTAMPA_CC": "2026-05-26 14:46:02" }, "geometry": { "type": "Point", "coordinates": [ -76.505689195651755, 3.373465083795742 ] } },
{ "type": "Feature", "properties": { "OBJECTID": 16762, "CE": "", "CT": "Manzana/Vereda", "ESTAMPA_CC": "2026-05-26 14:46:02" }, "geometry": { "type": "Point", "coordinates": [ -76.505689195651755, 3.373465083795742 ] } },
{ "type": "Feature", "properties": { "OBJECTID": 16763, "CE": "", "CT": "Manzana/Vereda", "ESTAMPA_CC": "2026-05-26 14:46:02" }, "geometry": { "type": "Point", "coordinates": [ -76.5054409795179, 3.373874068081737 ] } },
{ "type": "Feature", "properties": { "OBJECTID": 16777, "CE": "NPN Terreno -> Unidad", "CT": "Condición: Condominio", "ESTAMPA_CC": "2026-05-26 14:46:02" }, "geometry": { "type": "Point", "coordinates": [ -76.549109103824534, 3.322448334035754 ] } },
{ "type": "Feature", "properties": { "OBJECTID": 16814, "CE": "", "CT": "Manzana/Vereda", "ESTAMPA_CC": "2026-05-26 14:46:02" }, "geometry": { "type": "Point", "coordinates": [ -76.505765408352943, 3.37421231816265 ] } },
{ "type": "Feature", "properties": { "OBJECTID": 16815, "CE": "", "CT": "Manzana/Vereda", "ESTAMPA_CC": "2026-05-26 14:46:02" }, "geometry": { "type": "Point", "coordinates": [ -76.505657522110184, 3.374135565321773 ] } },
{ "type": "Feature", "properties": { "OBJECTID": 16816, "CE": "", "CT": "Manzana/Vereda", "ESTAMPA_CC": "2026-05-26 14:46:02" }, "geometry": { "type": "Point", "coordinates": [ -76.505762593273275, 3.374145091745081 ] } },
{ "type": "Feature", "properties": { "OBJECTID": 16817, "CE": "", "CT": "Manzana/Vereda", "ESTAMPA_CC": "2026-05-26 14:46:02" }, "geometry": { "type": "Point", "coordinates": [ -76.505659048508193, 3.37423259259822 ] } },
{ "type": "Feature", "properties": { "OBJECTID": 16818, "CE": "", "CT": "Manzana/Vereda", "ESTAMPA_CC": "2026-05-26 14:46:02" }, "geometry": { "type": "Point", "coordinates": [ -76.505659048508193, 3.37423259259822 ] } },
{ "type": "Feature", "properties": { "OBJECTID": 16819, "CE": "", "CT": "Manzana/Vereda", "ESTAMPA_CC": "2026-05-26 14:46:02" }, "geometry": { "type": "Point", "coordinates": [ -76.505659048508193, 3.37423259259822 ] } },
{ "type": "Feature", "properties": { "OBJECTID": 16820, "CE": "", "CT": "Manzana/Vereda", "ESTAMPA_CC": "2026-05-26 14:46:02" }, "geometry": { "type": "Point", "coordinates": [ -76.505765408352943, 3.37421231816265 ] } },
{ "type": "Feature", "properties": { "OBJECTID": 16827, "CE": "", "CT": "Manzana/Vereda", "ESTAMPA_CC": "2026-05-26 14:46:02" }, "geometry": { "type": "Point", "coordinates": [ -76.505762593273275, 3.374145091745081 ] } },
{ "type": "Feature", "properties": { "OBJECTID": 16828, "CE": "", "CT": "Manzana/Vereda", "ESTAMPA_CC": "2026-05-26 14:46:02" }, "geometry": { "type": "Point", "coordinates": [ -76.505765408352943, 3.37421231816265 ] } },
{ "type": "Feature", "properties": { "OBJECTID": 16829, "CE": "", "CT": "Manzana/Vereda", "ESTAMPA_CC": "2026-05-26 14:46:02" }, "geometry": { "type": "Point", "coordinates": [ -76.505659048508193, 3.37423259259822 ] } },
{ "type": "Feature", "properties": { "OBJECTID": 16830, "CE": "", "CT": "Manzana/Vereda", "ESTAMPA_CC": "2026-05-26 14:46:02" }, "geometry": { "type": "Point", "coordinates": [ -76.505762593273275, 3.374145091745081 ] } },
{ "type": "Feature", "properties": { "OBJECTID": 16831, "CE": "", "CT": "Manzana/Vereda", "ESTAMPA_CC": "2026-05-26 14:46:02" }, "geometry": { "type": "Point", "coordinates": [ -76.505762593273275, 3.374145091745081 ] } },
{ "type": "Feature", "properties": { "OBJECTID": 16832, "CE": "", "CT": "Manzana/Vereda", "ESTAMPA_CC": "2026-05-26 14:46:02" }, "geometry": { "type": "Point", "coordinates": [ -76.505762593273275, 3.374145091745081 ] } },
{ "type": "Feature", "properties": { "OBJECTID": 16833, "CE": "", "CT": "Manzana/Vereda", "ESTAMPA_CC": "2026-05-26 14:46:02" }, "geometry": { "type": "Point", "coordinates": [ -76.505659048508193, 3.37423259259822 ] } },
{ "type": "Feature", "properties": { "OBJECTID": 16834, "CE": "", "CT": "Manzana/Vereda", "ESTAMPA_CC": "2026-05-26 14:46:02" }, "geometry": { "type": "Point", "coordinates": [ -76.505657522110184, 3.374135565321773 ] } },
{ "type": "Feature", "properties": { "OBJECTID": 16870, "CE": "", "CT": "Manzana/Vereda", "ESTAMPA_CC": "2026-05-26 14:46:02" }, "geometry": { "type": "Point", "coordinates": [ -76.505765408352943, 3.37421231816265 ] } },
{ "type": "Feature", "properties": { "OBJECTID": 16871, "CE": "", "CT": "Manzana/Vereda", "ESTAMPA_CC": "2026-05-26 14:46:02" }, "geometry": { "type": "Point", "coordinates": [ -76.505657522110184, 3.374135565321773 ] } },
{ "type": "Feature", "properties": { "OBJECTID": 16872, "CE": "", "CT": "Manzana/Vereda", "ESTAMPA_CC": "2026-05-26 14:46:02" }, "geometry": { "type": "Point", "coordinates": [ -76.505765408352943, 3.37421231816265 ] } },
{ "type": "Feature", "properties": { "OBJECTID": 16873, "CE": "", "CT": "Manzana/Vereda", "ESTAMPA_CC": "2026-05-26 14:46:02" }, "geometry": { "type": "Point", "coordinates": [ -76.505765408352943, 3.37421231816265 ] } },
{ "type": "Feature", "properties": { "OBJECTID": 16874, "CE": "", "CT": "Manzana/Vereda", "ESTAMPA_CC": "2026-05-26 14:46:02" }, "geometry": { "type": "Point", "coordinates": [ -76.505762593273275, 3.374145091745081 ] } },
{ "type": "Feature", "properties": { "OBJECTID": 16875, "CE": "", "CT": "Manzana/Vereda", "ESTAMPA_CC": "2026-05-26 14:46:02" }, "geometry": { "type": "Point", "coordinates": [ -76.505657522110184, 3.374135565321773 ] } },
{ "type": "Feature", "properties": { "OBJECTID": 16889, "CE": "", "CT": "Manzana/Vereda", "ESTAMPA_CC": "2026-05-26 14:46:02" }, "geometry": { "type": "Point", "coordinates": [ -76.505762593273275, 3.374145091745081 ] } },
{ "type": "Feature", "properties": { "OBJECTID": 16890, "CE": "", "CT": "Manzana/Vereda", "ESTAMPA_CC": "2026-05-26 14:46:02" }, "geometry": { "type": "Point", "coordinates": [ -76.505659048508193, 3.37423259259822 ] } },
{ "type": "Feature", "properties": { "OBJECTID": 16891, "CE": "", "CT": "Manzana/Vereda", "ESTAMPA_CC": "2026-05-26 14:46:02" }, "geometry": { "type": "Point", "coordinates": [ -76.505657522110184, 3.374135565321773 ] } },
{ "type": "Feature", "properties": { "OBJECTID": 16892, "CE": "", "CT": "Manzana/Vereda", "ESTAMPA_CC": "2026-05-26 14:46:02" }, "geometry": { "type": "Point", "coordinates": [ -76.505659048508193, 3.37423259259822 ] } },
{ "type": "Feature", "properties": { "OBJECTID": 16893, "CE": "", "CT": "Manzana/Vereda", "ESTAMPA_CC": "2026-05-26 14:46:02" }, "geometry": { "type": "Point", "coordinates": [ -76.505765408352943, 3.37421231816265 ] } },
{ "type": "Feature", "properties": { "OBJECTID": 16894, "CE": "", "CT": "Manzana/Vereda", "ESTAMPA_CC": "2026-05-26 14:46:02" }, "geometry": { "type": "Point", "coordinates": [ -76.505659048508193, 3.37423259259822 ] } },
{ "type": "Feature", "properties": { "OBJECTID": 16955, "CE": "", "CT": "Manzana/Vereda", "ESTAMPA_CC": "2026-05-26 14:46:02" }, "geometry": { "type": "Point", "coordinates": [ -76.505793611458515, 3.373494895798316 ] } },
{ "type": "Feature", "properties": { "OBJECTID": 16956, "CE": "", "CT": "Manzana/Vereda", "ESTAMPA_CC": "2026-05-26 14:46:02" }, "geometry": { "type": "Point", "coordinates": [ -76.505681387327101, 3.373561409271333 ] } },
{ "type": "Feature", "properties": { "OBJECTID": 16957, "CE": "", "CT": "Manzana/Vereda", "ESTAMPA_CC": "2026-05-26 14:46:02" }, "geometry": { "type": "Point", "coordinates": [ -76.505681387327101, 3.373561409271333 ] } },
{ "type": "Feature", "properties": { "OBJECTID": 16958, "CE": "", "CT": "Manzana/Vereda", "ESTAMPA_CC": "2026-05-26 14:46:02" }, "geometry": { "type": "Point", "coordinates": [ -76.505793611458515, 3.373494895798316 ] } },
{ "type": "Feature", "properties": { "OBJECTID": 16959, "CE": "", "CT": "Manzana/Vereda", "ESTAMPA_CC": "2026-05-26 14:46:02" }, "geometry": { "type": "Point", "coordinates": [ -76.505793611458515, 3.373494895798316 ] } },
{ "type": "Feature", "properties": { "OBJECTID": 16960, "CE": "", "CT": "Manzana/Vereda", "ESTAMPA_CC": "2026-05-26 14:46:02" }, "geometry": { "type": "Point", "coordinates": [ -76.505789033413365, 3.373563967560807 ] } },
{ "type": "Feature", "properties": { "OBJECTID": 16961, "CE": "", "CT": "Manzana/Vereda", "ESTAMPA_CC": "2026-05-26 14:46:02" }, "geometry": { "type": "Point", "coordinates": [ -76.505681387327101, 3.373561409271333 ] } },
{ "type": "Feature", "properties": { "OBJECTID": 16962, "CE": "", "CT": "Manzana/Vereda", "ESTAMPA_CC": "2026-05-26 14:46:02" }, "geometry": { "type": "Point", "coordinates": [ -76.505689195651755, 3.373465083795742 ] } },
{ "type": "Feature", "properties": { "OBJECTID": 16963, "CE": "", "CT": "Manzana/Vereda", "ESTAMPA_CC": "2026-05-26 14:46:02" }, "geometry": { "type": "Point", "coordinates": [ -76.505689195651755, 3.373465083795742 ] } },
{ "type": "Feature", "properties": { "OBJECTID": 16964, "CE": "", "CT": "Manzana/Vereda", "ESTAMPA_CC": "2026-05-26 14:46:02" }, "geometry": { "type": "Point", "coordinates": [ -76.505689195651755, 3.373465083795742 ] } },
{ "type": "Feature", "properties": { "OBJECTID": 16972, "CE": "", "CT": "Manzana/Vereda", "ESTAMPA_CC": "2026-05-26 14:46:02" }, "geometry": { "type": "Point", "coordinates": [ -76.505544710217293, 3.373789068708089 ] } },
{ "type": "Feature", "properties": { "OBJECTID": 16973, "CE": "", "CT": "Manzana/Vereda", "ESTAMPA_CC": "2026-05-26 14:46:02" }, "geometry": { "type": "Point", "coordinates": [ -76.5054409795179, 3.373874068081737 ] } },
{ "type": "Feature", "properties": { "OBJECTID": 16974, "CE": "", "CT": "Manzana/Vereda", "ESTAMPA_CC": "2026-05-26 14:46:02" }, "geometry": { "type": "Point", "coordinates": [ -76.505544710217293, 3.373789068708089 ] } },
{ "type": "Feature", "properties": { "OBJECTID": 16975, "CE": "", "CT": "Manzana/Vereda", "ESTAMPA_CC": "2026-05-26 14:46:02" }, "geometry": { "type": "Point", "coordinates": [ -76.5054409795179, 3.373874068081737 ] } },
{ "type": "Feature", "properties": { "OBJECTID": 16976, "CE": "", "CT": "Manzana/Vereda", "ESTAMPA_CC": "2026-05-26 14:46:02" }, "geometry": { "type": "Point", "coordinates": [ -76.5054409795179, 3.373874068081737 ] } },
{ "type": "Feature", "properties": { "OBJECTID": 16977, "CE": "", "CT": "Manzana/Vereda", "ESTAMPA_CC": "2026-05-26 14:46:02" }, "geometry": { "type": "Point", "coordinates": [ -76.505548324284632, 3.373886707252891 ] } },
{ "type": "Feature", "properties": { "OBJECTID": 16978, "CE": "", "CT": "Manzana/Vereda", "ESTAMPA_CC": "2026-05-26 14:46:02" }, "geometry": { "type": "Point", "coordinates": [ -76.505548324284632, 3.373886707252891 ] } },
{ "type": "Feature", "properties": { "OBJECTID": 16979, "CE": "", "CT": "Manzana/Vereda", "ESTAMPA_CC": "2026-05-26 14:46:02" }, "geometry": { "type": "Point", "coordinates": [ -76.50544310218163, 3.373807985999377 ] } },
{ "type": "Feature", "properties": { "OBJECTID": 16980, "CE": "", "CT": "Manzana/Vereda", "ESTAMPA_CC": "2026-05-26 14:46:02" }, "geometry": { "type": "Point", "coordinates": [ -76.5054409795179, 3.373874068081737 ] } },
{ "type": "Feature", "properties": { "OBJECTID": 16981, "CE": "", "CT": "Manzana/Vereda", "ESTAMPA_CC": "2026-05-26 14:46:02" }, "geometry": { "type": "Point", "coordinates": [ -76.505544710217293, 3.373789068708089 ] } },
{ "type": "Feature", "properties": { "OBJECTID": 16982, "CE": "", "CT": "Manzana/Vereda", "ESTAMPA_CC": "2026-05-26 14:46:02" }, "geometry": { "type": "Point", "coordinates": [ -76.505544710217293, 3.373789068708089 ] } },
{ "type": "Feature", "properties": { "OBJECTID": 16986, "CE": "Error de área; NPN Terreno -> Unidad", "CT": "", "ESTAMPA_CC": "2026-05-26 14:46:02" }, "geometry": null },
{ "type": "Feature", "properties": { "OBJECTID": 17003, "CE": "", "CT": "Manzana/Vereda", "ESTAMPA_CC": "2026-05-26 14:46:02" }, "geometry": { "type": "Point", "coordinates": [ -76.505720379158504, 3.374959739612679 ] } },
{ "type": "Feature", "properties": { "OBJECTID": 17004, "CE": "", "CT": "Manzana/Vereda", "ESTAMPA_CC": "2026-05-26 14:46:02" }, "geometry": { "type": "Point", "coordinates": [ -76.505858915863826, 3.374952164622015 ] } },
{ "type": "Feature", "properties": { "OBJECTID": 17005, "CE": "", "CT": "Manzana/Vereda", "ESTAMPA_CC": "2026-05-26 14:46:02" }, "geometry": { "type": "Point", "coordinates": [ -76.505809873910792, 3.374881311217522 ] } },
{ "type": "Feature", "properties": { "OBJECTID": 17013, "CE": "", "CT": "Manzana/Vereda", "ESTAMPA_CC": "2026-05-26 14:46:02" }, "geometry": { "type": "Point", "coordinates": [ -76.5054409795179, 3.373874068081737 ] } },
{ "type": "Feature", "properties": { "OBJECTID": 17014, "CE": "", "CT": "Manzana/Vereda", "ESTAMPA_CC": "2026-05-26 14:46:02" }, "geometry": { "type": "Point", "coordinates": [ -76.505793611458515, 3.373494895798316 ] } },
{ "type": "Feature", "properties": { "OBJECTID": 17015, "CE": "", "CT": "Manzana/Vereda", "ESTAMPA_CC": "2026-05-26 14:46:02" }, "geometry": { "type": "Point", "coordinates": [ -76.505681387327101, 3.373561409271333 ] } },
{ "type": "Feature", "properties": { "OBJECTID": 17016, "CE": "", "CT": "Manzana/Vereda", "ESTAMPA_CC": "2026-05-26 14:46:02" }, "geometry": { "type": "Point", "coordinates": [ -76.505681387327101, 3.373561409271333 ] } },
{ "type": "Feature", "properties": { "OBJECTID": 17017, "CE": "", "CT": "Manzana/Vereda", "ESTAMPA_CC": "2026-05-26 14:46:02" }, "geometry": { "type": "Point", "coordinates": [ -76.505858915863826, 3.374952164622015 ] } },
{ "type": "Feature", "properties": { "OBJECTID": 17018, "CE": "", "CT": "Manzana/Vereda", "ESTAMPA_CC": "2026-05-26 14:46:02" }, "geometry": { "type": "Point", "coordinates": [ -76.505809873910792, 3.374881311217522 ] } },
{ "type": "Feature", "properties": { "OBJECTID": 17019, "CE": "", "CT": "Manzana/Vereda", "ESTAMPA_CC": "2026-05-26 14:46:02" }, "geometry": { "type": "Point", "coordinates": [ -76.505750999477115, 3.375011658911736 ] } },
{ "type": "Feature", "properties": { "OBJECTID": 17020, "CE": "", "CT": "Manzana/Vereda", "ESTAMPA_CC": "2026-05-26 14:46:02" }, "geometry": { "type": "Point", "coordinates": [ -76.505809873910792, 3.374881311217522 ] } },
{ "type": "Feature", "properties": { "OBJECTID": 17027, "CE": "", "CT": "Manzana/Vereda", "ESTAMPA_CC": "2026-05-26 14:46:02" }, "geometry": { "type": "Point", "coordinates": [ -76.505650486642963, 3.373805763153092 ] } },
{ "type": "Feature", "properties": { "OBJECTID": 17028, "CE": "", "CT": "Manzana/Vereda", "ESTAMPA_CC": "2026-05-26 14:46:02" }, "geometry": { "type": "Point", "coordinates": [ -76.5054409795179, 3.373874068081737 ] } },
{ "type": "Feature", "properties": { "OBJECTID": 17029, "CE": "", "CT": "Manzana/Vereda", "ESTAMPA_CC": "2026-05-26 14:46:02" }, "geometry": { "type": "Point", "coordinates": [ -76.505548324284632, 3.373886707252891 ] } },
{ "type": "Feature", "properties": { "OBJECTID": 17030, "CE": "", "CT": "Manzana/Vereda", "ESTAMPA_CC": "2026-05-26 14:46:02" }, "geometry": { "type": "Point", "coordinates": [ -76.505885079079604, 3.37483030363328 ] } },
{ "type": "Feature", "properties": { "OBJECTID": 17031, "CE": "", "CT": "Manzana/Vereda", "ESTAMPA_CC": "2026-05-26 14:46:02" }, "geometry": { "type": "Point", "coordinates": [ -76.505885079079604, 3.37483030363328 ] } },
{ "type": "Feature", "properties": { "OBJECTID": 17032, "CE": "", "CT": "Manzana/Vereda", "ESTAMPA_CC": "2026-05-26 14:46:02" }, "geometry": { "type": "Point", "coordinates": [ -76.506023137825736, 3.374823997647584 ] } },
{ "type": "Feature", "properties": { "OBJECTID": 17033, "CE": "", "CT": "Manzana/Vereda", "ESTAMPA_CC": "2026-05-26 14:46:02" }, "geometry": { "type": "Point", "coordinates": [ -76.505992507061833, 3.374772064342135 ] } },
{ "type": "Feature", "properties": { "OBJECTID": 17040, "CE": "", "CT": "Manzana/Vereda", "ESTAMPA_CC": "2026-05-26 14:46:02" }, "geometry": { "type": "Point", "coordinates": [ -76.505650486642963, 3.373805763153092 ] } },
{ "type": "Feature", "properties": { "OBJECTID": 17041, "CE": "", "CT": "Manzana/Vereda", "ESTAMPA_CC": "2026-05-26 14:46:02" }, "geometry": { "type": "Point", "coordinates": [ -76.50575570921724, 3.37388451648252 ] } },
{ "type": "Feature", "properties": { "OBJECTID": 17058, "CE": "", "CT": "Manzana/Vereda", "ESTAMPA_CC": "2026-05-26 14:46:02" }, "geometry": { "type": "Point", "coordinates": [ -76.50544310218163, 3.373807985999377 ] } },
{ "type": "Feature", "properties": { "OBJECTID": 17059, "CE": "", "CT": "Manzana/Vereda", "ESTAMPA_CC": "2026-05-26 14:46:02" }, "geometry": { "type": "Point", "coordinates": [ -76.50544310218163, 3.373807985999377 ] } },
{ "type": "Feature", "properties": { "OBJECTID": 17060, "CE": "", "CT": "Manzana/Vereda", "ESTAMPA_CC": "2026-05-26 14:46:02" }, "geometry": { "type": "Point", "coordinates": [ -76.505650486642963, 3.373805763153092 ] } },
{ "type": "Feature", "properties": { "OBJECTID": 17061, "CE": "", "CT": "Manzana/Vereda", "ESTAMPA_CC": "2026-05-26 14:46:02" }, "geometry": { "type": "Point", "coordinates": [ -76.505654344002366, 3.373895824555377 ] } },
{ "type": "Feature", "properties": { "OBJECTID": 17062, "CE": "", "CT": "Manzana/Vereda", "ESTAMPA_CC": "2026-05-26 14:46:02" }, "geometry": { "type": "Point", "coordinates": [ -76.50575570921724, 3.37388451648252 ] } },
{ "type": "Feature", "properties": { "OBJECTID": 17067, "CE": "", "CT": "Manzana/Vereda", "ESTAMPA_CC": "2026-05-26 14:46:02" }, "geometry": { "type": "Point", "coordinates": [ -76.505554272705353, 3.374254497760841 ] } },
{ "type": "Feature", "properties": { "OBJECTID": 17068, "CE": "", "CT": "Manzana/Vereda", "ESTAMPA_CC": "2026-05-26 14:46:02" }, "geometry": { "type": "Point", "coordinates": [ -76.505554272705353, 3.374254497760841 ] } },
{ "type": "Feature", "properties": { "OBJECTID": 17069, "CE": "", "CT": "Manzana/Vereda", "ESTAMPA_CC": "2026-05-26 14:46:02" }, "geometry": { "type": "Point", "coordinates": [ -76.505446390960103, 3.374177776090739 ] } },
{ "type": "Feature", "properties": { "OBJECTID": 17070, "CE": "", "CT": "Manzana/Vereda", "ESTAMPA_CC": "2026-05-26 14:46:02" }, "geometry": { "type": "Point", "coordinates": [ -76.505449205024604, 3.374244984877449 ] } },
{ "type": "Feature", "properties": { "OBJECTID": 17071, "CE": "", "CT": "Manzana/Vereda", "ESTAMPA_CC": "2026-05-26 14:46:02" }, "geometry": { "type": "Point", "coordinates": [ -76.505552747551562, 3.374157481786669 ] } },
{ "type": "Feature", "properties": { "OBJECTID": 17072, "CE": "", "CT": "Manzana/Vereda", "ESTAMPA_CC": "2026-05-26 14:46:02" }, "geometry": { "type": "Point", "coordinates": [ -76.505554272705353, 3.374254497760841 ] } },
{ "type": "Feature", "properties": { "OBJECTID": 17073, "CE": "", "CT": "Manzana/Vereda", "ESTAMPA_CC": "2026-05-26 14:46:02" }, "geometry": { "type": "Point", "coordinates": [ -76.505554272705353, 3.374254497760841 ] } },
{ "type": "Feature", "properties": { "OBJECTID": 17074, "CE": "", "CT": "Manzana/Vereda", "ESTAMPA_CC": "2026-05-26 14:46:02" }, "geometry": { "type": "Point", "coordinates": [ -76.505757832852112, 3.373818416767689 ] } },
{ "type": "Feature", "properties": { "OBJECTID": 17075, "CE": "", "CT": "Manzana/Vereda", "ESTAMPA_CC": "2026-05-26 14:46:02" }, "geometry": { "type": "Point", "coordinates": [ -76.50575570921724, 3.37388451648252 ] } },
{ "type": "Feature", "properties": { "OBJECTID": 17076, "CE": "", "CT": "Manzana/Vereda", "ESTAMPA_CC": "2026-05-26 14:46:02" }, "geometry": { "type": "Point", "coordinates": [ -76.505654344002366, 3.373895824555377 ] } },
{ "type": "Feature", "properties": { "OBJECTID": 17077, "CE": "", "CT": "Manzana/Vereda", "ESTAMPA_CC": "2026-05-26 14:46:02" }, "geometry": { "type": "Point", "coordinates": [ -76.505654344002366, 3.373895824555377 ] } },
{ "type": "Feature", "properties": { "OBJECTID": 17078, "CE": "", "CT": "Manzana/Vereda", "ESTAMPA_CC": "2026-05-26 14:46:02" }, "geometry": { "type": "Point", "coordinates": [ -76.505650486642963, 3.373805763153092 ] } },
{ "type": "Feature", "properties": { "OBJECTID": 17079, "CE": "", "CT": "Manzana/Vereda", "ESTAMPA_CC": "2026-05-26 14:46:02" }, "geometry": { "type": "Point", "coordinates": [ -76.505654344002366, 3.373895824555377 ] } },
{ "type": "Feature", "properties": { "OBJECTID": 17080, "CE": "", "CT": "Manzana/Vereda", "ESTAMPA_CC": "2026-05-26 14:46:02" }, "geometry": { "type": "Point", "coordinates": [ -76.505654344002366, 3.373895824555377 ] } },
{ "type": "Feature", "properties": { "OBJECTID": 17090, "CE": "", "CT": "Manzana/Vereda", "ESTAMPA_CC": "2026-05-26 14:46:02" }, "geometry": { "type": "Point", "coordinates": [ -76.505757832852112, 3.373818416767689 ] } },
{ "type": "Feature", "properties": { "OBJECTID": 17091, "CE": "", "CT": "Manzana/Vereda", "ESTAMPA_CC": "2026-05-26 14:46:02" }, "geometry": { "type": "Point", "coordinates": [ -76.505650486642963, 3.373805763153092 ] } },
{ "type": "Feature", "properties": { "OBJECTID": 17092, "CE": "", "CT": "Manzana/Vereda", "ESTAMPA_CC": "2026-05-26 14:46:02" }, "geometry": { "type": "Point", "coordinates": [ -76.505552747551562, 3.374157481786669 ] } },
{ "type": "Feature", "properties": { "OBJECTID": 17093, "CE": "", "CT": "Manzana/Vereda", "ESTAMPA_CC": "2026-05-26 14:46:02" }, "geometry": { "type": "Point", "coordinates": [ -76.505554272705353, 3.374254497760841 ] } },
{ "type": "Feature", "properties": { "OBJECTID": 17094, "CE": "", "CT": "Manzana/Vereda", "ESTAMPA_CC": "2026-05-26 14:46:02" }, "geometry": { "type": "Point", "coordinates": [ -76.505446390960103, 3.374177776090739 ] } },
{ "type": "Feature", "properties": { "OBJECTID": 17095, "CE": "", "CT": "Manzana/Vereda", "ESTAMPA_CC": "2026-05-26 14:46:02" }, "geometry": { "type": "Point", "coordinates": [ -76.505449205024604, 3.374244984877449 ] } },
{ "type": "Feature", "properties": { "OBJECTID": 17124, "CE": "", "CT": "Manzana/Vereda", "ESTAMPA_CC": "2026-05-26 14:46:02" }, "geometry": { "type": "Point", "coordinates": [ -76.505449205024604, 3.374244984877449 ] } },
{ "type": "Feature", "properties": { "OBJECTID": 17125, "CE": "", "CT": "Manzana/Vereda", "ESTAMPA_CC": "2026-05-26 14:46:02" }, "geometry": { "type": "Point", "coordinates": [ -76.505554272705353, 3.374254497760841 ] } },
{ "type": "Feature", "properties": { "OBJECTID": 17126, "CE": "", "CT": "Manzana/Vereda", "ESTAMPA_CC": "2026-05-26 14:46:02" }, "geometry": { "type": "Point", "coordinates": [ -76.505657522110184, 3.374135565321773 ] } },
{ "type": "Feature", "properties": { "OBJECTID": 17127, "CE": "", "CT": "Manzana/Vereda", "ESTAMPA_CC": "2026-05-26 14:46:02" }, "geometry": { "type": "Point", "coordinates": [ -76.505659048508193, 3.37423259259822 ] } },
{ "type": "Feature", "properties": { "OBJECTID": 17128, "CE": "", "CT": "Manzana/Vereda", "ESTAMPA_CC": "2026-05-26 14:46:02" }, "geometry": { "type": "Point", "coordinates": [ -76.505657522110184, 3.374135565321773 ] } },
{ "type": "Feature", "properties": { "OBJECTID": 17193, "CE": "NPN Terreno -> Unidad", "CT": "", "ESTAMPA_CC": "2026-05-26 14:46:02" }, "geometry": { "type": "Point", "coordinates": [ -76.508817610047728, 3.37921761952721 ] } },
{ "type": "Feature", "properties": { "OBJECTID": 17204, "CE": "", "CT": "Manzana/Vereda", "ESTAMPA_CC": "2026-05-26 14:46:02" }, "geometry": { "type": "Point", "coordinates": [ -76.505750999477115, 3.375011658911736 ] } },
{ "type": "Feature", "properties": { "OBJECTID": 17205, "CE": "", "CT": "Manzana/Vereda", "ESTAMPA_CC": "2026-05-26 14:46:02" }, "geometry": { "type": "Point", "coordinates": [ -76.505750999477115, 3.375011658911736 ] } },
{ "type": "Feature", "properties": { "OBJECTID": 17206, "CE": "", "CT": "Manzana/Vereda", "ESTAMPA_CC": "2026-05-26 14:46:02" }, "geometry": { "type": "Point", "coordinates": [ -76.505809873910792, 3.374881311217522 ] } },
{ "type": "Feature", "properties": { "OBJECTID": 17207, "CE": "", "CT": "Manzana/Vereda", "ESTAMPA_CC": "2026-05-26 14:46:02" }, "geometry": { "type": "Point", "coordinates": [ -76.505858915863826, 3.374952164622015 ] } },
{ "type": "Feature", "properties": { "OBJECTID": 17208, "CE": "", "CT": "Manzana/Vereda", "ESTAMPA_CC": "2026-05-26 14:46:02" }, "geometry": { "type": "Point", "coordinates": [ -76.505720379158504, 3.374959739612679 ] } },
{ "type": "Feature", "properties": { "OBJECTID": 17209, "CE": "", "CT": "Manzana/Vereda", "ESTAMPA_CC": "2026-05-26 14:46:02" }, "geometry": { "type": "Point", "coordinates": [ -76.505858915863826, 3.374952164622015 ] } },
{ "type": "Feature", "properties": { "OBJECTID": 17210, "CE": "", "CT": "Manzana/Vereda", "ESTAMPA_CC": "2026-05-26 14:46:02" }, "geometry": { "type": "Point", "coordinates": [ -76.505720379158504, 3.374959739612679 ] } },
{ "type": "Feature", "properties": { "OBJECTID": 17211, "CE": "", "CT": "Manzana/Vereda", "ESTAMPA_CC": "2026-05-26 14:46:02" }, "geometry": { "type": "Point", "coordinates": [ -76.505720379158504, 3.374959739612679 ] } },
{ "type": "Feature", "properties": { "OBJECTID": 17212, "CE": "", "CT": "Manzana/Vereda", "ESTAMPA_CC": "2026-05-26 14:46:02" }, "geometry": { "type": "Point", "coordinates": [ -76.505750999477115, 3.375011658911736 ] } },
{ "type": "Feature", "properties": { "OBJECTID": 17213, "CE": "", "CT": "Manzana/Vereda", "ESTAMPA_CC": "2026-05-26 14:46:02" }, "geometry": { "type": "Point", "coordinates": [ -76.505809873910792, 3.374881311217522 ] } },
{ "type": "Feature", "properties": { "OBJECTID": 17214, "CE": "", "CT": "Manzana/Vereda", "ESTAMPA_CC": "2026-05-26 14:46:02" }, "geometry": { "type": "Point", "coordinates": [ -76.505720379158504, 3.374959739612679 ] } },
{ "type": "Feature", "properties": { "OBJECTID": 17224, "CE": "", "CT": "Manzana/Vereda", "ESTAMPA_CC": "2026-05-26 14:46:02" }, "geometry": { "type": "Point", "coordinates": [ -76.505750999477115, 3.375011658911736 ] } },
{ "type": "Feature", "properties": { "OBJECTID": 17225, "CE": "", "CT": "Manzana/Vereda", "ESTAMPA_CC": "2026-05-26 14:46:02" }, "geometry": { "type": "Point", "coordinates": [ -76.505809873910792, 3.374881311217522 ] } },
{ "type": "Feature", "properties": { "OBJECTID": 17226, "CE": "", "CT": "Manzana/Vereda", "ESTAMPA_CC": "2026-05-26 14:46:02" }, "geometry": { "type": "Point", "coordinates": [ -76.505720379158504, 3.374959739612679 ] } },
{ "type": "Feature", "properties": { "OBJECTID": 17227, "CE": "", "CT": "Manzana/Vereda", "ESTAMPA_CC": "2026-05-26 14:46:02" }, "geometry": { "type": "Point", "coordinates": [ -76.505750999477115, 3.375011658911736 ] } },
{ "type": "Feature", "properties": { "OBJECTID": 17228, "CE": "", "CT": "Manzana/Vereda", "ESTAMPA_CC": "2026-05-26 14:46:02" }, "geometry": { "type": "Point", "coordinates": [ -76.505720379158504, 3.374959739612679 ] } },
{ "type": "Feature", "properties": { "OBJECTID": 17229, "CE": "", "CT": "Manzana/Vereda", "ESTAMPA_CC": "2026-05-26 14:46:02" }, "geometry": { "type": "Point", "coordinates": [ -76.505809873910792, 3.374881311217522 ] } },
{ "type": "Feature", "properties": { "OBJECTID": 17230, "CE": "", "CT": "Manzana/Vereda", "ESTAMPA_CC": "2026-05-26 14:46:02" }, "geometry": { "type": "Point", "coordinates": [ -76.505750999477115, 3.375011658911736 ] } },
{ "type": "Feature", "properties": { "OBJECTID": 17231, "CE": "", "CT": "Manzana/Vereda", "ESTAMPA_CC": "2026-05-26 14:46:02" }, "geometry": { "type": "Point", "coordinates": [ -76.505933647429089, 3.374902440077915 ] } },
{ "type": "Feature", "properties": { "OBJECTID": 17232, "CE": "", "CT": "Manzana/Vereda", "ESTAMPA_CC": "2026-05-26 14:46:02" }, "geometry": { "type": "Point", "coordinates": [ -76.505933647429089, 3.374902440077915 ] } },
{ "type": "Feature", "properties": { "OBJECTID": 17240, "CE": "", "CT": "Manzana/Vereda", "ESTAMPA_CC": "2026-05-26 14:46:02" }, "geometry": { "type": "Point", "coordinates": [ -76.505885079079604, 3.37483030363328 ] } },
{ "type": "Feature", "properties": { "OBJECTID": 17241, "CE": "", "CT": "Manzana/Vereda", "ESTAMPA_CC": "2026-05-26 14:46:02" }, "geometry": { "type": "Point", "coordinates": [ -76.505885079079604, 3.37483030363328 ] } },
{ "type": "Feature", "properties": { "OBJECTID": 17242, "CE": "", "CT": "Manzana/Vereda", "ESTAMPA_CC": "2026-05-26 14:46:02" }, "geometry": { "type": "Point", "coordinates": [ -76.506023137825736, 3.374823997647584 ] } },
{ "type": "Feature", "properties": { "OBJECTID": 17243, "CE": "", "CT": "Manzana/Vereda", "ESTAMPA_CC": "2026-05-26 14:46:02" }, "geometry": { "type": "Point", "coordinates": [ -76.506023137825736, 3.374823997647584 ] } },
{ "type": "Feature", "properties": { "OBJECTID": 17244, "CE": "", "CT": "Manzana/Vereda", "ESTAMPA_CC": "2026-05-26 14:46:02" }, "geometry": { "type": "Point", "coordinates": [ -76.506023137825736, 3.374823997647584 ] } },
{ "type": "Feature", "properties": { "OBJECTID": 17245, "CE": "", "CT": "Manzana/Vereda", "ESTAMPA_CC": "2026-05-26 14:46:02" }, "geometry": { "type": "Point", "coordinates": [ -76.505992507061833, 3.374772064342135 ] } },
{ "type": "Feature", "properties": { "OBJECTID": 17246, "CE": "", "CT": "Manzana/Vereda", "ESTAMPA_CC": "2026-05-26 14:46:02" }, "geometry": { "type": "Point", "coordinates": [ -76.505933647429089, 3.374902440077915 ] } },
{ "type": "Feature", "properties": { "OBJECTID": 17247, "CE": "", "CT": "Manzana/Vereda", "ESTAMPA_CC": "2026-05-26 14:46:02" }, "geometry": { "type": "Point", "coordinates": [ -76.505933647429089, 3.374902440077915 ] } },
{ "type": "Feature", "properties": { "OBJECTID": 17248, "CE": "", "CT": "Manzana/Vereda", "ESTAMPA_CC": "2026-05-26 14:46:02" }, "geometry": { "type": "Point", "coordinates": [ -76.505933647429089, 3.374902440077915 ] } },
{ "type": "Feature", "properties": { "OBJECTID": 17249, "CE": "", "CT": "Manzana/Vereda", "ESTAMPA_CC": "2026-05-26 14:46:02" }, "geometry": { "type": "Point", "coordinates": [ -76.505885079079604, 3.37483030363328 ] } },
{ "type": "Feature", "properties": { "OBJECTID": 17335, "CE": "", "CT": "Condición: Condominio", "ESTAMPA_CC": "2026-05-26 14:46:02" }, "geometry": { "type": "Point", "coordinates": [ -76.546473318419729, 3.322518241433051 ] } },
{ "type": "Feature", "properties": { "OBJECTID": 17372, "CE": "Error de área; NPN Terreno -> Unidad", "CT": "", "ESTAMPA_CC": "2026-05-26 14:46:02" }, "geometry": null },
{ "type": "Feature", "properties": { "OBJECTID": 17421, "CE": "", "CT": "Llave IDPREDIO", "ESTAMPA_CC": "2026-05-26 14:46:02" }, "geometry": { "type": "Point", "coordinates": [ -76.5176799107752, 3.359466973063855 ] } },
{ "type": "Feature", "properties": { "OBJECTID": 17612, "CE": "", "CT": "Condición: Condominio", "ESTAMPA_CC": "2026-05-26 14:46:02" }, "geometry": { "type": "Point", "coordinates": [ -76.547700827101067, 3.321836732831358 ] } },
{ "type": "Feature", "properties": { "OBJECTID": 17617, "CE": "NPN Terreno -> Unidad", "CT": "Condición: Condominio", "ESTAMPA_CC": "2026-05-26 14:46:02" }, "geometry": { "type": "Point", "coordinates": [ -76.5480648078955, 3.323015911625799 ] } },
{ "type": "Feature", "properties": { "OBJECTID": 17691, "CE": "", "CT": "Llave IDPREDIO", "ESTAMPA_CC": "2026-05-26 14:46:02" }, "geometry": { "type": "Point", "coordinates": [ -76.5176799107752, 3.359466973063855 ] } },
{ "type": "Feature", "properties": { "OBJECTID": 17725, "CE": "NPN Terreno -> Unidad", "CT": "Llave IDPREDIO", "ESTAMPA_CC": "2026-05-26 14:46:02" }, "geometry": { "type": "Point", "coordinates": [ -76.517468533025124, 3.359387848639964 ] } },
{ "type": "Feature", "properties": { "OBJECTID": 17768, "CE": "", "CT": "Llave IDPREDIO", "ESTAMPA_CC": "2026-05-26 14:46:02" }, "geometry": { "type": "Point", "coordinates": [ -76.517468533025124, 3.359387848639964 ] } },
{ "type": "Feature", "properties": { "OBJECTID": 17777, "CE": "", "CT": "Llave IDPREDIO", "ESTAMPA_CC": "2026-05-26 14:46:02" }, "geometry": { "type": "Point", "coordinates": [ -76.51758737505024, 3.359465637283854 ] } },
{ "type": "Feature", "properties": { "OBJECTID": 17820, "CE": "", "CT": "Llave IDPREDIO", "ESTAMPA_CC": "2026-05-26 14:46:02" }, "geometry": { "type": "Point", "coordinates": [ -76.51758737505024, 3.359465637283854 ] } },
{ "type": "Feature", "properties": { "OBJECTID": 17834, "CE": "NPN Terreno -> Unidad", "CT": "Condición: Condominio", "ESTAMPA_CC": "2026-05-26 14:46:02" }, "geometry": { "type": "Point", "coordinates": [ -76.549072890546427, 3.323079924145094 ] } },
{ "type": "Feature", "properties": { "OBJECTID": 17895, "CE": "NPN Terreno -> Unidad", "CT": "Condición: Condominio", "ESTAMPA_CC": "2026-05-26 14:46:02" }, "geometry": { "type": "Point", "coordinates": [ -76.547822819598565, 3.323023334351676 ] } },
{ "type": "Feature", "properties": { "OBJECTID": 18103, "CE": "NPN Terreno -> Unidad", "CT": "", "ESTAMPA_CC": "2026-05-26 14:46:02" }, "geometry": { "type": "Point", "coordinates": [ -76.508817610047728, 3.37921761952721 ] } },
{ "type": "Feature", "properties": { "OBJECTID": 18282, "CE": "", "CT": "Llave IDPREDIO", "ESTAMPA_CC": "2026-05-26 14:46:02" }, "geometry": { "type": "Point", "coordinates": [ -76.517588244634609, 3.35939868985675 ] } },
{ "type": "Feature", "properties": { "OBJECTID": 18283, "CE": "", "CT": "Llave IDPREDIO", "ESTAMPA_CC": "2026-05-26 14:46:02" }, "geometry": { "type": "Point", "coordinates": [ -76.517588244634609, 3.35939868985675 ] } },
{ "type": "Feature", "properties": { "OBJECTID": 18350, "CE": "", "CT": "Condición: Condominio", "ESTAMPA_CC": "2026-05-26 14:46:02" }, "geometry": { "type": "Point", "coordinates": [ -76.546453155369008, 3.321777072331634 ] } },
{ "type": "Feature", "properties": { "OBJECTID": 18410, "CE": "NPN Terreno -> Unidad", "CT": "Comuna", "ESTAMPA_CC": "2026-05-26 14:46:02" }, "geometry": { "type": "Point", "coordinates": [ -76.507053519768377, 3.371888237275095 ] } },
{ "type": "Feature", "properties": { "OBJECTID": 18411, "CE": "NPN Terreno -> Unidad", "CT": "Comuna", "ESTAMPA_CC": "2026-05-26 14:46:02" }, "geometry": { "type": "Point", "coordinates": [ -76.50693714750139, 3.371944466534647 ] } },
{ "type": "Feature", "properties": { "OBJECTID": 18412, "CE": "NPN Terreno -> Unidad", "CT": "Comuna", "ESTAMPA_CC": "2026-05-26 14:46:02" }, "geometry": { "type": "Point", "coordinates": [ -76.506552487892193, 3.37228741088078 ] } },
{ "type": "Feature", "properties": { "OBJECTID": 18413, "CE": "NPN Terreno -> Unidad", "CT": "Comuna", "ESTAMPA_CC": "2026-05-26 14:46:02" }, "geometry": { "type": "Point", "coordinates": [ -76.506752804421794, 3.371829682317335 ] } },
{ "type": "Feature", "properties": { "OBJECTID": 18414, "CE": "NPN Terreno -> Unidad", "CT": "Comuna", "ESTAMPA_CC": "2026-05-26 14:46:02" }, "geometry": { "type": "Point", "coordinates": [ -76.506952340587773, 3.371857380661258 ] } },
{ "type": "Feature", "properties": { "OBJECTID": 18417, "CE": "NPN Terreno -> Unidad", "CT": "Comuna", "ESTAMPA_CC": "2026-05-26 14:46:02" }, "geometry": { "type": "Point", "coordinates": [ -76.507273944807025, 3.372264835840699 ] } },
{ "type": "Feature", "properties": { "OBJECTID": 18427, "CE": "NPN Terreno -> Unidad", "CT": "Comuna", "ESTAMPA_CC": "2026-05-26 14:46:02" }, "geometry": { "type": "Point", "coordinates": [ -76.506847748006336, 3.372418915292982 ] } },
{ "type": "Feature", "properties": { "OBJECTID": 18428, "CE": "NPN Terreno -> Unidad", "CT": "Comuna", "ESTAMPA_CC": "2026-05-26 14:46:02" }, "geometry": { "type": "Point", "coordinates": [ -76.507393186952513, 3.372078764317621 ] } },
{ "type": "Feature", "properties": { "OBJECTID": 18429, "CE": "NPN Terreno -> Unidad", "CT": "Comuna", "ESTAMPA_CC": "2026-05-26 14:46:02" }, "geometry": { "type": "Point", "coordinates": [ -76.507281601217684, 3.372152756125291 ] } },
{ "type": "Feature", "properties": { "OBJECTID": 18441, "CE": "", "CT": "Llave IDPREDIO", "ESTAMPA_CC": "2026-05-26 14:46:02" }, "geometry": { "type": "Point", "coordinates": [ -76.510723415306984, 3.369821772265473 ] } },
{ "type": "Feature", "properties": { "OBJECTID": 18485, "CE": "NPN Terreno -> Unidad", "CT": "Comuna", "ESTAMPA_CC": "2026-05-26 14:46:02" }, "geometry": { "type": "Point", "coordinates": [ -76.50693714750139, 3.371944466534647 ] } },
{ "type": "Feature", "properties": { "OBJECTID": 18486, "CE": "NPN Terreno -> Unidad", "CT": "Comuna", "ESTAMPA_CC": "2026-05-26 14:46:02" }, "geometry": { "type": "Point", "coordinates": [ -76.50693714750139, 3.371944466534647 ] } },
{ "type": "Feature", "properties": { "OBJECTID": 18487, "CE": "NPN Terreno -> Unidad", "CT": "Comuna", "ESTAMPA_CC": "2026-05-26 14:46:02" }, "geometry": { "type": "Point", "coordinates": [ -76.50704906958839, 3.371958950157633 ] } },
{ "type": "Feature", "properties": { "OBJECTID": 18502, "CE": "NPN Terreno -> Unidad", "CT": "Comuna", "ESTAMPA_CC": "2026-05-26 14:46:02" }, "geometry": { "type": "Point", "coordinates": [ -76.507295569024194, 3.37206562999264 ] } },
{ "type": "Feature", "properties": { "OBJECTID": 18560, "CE": "NPN Terreno -> Unidad", "CT": "Comuna", "ESTAMPA_CC": "2026-05-26 14:46:02" }, "geometry": { "type": "Point", "coordinates": [ -76.506747814206236, 3.371904170652761 ] } },
{ "type": "Feature", "properties": { "OBJECTID": 18561, "CE": "NPN Terreno -> Unidad", "CT": "Comuna", "ESTAMPA_CC": "2026-05-26 14:46:02" }, "geometry": { "type": "Point", "coordinates": [ -76.50693714750139, 3.371944466534647 ] } },
{ "type": "Feature", "properties": { "OBJECTID": 18562, "CE": "NPN Terreno -> Unidad", "CT": "Comuna", "ESTAMPA_CC": "2026-05-26 14:46:02" }, "geometry": { "type": "Point", "coordinates": [ -76.507053519768377, 3.371888237275095 ] } },
{ "type": "Feature", "properties": { "OBJECTID": 18563, "CE": "NPN Terreno -> Unidad", "CT": "Comuna", "ESTAMPA_CC": "2026-05-26 14:46:02" }, "geometry": { "type": "Point", "coordinates": [ -76.507053519768377, 3.371888237275095 ] } },
{ "type": "Feature", "properties": { "OBJECTID": 18564, "CE": "NPN Terreno -> Unidad", "CT": "Comuna", "ESTAMPA_CC": "2026-05-26 14:46:02" }, "geometry": { "type": "Point", "coordinates": [ -76.50704906958839, 3.371958950157633 ] } },
{ "type": "Feature", "properties": { "OBJECTID": 18565, "CE": "NPN Terreno -> Unidad", "CT": "Comuna", "ESTAMPA_CC": "2026-05-26 14:46:02" }, "geometry": { "type": "Point", "coordinates": [ -76.506952340587773, 3.371857380661258 ] } },
{ "type": "Feature", "properties": { "OBJECTID": 18566, "CE": "NPN Terreno -> Unidad", "CT": "Comuna", "ESTAMPA_CC": "2026-05-26 14:46:02" }, "geometry": { "type": "Point", "coordinates": [ -76.506552487892193, 3.37228741088078 ] } },
{ "type": "Feature", "properties": { "OBJECTID": 18633, "CE": "NPN Terreno -> Unidad", "CT": "Comuna", "ESTAMPA_CC": "2026-05-26 14:46:02" }, "geometry": { "type": "Point", "coordinates": [ -76.506752804421794, 3.371829682317335 ] } },
{ "type": "Feature", "properties": { "OBJECTID": 18634, "CE": "NPN Terreno -> Unidad", "CT": "Comuna", "ESTAMPA_CC": "2026-05-26 14:46:02" }, "geometry": { "type": "Point", "coordinates": [ -76.506952340587773, 3.371857380661258 ] } },
{ "type": "Feature", "properties": { "OBJECTID": 18635, "CE": "NPN Terreno -> Unidad", "CT": "Comuna", "ESTAMPA_CC": "2026-05-26 14:46:02" }, "geometry": { "type": "Point", "coordinates": [ -76.506752804421794, 3.371829682317335 ] } },
{ "type": "Feature", "properties": { "OBJECTID": 18636, "CE": "NPN Terreno -> Unidad", "CT": "Comuna", "ESTAMPA_CC": "2026-05-26 14:46:02" }, "geometry": { "type": "Point", "coordinates": [ -76.506752804421794, 3.371829682317335 ] } },
{ "type": "Feature", "properties": { "OBJECTID": 18637, "CE": "NPN Terreno -> Unidad", "CT": "Comuna", "ESTAMPA_CC": "2026-05-26 14:46:02" }, "geometry": { "type": "Point", "coordinates": [ -76.506752804421794, 3.371829682317335 ] } },
{ "type": "Feature", "properties": { "OBJECTID": 18638, "CE": "NPN Terreno -> Unidad", "CT": "Comuna", "ESTAMPA_CC": "2026-05-26 14:46:02" }, "geometry": { "type": "Point", "coordinates": [ -76.506952340587773, 3.371857380661258 ] } },
{ "type": "Feature", "properties": { "OBJECTID": 18639, "CE": "NPN Terreno -> Unidad", "CT": "Comuna", "ESTAMPA_CC": "2026-05-26 14:46:02" }, "geometry": { "type": "Point", "coordinates": [ -76.506735889693459, 3.372403891843362 ] } },
{ "type": "Feature", "properties": { "OBJECTID": 18650, "CE": "NPN Terreno -> Unidad", "CT": "Comuna", "ESTAMPA_CC": "2026-05-26 14:46:02" }, "geometry": { "type": "Point", "coordinates": [ -76.506847748006336, 3.372418915292982 ] } },
{ "type": "Feature", "properties": { "OBJECTID": 18653, "CE": "", "CT": "Llave IDPREDIO", "ESTAMPA_CC": "2026-05-26 14:46:02" }, "geometry": { "type": "Point", "coordinates": [ -76.510723416158058, 3.369737037530781 ] } },
{ "type": "Feature", "properties": { "OBJECTID": 18708, "CE": "NPN Terreno -> Unidad", "CT": "Comuna", "ESTAMPA_CC": "2026-05-26 14:46:02" }, "geometry": { "type": "Point", "coordinates": [ -76.507053519768377, 3.371888237275095 ] } },
{ "type": "Feature", "properties": { "OBJECTID": 18709, "CE": "NPN Terreno -> Unidad", "CT": "Comuna", "ESTAMPA_CC": "2026-05-26 14:46:02" }, "geometry": { "type": "Point", "coordinates": [ -76.50704906958839, 3.371958950157633 ] } },
{ "type": "Feature", "properties": { "OBJECTID": 18710, "CE": "NPN Terreno -> Unidad", "CT": "Comuna", "ESTAMPA_CC": "2026-05-26 14:46:02" }, "geometry": { "type": "Point", "coordinates": [ -76.506552487892193, 3.37228741088078 ] } },
{ "type": "Feature", "properties": { "OBJECTID": 18711, "CE": "NPN Terreno -> Unidad", "CT": "Comuna", "ESTAMPA_CC": "2026-05-26 14:46:02" }, "geometry": { "type": "Point", "coordinates": [ -76.50704906958839, 3.371958950157633 ] } },
{ "type": "Feature", "properties": { "OBJECTID": 18712, "CE": "NPN Terreno -> Unidad", "CT": "Comuna", "ESTAMPA_CC": "2026-05-26 14:46:02" }, "geometry": { "type": "Point", "coordinates": [ -76.506952340587773, 3.371857380661258 ] } },
{ "type": "Feature", "properties": { "OBJECTID": 18713, "CE": "NPN Terreno -> Unidad", "CT": "Comuna", "ESTAMPA_CC": "2026-05-26 14:46:02" }, "geometry": { "type": "Point", "coordinates": [ -76.506546914840015, 3.372361724245008 ] } },
{ "type": "Feature", "properties": { "OBJECTID": 18714, "CE": "NPN Terreno -> Unidad", "CT": "Comuna", "ESTAMPA_CC": "2026-05-26 14:46:02" }, "geometry": { "type": "Point", "coordinates": [ -76.506852711597801, 3.372348399533096 ] } },
{ "type": "Feature", "properties": { "OBJECTID": 18715, "CE": "NPN Terreno -> Unidad", "CT": "Comuna", "ESTAMPA_CC": "2026-05-26 14:46:02" }, "geometry": { "type": "Point", "coordinates": [ -76.506752804421794, 3.371829682317335 ] } },
{ "type": "Feature", "properties": { "OBJECTID": 18716, "CE": "NPN Terreno -> Unidad", "CT": "Comuna", "ESTAMPA_CC": "2026-05-26 14:46:02" }, "geometry": { "type": "Point", "coordinates": [ -76.506648205702732, 3.372391228229417 ] } },
{ "type": "Feature", "properties": { "OBJECTID": 18725, "CE": "NPN Terreno -> Unidad", "CT": "Comuna", "ESTAMPA_CC": "2026-05-26 14:46:02" }, "geometry": { "type": "Point", "coordinates": [ -76.506735889693459, 3.372403891843362 ] } },
{ "type": "Feature", "properties": { "OBJECTID": 18728, "CE": "", "CT": "Llave IDPREDIO", "ESTAMPA_CC": "2026-05-26 14:46:02" }, "geometry": { "type": "Point", "coordinates": [ -76.511014001299884, 3.370062354136312 ] } },
{ "type": "Feature", "properties": { "OBJECTID": 18782, "CE": "NPN Terreno -> Unidad", "CT": "Comuna", "ESTAMPA_CC": "2026-05-26 14:46:02" }, "geometry": { "type": "Point", "coordinates": [ -76.506747814206236, 3.371904170652761 ] } },
{ "type": "Feature", "properties": { "OBJECTID": 18783, "CE": "NPN Terreno -> Unidad", "CT": "Comuna", "ESTAMPA_CC": "2026-05-26 14:46:02" }, "geometry": { "type": "Point", "coordinates": [ -76.50704906958839, 3.371958950157633 ] } },
{ "type": "Feature", "properties": { "OBJECTID": 18784, "CE": "NPN Terreno -> Unidad", "CT": "Comuna", "ESTAMPA_CC": "2026-05-26 14:46:02" }, "geometry": { "type": "Point", "coordinates": [ -76.507053519768377, 3.371888237275095 ] } },
{ "type": "Feature", "properties": { "OBJECTID": 18785, "CE": "NPN Terreno -> Unidad", "CT": "Comuna", "ESTAMPA_CC": "2026-05-26 14:46:02" }, "geometry": { "type": "Point", "coordinates": [ -76.506552487892193, 3.37228741088078 ] } },
{ "type": "Feature", "properties": { "OBJECTID": 18786, "CE": "NPN Terreno -> Unidad", "CT": "Comuna", "ESTAMPA_CC": "2026-05-26 14:46:02" }, "geometry": { "type": "Point", "coordinates": [ -76.506648205702732, 3.372391228229417 ] } },
{ "type": "Feature", "properties": { "OBJECTID": 18787, "CE": "NPN Terreno -> Unidad", "CT": "Comuna", "ESTAMPA_CC": "2026-05-26 14:46:02" }, "geometry": { "type": "Point", "coordinates": [ -76.50704906958839, 3.371958950157633 ] } },
{ "type": "Feature", "properties": { "OBJECTID": 18788, "CE": "NPN Terreno -> Unidad", "CT": "Comuna", "ESTAMPA_CC": "2026-05-26 14:46:02" }, "geometry": { "type": "Point", "coordinates": [ -76.50693714750139, 3.371944466534647 ] } },
{ "type": "Feature", "properties": { "OBJECTID": 18789, "CE": "NPN Terreno -> Unidad", "CT": "Comuna", "ESTAMPA_CC": "2026-05-26 14:46:02" }, "geometry": { "type": "Point", "coordinates": [ -76.507281601217684, 3.372152756125291 ] } },
{ "type": "Feature", "properties": { "OBJECTID": 18866, "CE": "NPN Terreno -> Unidad", "CT": "Comuna", "ESTAMPA_CC": "2026-05-26 14:46:02" }, "geometry": { "type": "Point", "coordinates": [ -76.506552487892193, 3.37228741088078 ] } },
{ "type": "Feature", "properties": { "OBJECTID": 18867, "CE": "NPN Terreno -> Unidad", "CT": "Comuna", "ESTAMPA_CC": "2026-05-26 14:46:02" }, "geometry": { "type": "Point", "coordinates": [ -76.506752804421794, 3.371829682317335 ] } },
{ "type": "Feature", "properties": { "OBJECTID": 18868, "CE": "NPN Terreno -> Unidad", "CT": "Comuna", "ESTAMPA_CC": "2026-05-26 14:46:02" }, "geometry": { "type": "Point", "coordinates": [ -76.506552487892193, 3.37228741088078 ] } },
{ "type": "Feature", "properties": { "OBJECTID": 18869, "CE": "NPN Terreno -> Unidad", "CT": "Comuna", "ESTAMPA_CC": "2026-05-26 14:46:02" }, "geometry": { "type": "Point", "coordinates": [ -76.506546914840015, 3.372361724245008 ] } },
{ "type": "Feature", "properties": { "OBJECTID": 18870, "CE": "NPN Terreno -> Unidad", "CT": "Comuna", "ESTAMPA_CC": "2026-05-26 14:46:02" }, "geometry": { "type": "Point", "coordinates": [ -76.50693714750139, 3.371944466534647 ] } },
{ "type": "Feature", "properties": { "OBJECTID": 18876, "CE": "NPN Terreno -> Unidad", "CT": "Comuna", "ESTAMPA_CC": "2026-05-26 14:46:02" }, "geometry": { "type": "Point", "coordinates": [ -76.506664105693872, 3.372303981876559 ] } },
{ "type": "Feature", "properties": { "OBJECTID": 18881, "CE": "NPN Terreno -> Unidad", "CT": "Comuna", "ESTAMPA_CC": "2026-05-26 14:46:02" }, "geometry": { "type": "Point", "coordinates": [ -76.506852711597801, 3.372348399533096 ] } },
{ "type": "Feature", "properties": { "OBJECTID": 18938, "CE": "NPN Terreno -> Unidad", "CT": "Comuna", "ESTAMPA_CC": "2026-05-26 14:46:02" }, "geometry": { "type": "Point", "coordinates": [ -76.506952340587773, 3.371857380661258 ] } },
{ "type": "Feature", "properties": { "OBJECTID": 18939, "CE": "NPN Terreno -> Unidad", "CT": "Comuna", "ESTAMPA_CC": "2026-05-26 14:46:02" }, "geometry": { "type": "Point", "coordinates": [ -76.50693714750139, 3.371944466534647 ] } },
{ "type": "Feature", "properties": { "OBJECTID": 18940, "CE": "NPN Terreno -> Unidad", "CT": "Comuna", "ESTAMPA_CC": "2026-05-26 14:46:02" }, "geometry": { "type": "Point", "coordinates": [ -76.506747814206236, 3.371904170652761 ] } },
{ "type": "Feature", "properties": { "OBJECTID": 18941, "CE": "NPN Terreno -> Unidad", "CT": "Comuna", "ESTAMPA_CC": "2026-05-26 14:46:02" }, "geometry": { "type": "Point", "coordinates": [ -76.506546914840015, 3.372361724245008 ] } },
{ "type": "Feature", "properties": { "OBJECTID": 18942, "CE": "NPN Terreno -> Unidad", "CT": "Comuna", "ESTAMPA_CC": "2026-05-26 14:46:02" }, "geometry": { "type": "Point", "coordinates": [ -76.50693714750139, 3.371944466534647 ] } },
{ "type": "Feature", "properties": { "OBJECTID": 18943, "CE": "NPN Terreno -> Unidad", "CT": "Comuna", "ESTAMPA_CC": "2026-05-26 14:46:02" }, "geometry": { "type": "Point", "coordinates": [ -76.50693714750139, 3.371944466534647 ] } },
{ "type": "Feature", "properties": { "OBJECTID": 18956, "CE": "NPN Terreno -> Unidad", "CT": "Comuna", "ESTAMPA_CC": "2026-05-26 14:46:02" }, "geometry": { "type": "Point", "coordinates": [ -76.507281601217684, 3.372152756125291 ] } },
{ "type": "Feature", "properties": { "OBJECTID": 19009, "CE": "NPN Terreno -> Unidad", "CT": "Comuna", "ESTAMPA_CC": "2026-05-26 14:46:02" }, "geometry": { "type": "Point", "coordinates": [ -76.50704906958839, 3.371958950157633 ] } },
{ "type": "Feature", "properties": { "OBJECTID": 19010, "CE": "NPN Terreno -> Unidad", "CT": "Comuna", "ESTAMPA_CC": "2026-05-26 14:46:02" }, "geometry": { "type": "Point", "coordinates": [ -76.506751789797747, 3.372316644132746 ] } },
{ "type": "Feature", "properties": { "OBJECTID": 19011, "CE": "NPN Terreno -> Unidad", "CT": "Comuna", "ESTAMPA_CC": "2026-05-26 14:46:02" }, "geometry": { "type": "Point", "coordinates": [ -76.507053519768377, 3.371888237275095 ] } },
{ "type": "Feature", "properties": { "OBJECTID": 19012, "CE": "NPN Terreno -> Unidad", "CT": "Comuna", "ESTAMPA_CC": "2026-05-26 14:46:02" }, "geometry": { "type": "Point", "coordinates": [ -76.507053519768377, 3.371888237275095 ] } },
{ "type": "Feature", "properties": { "OBJECTID": 19013, "CE": "NPN Terreno -> Unidad", "CT": "Comuna", "ESTAMPA_CC": "2026-05-26 14:46:02" }, "geometry": { "type": "Point", "coordinates": [ -76.506864509714845, 3.371845754627825 ] } },
{ "type": "Feature", "properties": { "OBJECTID": 19015, "CE": "NPN Terreno -> Unidad", "CT": "Comuna", "ESTAMPA_CC": "2026-05-26 14:46:02" }, "geometry": { "type": "Point", "coordinates": [ -76.506648205702732, 3.372391228229417 ] } },
{ "type": "Feature", "properties": { "OBJECTID": 19028, "CE": "NPN Terreno -> Unidad", "CT": "Comuna", "ESTAMPA_CC": "2026-05-26 14:46:02" }, "geometry": { "type": "Point", "coordinates": [ -76.507400840153991, 3.371966667873618 ] } },
{ "type": "Feature", "properties": { "OBJECTID": 19086, "CE": "NPN Terreno -> Unidad", "CT": "Comuna", "ESTAMPA_CC": "2026-05-26 14:46:02" }, "geometry": { "type": "Point", "coordinates": [ -76.506747814206236, 3.371904170652761 ] } },
{ "type": "Feature", "properties": { "OBJECTID": 19087, "CE": "NPN Terreno -> Unidad", "CT": "Comuna", "ESTAMPA_CC": "2026-05-26 14:46:02" }, "geometry": { "type": "Point", "coordinates": [ -76.506752804421794, 3.371829682317335 ] } },
{ "type": "Feature", "properties": { "OBJECTID": 19113, "CE": "", "CT": "Manzana/Vereda; Número Piso", "ESTAMPA_CC": "2026-05-26 14:46:02" }, "geometry": { "type": "Point", "coordinates": [ -76.505478419152382, 3.373433850061367 ] } },
{ "type": "Feature", "properties": { "OBJECTID": 19156, "CE": "", "CT": "Manzana/Vereda", "ESTAMPA_CC": "2026-05-26 14:46:02" }, "geometry": { "type": "Point", "coordinates": [ -76.505755545570295, 3.374604812811986 ] } },
{ "type": "Feature", "properties": { "OBJECTID": 19157, "CE": "", "CT": "Llave IDPREDIO", "ESTAMPA_CC": "2026-05-26 14:46:02" }, "geometry": { "type": "Point", "coordinates": [ -76.520614847631109, 3.355503506221558 ] } },
{ "type": "Feature", "properties": { "OBJECTID": 19168, "CE": "", "CT": "Llave IDPREDIO", "ESTAMPA_CC": "2026-05-26 14:46:02" }, "geometry": { "type": "Point", "coordinates": [ -76.520715614309196, 3.355406412047832 ] } },
{ "type": "Feature", "properties": { "OBJECTID": 19226, "CE": "Error de área; NPN Terreno -> Unidad", "CT": "", "ESTAMPA_CC": "2026-05-26 14:46:02" }, "geometry": null },
{ "type": "Feature", "properties": { "OBJECTID": 19289, "CE": "", "CT": "Condición: Condominio", "ESTAMPA_CC": "2026-05-26 14:46:02" }, "geometry": { "type": "Point", "coordinates": [ -76.546677055511381, 3.322026493094925 ] } },
{ "type": "Feature", "properties": { "OBJECTID": 19290, "CE": "NPN Terreno -> Unidad", "CT": "Comuna", "ESTAMPA_CC": "2026-05-26 14:46:02" }, "geometry": { "type": "Point", "coordinates": [ -76.507053519768377, 3.371888237275095 ] } },
{ "type": "Feature", "properties": { "OBJECTID": 19291, "CE": "NPN Terreno -> Unidad", "CT": "Comuna", "ESTAMPA_CC": "2026-05-26 14:46:02" }, "geometry": { "type": "Point", "coordinates": [ -76.506952340587773, 3.371857380661258 ] } },
{ "type": "Feature", "properties": { "OBJECTID": 19294, "CE": "NPN Terreno -> Unidad", "CT": "Comuna", "ESTAMPA_CC": "2026-05-26 14:46:02" }, "geometry": { "type": "Point", "coordinates": [ -76.507295569024194, 3.37206562999264 ] } },
{ "type": "Feature", "properties": { "OBJECTID": 19295, "CE": "NPN Terreno -> Unidad", "CT": "Comuna", "ESTAMPA_CC": "2026-05-26 14:46:02" }, "geometry": { "type": "Point", "coordinates": [ -76.507281601217684, 3.372152756125291 ] } },
{ "type": "Feature", "properties": { "OBJECTID": 19296, "CE": "NPN Terreno -> Unidad", "CT": "Comuna", "ESTAMPA_CC": "2026-05-26 14:46:02" }, "geometry": { "type": "Point", "coordinates": [ -76.506664105693872, 3.372303981876559 ] } },
{ "type": "Feature", "properties": { "OBJECTID": 19302, "CE": "NPN Terreno -> Unidad", "CT": "Comuna", "ESTAMPA_CC": "2026-05-26 14:46:02" }, "geometry": { "type": "Point", "coordinates": [ -76.507295569024194, 3.37206562999264 ] } },
{ "type": "Feature", "properties": { "OBJECTID": 19311, "CE": "", "CT": "Llave IDPREDIO", "ESTAMPA_CC": "2026-05-26 14:46:02" }, "geometry": { "type": "Point", "coordinates": [ -76.520614847636736, 3.355609256233786 ] } },
{ "type": "Feature", "properties": { "OBJECTID": 19317, "CE": "NPN Terreno -> Unidad", "CT": "", "ESTAMPA_CC": "2026-05-26 14:46:02" }, "geometry": { "type": "Point", "coordinates": [ -76.508817610047728, 3.37921761952721 ] } },
{ "type": "Feature", "properties": { "OBJECTID": 19331, "CE": "", "CT": "Manzana/Vereda", "ESTAMPA_CC": "2026-05-26 14:46:02" }, "geometry": { "type": "Point", "coordinates": [ -76.505586000201561, 3.373436826110465 ] } },
{ "type": "Feature", "properties": { "OBJECTID": 19332, "CE": "", "CT": "Manzana/Vereda; Número Piso", "ESTAMPA_CC": "2026-05-26 14:46:02" }, "geometry": { "type": "Point", "coordinates": [ -76.505578259934907, 3.37353270220185 ] } },
{ "type": "Feature", "properties": { "OBJECTID": 19333, "CE": "", "CT": "Manzana/Vereda; Número Piso", "ESTAMPA_CC": "2026-05-26 14:46:02" }, "geometry": { "type": "Point", "coordinates": [ -76.505478419152382, 3.373433850061367 ] } },
{ "type": "Feature", "properties": { "OBJECTID": 19334, "CE": "", "CT": "Manzana/Vereda; Número Piso", "ESTAMPA_CC": "2026-05-26 14:46:02" }, "geometry": { "type": "Point", "coordinates": [ -76.505473844094169, 3.373502904642701 ] } },
{ "type": "Feature", "properties": { "OBJECTID": 19335, "CE": "", "CT": "Manzana/Vereda; Número Piso", "ESTAMPA_CC": "2026-05-26 14:46:02" }, "geometry": { "type": "Point", "coordinates": [ -76.505473844094169, 3.373502904642701 ] } },
{ "type": "Feature", "properties": { "OBJECTID": 19336, "CE": "", "CT": "Manzana/Vereda; Número Piso", "ESTAMPA_CC": "2026-05-26 14:46:02" }, "geometry": { "type": "Point", "coordinates": [ -76.505578259934907, 3.37353270220185 ] } },
{ "type": "Feature", "properties": { "OBJECTID": 19355, "CE": "NPN Terreno -> Unidad", "CT": "Comuna", "ESTAMPA_CC": "2026-05-26 14:46:02" }, "geometry": { "type": "Point", "coordinates": [ -76.506648205702732, 3.372391228229417 ] } },
{ "type": "Feature", "properties": { "OBJECTID": 19356, "CE": "NPN Terreno -> Unidad", "CT": "Comuna", "ESTAMPA_CC": "2026-05-26 14:46:02" }, "geometry": { "type": "Point", "coordinates": [ -76.506552487892193, 3.37228741088078 ] } },
{ "type": "Feature", "properties": { "OBJECTID": 19357, "CE": "NPN Terreno -> Unidad", "CT": "Comuna", "ESTAMPA_CC": "2026-05-26 14:46:02" }, "geometry": { "type": "Point", "coordinates": [ -76.506747814206236, 3.371904170652761 ] } },
{ "type": "Feature", "properties": { "OBJECTID": 19358, "CE": "NPN Terreno -> Unidad", "CT": "Comuna", "ESTAMPA_CC": "2026-05-26 14:46:02" }, "geometry": { "type": "Point", "coordinates": [ -76.506747814206236, 3.371904170652761 ] } },
{ "type": "Feature", "properties": { "OBJECTID": 19359, "CE": "NPN Terreno -> Unidad", "CT": "Comuna", "ESTAMPA_CC": "2026-05-26 14:46:02" }, "geometry": { "type": "Point", "coordinates": [ -76.50704906958839, 3.371958950157633 ] } },
{ "type": "Feature", "properties": { "OBJECTID": 19393, "CE": "", "CT": "Manzana/Vereda", "ESTAMPA_CC": "2026-05-26 14:46:02" }, "geometry": { "type": "Point", "coordinates": [ -76.505951820300993, 3.375244288992929 ] } },
{ "type": "Feature", "properties": { "OBJECTID": 19394, "CE": "", "CT": "Manzana/Vereda", "ESTAMPA_CC": "2026-05-26 14:46:02" }, "geometry": { "type": "Point", "coordinates": [ -76.506101529222462, 3.375217283913289 ] } },
{ "type": "Feature", "properties": { "OBJECTID": 19395, "CE": "", "CT": "Manzana/Vereda", "ESTAMPA_CC": "2026-05-26 14:46:02" }, "geometry": { "type": "Point", "coordinates": [ -76.505951820300993, 3.375244288992929 ] } },
{ "type": "Feature", "properties": { "OBJECTID": 19396, "CE": "", "CT": "Manzana/Vereda", "ESTAMPA_CC": "2026-05-26 14:46:02" }, "geometry": { "type": "Point", "coordinates": [ -76.506040733196528, 3.375149302966066 ] } },
{ "type": "Feature", "properties": { "OBJECTID": 19397, "CE": "", "CT": "Manzana/Vereda", "ESTAMPA_CC": "2026-05-26 14:46:02" }, "geometry": { "type": "Point", "coordinates": [ -76.506001450773979, 3.375289073129067 ] } },
{ "type": "Feature", "properties": { "OBJECTID": 19398, "CE": "", "CT": "Manzana/Vereda", "ESTAMPA_CC": "2026-05-26 14:46:02" }, "geometry": { "type": "Point", "coordinates": [ -76.506101529222462, 3.375217283913289 ] } },
{ "type": "Feature", "properties": { "OBJECTID": 19399, "CE": "", "CT": "Manzana/Vereda", "ESTAMPA_CC": "2026-05-26 14:46:02" }, "geometry": { "type": "Point", "coordinates": [ -76.506101529222462, 3.375217283913289 ] } },
{ "type": "Feature", "properties": { "OBJECTID": 19400, "CE": "", "CT": "Manzana/Vereda", "ESTAMPA_CC": "2026-05-26 14:46:02" }, "geometry": { "type": "Point", "coordinates": [ -76.506001450773979, 3.375289073129067 ] } },
{ "type": "Feature", "properties": { "OBJECTID": 19401, "CE": "", "CT": "Manzana/Vereda", "ESTAMPA_CC": "2026-05-26 14:46:02" }, "geometry": { "type": "Point", "coordinates": [ -76.505951820300993, 3.375244288992929 ] } },
{ "type": "Feature", "properties": { "OBJECTID": 19402, "CE": "", "CT": "Manzana/Vereda", "ESTAMPA_CC": "2026-05-26 14:46:02" }, "geometry": { "type": "Point", "coordinates": [ -76.506101529222462, 3.375217283913289 ] } },
{ "type": "Feature", "properties": { "OBJECTID": 19403, "CE": "", "CT": "Manzana/Vereda", "ESTAMPA_CC": "2026-05-26 14:46:02" }, "geometry": { "type": "Point", "coordinates": [ -76.506040733196528, 3.375149302966066 ] } },
{ "type": "Feature", "properties": { "OBJECTID": 19404, "CE": "", "CT": "Manzana/Vereda", "ESTAMPA_CC": "2026-05-26 14:46:02" }, "geometry": { "type": "Point", "coordinates": [ -76.506040733196528, 3.375149302966066 ] } },
{ "type": "Feature", "properties": { "OBJECTID": 19428, "CE": "NPN Terreno -> Unidad", "CT": "Comuna", "ESTAMPA_CC": "2026-05-26 14:46:02" }, "geometry": { "type": "Point", "coordinates": [ -76.506752804421794, 3.371829682317335 ] } },
{ "type": "Feature", "properties": { "OBJECTID": 19429, "CE": "NPN Terreno -> Unidad", "CT": "Comuna", "ESTAMPA_CC": "2026-05-26 14:46:02" }, "geometry": { "type": "Point", "coordinates": [ -76.507053519768377, 3.371888237275095 ] } },
{ "type": "Feature", "properties": { "OBJECTID": 19430, "CE": "NPN Terreno -> Unidad", "CT": "Comuna", "ESTAMPA_CC": "2026-05-26 14:46:02" }, "geometry": { "type": "Point", "coordinates": [ -76.506747814206236, 3.371904170652761 ] } },
{ "type": "Feature", "properties": { "OBJECTID": 19431, "CE": "NPN Terreno -> Unidad", "CT": "Comuna", "ESTAMPA_CC": "2026-05-26 14:46:02" }, "geometry": { "type": "Point", "coordinates": [ -76.507053519768377, 3.371888237275095 ] } },
{ "type": "Feature", "properties": { "OBJECTID": 19432, "CE": "NPN Terreno -> Unidad", "CT": "Comuna", "ESTAMPA_CC": "2026-05-26 14:46:02" }, "geometry": { "type": "Point", "coordinates": [ -76.506552487892193, 3.37228741088078 ] } },
{ "type": "Feature", "properties": { "OBJECTID": 19433, "CE": "NPN Terreno -> Unidad", "CT": "Comuna", "ESTAMPA_CC": "2026-05-26 14:46:02" }, "geometry": { "type": "Point", "coordinates": [ -76.506552487892193, 3.37228741088078 ] } },
{ "type": "Feature", "properties": { "OBJECTID": 19434, "CE": "NPN Terreno -> Unidad", "CT": "Comuna", "ESTAMPA_CC": "2026-05-26 14:46:02" }, "geometry": { "type": "Point", "coordinates": [ -76.506952340587773, 3.371857380661258 ] } },
{ "type": "Feature", "properties": { "OBJECTID": 19435, "CE": "NPN Terreno -> Unidad", "CT": "Comuna", "ESTAMPA_CC": "2026-05-26 14:46:02" }, "geometry": { "type": "Point", "coordinates": [ -76.506952340587773, 3.371857380661258 ] } },
{ "type": "Feature", "properties": { "OBJECTID": 19442, "CE": "Error de área; NPN Terreno -> Unidad", "CT": "Departamento; Municipio; Zona; Sector; Comuna; Barrio; Manzana/Vereda; Terreno; Condición; Número Edificio; Número Piso; Número Unidad; Llave IDPREDIO", "ESTAMPA_CC": "2026-05-26 14:46:02" }, "geometry": null },
{ "type": "Feature", "properties": { "OBJECTID": 19443, "CE": "Duplicado; Error de área; NPN Terreno -> Unidad", "CT": "Departamento; Municipio; Zona; Sector; Comuna; Barrio; Manzana/Vereda; Terreno; Condición; Número Edificio; Número Piso; Número Unidad; Llave IDPREDIO", "ESTAMPA_CC": "2026-05-26 14:46:02" }, "geometry": null },
{ "type": "Feature", "properties": { "OBJECTID": 19454, "CE": "NPN Terreno -> Unidad", "CT": "Llave IDPREDIO", "ESTAMPA_CC": "2026-05-26 14:46:02" }, "geometry": { "type": "Point", "coordinates": [ -76.516786266684676, 3.359416043914547 ] } },
{ "type": "Feature", "properties": { "OBJECTID": 19500, "CE": "NPN Terreno -> Unidad", "CT": "Comuna", "ESTAMPA_CC": "2026-05-26 14:46:02" }, "geometry": { "type": "Point", "coordinates": [ -76.506747814206236, 3.371904170652761 ] } },
{ "type": "Feature", "properties": { "OBJECTID": 19501, "CE": "NPN Terreno -> Unidad", "CT": "Comuna", "ESTAMPA_CC": "2026-05-26 14:46:02" }, "geometry": { "type": "Point", "coordinates": [ -76.506747814206236, 3.371904170652761 ] } },
{ "type": "Feature", "properties": { "OBJECTID": 19502, "CE": "NPN Terreno -> Unidad", "CT": "Comuna", "ESTAMPA_CC": "2026-05-26 14:46:02" }, "geometry": { "type": "Point", "coordinates": [ -76.50704906958839, 3.371958950157633 ] } },
{ "type": "Feature", "properties": { "OBJECTID": 19503, "CE": "NPN Terreno -> Unidad", "CT": "Comuna", "ESTAMPA_CC": "2026-05-26 14:46:02" }, "geometry": { "type": "Point", "coordinates": [ -76.506952340587773, 3.371857380661258 ] } },
{ "type": "Feature", "properties": { "OBJECTID": 19504, "CE": "NPN Terreno -> Unidad", "CT": "Comuna", "ESTAMPA_CC": "2026-05-26 14:46:02" }, "geometry": { "type": "Point", "coordinates": [ -76.506747814206236, 3.371904170652761 ] } },
{ "type": "Feature", "properties": { "OBJECTID": 19505, "CE": "NPN Terreno -> Unidad", "CT": "Comuna", "ESTAMPA_CC": "2026-05-26 14:46:02" }, "geometry": { "type": "Point", "coordinates": [ -76.506552487892193, 3.37228741088078 ] } },
{ "type": "Feature", "properties": { "OBJECTID": 19506, "CE": "NPN Terreno -> Unidad", "CT": "Comuna", "ESTAMPA_CC": "2026-05-26 14:46:02" }, "geometry": { "type": "Point", "coordinates": [ -76.506546914840015, 3.372361724245008 ] } },
{ "type": "Feature", "properties": { "OBJECTID": 19507, "CE": "NPN Terreno -> Unidad", "CT": "Comuna", "ESTAMPA_CC": "2026-05-26 14:46:02" }, "geometry": { "type": "Point", "coordinates": [ -76.506735889693459, 3.372403891843362 ] } },
{ "type": "Feature", "properties": { "OBJECTID": 19513, "CE": "NPN Terreno -> Unidad", "CT": "Comuna", "ESTAMPA_CC": "2026-05-26 14:46:02" }, "geometry": { "type": "Point", "coordinates": [ -76.506751789797747, 3.372316644132746 ] } },
{ "type": "Feature", "properties": { "OBJECTID": 19519, "CE": "NPN Terreno -> Unidad", "CT": "Comuna", "ESTAMPA_CC": "2026-05-26 14:46:02" }, "geometry": { "type": "Point", "coordinates": [ -76.506735889693459, 3.372403891843362 ] } },
{ "type": "Feature", "properties": { "OBJECTID": 19592, "CE": "", "CT": "Manzana/Vereda", "ESTAMPA_CC": "2026-05-26 14:46:02" }, "geometry": { "type": "Point", "coordinates": [ -76.505446390960103, 3.374177776090739 ] } },
{ "type": "Feature", "properties": { "OBJECTID": 19593, "CE": "", "CT": "Manzana/Vereda", "ESTAMPA_CC": "2026-05-26 14:46:02" }, "geometry": { "type": "Point", "coordinates": [ -76.505554272705353, 3.374254497760841 ] } },
{ "type": "Feature", "properties": { "OBJECTID": 19594, "CE": "", "CT": "Manzana/Vereda", "ESTAMPA_CC": "2026-05-26 14:46:02" }, "geometry": { "type": "Point", "coordinates": [ -76.505449205024604, 3.374244984877449 ] } },
{ "type": "Feature", "properties": { "OBJECTID": 19595, "CE": "", "CT": "Manzana/Vereda", "ESTAMPA_CC": "2026-05-26 14:46:02" }, "geometry": { "type": "Point", "coordinates": [ -76.505449205024604, 3.374244984877449 ] } },
{ "type": "Feature", "properties": { "OBJECTID": 19596, "CE": "", "CT": "Manzana/Vereda", "ESTAMPA_CC": "2026-05-26 14:46:02" }, "geometry": { "type": "Point", "coordinates": [ -76.505449205024604, 3.374244984877449 ] } },
{ "type": "Feature", "properties": { "OBJECTID": 19597, "CE": "", "CT": "Manzana/Vereda", "ESTAMPA_CC": "2026-05-26 14:46:02" }, "geometry": { "type": "Point", "coordinates": [ -76.505552747551562, 3.374157481786669 ] } },
{ "type": "Feature", "properties": { "OBJECTID": 19598, "CE": "", "CT": "Manzana/Vereda", "ESTAMPA_CC": "2026-05-26 14:46:02" }, "geometry": { "type": "Point", "coordinates": [ -76.505552747551562, 3.374157481786669 ] } },
{ "type": "Feature", "properties": { "OBJECTID": 19599, "CE": "", "CT": "Manzana/Vereda", "ESTAMPA_CC": "2026-05-26 14:46:02" }, "geometry": { "type": "Point", "coordinates": [ -76.505572470669122, 3.374690444799459 ] } },
{ "type": "Feature", "properties": { "OBJECTID": 19600, "CE": "", "CT": "Manzana/Vereda", "ESTAMPA_CC": "2026-05-26 14:46:02" }, "geometry": { "type": "Point", "coordinates": [ -76.505572470669122, 3.374690444799459 ] } },
{ "type": "Feature", "properties": { "OBJECTID": 19601, "CE": "", "CT": "Manzana/Vereda", "ESTAMPA_CC": "2026-05-26 14:46:02" }, "geometry": { "type": "Point", "coordinates": [ -76.505572470669122, 3.374690444799459 ] } },
{ "type": "Feature", "properties": { "OBJECTID": 19602, "CE": "", "CT": "Manzana/Vereda", "ESTAMPA_CC": "2026-05-26 14:46:02" }, "geometry": { "type": "Point", "coordinates": [ -76.505572470669122, 3.374690444799459 ] } },
{ "type": "Feature", "properties": { "OBJECTID": 19603, "CE": "", "CT": "Manzana/Vereda", "ESTAMPA_CC": "2026-05-26 14:46:02" }, "geometry": { "type": "Point", "coordinates": [ -76.505675916336855, 3.374652053896408 ] } },
{ "type": "Feature", "properties": { "OBJECTID": 19604, "CE": "", "CT": "Manzana/Vereda", "ESTAMPA_CC": "2026-05-26 14:46:02" }, "geometry": { "type": "Point", "coordinates": [ -76.505645487713991, 3.374566406352403 ] } },
{ "type": "Feature", "properties": { "OBJECTID": 19605, "CE": "", "CT": "Manzana/Vereda", "ESTAMPA_CC": "2026-05-26 14:46:02" }, "geometry": { "type": "Point", "coordinates": [ -76.505545670261625, 3.374628833499303 ] } },
{ "type": "Feature", "properties": { "OBJECTID": 19606, "CE": "", "CT": "Manzana/Vereda", "ESTAMPA_CC": "2026-05-26 14:46:02" }, "geometry": { "type": "Point", "coordinates": [ -76.505545670261625, 3.374628833499303 ] } },
{ "type": "Feature", "properties": { "OBJECTID": 19607, "CE": "", "CT": "Manzana/Vereda", "ESTAMPA_CC": "2026-05-26 14:46:02" }, "geometry": { "type": "Point", "coordinates": [ -76.505572470669122, 3.374690444799459 ] } },
{ "type": "Feature", "properties": { "OBJECTID": 19649, "CE": "", "CT": "Manzana/Vereda", "ESTAMPA_CC": "2026-05-26 14:46:02" }, "geometry": { "type": "Point", "coordinates": [ -76.506201531632627, 3.375023654088782 ] } },
{ "type": "Feature", "properties": { "OBJECTID": 19650, "CE": "", "CT": "Manzana/Vereda", "ESTAMPA_CC": "2026-05-26 14:46:02" }, "geometry": { "type": "Point", "coordinates": [ -76.506162268052165, 3.375163450932443 ] } },
{ "type": "Feature", "properties": { "OBJECTID": 19651, "CE": "", "CT": "Manzana/Vereda", "ESTAMPA_CC": "2026-05-26 14:46:02" }, "geometry": { "type": "Point", "coordinates": [ -76.506101664729158, 3.375093477600508 ] } },
{ "type": "Feature", "properties": { "OBJECTID": 19652, "CE": "", "CT": "Manzana/Vereda", "ESTAMPA_CC": "2026-05-26 14:46:02" }, "geometry": { "type": "Point", "coordinates": [ -76.506251175002177, 3.375068450870779 ] } },
{ "type": "Feature", "properties": { "OBJECTID": 19653, "CE": "", "CT": "Manzana/Vereda", "ESTAMPA_CC": "2026-05-26 14:46:02" }, "geometry": { "type": "Point", "coordinates": [ -76.506101664729158, 3.375093477600508 ] } },
{ "type": "Feature", "properties": { "OBJECTID": 19654, "CE": "", "CT": "Manzana/Vereda", "ESTAMPA_CC": "2026-05-26 14:46:02" }, "geometry": { "type": "Point", "coordinates": [ -76.506162268052165, 3.375163450932443 ] } },
{ "type": "Feature", "properties": { "OBJECTID": 19655, "CE": "", "CT": "Manzana/Vereda", "ESTAMPA_CC": "2026-05-26 14:46:02" }, "geometry": { "type": "Point", "coordinates": [ -76.506101664729158, 3.375093477600508 ] } },
{ "type": "Feature", "properties": { "OBJECTID": 19688, "CE": "", "CT": "Manzana/Vereda; Número Piso", "ESTAMPA_CC": "2026-05-26 14:46:02" }, "geometry": { "type": "Point", "coordinates": [ -76.505586000201561, 3.373436826110465 ] } },
{ "type": "Feature", "properties": { "OBJECTID": 19689, "CE": "", "CT": "Manzana/Vereda", "ESTAMPA_CC": "2026-05-26 14:46:02" }, "geometry": { "type": "Point", "coordinates": [ -76.506101529222462, 3.375217283913289 ] } },
{ "type": "Feature", "properties": { "OBJECTID": 19690, "CE": "", "CT": "Manzana/Vereda", "ESTAMPA_CC": "2026-05-26 14:46:02" }, "geometry": { "type": "Point", "coordinates": [ -76.506101529222462, 3.375217283913289 ] } },
{ "type": "Feature", "properties": { "OBJECTID": 19695, "CE": "", "CT": "Manzana/Vereda", "ESTAMPA_CC": "2026-05-26 14:46:02" }, "geometry": { "type": "Point", "coordinates": [ -76.505789033413365, 3.373563967560807 ] } },
{ "type": "Feature", "properties": { "OBJECTID": 19696, "CE": "", "CT": "Manzana/Vereda", "ESTAMPA_CC": "2026-05-26 14:46:02" }, "geometry": { "type": "Point", "coordinates": [ -76.506251175002177, 3.375068450870779 ] } },
{ "type": "Feature", "properties": { "OBJECTID": 19697, "CE": "", "CT": "Manzana/Vereda", "ESTAMPA_CC": "2026-05-26 14:46:02" }, "geometry": { "type": "Point", "coordinates": [ -76.506201531632627, 3.375023654088782 ] } },
{ "type": "Feature", "properties": { "OBJECTID": 19698, "CE": "", "CT": "Manzana/Vereda", "ESTAMPA_CC": "2026-05-26 14:46:02" }, "geometry": { "type": "Point", "coordinates": [ -76.506101664729158, 3.375093477600508 ] } },
{ "type": "Feature", "properties": { "OBJECTID": 19699, "CE": "", "CT": "Manzana/Vereda", "ESTAMPA_CC": "2026-05-26 14:46:02" }, "geometry": { "type": "Point", "coordinates": [ -76.506101664729158, 3.375093477600508 ] } },
{ "type": "Feature", "properties": { "OBJECTID": 19700, "CE": "", "CT": "Manzana/Vereda", "ESTAMPA_CC": "2026-05-26 14:46:02" }, "geometry": { "type": "Point", "coordinates": [ -76.506101664729158, 3.375093477600508 ] } },
{ "type": "Feature", "properties": { "OBJECTID": 19701, "CE": "", "CT": "Manzana/Vereda", "ESTAMPA_CC": "2026-05-26 14:46:02" }, "geometry": { "type": "Point", "coordinates": [ -76.506162268052165, 3.375163450932443 ] } },
{ "type": "Feature", "properties": { "OBJECTID": 19702, "CE": "", "CT": "Manzana/Vereda", "ESTAMPA_CC": "2026-05-26 14:46:02" }, "geometry": { "type": "Point", "coordinates": [ -76.506201531632627, 3.375023654088782 ] } },
{ "type": "Feature", "properties": { "OBJECTID": 19703, "CE": "", "CT": "Manzana/Vereda", "ESTAMPA_CC": "2026-05-26 14:46:02" }, "geometry": { "type": "Point", "coordinates": [ -76.506162268052165, 3.375163450932443 ] } },
{ "type": "Feature", "properties": { "OBJECTID": 19704, "CE": "", "CT": "Manzana/Vereda", "ESTAMPA_CC": "2026-05-26 14:46:02" }, "geometry": { "type": "Point", "coordinates": [ -76.506101664729158, 3.375093477600508 ] } },
{ "type": "Feature", "properties": { "OBJECTID": 19705, "CE": "", "CT": "Manzana/Vereda", "ESTAMPA_CC": "2026-05-26 14:46:02" }, "geometry": { "type": "Point", "coordinates": [ -76.506162268052165, 3.375163450932443 ] } },
{ "type": "Feature", "properties": { "OBJECTID": 19706, "CE": "", "CT": "Manzana/Vereda", "ESTAMPA_CC": "2026-05-26 14:46:02" }, "geometry": { "type": "Point", "coordinates": [ -76.506251175002177, 3.375068450870779 ] } },
{ "type": "Feature", "properties": { "OBJECTID": 19707, "CE": "", "CT": "Manzana/Vereda", "ESTAMPA_CC": "2026-05-26 14:46:02" }, "geometry": { "type": "Point", "coordinates": [ -76.506162268052165, 3.375163450932443 ] } },
{ "type": "Feature", "properties": { "OBJECTID": 19708, "CE": "", "CT": "Manzana/Vereda", "ESTAMPA_CC": "2026-05-26 14:46:02" }, "geometry": { "type": "Point", "coordinates": [ -76.505720379158504, 3.374959739612679 ] } },
{ "type": "Feature", "properties": { "OBJECTID": 19709, "CE": "", "CT": "Manzana/Vereda", "ESTAMPA_CC": "2026-05-26 14:46:02" }, "geometry": { "type": "Point", "coordinates": [ -76.505858915863826, 3.374952164622015 ] } },
{ "type": "Feature", "properties": { "OBJECTID": 19710, "CE": "", "CT": "Manzana/Vereda", "ESTAMPA_CC": "2026-05-26 14:46:02" }, "geometry": { "type": "Point", "coordinates": [ -76.505858915863826, 3.374952164622015 ] } },
{ "type": "Feature", "properties": { "OBJECTID": 19711, "CE": "", "CT": "Manzana/Vereda", "ESTAMPA_CC": "2026-05-26 14:46:02" }, "geometry": { "type": "Point", "coordinates": [ -76.505720379158504, 3.374959739612679 ] } },
{ "type": "Feature", "properties": { "OBJECTID": 19712, "CE": "", "CT": "Manzana/Vereda", "ESTAMPA_CC": "2026-05-26 14:46:02" }, "geometry": { "type": "Point", "coordinates": [ -76.505858915863826, 3.374952164622015 ] } },
{ "type": "Feature", "properties": { "OBJECTID": 19713, "CE": "", "CT": "Manzana/Vereda", "ESTAMPA_CC": "2026-05-26 14:46:02" }, "geometry": { "type": "Point", "coordinates": [ -76.505809873910792, 3.374881311217522 ] } },
{ "type": "Feature", "properties": { "OBJECTID": 19714, "CE": "", "CT": "Manzana/Vereda", "ESTAMPA_CC": "2026-05-26 14:46:02" }, "geometry": { "type": "Point", "coordinates": [ -76.505750999477115, 3.375011658911736 ] } },
{ "type": "Feature", "properties": { "OBJECTID": 19715, "CE": "", "CT": "Manzana/Vereda", "ESTAMPA_CC": "2026-05-26 14:46:02" }, "geometry": { "type": "Point", "coordinates": [ -76.505858915863826, 3.374952164622015 ] } },
{ "type": "Feature", "properties": { "OBJECTID": 19744, "CE": "", "CT": "Manzana/Vereda", "ESTAMPA_CC": "2026-05-26 14:46:02" }, "geometry": { "type": "Point", "coordinates": [ -76.505951820300993, 3.375244288992929 ] } },
{ "type": "Feature", "properties": { "OBJECTID": 19745, "CE": "", "CT": "Manzana/Vereda", "ESTAMPA_CC": "2026-05-26 14:46:02" }, "geometry": { "type": "Point", "coordinates": [ -76.506201531632627, 3.375023654088782 ] } },
{ "type": "Feature", "properties": { "OBJECTID": 19746, "CE": "", "CT": "Manzana/Vereda", "ESTAMPA_CC": "2026-05-26 14:46:02" }, "geometry": { "type": "Point", "coordinates": [ -76.506101664729158, 3.375093477600508 ] } },
{ "type": "Feature", "properties": { "OBJECTID": 19747, "CE": "", "CT": "Manzana/Vereda", "ESTAMPA_CC": "2026-05-26 14:46:02" }, "geometry": { "type": "Point", "coordinates": [ -76.506251175002177, 3.375068450870779 ] } },
{ "type": "Feature", "properties": { "OBJECTID": 19748, "CE": "", "CT": "Manzana/Vereda", "ESTAMPA_CC": "2026-05-26 14:46:02" }, "geometry": { "type": "Point", "coordinates": [ -76.506201531632627, 3.375023654088782 ] } },
{ "type": "Feature", "properties": { "OBJECTID": 19749, "CE": "", "CT": "Manzana/Vereda", "ESTAMPA_CC": "2026-05-26 14:46:02" }, "geometry": { "type": "Point", "coordinates": [ -76.506201531632627, 3.375023654088782 ] } },
{ "type": "Feature", "properties": { "OBJECTID": 19750, "CE": "", "CT": "Manzana/Vereda", "ESTAMPA_CC": "2026-05-26 14:46:02" }, "geometry": { "type": "Point", "coordinates": [ -76.506251175002177, 3.375068450870779 ] } },
{ "type": "Feature", "properties": { "OBJECTID": 19751, "CE": "", "CT": "Manzana/Vereda", "ESTAMPA_CC": "2026-05-26 14:46:02" }, "geometry": { "type": "Point", "coordinates": [ -76.506251175002177, 3.375068450870779 ] } },
{ "type": "Feature", "properties": { "OBJECTID": 19752, "CE": "", "CT": "Manzana/Vereda", "ESTAMPA_CC": "2026-05-26 14:46:02" }, "geometry": { "type": "Point", "coordinates": [ -76.506162268052165, 3.375163450932443 ] } },
{ "type": "Feature", "properties": { "OBJECTID": 19753, "CE": "", "CT": "Manzana/Vereda", "ESTAMPA_CC": "2026-05-26 14:46:02" }, "geometry": { "type": "Point", "coordinates": [ -76.506251175002177, 3.375068450870779 ] } },
{ "type": "Feature", "properties": { "OBJECTID": 19754, "CE": "", "CT": "Manzana/Vereda", "ESTAMPA_CC": "2026-05-26 14:46:02" }, "geometry": { "type": "Point", "coordinates": [ -76.506251175002177, 3.375068450870779 ] } },
{ "type": "Feature", "properties": { "OBJECTID": 19755, "CE": "", "CT": "Manzana/Vereda", "ESTAMPA_CC": "2026-05-26 14:46:02" }, "geometry": { "type": "Point", "coordinates": [ -76.506162268052165, 3.375163450932443 ] } },
{ "type": "Feature", "properties": { "OBJECTID": 19756, "CE": "", "CT": "Manzana/Vereda", "ESTAMPA_CC": "2026-05-26 14:46:02" }, "geometry": { "type": "Point", "coordinates": [ -76.506162268052165, 3.375163450932443 ] } },
{ "type": "Feature", "properties": { "OBJECTID": 19761, "CE": "", "CT": "Manzana/Vereda", "ESTAMPA_CC": "2026-05-26 14:46:02" }, "geometry": { "type": "Point", "coordinates": [ -76.506201531632627, 3.375023654088782 ] } },
{ "type": "Feature", "properties": { "OBJECTID": 19762, "CE": "", "CT": "Manzana/Vereda", "ESTAMPA_CC": "2026-05-26 14:46:02" }, "geometry": { "type": "Point", "coordinates": [ -76.506201531632627, 3.375023654088782 ] } },
{ "type": "Feature", "properties": { "OBJECTID": 19763, "CE": "", "CT": "Manzana/Vereda", "ESTAMPA_CC": "2026-05-26 14:46:02" }, "geometry": { "type": "Point", "coordinates": [ -76.506101664729158, 3.375093477600508 ] } },
{ "type": "Feature", "properties": { "OBJECTID": 19764, "CE": "", "CT": "Manzana/Vereda", "ESTAMPA_CC": "2026-05-26 14:46:02" }, "geometry": { "type": "Point", "coordinates": [ -76.506251175002177, 3.375068450870779 ] } },
{ "type": "Feature", "properties": { "OBJECTID": 19765, "CE": "", "CT": "Manzana/Vereda", "ESTAMPA_CC": "2026-05-26 14:46:02" }, "geometry": { "type": "Point", "coordinates": [ -76.506101664729158, 3.375093477600508 ] } },
{ "type": "Feature", "properties": { "OBJECTID": 19866, "CE": "", "CT": "Manzana/Vereda", "ESTAMPA_CC": "2026-05-26 14:46:02" }, "geometry": { "type": "Point", "coordinates": [ -76.506001450773979, 3.375289073129067 ] } },
{ "type": "Feature", "properties": { "OBJECTID": 19867, "CE": "", "CT": "Manzana/Vereda", "ESTAMPA_CC": "2026-05-26 14:46:02" }, "geometry": { "type": "Point", "coordinates": [ -76.505951820300993, 3.375244288992929 ] } },
{ "type": "Feature", "properties": { "OBJECTID": 19868, "CE": "", "CT": "Manzana/Vereda", "ESTAMPA_CC": "2026-05-26 14:46:02" }, "geometry": { "type": "Point", "coordinates": [ -76.506001450773979, 3.375289073129067 ] } },
{ "type": "Feature", "properties": { "OBJECTID": 19869, "CE": "", "CT": "Manzana/Vereda", "ESTAMPA_CC": "2026-05-26 14:46:02" }, "geometry": { "type": "Point", "coordinates": [ -76.506101529222462, 3.375217283913289 ] } },
{ "type": "Feature", "properties": { "OBJECTID": 19870, "CE": "", "CT": "Manzana/Vereda", "ESTAMPA_CC": "2026-05-26 14:46:02" }, "geometry": { "type": "Point", "coordinates": [ -76.506040733196528, 3.375149302966066 ] } },
{ "type": "Feature", "properties": { "OBJECTID": 19928, "CE": "", "CT": "Manzana/Vereda", "ESTAMPA_CC": "2026-05-26 14:46:02" }, "geometry": { "type": "Point", "coordinates": [ -76.505659048508193, 3.37423259259822 ] } },
{ "type": "Feature", "properties": { "OBJECTID": 19929, "CE": "", "CT": "Manzana/Vereda", "ESTAMPA_CC": "2026-05-26 14:46:02" }, "geometry": { "type": "Point", "coordinates": [ -76.506001450773979, 3.375289073129067 ] } },
{ "type": "Feature", "properties": { "OBJECTID": 19930, "CE": "", "CT": "Manzana/Vereda", "ESTAMPA_CC": "2026-05-26 14:46:02" }, "geometry": { "type": "Point", "coordinates": [ -76.506101529222462, 3.375217283913289 ] } },
{ "type": "Feature", "properties": { "OBJECTID": 19931, "CE": "", "CT": "Manzana/Vereda", "ESTAMPA_CC": "2026-05-26 14:46:02" }, "geometry": { "type": "Point", "coordinates": [ -76.505645487713991, 3.374566406352403 ] } },
{ "type": "Feature", "properties": { "OBJECTID": 19932, "CE": "", "CT": "Manzana/Vereda", "ESTAMPA_CC": "2026-05-26 14:46:02" }, "geometry": { "type": "Point", "coordinates": [ -76.505545670261625, 3.374628833499303 ] } },
{ "type": "Feature", "properties": { "OBJECTID": 19933, "CE": "", "CT": "Manzana/Vereda", "ESTAMPA_CC": "2026-05-26 14:46:02" }, "geometry": { "type": "Point", "coordinates": [ -76.505645487713991, 3.374566406352403 ] } },
{ "type": "Feature", "properties": { "OBJECTID": 19934, "CE": "", "CT": "Manzana/Vereda", "ESTAMPA_CC": "2026-05-26 14:46:02" }, "geometry": { "type": "Point", "coordinates": [ -76.505572470669122, 3.374690444799459 ] } },
{ "type": "Feature", "properties": { "OBJECTID": 19935, "CE": "", "CT": "Manzana/Vereda", "ESTAMPA_CC": "2026-05-26 14:46:02" }, "geometry": { "type": "Point", "coordinates": [ -76.505545670261625, 3.374628833499303 ] } },
{ "type": "Feature", "properties": { "OBJECTID": 19936, "CE": "", "CT": "Manzana/Vereda", "ESTAMPA_CC": "2026-05-26 14:46:02" }, "geometry": { "type": "Point", "coordinates": [ -76.505675916336855, 3.374652053896408 ] } },
{ "type": "Feature", "properties": { "OBJECTID": 19937, "CE": "", "CT": "Manzana/Vereda", "ESTAMPA_CC": "2026-05-26 14:46:02" }, "geometry": { "type": "Point", "coordinates": [ -76.505545670261625, 3.374628833499303 ] } },
{ "type": "Feature", "properties": { "OBJECTID": 19938, "CE": "", "CT": "Manzana/Vereda", "ESTAMPA_CC": "2026-05-26 14:46:02" }, "geometry": { "type": "Point", "coordinates": [ -76.505645487713991, 3.374566406352403 ] } },
{ "type": "Feature", "properties": { "OBJECTID": 19970, "CE": "", "CT": "Manzana/Vereda", "ESTAMPA_CC": "2026-05-26 14:46:02" }, "geometry": { "type": "Point", "coordinates": [ -76.506201531632627, 3.375023654088782 ] } },
{ "type": "Feature", "properties": { "OBJECTID": 19981, "CE": "", "CT": "Manzana/Vereda", "ESTAMPA_CC": "2026-05-26 14:46:02" }, "geometry": { "type": "Point", "coordinates": [ -76.506162268052165, 3.375163450932443 ] } },
{ "type": "Feature", "properties": { "OBJECTID": 19995, "CE": "", "CT": "Manzana/Vereda", "ESTAMPA_CC": "2026-05-26 14:46:02" }, "geometry": { "type": "Point", "coordinates": [ -76.505675916336855, 3.374652053896408 ] } },
{ "type": "Feature", "properties": { "OBJECTID": 19996, "CE": "", "CT": "Manzana/Vereda", "ESTAMPA_CC": "2026-05-26 14:46:02" }, "geometry": { "type": "Point", "coordinates": [ -76.505675916336855, 3.374652053896408 ] } },
{ "type": "Feature", "properties": { "OBJECTID": 19997, "CE": "", "CT": "Manzana/Vereda", "ESTAMPA_CC": "2026-05-26 14:46:02" }, "geometry": { "type": "Point", "coordinates": [ -76.505645487713991, 3.374566406352403 ] } },
{ "type": "Feature", "properties": { "OBJECTID": 19998, "CE": "", "CT": "Manzana/Vereda", "ESTAMPA_CC": "2026-05-26 14:46:02" }, "geometry": { "type": "Point", "coordinates": [ -76.505645487713991, 3.374566406352403 ] } },
{ "type": "Feature", "properties": { "OBJECTID": 19999, "CE": "", "CT": "Manzana/Vereda", "ESTAMPA_CC": "2026-05-26 14:46:02" }, "geometry": { "type": "Point", "coordinates": [ -76.505572470669122, 3.374690444799459 ] } },
{ "type": "Feature", "properties": { "OBJECTID": 20000, "CE": "", "CT": "Manzana/Vereda", "ESTAMPA_CC": "2026-05-26 14:46:02" }, "geometry": { "type": "Point", "coordinates": [ -76.505572470669122, 3.374690444799459 ] } },
{ "type": "Feature", "properties": { "OBJECTID": 20001, "CE": "", "CT": "Manzana/Vereda", "ESTAMPA_CC": "2026-05-26 14:46:02" }, "geometry": { "type": "Point", "coordinates": [ -76.505572470669122, 3.374690444799459 ] } },
{ "type": "Feature", "properties": { "OBJECTID": 20132, "CE": "", "CT": "Manzana/Vereda", "ESTAMPA_CC": "2026-05-26 14:46:02" }, "geometry": { "type": "Point", "coordinates": [ -76.505544710217293, 3.373789068708089 ] } },
{ "type": "Feature", "properties": { "OBJECTID": 20133, "CE": "", "CT": "Manzana/Vereda", "ESTAMPA_CC": "2026-05-26 14:46:02" }, "geometry": { "type": "Point", "coordinates": [ -76.505548324284632, 3.373886707252891 ] } },
{ "type": "Feature", "properties": { "OBJECTID": 20134, "CE": "", "CT": "Manzana/Vereda", "ESTAMPA_CC": "2026-05-26 14:46:02" }, "geometry": { "type": "Point", "coordinates": [ -76.505544710217293, 3.373789068708089 ] } },
{ "type": "Feature", "properties": { "OBJECTID": 20135, "CE": "", "CT": "Manzana/Vereda", "ESTAMPA_CC": "2026-05-26 14:46:02" }, "geometry": { "type": "Point", "coordinates": [ -76.50544310218163, 3.373807985999377 ] } },
{ "type": "Feature", "properties": { "OBJECTID": 20136, "CE": "", "CT": "Manzana/Vereda", "ESTAMPA_CC": "2026-05-26 14:46:02" }, "geometry": { "type": "Point", "coordinates": [ -76.505548324284632, 3.373886707252891 ] } },
{ "type": "Feature", "properties": { "OBJECTID": 20320, "CE": "", "CT": "Manzana/Vereda", "ESTAMPA_CC": "2026-05-26 14:46:02" }, "geometry": { "type": "Point", "coordinates": [ -76.505548324284632, 3.373886707252891 ] } },
{ "type": "Feature", "properties": { "OBJECTID": 20321, "CE": "", "CT": "Manzana/Vereda", "ESTAMPA_CC": "2026-05-26 14:46:02" }, "geometry": { "type": "Point", "coordinates": [ -76.50544310218163, 3.373807985999377 ] } },
{ "type": "Feature", "properties": { "OBJECTID": 20322, "CE": "", "CT": "Manzana/Vereda", "ESTAMPA_CC": "2026-05-26 14:46:02" }, "geometry": { "type": "Point", "coordinates": [ -76.505548324284632, 3.373886707252891 ] } },
{ "type": "Feature", "properties": { "OBJECTID": 20323, "CE": "", "CT": "Manzana/Vereda", "ESTAMPA_CC": "2026-05-26 14:46:02" }, "geometry": { "type": "Point", "coordinates": [ -76.505544710217293, 3.373789068708089 ] } },
{ "type": "Feature", "properties": { "OBJECTID": 20324, "CE": "", "CT": "Manzana/Vereda", "ESTAMPA_CC": "2026-05-26 14:46:02" }, "geometry": { "type": "Point", "coordinates": [ -76.5054409795179, 3.373874068081737 ] } },
{ "type": "Feature", "properties": { "OBJECTID": 20325, "CE": "", "CT": "Manzana/Vereda", "ESTAMPA_CC": "2026-05-26 14:46:02" }, "geometry": { "type": "Point", "coordinates": [ -76.50544310218163, 3.373807985999377 ] } },
{ "type": "Feature", "properties": { "OBJECTID": 20326, "CE": "", "CT": "Manzana/Vereda", "ESTAMPA_CC": "2026-05-26 14:46:02" }, "geometry": { "type": "Point", "coordinates": [ -76.505544710217293, 3.373789068708089 ] } },
{ "type": "Feature", "properties": { "OBJECTID": 20327, "CE": "", "CT": "Manzana/Vereda", "ESTAMPA_CC": "2026-05-26 14:46:02" }, "geometry": { "type": "Point", "coordinates": [ -76.50544310218163, 3.373807985999377 ] } },
{ "type": "Feature", "properties": { "OBJECTID": 20328, "CE": "", "CT": "Manzana/Vereda", "ESTAMPA_CC": "2026-05-26 14:46:02" }, "geometry": { "type": "Point", "coordinates": [ -76.5054409795179, 3.373874068081737 ] } },
{ "type": "Feature", "properties": { "OBJECTID": 20329, "CE": "", "CT": "Manzana/Vereda", "ESTAMPA_CC": "2026-05-26 14:46:02" }, "geometry": { "type": "Point", "coordinates": [ -76.50544310218163, 3.373807985999377 ] } },
{ "type": "Feature", "properties": { "OBJECTID": 20330, "CE": "", "CT": "Manzana/Vereda", "ESTAMPA_CC": "2026-05-26 14:46:02" }, "geometry": { "type": "Point", "coordinates": [ -76.505548324284632, 3.373886707252891 ] } },
{ "type": "Feature", "properties": { "OBJECTID": 20331, "CE": "", "CT": "Manzana/Vereda", "ESTAMPA_CC": "2026-05-26 14:46:02" }, "geometry": { "type": "Point", "coordinates": [ -76.505544710217293, 3.373789068708089 ] } },
{ "type": "Feature", "properties": { "OBJECTID": 20332, "CE": "", "CT": "Manzana/Vereda", "ESTAMPA_CC": "2026-05-26 14:46:02" }, "geometry": { "type": "Point", "coordinates": [ -76.505885079079604, 3.37483030363328 ] } },
{ "type": "Feature", "properties": { "OBJECTID": 20333, "CE": "", "CT": "Manzana/Vereda", "ESTAMPA_CC": "2026-05-26 14:46:02" }, "geometry": { "type": "Point", "coordinates": [ -76.506023137825736, 3.374823997647584 ] } },
{ "type": "Feature", "properties": { "OBJECTID": 20334, "CE": "", "CT": "Manzana/Vereda", "ESTAMPA_CC": "2026-05-26 14:46:02" }, "geometry": { "type": "Point", "coordinates": [ -76.506023137825736, 3.374823997647584 ] } },
{ "type": "Feature", "properties": { "OBJECTID": 20335, "CE": "", "CT": "Manzana/Vereda", "ESTAMPA_CC": "2026-05-26 14:46:02" }, "geometry": { "type": "Point", "coordinates": [ -76.505992507061833, 3.374772064342135 ] } },
{ "type": "Feature", "properties": { "OBJECTID": 20336, "CE": "", "CT": "Manzana/Vereda", "ESTAMPA_CC": "2026-05-26 14:46:02" }, "geometry": { "type": "Point", "coordinates": [ -76.505992507061833, 3.374772064342135 ] } },
{ "type": "Feature", "properties": { "OBJECTID": 20388, "CE": "", "CT": "Manzana/Vereda", "ESTAMPA_CC": "2026-05-26 14:46:02" }, "geometry": { "type": "Point", "coordinates": [ -76.505552747551562, 3.374157481786669 ] } },
{ "type": "Feature", "properties": { "OBJECTID": 20389, "CE": "", "CT": "Manzana/Vereda", "ESTAMPA_CC": "2026-05-26 14:46:02" }, "geometry": { "type": "Point", "coordinates": [ -76.505446390960103, 3.374177776090739 ] } },
{ "type": "Feature", "properties": { "OBJECTID": 20390, "CE": "", "CT": "Manzana/Vereda", "ESTAMPA_CC": "2026-05-26 14:46:02" }, "geometry": { "type": "Point", "coordinates": [ -76.505446390960103, 3.374177776090739 ] } },
{ "type": "Feature", "properties": { "OBJECTID": 20391, "CE": "", "CT": "Manzana/Vereda", "ESTAMPA_CC": "2026-05-26 14:46:02" }, "geometry": { "type": "Point", "coordinates": [ -76.505554272705353, 3.374254497760841 ] } },
{ "type": "Feature", "properties": { "OBJECTID": 20392, "CE": "", "CT": "Manzana/Vereda", "ESTAMPA_CC": "2026-05-26 14:46:02" }, "geometry": { "type": "Point", "coordinates": [ -76.505449205024604, 3.374244984877449 ] } },
{ "type": "Feature", "properties": { "OBJECTID": 20393, "CE": "", "CT": "Manzana/Vereda", "ESTAMPA_CC": "2026-05-26 14:46:02" }, "geometry": { "type": "Point", "coordinates": [ -76.505552747551562, 3.374157481786669 ] } },
{ "type": "Feature", "properties": { "OBJECTID": 20394, "CE": "", "CT": "Manzana/Vereda", "ESTAMPA_CC": "2026-05-26 14:46:02" }, "geometry": { "type": "Point", "coordinates": [ -76.505552747551562, 3.374157481786669 ] } },
{ "type": "Feature", "properties": { "OBJECTID": 20395, "CE": "", "CT": "Manzana/Vereda", "ESTAMPA_CC": "2026-05-26 14:46:02" }, "geometry": { "type": "Point", "coordinates": [ -76.505552747551562, 3.374157481786669 ] } },
{ "type": "Feature", "properties": { "OBJECTID": 20396, "CE": "", "CT": "Manzana/Vereda", "ESTAMPA_CC": "2026-05-26 14:46:02" }, "geometry": { "type": "Point", "coordinates": [ -76.505446390960103, 3.374177776090739 ] } },
{ "type": "Feature", "properties": { "OBJECTID": 20397, "CE": "", "CT": "Manzana/Vereda", "ESTAMPA_CC": "2026-05-26 14:46:02" }, "geometry": { "type": "Point", "coordinates": [ -76.505552747551562, 3.374157481786669 ] } },
{ "type": "Feature", "properties": { "OBJECTID": 20438, "CE": "", "CT": "Manzana/Vereda", "ESTAMPA_CC": "2026-05-26 14:46:02" }, "geometry": { "type": "Point", "coordinates": [ -76.505789033413365, 3.373563967560807 ] } },
{ "type": "Feature", "properties": { "OBJECTID": 20439, "CE": "", "CT": "Manzana/Vereda", "ESTAMPA_CC": "2026-05-26 14:46:02" }, "geometry": { "type": "Point", "coordinates": [ -76.505793611458515, 3.373494895798316 ] } },
{ "type": "Feature", "properties": { "OBJECTID": 20440, "CE": "", "CT": "Manzana/Vereda", "ESTAMPA_CC": "2026-05-26 14:46:02" }, "geometry": { "type": "Point", "coordinates": [ -76.505681387327101, 3.373561409271333 ] } },
{ "type": "Feature", "properties": { "OBJECTID": 20441, "CE": "", "CT": "Manzana/Vereda", "ESTAMPA_CC": "2026-05-26 14:46:02" }, "geometry": { "type": "Point", "coordinates": [ -76.505793611458515, 3.373494895798316 ] } },
{ "type": "Feature", "properties": { "OBJECTID": 20442, "CE": "", "CT": "Manzana/Vereda", "ESTAMPA_CC": "2026-05-26 14:46:02" }, "geometry": { "type": "Point", "coordinates": [ -76.505681387327101, 3.373561409271333 ] } },
{ "type": "Feature", "properties": { "OBJECTID": 20443, "CE": "", "CT": "Manzana/Vereda", "ESTAMPA_CC": "2026-05-26 14:46:02" }, "geometry": { "type": "Point", "coordinates": [ -76.505689195651755, 3.373465083795742 ] } },
{ "type": "Feature", "properties": { "OBJECTID": 20487, "CE": "", "CT": "Manzana/Vereda; Número Piso", "ESTAMPA_CC": "2026-05-26 14:46:02" }, "geometry": { "type": "Point", "coordinates": [ -76.505478419152382, 3.373433850061367 ] } },
{ "type": "Feature", "properties": { "OBJECTID": 20488, "CE": "", "CT": "Manzana/Vereda; Número Piso", "ESTAMPA_CC": "2026-05-26 14:46:02" }, "geometry": { "type": "Point", "coordinates": [ -76.505586000201561, 3.373436826110465 ] } },
{ "type": "Feature", "properties": { "OBJECTID": 20489, "CE": "", "CT": "Manzana/Vereda; Número Piso", "ESTAMPA_CC": "2026-05-26 14:46:02" }, "geometry": { "type": "Point", "coordinates": [ -76.505473844094169, 3.373502904642701 ] } },
{ "type": "Feature", "properties": { "OBJECTID": 20490, "CE": "", "CT": "Manzana/Vereda; Número Piso", "ESTAMPA_CC": "2026-05-26 14:46:02" }, "geometry": { "type": "Point", "coordinates": [ -76.505478419152382, 3.373433850061367 ] } },
{ "type": "Feature", "properties": { "OBJECTID": 20491, "CE": "", "CT": "Manzana/Vereda; Número Piso", "ESTAMPA_CC": "2026-05-26 14:46:02" }, "geometry": { "type": "Point", "coordinates": [ -76.505586000201561, 3.373436826110465 ] } },
{ "type": "Feature", "properties": { "OBJECTID": 20492, "CE": "", "CT": "Manzana/Vereda; Número Piso", "ESTAMPA_CC": "2026-05-26 14:46:02" }, "geometry": { "type": "Point", "coordinates": [ -76.505586000201561, 3.373436826110465 ] } },
{ "type": "Feature", "properties": { "OBJECTID": 20493, "CE": "", "CT": "Manzana/Vereda; Número Piso", "ESTAMPA_CC": "2026-05-26 14:46:02" }, "geometry": { "type": "Point", "coordinates": [ -76.505473844094169, 3.373502904642701 ] } },
{ "type": "Feature", "properties": { "OBJECTID": 20494, "CE": "", "CT": "Manzana/Vereda; Número Piso", "ESTAMPA_CC": "2026-05-26 14:46:02" }, "geometry": { "type": "Point", "coordinates": [ -76.505473844094169, 3.373502904642701 ] } },
{ "type": "Feature", "properties": { "OBJECTID": 20495, "CE": "", "CT": "Manzana/Vereda; Número Piso", "ESTAMPA_CC": "2026-05-26 14:46:02" }, "geometry": { "type": "Point", "coordinates": [ -76.505586000201561, 3.373436826110465 ] } },
{ "type": "Feature", "properties": { "OBJECTID": 20496, "CE": "", "CT": "Manzana/Vereda", "ESTAMPA_CC": "2026-05-26 14:46:02" }, "geometry": { "type": "Point", "coordinates": [ -76.505793611458515, 3.373494895798316 ] } },
{ "type": "Feature", "properties": { "OBJECTID": 20497, "CE": "", "CT": "Manzana/Vereda", "ESTAMPA_CC": "2026-05-26 14:46:02" }, "geometry": { "type": "Point", "coordinates": [ -76.505689195651755, 3.373465083795742 ] } },
{ "type": "Feature", "properties": { "OBJECTID": 20498, "CE": "", "CT": "Manzana/Vereda", "ESTAMPA_CC": "2026-05-26 14:46:02" }, "geometry": { "type": "Point", "coordinates": [ -76.505789033413365, 3.373563967560807 ] } },
{ "type": "Feature", "properties": { "OBJECTID": 20499, "CE": "", "CT": "Manzana/Vereda", "ESTAMPA_CC": "2026-05-26 14:46:02" }, "geometry": { "type": "Point", "coordinates": [ -76.505681387327101, 3.373561409271333 ] } },
{ "type": "Feature", "properties": { "OBJECTID": 20500, "CE": "", "CT": "Manzana/Vereda", "ESTAMPA_CC": "2026-05-26 14:46:02" }, "geometry": { "type": "Point", "coordinates": [ -76.505793611458515, 3.373494895798316 ] } },
{ "type": "Feature", "properties": { "OBJECTID": 20501, "CE": "", "CT": "Manzana/Vereda", "ESTAMPA_CC": "2026-05-26 14:46:02" }, "geometry": { "type": "Point", "coordinates": [ -76.505789033413365, 3.373563967560807 ] } },
{ "type": "Feature", "properties": { "OBJECTID": 20502, "CE": "", "CT": "Manzana/Vereda", "ESTAMPA_CC": "2026-05-26 14:46:02" }, "geometry": { "type": "Point", "coordinates": [ -76.505789033413365, 3.373563967560807 ] } },
{ "type": "Feature", "properties": { "OBJECTID": 20503, "CE": "", "CT": "Manzana/Vereda", "ESTAMPA_CC": "2026-05-26 14:46:02" }, "geometry": { "type": "Point", "coordinates": [ -76.505789033413365, 3.373563967560807 ] } },
{ "type": "Feature", "properties": { "OBJECTID": 20504, "CE": "", "CT": "Manzana/Vereda", "ESTAMPA_CC": "2026-05-26 14:46:02" }, "geometry": { "type": "Point", "coordinates": [ -76.505789033413365, 3.373563967560807 ] } },
{ "type": "Feature", "properties": { "OBJECTID": 20551, "CE": "", "CT": "Manzana/Vereda; Número Piso", "ESTAMPA_CC": "2026-05-26 14:46:02" }, "geometry": { "type": "Point", "coordinates": [ -76.505473844094169, 3.373502904642701 ] } },
{ "type": "Feature", "properties": { "OBJECTID": 20552, "CE": "", "CT": "Manzana/Vereda; Número Piso", "ESTAMPA_CC": "2026-05-26 14:46:02" }, "geometry": { "type": "Point", "coordinates": [ -76.505586000201561, 3.373436826110465 ] } },
{ "type": "Feature", "properties": { "OBJECTID": 20553, "CE": "", "CT": "Manzana/Vereda; Número Piso", "ESTAMPA_CC": "2026-05-26 14:46:02" }, "geometry": { "type": "Point", "coordinates": [ -76.505586000201561, 3.373436826110465 ] } },
{ "type": "Feature", "properties": { "OBJECTID": 20554, "CE": "", "CT": "Manzana/Vereda; Número Piso", "ESTAMPA_CC": "2026-05-26 14:46:02" }, "geometry": { "type": "Point", "coordinates": [ -76.505586000201561, 3.373436826110465 ] } },
{ "type": "Feature", "properties": { "OBJECTID": 20555, "CE": "", "CT": "Manzana/Vereda; Número Piso", "ESTAMPA_CC": "2026-05-26 14:46:02" }, "geometry": { "type": "Point", "coordinates": [ -76.505578259934907, 3.37353270220185 ] } },
{ "type": "Feature", "properties": { "OBJECTID": 20556, "CE": "", "CT": "Manzana/Vereda; Número Piso", "ESTAMPA_CC": "2026-05-26 14:46:02" }, "geometry": { "type": "Point", "coordinates": [ -76.505578259934907, 3.37353270220185 ] } },
{ "type": "Feature", "properties": { "OBJECTID": 20557, "CE": "", "CT": "Manzana/Vereda; Número Piso", "ESTAMPA_CC": "2026-05-26 14:46:02" }, "geometry": { "type": "Point", "coordinates": [ -76.505473844094169, 3.373502904642701 ] } },
{ "type": "Feature", "properties": { "OBJECTID": 20558, "CE": "", "CT": "Manzana/Vereda", "ESTAMPA_CC": "2026-05-26 14:46:02" }, "geometry": { "type": "Point", "coordinates": [ -76.505793611458515, 3.373494895798316 ] } },
{ "type": "Feature", "properties": { "OBJECTID": 20587, "CE": "", "CT": "Manzana/Vereda", "ESTAMPA_CC": "2026-05-26 14:46:02" }, "geometry": { "type": "Point", "coordinates": [ -76.505933647429089, 3.374902440077915 ] } },
{ "type": "Feature", "properties": { "OBJECTID": 20588, "CE": "", "CT": "Manzana/Vereda", "ESTAMPA_CC": "2026-05-26 14:46:02" }, "geometry": { "type": "Point", "coordinates": [ -76.505885079079604, 3.37483030363328 ] } },
{ "type": "Feature", "properties": { "OBJECTID": 20589, "CE": "", "CT": "Manzana/Vereda", "ESTAMPA_CC": "2026-05-26 14:46:02" }, "geometry": { "type": "Point", "coordinates": [ -76.505992507061833, 3.374772064342135 ] } },
{ "type": "Feature", "properties": { "OBJECTID": 20590, "CE": "", "CT": "Manzana/Vereda", "ESTAMPA_CC": "2026-05-26 14:46:02" }, "geometry": { "type": "Point", "coordinates": [ -76.505933647429089, 3.374902440077915 ] } },
{ "type": "Feature", "properties": { "OBJECTID": 20591, "CE": "", "CT": "Manzana/Vereda", "ESTAMPA_CC": "2026-05-26 14:46:02" }, "geometry": { "type": "Point", "coordinates": [ -76.506023137825736, 3.374823997647584 ] } },
{ "type": "Feature", "properties": { "OBJECTID": 20592, "CE": "", "CT": "Manzana/Vereda", "ESTAMPA_CC": "2026-05-26 14:46:02" }, "geometry": { "type": "Point", "coordinates": [ -76.505885079079604, 3.37483030363328 ] } },
{ "type": "Feature", "properties": { "OBJECTID": 20593, "CE": "", "CT": "Manzana/Vereda", "ESTAMPA_CC": "2026-05-26 14:46:02" }, "geometry": { "type": "Point", "coordinates": [ -76.505992507061833, 3.374772064342135 ] } },
{ "type": "Feature", "properties": { "OBJECTID": 20594, "CE": "", "CT": "Manzana/Vereda", "ESTAMPA_CC": "2026-05-26 14:46:02" }, "geometry": { "type": "Point", "coordinates": [ -76.505933647429089, 3.374902440077915 ] } },
{ "type": "Feature", "properties": { "OBJECTID": 20595, "CE": "", "CT": "Manzana/Vereda", "ESTAMPA_CC": "2026-05-26 14:46:02" }, "geometry": { "type": "Point", "coordinates": [ -76.505675916336855, 3.374652053896408 ] } },
{ "type": "Feature", "properties": { "OBJECTID": 20596, "CE": "", "CT": "Manzana/Vereda", "ESTAMPA_CC": "2026-05-26 14:46:02" }, "geometry": { "type": "Point", "coordinates": [ -76.505572470669122, 3.374690444799459 ] } },
{ "type": "Feature", "properties": { "OBJECTID": 20597, "CE": "", "CT": "Manzana/Vereda", "ESTAMPA_CC": "2026-05-26 14:46:02" }, "geometry": { "type": "Point", "coordinates": [ -76.505675916336855, 3.374652053896408 ] } },
{ "type": "Feature", "properties": { "OBJECTID": 20605, "CE": "", "CT": "Manzana/Vereda", "ESTAMPA_CC": "2026-05-26 14:46:02" }, "geometry": { "type": "Point", "coordinates": [ -76.505478419152382, 3.373433850061367 ] } },
{ "type": "Feature", "properties": { "OBJECTID": 20606, "CE": "", "CT": "Manzana/Vereda; Número Piso", "ESTAMPA_CC": "2026-05-26 14:46:02" }, "geometry": { "type": "Point", "coordinates": [ -76.505578259934907, 3.37353270220185 ] } },
{ "type": "Feature", "properties": { "OBJECTID": 20607, "CE": "", "CT": "Manzana/Vereda; Número Piso", "ESTAMPA_CC": "2026-05-26 14:46:02" }, "geometry": { "type": "Point", "coordinates": [ -76.505586000201561, 3.373436826110465 ] } },
{ "type": "Feature", "properties": { "OBJECTID": 20608, "CE": "", "CT": "Manzana/Vereda", "ESTAMPA_CC": "2026-05-26 14:46:02" }, "geometry": { "type": "Point", "coordinates": [ -76.505578259934907, 3.37353270220185 ] } },
{ "type": "Feature", "properties": { "OBJECTID": 20609, "CE": "", "CT": "Manzana/Vereda; Número Piso", "ESTAMPA_CC": "2026-05-26 14:46:02" }, "geometry": { "type": "Point", "coordinates": [ -76.505478419152382, 3.373433850061367 ] } },
{ "type": "Feature", "properties": { "OBJECTID": 20610, "CE": "", "CT": "Manzana/Vereda; Número Piso", "ESTAMPA_CC": "2026-05-26 14:46:02" }, "geometry": { "type": "Point", "coordinates": [ -76.505473844094169, 3.373502904642701 ] } },
{ "type": "Feature", "properties": { "OBJECTID": 20611, "CE": "", "CT": "Manzana/Vereda; Número Piso", "ESTAMPA_CC": "2026-05-26 14:46:02" }, "geometry": { "type": "Point", "coordinates": [ -76.505578259934907, 3.37353270220185 ] } },
{ "type": "Feature", "properties": { "OBJECTID": 20612, "CE": "", "CT": "Manzana/Vereda; Número Piso", "ESTAMPA_CC": "2026-05-26 14:46:02" }, "geometry": { "type": "Point", "coordinates": [ -76.505478419152382, 3.373433850061367 ] } },
{ "type": "Feature", "properties": { "OBJECTID": 20613, "CE": "", "CT": "Manzana/Vereda; Número Piso", "ESTAMPA_CC": "2026-05-26 14:46:02" }, "geometry": { "type": "Point", "coordinates": [ -76.505478419152382, 3.373433850061367 ] } },
{ "type": "Feature", "properties": { "OBJECTID": 20614, "CE": "", "CT": "Manzana/Vereda; Número Piso", "ESTAMPA_CC": "2026-05-26 14:46:02" }, "geometry": { "type": "Point", "coordinates": [ -76.505578259934907, 3.37353270220185 ] } },
{ "type": "Feature", "properties": { "OBJECTID": 20615, "CE": "", "CT": "Manzana/Vereda; Número Piso", "ESTAMPA_CC": "2026-05-26 14:46:02" }, "geometry": { "type": "Point", "coordinates": [ -76.505578259934907, 3.37353270220185 ] } },
{ "type": "Feature", "properties": { "OBJECTID": 20616, "CE": "", "CT": "Manzana/Vereda; Número Piso", "ESTAMPA_CC": "2026-05-26 14:46:02" }, "geometry": { "type": "Point", "coordinates": [ -76.505473844094169, 3.373502904642701 ] } },
{ "type": "Feature", "properties": { "OBJECTID": 20617, "CE": "", "CT": "Manzana/Vereda; Número Piso", "ESTAMPA_CC": "2026-05-26 14:46:02" }, "geometry": { "type": "Point", "coordinates": [ -76.505478419152382, 3.373433850061367 ] } },
{ "type": "Feature", "properties": { "OBJECTID": 20618, "CE": "", "CT": "Manzana/Vereda", "ESTAMPA_CC": "2026-05-26 14:46:02" }, "geometry": { "type": "Point", "coordinates": [ -76.505473844094169, 3.373502904642701 ] } },
{ "type": "Feature", "properties": { "OBJECTID": 20619, "CE": "", "CT": "Manzana/Vereda; Número Piso", "ESTAMPA_CC": "2026-05-26 14:46:02" }, "geometry": { "type": "Point", "coordinates": [ -76.505478419152382, 3.373433850061367 ] } },
{ "type": "Feature", "properties": { "OBJECTID": 20712, "CE": "NPN Terreno -> Unidad", "CT": "Comuna", "ESTAMPA_CC": "2026-05-26 14:46:02" }, "geometry": { "type": "Point", "coordinates": [ -76.506864509714845, 3.371845754627825 ] } },
{ "type": "Feature", "properties": { "OBJECTID": 20726, "CE": "NPN Terreno -> Unidad", "CT": "Comuna", "ESTAMPA_CC": "2026-05-26 14:46:02" }, "geometry": { "type": "Point", "coordinates": [ -76.507295569024194, 3.37206562999264 ] } },
{ "type": "Feature", "properties": { "OBJECTID": 20736, "CE": "NPN Terreno -> Unidad", "CT": "Comuna", "ESTAMPA_CC": "2026-05-26 14:46:02" }, "geometry": { "type": "Point", "coordinates": [ -76.506849316600011, 3.371932840499808 ] } },
{ "type": "Feature", "properties": { "OBJECTID": 20737, "CE": "NPN Terreno -> Unidad", "CT": "Comuna", "ESTAMPA_CC": "2026-05-26 14:46:02" }, "geometry": { "type": "Point", "coordinates": [ -76.506664105693872, 3.372303981876559 ] } },
{ "type": "Feature", "properties": { "OBJECTID": 20788, "CE": "NPN Terreno -> Unidad", "CT": "Comuna", "ESTAMPA_CC": "2026-05-26 14:46:02" }, "geometry": { "type": "Point", "coordinates": [ -76.507319041275196, 3.371957536185036 ] } },
{ "type": "Feature", "properties": { "OBJECTID": 20807, "CE": "NPN Terreno -> Unidad", "CT": "Comuna", "ESTAMPA_CC": "2026-05-26 14:46:02" }, "geometry": { "type": "Point", "coordinates": [ -76.507319041275196, 3.371957536185036 ] } },
{ "type": "Feature", "properties": { "OBJECTID": 20827, "CE": "NPN Terreno -> Unidad", "CT": "Comuna", "ESTAMPA_CC": "2026-05-26 14:46:02" }, "geometry": { "type": "Point", "coordinates": [ -76.506849316600011, 3.371932840499808 ] } },
{ "type": "Feature", "properties": { "OBJECTID": 20829, "CE": "NPN Terreno -> Unidad", "CT": "Comuna", "ESTAMPA_CC": "2026-05-26 14:46:02" }, "geometry": { "type": "Point", "coordinates": [ -76.506546914840015, 3.372361724245008 ] } },
{ "type": "Feature", "properties": { "OBJECTID": 20885, "CE": "NPN Terreno -> Unidad", "CT": "Comuna", "ESTAMPA_CC": "2026-05-26 14:46:02" }, "geometry": { "type": "Point", "coordinates": [ -76.507379217699309, 3.372165889999591 ] } },
{ "type": "Feature", "properties": { "OBJECTID": 20908, "CE": "NPN Terreno -> Unidad", "CT": "Comuna", "ESTAMPA_CC": "2026-05-26 14:46:02" }, "geometry": { "type": "Point", "coordinates": [ -76.507319041275196, 3.371957536185036 ] } },
{ "type": "Feature", "properties": { "OBJECTID": 20910, "CE": "NPN Terreno -> Unidad", "CT": "Comuna", "ESTAMPA_CC": "2026-05-26 14:46:02" }, "geometry": { "type": "Point", "coordinates": [ -76.507295569024194, 3.37206562999264 ] } },
{ "type": "Feature", "properties": { "OBJECTID": 20922, "CE": "NPN Terreno -> Unidad", "CT": "Comuna", "ESTAMPA_CC": "2026-05-26 14:46:02" }, "geometry": { "type": "Point", "coordinates": [ -76.507273944807025, 3.372264835840699 ] } },
{ "type": "Feature", "properties": { "OBJECTID": 20970, "CE": "NPN Terreno -> Unidad", "CT": "Comuna", "ESTAMPA_CC": "2026-05-26 14:46:02" }, "geometry": { "type": "Point", "coordinates": [ -76.507273944807025, 3.372264835840699 ] } },
{ "type": "Feature", "properties": { "OBJECTID": 20976, "CE": "NPN Terreno -> Unidad", "CT": "Comuna", "ESTAMPA_CC": "2026-05-26 14:46:02" }, "geometry": { "type": "Point", "coordinates": [ -76.507319041275196, 3.371957536185036 ] } },
{ "type": "Feature", "properties": { "OBJECTID": 21000, "CE": "NPN Terreno -> Unidad", "CT": "Comuna", "ESTAMPA_CC": "2026-05-26 14:46:02" }, "geometry": { "type": "Point", "coordinates": [ -76.507273944807025, 3.372264835840699 ] } },
{ "type": "Feature", "properties": { "OBJECTID": 21010, "CE": "NPN Terreno -> Unidad", "CT": "Comuna", "ESTAMPA_CC": "2026-05-26 14:46:02" }, "geometry": { "type": "Point", "coordinates": [ -76.506735889693459, 3.372403891843362 ] } },
{ "type": "Feature", "properties": { "OBJECTID": 21064, "CE": "NPN Terreno -> Unidad", "CT": "Comuna", "ESTAMPA_CC": "2026-05-26 14:46:02" }, "geometry": { "type": "Point", "coordinates": [ -76.507273944807025, 3.372264835840699 ] } },
{ "type": "Feature", "properties": { "OBJECTID": 21071, "CE": "NPN Terreno -> Unidad", "CT": "Comuna", "ESTAMPA_CC": "2026-05-26 14:46:02" }, "geometry": { "type": "Point", "coordinates": [ -76.506847748006336, 3.372418915292982 ] } },
{ "type": "Feature", "properties": { "OBJECTID": 21074, "CE": "NPN Terreno -> Unidad", "CT": "Comuna", "ESTAMPA_CC": "2026-05-26 14:46:02" }, "geometry": { "type": "Point", "coordinates": [ -76.507281601217684, 3.372152756125291 ] } },
{ "type": "Feature", "properties": { "OBJECTID": 21079, "CE": "NPN Terreno -> Unidad", "CT": "Comuna", "ESTAMPA_CC": "2026-05-26 14:46:02" }, "geometry": { "type": "Point", "coordinates": [ -76.506648205702732, 3.372391228229417 ] } },
{ "type": "Feature", "properties": { "OBJECTID": 21094, "CE": "NPN Terreno -> Unidad", "CT": "Comuna", "ESTAMPA_CC": "2026-05-26 14:46:02" }, "geometry": { "type": "Point", "coordinates": [ -76.507273944807025, 3.372264835840699 ] } },
{ "type": "Feature", "properties": { "OBJECTID": 21104, "CE": "NPN Terreno -> Unidad", "CT": "Comuna", "ESTAMPA_CC": "2026-05-26 14:46:02" }, "geometry": { "type": "Point", "coordinates": [ -76.507400840153991, 3.371966667873618 ] } },
{ "type": "Feature", "properties": { "OBJECTID": 21195, "CE": "", "CT": "Manzana/Vereda", "ESTAMPA_CC": "2026-05-26 14:46:02" }, "geometry": { "type": "Point", "coordinates": [ -76.50582854996, 3.374480744512253 ] } },
{ "type": "Feature", "properties": { "OBJECTID": 21259, "CE": "NPN Terreno -> Unidad", "CT": "Comuna", "ESTAMPA_CC": "2026-05-26 14:46:02" }, "geometry": { "type": "Point", "coordinates": [ -76.507273944807025, 3.372264835840699 ] } },
{ "type": "Feature", "properties": { "OBJECTID": 21270, "CE": "", "CT": "Manzana/Vereda", "ESTAMPA_CC": "2026-05-26 14:46:02" }, "geometry": { "type": "Point", "coordinates": [ -76.505689195651755, 3.373465083795742 ] } },
{ "type": "Feature", "properties": { "OBJECTID": 21272, "CE": "", "CT": "Manzana/Vereda", "ESTAMPA_CC": "2026-05-26 14:46:02" }, "geometry": { "type": "Point", "coordinates": [ -76.505885079079604, 3.37483030363328 ] } },
{ "type": "Feature", "properties": { "OBJECTID": 21279, "CE": "NPN Terreno -> Unidad", "CT": "Comuna", "ESTAMPA_CC": "2026-05-26 14:46:02" }, "geometry": { "type": "Point", "coordinates": [ -76.50693714750139, 3.371944466534647 ] } },
{ "type": "Feature", "properties": { "OBJECTID": 21343, "CE": "NPN Terreno -> Unidad", "CT": "Comuna", "ESTAMPA_CC": "2026-05-26 14:46:02" }, "geometry": { "type": "Point", "coordinates": [ -76.506735889693459, 3.372403891843362 ] } },
{ "type": "Feature", "properties": { "OBJECTID": 21348, "CE": "NPN Terreno -> Unidad", "CT": "Comuna", "ESTAMPA_CC": "2026-05-26 14:46:02" }, "geometry": { "type": "Point", "coordinates": [ -76.507319041275196, 3.371957536185036 ] } },
{ "type": "Feature", "properties": { "OBJECTID": 21430, "CE": "NPN Terreno -> Unidad", "CT": "Comuna", "ESTAMPA_CC": "2026-05-26 14:46:02" }, "geometry": { "type": "Point", "coordinates": [ -76.507379217699309, 3.372165889999591 ] } },
{ "type": "Feature", "properties": { "OBJECTID": 21527, "CE": "NPN Terreno -> Unidad", "CT": "Comuna", "ESTAMPA_CC": "2026-05-26 14:46:02" }, "geometry": { "type": "Point", "coordinates": [ -76.507379217699309, 3.372165889999591 ] } },
{ "type": "Feature", "properties": { "OBJECTID": 21533, "CE": "NPN Terreno -> Unidad", "CT": "Comuna", "ESTAMPA_CC": "2026-05-26 14:46:02" }, "geometry": { "type": "Point", "coordinates": [ -76.506751789797747, 3.372316644132746 ] } },
{ "type": "Feature", "properties": { "OBJECTID": 21624, "CE": "NPN Terreno -> Unidad", "CT": "Comuna", "ESTAMPA_CC": "2026-05-26 14:46:02" }, "geometry": { "type": "Point", "coordinates": [ -76.507379217699309, 3.372165889999591 ] } },
{ "type": "Feature", "properties": { "OBJECTID": 21631, "CE": "NPN Terreno -> Unidad", "CT": "Comuna", "ESTAMPA_CC": "2026-05-26 14:46:02" }, "geometry": { "type": "Point", "coordinates": [ -76.507393186952513, 3.372078764317621 ] } },
{ "type": "Feature", "properties": { "OBJECTID": 21640, "CE": "NPN Terreno -> Unidad", "CT": "Comuna", "ESTAMPA_CC": "2026-05-26 14:46:02" }, "geometry": { "type": "Point", "coordinates": [ -76.507295569024194, 3.37206562999264 ] } },
{ "type": "Feature", "properties": { "OBJECTID": 21641, "CE": "NPN Terreno -> Unidad", "CT": "Comuna", "ESTAMPA_CC": "2026-05-26 14:46:02" }, "geometry": { "type": "Point", "coordinates": [ -76.507281601217684, 3.372152756125291 ] } },
{ "type": "Feature", "properties": { "OBJECTID": 21699, "CE": "", "CT": "Manzana/Vereda", "ESTAMPA_CC": "2026-05-26 14:46:02" }, "geometry": { "type": "Point", "coordinates": [ -76.506493564030464, 3.373524980824362 ] } },
{ "type": "Feature", "properties": { "OBJECTID": 21734, "CE": "NPN Terreno -> Unidad", "CT": "Comuna", "ESTAMPA_CC": "2026-05-26 14:46:02" }, "geometry": { "type": "Point", "coordinates": [ -76.506864509714845, 3.371845754627825 ] } },
{ "type": "Feature", "properties": { "OBJECTID": 21735, "CE": "", "CT": "Número Unidad", "ESTAMPA_CC": "2026-05-26 14:46:02" }, "geometry": { "type": "Point", "coordinates": [ -76.50910228912511, 3.366973445250979 ] } },
{ "type": "Feature", "properties": { "OBJECTID": 21738, "CE": "NPN Terreno -> Unidad", "CT": "Comuna", "ESTAMPA_CC": "2026-05-26 14:46:02" }, "geometry": { "type": "Point", "coordinates": [ -76.506849316600011, 3.371932840499808 ] } },
{ "type": "Feature", "properties": { "OBJECTID": 21825, "CE": "NPN Terreno -> Unidad", "CT": "Comuna", "ESTAMPA_CC": "2026-05-26 14:46:02" }, "geometry": { "type": "Point", "coordinates": [ -76.507354915859537, 3.372269846657381 ] } },
{ "type": "Feature", "properties": { "OBJECTID": 21827, "CE": "NPN Terreno -> Unidad", "CT": "Comuna", "ESTAMPA_CC": "2026-05-26 14:46:02" }, "geometry": { "type": "Point", "coordinates": [ -76.507379217699309, 3.372165889999591 ] } },
{ "type": "Feature", "properties": { "OBJECTID": 21832, "CE": "NPN Terreno -> Unidad", "CT": "Comuna", "ESTAMPA_CC": "2026-05-26 14:46:02" }, "geometry": { "type": "Point", "coordinates": [ -76.506852711597801, 3.372348399533096 ] } },
{ "type": "Feature", "properties": { "OBJECTID": 21835, "CE": "NPN Terreno -> Unidad", "CT": "Comuna", "ESTAMPA_CC": "2026-05-26 14:46:02" }, "geometry": { "type": "Point", "coordinates": [ -76.507281601217684, 3.372152756125291 ] } },
{ "type": "Feature", "properties": { "OBJECTID": 21917, "CE": "NPN Terreno -> Unidad", "CT": "Comuna", "ESTAMPA_CC": "2026-05-26 14:46:02" }, "geometry": { "type": "Point", "coordinates": [ -76.507354915859537, 3.372269846657381 ] } },
{ "type": "Feature", "properties": { "OBJECTID": 21921, "CE": "NPN Terreno -> Unidad", "CT": "Comuna", "ESTAMPA_CC": "2026-05-26 14:46:02" }, "geometry": { "type": "Point", "coordinates": [ -76.507379217699309, 3.372165889999591 ] } },
{ "type": "Feature", "properties": { "OBJECTID": 22013, "CE": "NPN Terreno -> Unidad", "CT": "Comuna", "ESTAMPA_CC": "2026-05-26 14:46:02" }, "geometry": { "type": "Point", "coordinates": [ -76.507400840153991, 3.371966667873618 ] } },
{ "type": "Feature", "properties": { "OBJECTID": 22021, "CE": "NPN Terreno -> Unidad", "CT": "Comuna", "ESTAMPA_CC": "2026-05-26 14:46:02" }, "geometry": { "type": "Point", "coordinates": [ -76.507379217699309, 3.372165889999591 ] } },
{ "type": "Feature", "properties": { "OBJECTID": 22093, "CE": "NPN Terreno -> Unidad", "CT": "Comuna", "ESTAMPA_CC": "2026-05-26 14:46:02" }, "geometry": { "type": "Point", "coordinates": [ -76.506664105693872, 3.372303981876559 ] } },
{ "type": "Feature", "properties": { "OBJECTID": 22095, "CE": "NPN Terreno -> Unidad", "CT": "Comuna", "ESTAMPA_CC": "2026-05-26 14:46:02" }, "geometry": { "type": "Point", "coordinates": [ -76.507281601217684, 3.372152756125291 ] } },
{ "type": "Feature", "properties": { "OBJECTID": 22106, "CE": "", "CT": "Llave IDPREDIO", "ESTAMPA_CC": "2026-05-26 14:46:02" }, "geometry": { "type": "Point", "coordinates": [ -76.511319182364787, 3.369832002425685 ] } },
{ "type": "Feature", "properties": { "OBJECTID": 22109, "CE": "", "CT": "Llave IDPREDIO", "ESTAMPA_CC": "2026-05-26 14:46:02" }, "geometry": { "type": "Point", "coordinates": [ -76.517588244634609, 3.35939868985675 ] } },
{ "type": "Feature", "properties": { "OBJECTID": 22120, "CE": "NPN Terreno -> Unidad", "CT": "Condición: Condominio", "ESTAMPA_CC": "2026-05-26 14:46:02" }, "geometry": { "type": "Point", "coordinates": [ -76.548216213455106, 3.323253976090017 ] } },
{ "type": "Feature", "properties": { "OBJECTID": 22123, "CE": "NPN Terreno -> Unidad", "CT": "", "ESTAMPA_CC": "2026-05-26 14:46:02" }, "geometry": { "type": "Point", "coordinates": [ -76.508475048765533, 3.365975215859401 ] } },
{ "type": "Feature", "properties": { "OBJECTID": 22162, "CE": "NPN Terreno -> Unidad", "CT": "Comuna", "ESTAMPA_CC": "2026-05-26 14:46:02" }, "geometry": { "type": "Point", "coordinates": [ -76.507393186952513, 3.372078764317621 ] } },
{ "type": "Feature", "properties": { "OBJECTID": 22171, "CE": "NPN Terreno -> Unidad", "CT": "Llave IDPREDIO", "ESTAMPA_CC": "2026-05-26 14:46:02" }, "geometry": { "type": "Point", "coordinates": [ -76.516819957855944, 3.358826776732769 ] } },
{ "type": "Feature", "properties": { "OBJECTID": 22177, "CE": "", "CT": "Llave IDPREDIO", "ESTAMPA_CC": "2026-05-26 14:46:02" }, "geometry": { "type": "Point", "coordinates": [ -76.520614847637788, 3.355629148502343 ] } },
{ "type": "Feature", "properties": { "OBJECTID": 22184, "CE": "", "CT": "Llave IDPREDIO", "ESTAMPA_CC": "2026-05-26 14:46:02" }, "geometry": { "type": "Point", "coordinates": [ -76.517468533025124, 3.359387848639964 ] } },
{ "type": "Feature", "properties": { "OBJECTID": 22201, "CE": "NPN Terreno -> Unidad", "CT": "Comuna", "ESTAMPA_CC": "2026-05-26 14:46:02" }, "geometry": { "type": "Point", "coordinates": [ -76.506852711597801, 3.372348399533096 ] } },
{ "type": "Feature", "properties": { "OBJECTID": 22203, "CE": "NPN Terreno -> Unidad", "CT": "Comuna", "ESTAMPA_CC": "2026-05-26 14:46:02" }, "geometry": { "type": "Point", "coordinates": [ -76.50704906958839, 3.371958950157633 ] } },
{ "type": "Feature", "properties": { "OBJECTID": 22206, "CE": "NPN Terreno -> Unidad", "CT": "Comuna", "ESTAMPA_CC": "2026-05-26 14:46:02" }, "geometry": { "type": "Point", "coordinates": [ -76.506752804421794, 3.371829682317335 ] } },
{ "type": "Feature", "properties": { "OBJECTID": 22214, "CE": "NPN Terreno -> Unidad", "CT": "Comuna", "ESTAMPA_CC": "2026-05-26 14:46:02" }, "geometry": { "type": "Point", "coordinates": [ -76.506546914840015, 3.372361724245008 ] } },
{ "type": "Feature", "properties": { "OBJECTID": 22223, "CE": "NPN Terreno -> Unidad", "CT": "Comuna", "ESTAMPA_CC": "2026-05-26 14:46:02" }, "geometry": { "type": "Point", "coordinates": [ -76.506864509714845, 3.371845754627825 ] } },
{ "type": "Feature", "properties": { "OBJECTID": 22240, "CE": "", "CT": "Llave IDPREDIO", "ESTAMPA_CC": "2026-05-26 14:46:02" }, "geometry": { "type": "Point", "coordinates": [ -76.516520619576752, 3.359248747033985 ] } },
{ "type": "Feature", "properties": { "OBJECTID": 22245, "CE": "NPN Terreno -> Unidad", "CT": "Llave IDPREDIO", "ESTAMPA_CC": "2026-05-26 14:46:02" }, "geometry": { "type": "Point", "coordinates": [ -76.516819957855944, 3.358826776732769 ] } },
{ "type": "Feature", "properties": { "OBJECTID": 22255, "CE": "", "CT": "Llave IDPREDIO", "ESTAMPA_CC": "2026-05-26 14:46:02" }, "geometry": { "type": "Point", "coordinates": [ -76.510828029322013, 3.369821773795788 ] } },
{ "type": "Feature", "properties": { "OBJECTID": 22286, "CE": "", "CT": "Manzana/Vereda", "ESTAMPA_CC": "2026-05-26 14:46:02" }, "geometry": { "type": "Point", "coordinates": [ -76.505545670261625, 3.374628833499303 ] } },
{ "type": "Feature", "properties": { "OBJECTID": 22289, "CE": "NPN Terreno -> Unidad", "CT": "Comuna", "ESTAMPA_CC": "2026-05-26 14:46:02" }, "geometry": { "type": "Point", "coordinates": [ -76.507281601217684, 3.372152756125291 ] } },
{ "type": "Feature", "properties": { "OBJECTID": 22304, "CE": "NPN Terreno -> Unidad", "CT": "Comuna", "ESTAMPA_CC": "2026-05-26 14:46:02" }, "geometry": { "type": "Point", "coordinates": [ -76.506735889693459, 3.372403891843362 ] } },
{ "type": "Feature", "properties": { "OBJECTID": 22322, "CE": "", "CT": "Llave IDPREDIO", "ESTAMPA_CC": "2026-05-26 14:46:02" }, "geometry": { "type": "Point", "coordinates": [ -76.516520620454557, 3.359035321980449 ] } },
{ "type": "Feature", "properties": { "OBJECTID": 22329, "CE": "NPN Terreno -> Unidad", "CT": "", "ESTAMPA_CC": "2026-05-26 14:46:02" }, "geometry": { "type": "Point", "coordinates": [ -76.508163817605691, 3.365508252596629 ] } },
{ "type": "Feature", "properties": { "OBJECTID": 22334, "CE": "NPN Terreno -> Unidad", "CT": "", "ESTAMPA_CC": "2026-05-26 14:46:02" }, "geometry": { "type": "Point", "coordinates": [ -76.508395777070049, 3.366383461162062 ] } },
{ "type": "Feature", "properties": { "OBJECTID": 22343, "CE": "", "CT": "Manzana/Vereda", "ESTAMPA_CC": "2026-05-26 14:46:02" }, "geometry": { "type": "Point", "coordinates": [ -76.506201531632627, 3.375023654088782 ] } },
{ "type": "Feature", "properties": { "OBJECTID": 22350, "CE": "", "CT": "Manzana/Vereda", "ESTAMPA_CC": "2026-05-26 14:46:02" }, "geometry": { "type": "Point", "coordinates": [ -76.506251175002177, 3.375068450870779 ] } },
{ "type": "Feature", "properties": { "OBJECTID": 22356, "CE": "", "CT": "Manzana/Vereda", "ESTAMPA_CC": "2026-05-26 14:46:02" }, "geometry": { "type": "Point", "coordinates": [ -76.506040733196528, 3.375149302966066 ] } },
{ "type": "Feature", "properties": { "OBJECTID": 22364, "CE": "NPN Terreno -> Unidad", "CT": "Comuna", "ESTAMPA_CC": "2026-05-26 14:46:02" }, "geometry": { "type": "Point", "coordinates": [ -76.507354915859537, 3.372269846657381 ] } },
{ "type": "Feature", "properties": { "OBJECTID": 22366, "CE": "NPN Terreno -> Unidad", "CT": "Comuna", "ESTAMPA_CC": "2026-05-26 14:46:02" }, "geometry": { "type": "Point", "coordinates": [ -76.507400840153991, 3.371966667873618 ] } },
{ "type": "Feature", "properties": { "OBJECTID": 22371, "CE": "NPN Terreno -> Unidad", "CT": "Comuna", "ESTAMPA_CC": "2026-05-26 14:46:02" }, "geometry": { "type": "Point", "coordinates": [ -76.506847748006336, 3.372418915292982 ] } },
{ "type": "Feature", "properties": { "OBJECTID": 22377, "CE": "NPN Terreno -> Unidad", "CT": "Comuna", "ESTAMPA_CC": "2026-05-26 14:46:02" }, "geometry": { "type": "Point", "coordinates": [ -76.506852711597801, 3.372348399533096 ] } },
{ "type": "Feature", "properties": { "OBJECTID": 22382, "CE": "", "CT": "Llave IDPREDIO", "ESTAMPA_CC": "2026-05-26 14:46:02" }, "geometry": { "type": "Point", "coordinates": [ -76.517464194734089, 3.358846276641297 ] } },
{ "type": "Feature", "properties": { "OBJECTID": 22385, "CE": "NPN Terreno -> Unidad", "CT": "", "ESTAMPA_CC": "2026-05-26 14:46:02" }, "geometry": { "type": "Point", "coordinates": [ -76.508322537901307, 3.365713689798901 ] } },
{ "type": "Feature", "properties": { "OBJECTID": 22396, "CE": "NPN Terreno -> Unidad", "CT": "Llave IDPREDIO", "ESTAMPA_CC": "2026-05-26 14:46:02" }, "geometry": { "type": "Point", "coordinates": [ -76.516727343461483, 3.358825093658139 ] } },
{ "type": "Feature", "properties": { "OBJECTID": 22429, "CE": "", "CT": "Manzana/Vereda", "ESTAMPA_CC": "2026-05-26 14:46:02" }, "geometry": { "type": "Point", "coordinates": [ -76.505548324284632, 3.373886707252891 ] } },
{ "type": "Feature", "properties": { "OBJECTID": 22430, "CE": "NPN Terreno -> Unidad", "CT": "Comuna", "ESTAMPA_CC": "2026-05-26 14:46:02" }, "geometry": { "type": "Point", "coordinates": [ -76.506864509714845, 3.371845754627825 ] } },
{ "type": "Feature", "properties": { "OBJECTID": 22459, "CE": "", "CT": "Llave IDPREDIO", "ESTAMPA_CC": "2026-05-26 14:46:02" }, "geometry": { "type": "Point", "coordinates": [ -76.511533746950562, 3.369827851979018 ] } },
{ "type": "Feature", "properties": { "OBJECTID": 22490, "CE": "", "CT": "Manzana/Vereda", "ESTAMPA_CC": "2026-05-26 14:46:02" }, "geometry": { "type": "Point", "coordinates": [ -76.505552747551562, 3.374157481786669 ] } },
{ "type": "Feature", "properties": { "OBJECTID": 22492, "CE": "", "CT": "Manzana/Vereda", "ESTAMPA_CC": "2026-05-26 14:46:02" }, "geometry": { "type": "Point", "coordinates": [ -76.505689195651755, 3.373465083795742 ] } },
{ "type": "Feature", "properties": { "OBJECTID": 22494, "CE": "", "CT": "Manzana/Vereda; Número Piso", "ESTAMPA_CC": "2026-05-26 14:46:02" }, "geometry": { "type": "Point", "coordinates": [ -76.505578259934907, 3.37353270220185 ] } },
{ "type": "Feature", "properties": { "OBJECTID": 22495, "CE": "", "CT": "Manzana/Vereda", "ESTAMPA_CC": "2026-05-26 14:46:02" }, "geometry": { "type": "Point", "coordinates": [ -76.505681387327101, 3.373561409271333 ] } },
{ "type": "Feature", "properties": { "OBJECTID": 22500, "CE": "", "CT": "Manzana/Vereda", "ESTAMPA_CC": "2026-05-26 14:46:02" }, "geometry": { "type": "Point", "coordinates": [ -76.505645487713991, 3.374566406352403 ] } },
{ "type": "Feature", "properties": { "OBJECTID": 22502, "CE": "NPN Terreno -> Unidad", "CT": "Comuna", "ESTAMPA_CC": "2026-05-26 14:46:02" }, "geometry": { "type": "Point", "coordinates": [ -76.506546914840015, 3.372361724245008 ] } },
{ "type": "Feature", "properties": { "OBJECTID": 22504, "CE": "NPN Terreno -> Unidad", "CT": "Comuna", "ESTAMPA_CC": "2026-05-26 14:46:02" }, "geometry": { "type": "Point", "coordinates": [ -76.506847748006336, 3.372418915292982 ] } },
{ "type": "Feature", "properties": { "OBJECTID": 22506, "CE": "", "CT": "Manzana/Vereda", "ESTAMPA_CC": "2026-05-26 14:46:02" }, "geometry": { "type": "Point", "coordinates": [ -76.506101529222462, 3.375217283913289 ] } },
{ "type": "Feature", "properties": { "OBJECTID": 22510, "CE": "", "CT": "Llave IDPREDIO", "ESTAMPA_CC": "2026-05-26 14:46:02" }, "geometry": { "type": "Point", "coordinates": [ -76.510708498232361, 3.370062357796581 ] } },
{ "type": "Feature", "properties": { "OBJECTID": 22513, "CE": "", "CT": "Llave IDPREDIO", "ESTAMPA_CC": "2026-05-26 14:46:02" }, "geometry": { "type": "Point", "coordinates": [ -76.510946058652053, 3.37016097253673 ] } },
{ "type": "Feature", "properties": { "OBJECTID": 22527, "CE": "", "CT": "Llave IDPREDIO", "ESTAMPA_CC": "2026-05-26 14:46:02" }, "geometry": { "type": "Point", "coordinates": [ -76.516520619948139, 3.359158451053939 ] } },
{ "type": "Feature", "properties": { "OBJECTID": 22531, "CE": "", "CT": "Llave IDPREDIO", "ESTAMPA_CC": "2026-05-26 14:46:02" }, "geometry": { "type": "Point", "coordinates": [ -76.511186777675974, 3.370062389765254 ] } },
{ "type": "Feature", "properties": { "OBJECTID": 22533, "CE": "NPN Terreno -> Unidad", "CT": "", "ESTAMPA_CC": "2026-05-26 14:46:02" }, "geometry": { "type": "Point", "coordinates": [ -76.508487902669515, 3.366310740725122 ] } },
{ "type": "Feature", "properties": { "OBJECTID": 22537, "CE": "", "CT": "Llave IDPREDIO", "ESTAMPA_CC": "2026-05-26 14:46:02" }, "geometry": { "type": "Point", "coordinates": [ -76.510859672029483, 3.370161029074263 ] } },
{ "type": "Feature", "properties": { "OBJECTID": 22606, "CE": "NPN Terreno -> Unidad", "CT": "", "ESTAMPA_CC": "2026-05-26 14:46:02" }, "geometry": { "type": "Point", "coordinates": [ -76.508163817605691, 3.365508252596629 ] } },
{ "type": "Feature", "properties": { "OBJECTID": 22640, "CE": "NPN Terreno -> Unidad", "CT": "Comuna", "ESTAMPA_CC": "2026-05-26 14:46:02" }, "geometry": { "type": "Point", "coordinates": [ -76.506864509714845, 3.371845754627825 ] } },
{ "type": "Feature", "properties": { "OBJECTID": 22645, "CE": "NPN Terreno -> Unidad", "CT": "Comuna", "ESTAMPA_CC": "2026-05-26 14:46:02" }, "geometry": { "type": "Point", "coordinates": [ -76.507400840153991, 3.371966667873618 ] } },
{ "type": "Feature", "properties": { "OBJECTID": 22661, "CE": "", "CT": "Llave IDPREDIO", "ESTAMPA_CC": "2026-05-26 14:46:02" }, "geometry": { "type": "Point", "coordinates": [ -76.517588244634609, 3.35939868985675 ] } },
{ "type": "Feature", "properties": { "OBJECTID": 22669, "CE": "", "CT": "Llave IDPREDIO", "ESTAMPA_CC": "2026-05-26 14:46:02" }, "geometry": { "type": "Point", "coordinates": [ -76.510838045988478, 3.370062367721957 ] } },
{ "type": "Feature", "properties": { "OBJECTID": 22688, "CE": "NPN Terreno -> Unidad", "CT": "Llave IDPREDIO", "ESTAMPA_CC": "2026-05-26 14:46:02" }, "geometry": { "type": "Point", "coordinates": [ -76.516905685414045, 3.359426723817586 ] } },
{ "type": "Feature", "properties": { "OBJECTID": 22716, "CE": "NPN Terreno -> Unidad", "CT": "Comuna", "ESTAMPA_CC": "2026-05-26 14:46:02" }, "geometry": { "type": "Point", "coordinates": [ -76.506664105693872, 3.372303981876559 ] } },
{ "type": "Feature", "properties": { "OBJECTID": 22725, "CE": "NPN Terreno -> Unidad", "CT": "Comuna", "ESTAMPA_CC": "2026-05-26 14:46:02" }, "geometry": { "type": "Point", "coordinates": [ -76.507379217699309, 3.372165889999591 ] } },
{ "type": "Feature", "properties": { "OBJECTID": 22770, "CE": "NPN Terreno -> Unidad", "CT": "", "ESTAMPA_CC": "2026-05-26 14:46:02" }, "geometry": { "type": "Point", "coordinates": [ -76.50841408085472, 3.366018847868238 ] } },
{ "type": "Feature", "properties": { "OBJECTID": 22782, "CE": "NPN Terreno -> Unidad", "CT": "", "ESTAMPA_CC": "2026-05-26 14:46:02" }, "geometry": { "type": "Point", "coordinates": [ -76.508414629245252, 3.365829491562447 ] } },
{ "type": "Feature", "properties": { "OBJECTID": 22790, "CE": "NPN Terreno -> Unidad", "CT": "Comuna", "ESTAMPA_CC": "2026-05-26 14:46:02" }, "geometry": { "type": "Point", "coordinates": [ -76.507400840153991, 3.371966667873618 ] } },
{ "type": "Feature", "properties": { "OBJECTID": 22791, "CE": "NPN Terreno -> Unidad", "CT": "Comuna", "ESTAMPA_CC": "2026-05-26 14:46:02" }, "geometry": { "type": "Point", "coordinates": [ -76.506735889693459, 3.372403891843362 ] } },
{ "type": "Feature", "properties": { "OBJECTID": 22807, "CE": "", "CT": "Llave IDPREDIO", "ESTAMPA_CC": "2026-05-26 14:46:02" }, "geometry": { "type": "Point", "coordinates": [ -76.516520620454557, 3.359035321980449 ] } },
{ "type": "Feature", "properties": { "OBJECTID": 22822, "CE": "Duplicado", "CT": "Llave IDPREDIO", "ESTAMPA_CC": "2026-05-26 14:46:02" }, "geometry": { "type": "Point", "coordinates": [ -76.520715614854538, 3.356019867909456 ] } },
{ "type": "Feature", "properties": { "OBJECTID": 22829, "CE": "", "CT": "Llave IDPREDIO", "ESTAMPA_CC": "2026-05-26 14:46:02" }, "geometry": { "type": "Point", "coordinates": [ -76.5176799107752, 3.359466973063855 ] } },
{ "type": "Feature", "properties": { "OBJECTID": 22835, "CE": "", "CT": "Llave IDPREDIO", "ESTAMPA_CC": "2026-05-26 14:46:02" }, "geometry": { "type": "Point", "coordinates": [ -76.510935529375615, 3.369827012435636 ] } },
{ "type": "Feature", "properties": { "OBJECTID": 22840, "CE": "", "CT": "Manzana/Vereda", "ESTAMPA_CC": "2026-05-26 14:46:02" }, "geometry": { "type": "Point", "coordinates": [ -76.505650486642963, 3.373805763153092 ] } },
{ "type": "Feature", "properties": { "OBJECTID": 22841, "CE": "", "CT": "Manzana/Vereda", "ESTAMPA_CC": "2026-05-26 14:46:02" }, "geometry": { "type": "Point", "coordinates": [ -76.505933647429089, 3.374902440077915 ] } },
{ "type": "Feature", "properties": { "OBJECTID": 22842, "CE": "", "CT": "Manzana/Vereda", "ESTAMPA_CC": "2026-05-26 14:46:02" }, "geometry": { "type": "Point", "coordinates": [ -76.505446390960103, 3.374177776090739 ] } },
{ "type": "Feature", "properties": { "OBJECTID": 22844, "CE": "", "CT": "Manzana/Vereda", "ESTAMPA_CC": "2026-05-26 14:46:02" }, "geometry": { "type": "Point", "coordinates": [ -76.505755545570295, 3.374604812811986 ] } },
{ "type": "Feature", "properties": { "OBJECTID": 22891, "CE": "NPN Terreno -> Unidad", "CT": "Llave IDPREDIO", "ESTAMPA_CC": "2026-05-26 14:46:02" }, "geometry": { "type": "Point", "coordinates": [ -76.516819957855944, 3.358826776732769 ] } },
{ "type": "Feature", "properties": { "OBJECTID": 22900, "CE": "", "CT": "Llave IDPREDIO", "ESTAMPA_CC": "2026-05-26 14:46:02" }, "geometry": { "type": "Point", "coordinates": [ -76.517468533025124, 3.359387848639964 ] } },
{ "type": "Feature", "properties": { "OBJECTID": 22905, "CE": "NPN Terreno -> Unidad", "CT": "", "ESTAMPA_CC": "2026-05-26 14:46:02" }, "geometry": { "type": "Point", "coordinates": [ -76.508266471309824, 3.365756753575481 ] } },
{ "type": "Feature", "properties": { "OBJECTID": 22914, "CE": "", "CT": "Manzana/Vereda", "ESTAMPA_CC": "2026-05-26 14:46:02" }, "geometry": { "type": "Point", "coordinates": [ -76.505725112365397, 3.374519154872228 ] } },
{ "type": "Feature", "properties": { "OBJECTID": 22916, "CE": "", "CT": "Manzana/Vereda", "ESTAMPA_CC": "2026-05-26 14:46:02" }, "geometry": { "type": "Point", "coordinates": [ -76.505675916336855, 3.374652053896408 ] } },
{ "type": "Feature", "properties": { "OBJECTID": 22932, "CE": "NPN Terreno -> Unidad", "CT": "Comuna", "ESTAMPA_CC": "2026-05-26 14:46:02" }, "geometry": { "type": "Point", "coordinates": [ -76.507393186952513, 3.372078764317621 ] } },
{ "type": "Feature", "properties": { "OBJECTID": 22945, "CE": "NPN Terreno -> Unidad", "CT": "Comuna", "ESTAMPA_CC": "2026-05-26 14:46:02" }, "geometry": { "type": "Point", "coordinates": [ -76.507393186952513, 3.372078764317621 ] } },
{ "type": "Feature", "properties": { "OBJECTID": 22950, "CE": "NPN Terreno -> Unidad", "CT": "Comuna", "ESTAMPA_CC": "2026-05-26 14:46:02" }, "geometry": { "type": "Point", "coordinates": [ -76.507379217699309, 3.372165889999591 ] } },
{ "type": "Feature", "properties": { "OBJECTID": 22975, "CE": "", "CT": "Condición: Condominio", "ESTAMPA_CC": "2026-05-26 14:46:02" }, "geometry": { "type": "Point", "coordinates": [ -76.507819568262292, 3.366173157966176 ] } },
{ "type": "Feature", "properties": { "OBJECTID": 22977, "CE": "NPN Terreno -> Unidad", "CT": "", "ESTAMPA_CC": "2026-05-26 14:46:02" }, "geometry": { "type": "Point", "coordinates": [ -76.508336742187794, 3.365861860708937 ] } },
{ "type": "Feature", "properties": { "OBJECTID": 22988, "CE": "NPN Terreno -> Unidad", "CT": "Llave IDPREDIO", "ESTAMPA_CC": "2026-05-26 14:46:02" }, "geometry": { "type": "Point", "coordinates": [ -76.51678978703832, 3.359349205906189 ] } },
{ "type": "Feature", "properties": { "OBJECTID": 22995, "CE": "", "CT": "Manzana/Vereda", "ESTAMPA_CC": "2026-05-26 14:46:02" }, "geometry": { "type": "Point", "coordinates": [ -76.50544310218163, 3.373807985999377 ] } },
{ "type": "Feature", "properties": { "OBJECTID": 22998, "CE": "", "CT": "Manzana/Vereda", "ESTAMPA_CC": "2026-05-26 14:46:02" }, "geometry": { "type": "Point", "coordinates": [ -76.50575570921724, 3.37388451648252 ] } },
{ "type": "Feature", "properties": { "OBJECTID": 23003, "CE": "", "CT": "Manzana/Vereda", "ESTAMPA_CC": "2026-05-26 14:46:02" }, "geometry": { "type": "Point", "coordinates": [ -76.505446390960103, 3.374177776090739 ] } },
{ "type": "Feature", "properties": { "OBJECTID": 23020, "CE": "NPN Terreno -> Unidad", "CT": "Comuna", "ESTAMPA_CC": "2026-05-26 14:46:02" }, "geometry": { "type": "Point", "coordinates": [ -76.506664105693872, 3.372303981876559 ] } },
{ "type": "Feature", "properties": { "OBJECTID": 23021, "CE": "NPN Terreno -> Unidad", "CT": "Número Unidad; Llave IDPREDIO", "ESTAMPA_CC": "2026-05-26 14:46:02" }, "geometry": { "type": "Point", "coordinates": [ -76.521107076133859, 3.346323435709433 ] } },
{ "type": "Feature", "properties": { "OBJECTID": 23066, "CE": "", "CT": "Manzana/Vereda", "ESTAMPA_CC": "2026-05-26 14:46:02" }, "geometry": { "type": "Point", "coordinates": [ -76.505858915863826, 3.374952164622015 ] } },
{ "type": "Feature", "properties": { "OBJECTID": 23067, "CE": "", "CT": "Manzana/Vereda", "ESTAMPA_CC": "2026-05-26 14:46:02" }, "geometry": { "type": "Point", "coordinates": [ -76.505992507061833, 3.374772064342135 ] } },
{ "type": "Feature", "properties": { "OBJECTID": 23102, "CE": "NPN Terreno -> Unidad", "CT": "Comuna", "ESTAMPA_CC": "2026-05-26 14:46:02" }, "geometry": { "type": "Point", "coordinates": [ -76.506864509714845, 3.371845754627825 ] } },
{ "type": "Feature", "properties": { "OBJECTID": 23117, "CE": "NPN Terreno -> Unidad", "CT": "", "ESTAMPA_CC": "2026-05-26 14:46:02" }, "geometry": { "type": "Point", "coordinates": [ -76.51891881610112, 3.346761094641672 ] } },
{ "type": "Feature", "properties": { "OBJECTID": 23121, "CE": "NPN Terreno -> Unidad", "CT": "Llave IDPREDIO", "ESTAMPA_CC": "2026-05-26 14:46:02" }, "geometry": { "type": "Point", "coordinates": [ -76.516906858954187, 3.359359578373786 ] } },
{ "type": "Feature", "properties": { "OBJECTID": 23129, "CE": "", "CT": "Llave IDPREDIO", "ESTAMPA_CC": "2026-05-26 14:46:02" }, "geometry": { "type": "Point", "coordinates": [ -76.516608596738877, 3.359158449163866 ] } },
{ "type": "Feature", "properties": { "OBJECTID": 23185, "CE": "NPN Terreno -> Unidad", "CT": "", "ESTAMPA_CC": "2026-05-26 14:46:02" }, "geometry": { "type": "Point", "coordinates": [ -76.518931343387209, 3.346372137067315 ] } },
{ "type": "Feature", "properties": { "OBJECTID": 23188, "CE": "NPN Terreno -> Unidad", "CT": "", "ESTAMPA_CC": "2026-05-26 14:46:02" }, "geometry": { "type": "Point", "coordinates": [ -76.519022690403006, 3.346676865977669 ] } },
{ "type": "Feature", "properties": { "OBJECTID": 23190, "CE": "NPN Terreno -> Unidad", "CT": "", "ESTAMPA_CC": "2026-05-26 14:46:02" }, "geometry": { "type": "Point", "coordinates": [ -76.518711879556108, 3.346159757311794 ] } },
{ "type": "Feature", "properties": { "OBJECTID": 23203, "CE": "NPN Terreno -> Unidad", "CT": "Condición: Condominio", "ESTAMPA_CC": "2026-05-26 14:46:02" }, "geometry": { "type": "Point", "coordinates": [ -76.548015380508502, 3.32325952417539 ] } },
{ "type": "Feature", "properties": { "OBJECTID": 23222, "CE": "", "CT": "Llave IDPREDIO", "ESTAMPA_CC": "2026-05-26 14:46:02" }, "geometry": { "type": "Point", "coordinates": [ -76.517468533025124, 3.359387848639964 ] } },
{ "type": "Feature", "properties": { "OBJECTID": 23240, "CE": "NPN Terreno -> Unidad", "CT": "Número Unidad; Llave IDPREDIO", "ESTAMPA_CC": "2026-05-26 14:46:02" }, "geometry": { "type": "Point", "coordinates": [ -76.520165203032249, 3.346301994629558 ] } },
{ "type": "Feature", "properties": { "OBJECTID": 23252, "CE": "NPN Terreno -> Unidad", "CT": "", "ESTAMPA_CC": "2026-05-26 14:46:02" }, "geometry": { "type": "Point", "coordinates": [ -76.522121034588835, 3.343374464093523 ] } },
{ "type": "Feature", "properties": { "OBJECTID": 23255, "CE": "NPN Terreno -> Unidad", "CT": "", "ESTAMPA_CC": "2026-05-26 14:46:02" }, "geometry": { "type": "Point", "coordinates": [ -76.522320568240431, 3.343676235336305 ] } },
{ "type": "Feature", "properties": { "OBJECTID": 23257, "CE": "NPN Terreno -> Unidad", "CT": "", "ESTAMPA_CC": "2026-05-26 14:46:02" }, "geometry": { "type": "Point", "coordinates": [ -76.502777224632368, 3.35486843586298 ] } },
{ "type": "Feature", "properties": { "OBJECTID": 23260, "CE": "NPN Terreno -> Unidad", "CT": "", "ESTAMPA_CC": "2026-05-26 14:46:02" }, "geometry": { "type": "Point", "coordinates": [ -76.523160946745065, 3.343288657873015 ] } },
{ "type": "Feature", "properties": { "OBJECTID": 23261, "CE": "NPN Terreno -> Unidad", "CT": "", "ESTAMPA_CC": "2026-05-26 14:46:02" }, "geometry": { "type": "Point", "coordinates": [ -76.521776415066569, 3.342967598081725 ] } },
{ "type": "Feature", "properties": { "OBJECTID": 23262, "CE": "NPN Terreno -> Unidad", "CT": "", "ESTAMPA_CC": "2026-05-26 14:46:02" }, "geometry": { "type": "Point", "coordinates": [ -76.521835567349271, 3.343236684337799 ] } },
{ "type": "Feature", "properties": { "OBJECTID": 23263, "CE": "NPN Terreno -> Unidad", "CT": "", "ESTAMPA_CC": "2026-05-26 14:46:02" }, "geometry": { "type": "Point", "coordinates": [ -76.502952022958397, 3.354825511605401 ] } },
{ "type": "Feature", "properties": { "OBJECTID": 23264, "CE": "NPN Terreno -> Unidad", "CT": "", "ESTAMPA_CC": "2026-05-26 14:46:02" }, "geometry": { "type": "Point", "coordinates": [ -76.502952022958397, 3.354825511605401 ] } },
{ "type": "Feature", "properties": { "OBJECTID": 23265, "CE": "NPN Terreno -> Unidad", "CT": "", "ESTAMPA_CC": "2026-05-26 14:46:02" }, "geometry": { "type": "Point", "coordinates": [ -76.521776415066569, 3.342967598081725 ] } },
{ "type": "Feature", "properties": { "OBJECTID": 23268, "CE": "NPN Terreno -> Unidad", "CT": "", "ESTAMPA_CC": "2026-05-26 14:46:02" }, "geometry": { "type": "Point", "coordinates": [ -76.522456235663284, 3.343533602536801 ] } },
{ "type": "Feature", "properties": { "OBJECTID": 23330, "CE": "NPN Terreno -> Unidad", "CT": "", "ESTAMPA_CC": "2026-05-26 14:46:02" }, "geometry": { "type": "Point", "coordinates": [ -76.501959503462174, 3.354567638695591 ] } },
{ "type": "Feature", "properties": { "OBJECTID": 23331, "CE": "NPN Terreno -> Unidad", "CT": "", "ESTAMPA_CC": "2026-05-26 14:46:02" }, "geometry": { "type": "Point", "coordinates": [ -76.502663329846754, 3.354394823221584 ] } },
{ "type": "Feature", "properties": { "OBJECTID": 23332, "CE": "NPN Terreno -> Unidad", "CT": "", "ESTAMPA_CC": "2026-05-26 14:46:02" }, "geometry": { "type": "Point", "coordinates": [ -76.502486527877338, 3.354439827938328 ] } },
{ "type": "Feature", "properties": { "OBJECTID": 23333, "CE": "NPN Terreno -> Unidad", "CT": "", "ESTAMPA_CC": "2026-05-26 14:46:02" }, "geometry": { "type": "Point", "coordinates": [ -76.502333050596206, 3.354572279030742 ] } },
{ "type": "Feature", "properties": { "OBJECTID": 23334, "CE": "NPN Terreno -> Unidad", "CT": "", "ESTAMPA_CC": "2026-05-26 14:46:02" }, "geometry": { "type": "Point", "coordinates": [ -76.502768411813619, 3.354371831542549 ] } },
{ "type": "Feature", "properties": { "OBJECTID": 23335, "CE": "", "CT": "Condición: Condominio", "ESTAMPA_CC": "2026-05-26 14:46:02" }, "geometry": { "type": "Point", "coordinates": [ -76.547002989228773, 3.324456002335188 ] } },
{ "type": "Feature", "properties": { "OBJECTID": 23336, "CE": "", "CT": "Condición: Condominio", "ESTAMPA_CC": "2026-05-26 14:46:02" }, "geometry": { "type": "Point", "coordinates": [ -76.54733064156072, 3.324990648507081 ] } },
{ "type": "Feature", "properties": { "OBJECTID": 23338, "CE": "NPN Terreno -> Unidad", "CT": "", "ESTAMPA_CC": "2026-05-26 14:46:02" }, "geometry": { "type": "Point", "coordinates": [ -76.522757851302785, 3.343528547442742 ] } },
{ "type": "Feature", "properties": { "OBJECTID": 23339, "CE": "NPN Terreno -> Unidad", "CT": "", "ESTAMPA_CC": "2026-05-26 14:46:02" }, "geometry": { "type": "Point", "coordinates": [ -76.521798612963266, 3.343166527068009 ] } },
{ "type": "Feature", "properties": { "OBJECTID": 23340, "CE": "NPN Terreno -> Unidad", "CT": "", "ESTAMPA_CC": "2026-05-26 14:46:02" }, "geometry": { "type": "Point", "coordinates": [ -76.502799167217873, 3.354958686139903 ] } },
{ "type": "Feature", "properties": { "OBJECTID": 23341, "CE": "NPN Terreno -> Unidad", "CT": "", "ESTAMPA_CC": "2026-05-26 14:46:02" }, "geometry": { "type": "Point", "coordinates": [ -76.52224275162358, 3.343707585240346 ] } },
{ "type": "Feature", "properties": { "OBJECTID": 23342, "CE": "", "CT": "Condición: Condominio", "ESTAMPA_CC": "2026-05-26 14:46:02" }, "geometry": { "type": "Point", "coordinates": [ -76.546941754030769, 3.3253588087703 ] } },
{ "type": "Feature", "properties": { "OBJECTID": 23344, "CE": "NPN Terreno -> Unidad", "CT": "", "ESTAMPA_CC": "2026-05-26 14:46:02" }, "geometry": { "type": "Point", "coordinates": [ -76.523110206854824, 3.343406074386155 ] } },
{ "type": "Feature", "properties": { "OBJECTID": 23345, "CE": "NPN Terreno -> Unidad", "CT": "", "ESTAMPA_CC": "2026-05-26 14:46:02" }, "geometry": { "type": "Point", "coordinates": [ -76.522247027337826, 3.342914515296891 ] } },
{ "type": "Feature", "properties": { "OBJECTID": 23347, "CE": "", "CT": "Condición: Condominio", "ESTAMPA_CC": "2026-05-26 14:46:02" }, "geometry": { "type": "Point", "coordinates": [ -76.548823511053499, 3.324533245823384 ] } },
{ "type": "Feature", "properties": { "OBJECTID": 23349, "CE": "", "CT": "Condición: Condominio", "ESTAMPA_CC": "2026-05-26 14:46:02" }, "geometry": { "type": "Point", "coordinates": [ -76.548001527856499, 3.324774070365861 ] } },
{ "type": "Feature", "properties": { "OBJECTID": 23350, "CE": "", "CT": "Condición: Condominio", "ESTAMPA_CC": "2026-05-26 14:46:02" }, "geometry": { "type": "Point", "coordinates": [ -76.548199585588094, 3.324779841517134 ] } },
{ "type": "Feature", "properties": { "OBJECTID": 23351, "CE": "NPN Terreno -> Unidad", "CT": "", "ESTAMPA_CC": "2026-05-26 14:46:02" }, "geometry": { "type": "Point", "coordinates": [ -76.522595107556427, 3.343585113279102 ] } },
{ "type": "Feature", "properties": { "OBJECTID": 23396, "CE": "NPN Terreno -> Unidad", "CT": "", "ESTAMPA_CC": "2026-05-26 14:46:02" }, "geometry": { "type": "Point", "coordinates": [ -76.502155469414305, 3.354613371223336 ] } },
{ "type": "Feature", "properties": { "OBJECTID": 23397, "CE": "NPN Terreno -> Unidad", "CT": "", "ESTAMPA_CC": "2026-05-26 14:46:02" }, "geometry": { "type": "Point", "coordinates": [ -76.502263190349169, 3.354591641454126 ] } },
{ "type": "Feature", "properties": { "OBJECTID": 23398, "CE": "NPN Terreno -> Unidad", "CT": "", "ESTAMPA_CC": "2026-05-26 14:46:02" }, "geometry": { "type": "Point", "coordinates": [ -76.501959503462174, 3.354567638695591 ] } },
{ "type": "Feature", "properties": { "OBJECTID": 23399, "CE": "NPN Terreno -> Unidad", "CT": "", "ESTAMPA_CC": "2026-05-26 14:46:02" }, "geometry": { "type": "Point", "coordinates": [ -76.502859963864665, 3.354442599095027 ] } },
{ "type": "Feature", "properties": { "OBJECTID": 23400, "CE": "NPN Terreno -> Unidad", "CT": "", "ESTAMPA_CC": "2026-05-26 14:46:02" }, "geometry": { "type": "Point", "coordinates": [ -76.502064050813615, 3.354542429096084 ] } },
{ "type": "Feature", "properties": { "OBJECTID": 23401, "CE": "NPN Terreno -> Unidad", "CT": "", "ESTAMPA_CC": "2026-05-26 14:46:02" }, "geometry": { "type": "Point", "coordinates": [ -76.502768411813619, 3.354371831542549 ] } },
{ "type": "Feature", "properties": { "OBJECTID": 23402, "CE": "NPN Terreno -> Unidad", "CT": "", "ESTAMPA_CC": "2026-05-26 14:46:02" }, "geometry": { "type": "Point", "coordinates": [ -76.502615255233849, 3.354504657475009 ] } },
{ "type": "Feature", "properties": { "OBJECTID": 23403, "CE": "NPN Terreno -> Unidad", "CT": "", "ESTAMPA_CC": "2026-05-26 14:46:02" }, "geometry": { "type": "Point", "coordinates": [ -76.50283822528796, 3.354352298640547 ] } },
{ "type": "Feature", "properties": { "OBJECTID": 23404, "CE": "NPN Terreno -> Unidad", "CT": "", "ESTAMPA_CC": "2026-05-26 14:46:02" }, "geometry": { "type": "Point", "coordinates": [ -76.502790150384342, 3.354462131998626 ] } },
{ "type": "Feature", "properties": { "OBJECTID": 23405, "CE": "NPN Terreno -> Unidad", "CT": "", "ESTAMPA_CC": "2026-05-26 14:46:02" }, "geometry": { "type": "Point", "coordinates": [ -76.502790150384342, 3.354462131998626 ] } },
{ "type": "Feature", "properties": { "OBJECTID": 23406, "CE": "NPN Terreno -> Unidad", "CT": "", "ESTAMPA_CC": "2026-05-26 14:46:02" }, "geometry": { "type": "Point", "coordinates": [ -76.50283822528796, 3.354352298640547 ] } },
{ "type": "Feature", "properties": { "OBJECTID": 23407, "CE": "NPN Terreno -> Unidad", "CT": "", "ESTAMPA_CC": "2026-05-26 14:46:02" }, "geometry": { "type": "Point", "coordinates": [ -76.502486527877338, 3.354439827938328 ] } },
{ "type": "Feature", "properties": { "OBJECTID": 23408, "CE": "NPN Terreno -> Unidad", "CT": "", "ESTAMPA_CC": "2026-05-26 14:46:02" }, "geometry": { "type": "Point", "coordinates": [ -76.501981071774509, 3.354657980307687 ] } },
{ "type": "Feature", "properties": { "OBJECTID": 23409, "CE": "NPN Terreno -> Unidad", "CT": "", "ESTAMPA_CC": "2026-05-26 14:46:02" }, "geometry": { "type": "Point", "coordinates": [ -76.502085619004703, 3.354632771157899 ] } },
{ "type": "Feature", "properties": { "OBJECTID": 23410, "CE": "NPN Terreno -> Unidad", "CT": "", "ESTAMPA_CC": "2026-05-26 14:46:02" }, "geometry": { "type": "Point", "coordinates": [ -76.502241669689056, 3.354501288094837 ] } },
{ "type": "Feature", "properties": { "OBJECTID": 23411, "CE": "NPN Terreno -> Unidad", "CT": "", "ESTAMPA_CC": "2026-05-26 14:46:02" }, "geometry": { "type": "Point", "coordinates": [ -76.50283822528796, 3.354352298640547 ] } },
{ "type": "Feature", "properties": { "OBJECTID": 23412, "CE": "NPN Terreno -> Unidad", "CT": "", "ESTAMPA_CC": "2026-05-26 14:46:02" }, "geometry": { "type": "Point", "coordinates": [ -76.502859963864665, 3.354442599095027 ] } },
{ "type": "Feature", "properties": { "OBJECTID": 23413, "CE": "NPN Terreno -> Unidad", "CT": "", "ESTAMPA_CC": "2026-05-26 14:46:02" }, "geometry": { "type": "Point", "coordinates": [ -76.502615255233849, 3.354504657475009 ] } },
{ "type": "Feature", "properties": { "OBJECTID": 23414, "CE": "NPN Terreno -> Unidad", "CT": "", "ESTAMPA_CC": "2026-05-26 14:46:02" }, "geometry": { "type": "Point", "coordinates": [ -76.502333050596206, 3.354572279030742 ] } },
{ "type": "Feature", "properties": { "OBJECTID": 23415, "CE": "NPN Terreno -> Unidad", "CT": "", "ESTAMPA_CC": "2026-05-26 14:46:02" }, "geometry": { "type": "Point", "coordinates": [ -76.502263190349169, 3.354591641454126 ] } },
{ "type": "Feature", "properties": { "OBJECTID": 23416, "CE": "NPN Terreno -> Unidad", "CT": "", "ESTAMPA_CC": "2026-05-26 14:46:02" }, "geometry": { "type": "Point", "coordinates": [ -76.502768411813619, 3.354371831542549 ] } },
{ "type": "Feature", "properties": { "OBJECTID": 23418, "CE": "NPN Terreno -> Unidad", "CT": "", "ESTAMPA_CC": "2026-05-26 14:46:02" }, "geometry": { "type": "Point", "coordinates": [ -76.522009031653241, 3.343313614273342 ] } },
{ "type": "Feature", "properties": { "OBJECTID": 23419, "CE": "NPN Terreno -> Unidad", "CT": "", "ESTAMPA_CC": "2026-05-26 14:46:02" }, "geometry": { "type": "Point", "coordinates": [ -76.5222934919843, 3.343590169225657 ] } },
{ "type": "Feature", "properties": { "OBJECTID": 23421, "CE": "", "CT": "Condición: Condominio", "ESTAMPA_CC": "2026-05-26 14:46:02" }, "geometry": { "type": "Point", "coordinates": [ -76.547804217635402, 3.324759939878056 ] } },
{ "type": "Feature", "properties": { "OBJECTID": 23424, "CE": "NPN Terreno -> Unidad", "CT": "", "ESTAMPA_CC": "2026-05-26 14:46:02" }, "geometry": { "type": "Point", "coordinates": [ -76.522595107556427, 3.343585113279102 ] } },
{ "type": "Feature", "properties": { "OBJECTID": 23427, "CE": "", "CT": "Condición: Condominio", "ESTAMPA_CC": "2026-05-26 14:46:02" }, "geometry": { "type": "Point", "coordinates": [ -76.547804217221824, 3.324759946207425 ] } },
{ "type": "Feature", "properties": { "OBJECTID": 23428, "CE": "NPN Terreno -> Unidad", "CT": "", "ESTAMPA_CC": "2026-05-26 14:46:02" }, "geometry": { "type": "Point", "coordinates": [ -76.502952022958397, 3.354825511605401 ] } },
{ "type": "Feature", "properties": { "OBJECTID": 23429, "CE": "", "CT": "Condición: Condominio", "ESTAMPA_CC": "2026-05-26 14:46:02" }, "geometry": { "type": "Point", "coordinates": [ -76.548389991356458, 3.324965588151304 ] } },
{ "type": "Feature", "properties": { "OBJECTID": 23432, "CE": "", "CT": "Condición: Condominio", "ESTAMPA_CC": "2026-05-26 14:46:02" }, "geometry": { "type": "Point", "coordinates": [ -76.5471032488242, 3.324697471786102 ] } },
{ "type": "Feature", "properties": { "OBJECTID": 23434, "CE": "", "CT": "Condición: Condominio", "ESTAMPA_CC": "2026-05-26 14:46:02" }, "geometry": { "type": "Point", "coordinates": [ -76.548435257592686, 3.325417211395189 ] } },
{ "type": "Feature", "properties": { "OBJECTID": 23486, "CE": "NPN Terreno -> Unidad", "CT": "", "ESTAMPA_CC": "2026-05-26 14:46:02" }, "geometry": { "type": "Point", "coordinates": [ -76.502333050596206, 3.354572279030742 ] } },
{ "type": "Feature", "properties": { "OBJECTID": 23487, "CE": "NPN Terreno -> Unidad", "CT": "", "ESTAMPA_CC": "2026-05-26 14:46:02" }, "geometry": { "type": "Point", "coordinates": [ -76.502790150384342, 3.354462131998626 ] } },
{ "type": "Feature", "properties": { "OBJECTID": 23488, "CE": "NPN Terreno -> Unidad", "CT": "", "ESTAMPA_CC": "2026-05-26 14:46:02" }, "geometry": { "type": "Point", "coordinates": [ -76.502311530434866, 3.354481925673046 ] } },
{ "type": "Feature", "properties": { "OBJECTID": 23489, "CE": "NPN Terreno -> Unidad", "CT": "", "ESTAMPA_CC": "2026-05-26 14:46:02" }, "geometry": { "type": "Point", "coordinates": [ -76.502333050596206, 3.354572279030742 ] } },
{ "type": "Feature", "properties": { "OBJECTID": 23490, "CE": "NPN Terreno -> Unidad", "CT": "", "ESTAMPA_CC": "2026-05-26 14:46:02" }, "geometry": { "type": "Point", "coordinates": [ -76.501981071774509, 3.354657980307687 ] } },
{ "type": "Feature", "properties": { "OBJECTID": 23491, "CE": "NPN Terreno -> Unidad", "CT": "", "ESTAMPA_CC": "2026-05-26 14:46:02" }, "geometry": { "type": "Point", "coordinates": [ -76.502859963864665, 3.354442599095027 ] } },
{ "type": "Feature", "properties": { "OBJECTID": 23492, "CE": "NPN Terreno -> Unidad", "CT": "", "ESTAMPA_CC": "2026-05-26 14:46:02" }, "geometry": { "type": "Point", "coordinates": [ -76.50283822528796, 3.354352298640547 ] } },
{ "type": "Feature", "properties": { "OBJECTID": 23493, "CE": "NPN Terreno -> Unidad", "CT": "", "ESTAMPA_CC": "2026-05-26 14:46:02" }, "geometry": { "type": "Point", "coordinates": [ -76.502155469414305, 3.354613371223336 ] } },
{ "type": "Feature", "properties": { "OBJECTID": 23494, "CE": "NPN Terreno -> Unidad", "CT": "", "ESTAMPA_CC": "2026-05-26 14:46:02" }, "geometry": { "type": "Point", "coordinates": [ -76.502593516546455, 3.354414356562827 ] } },
{ "type": "Feature", "properties": { "OBJECTID": 23495, "CE": "NPN Terreno -> Unidad", "CT": "", "ESTAMPA_CC": "2026-05-26 14:46:02" }, "geometry": { "type": "Point", "coordinates": [ -76.502263190349169, 3.354591641454126 ] } },
{ "type": "Feature", "properties": { "OBJECTID": 23496, "CE": "NPN Terreno -> Unidad", "CT": "", "ESTAMPA_CC": "2026-05-26 14:46:02" }, "geometry": { "type": "Point", "coordinates": [ -76.502438187810299, 3.354549544180414 ] } },
{ "type": "Feature", "properties": { "OBJECTID": 23497, "CE": "NPN Terreno -> Unidad", "CT": "", "ESTAMPA_CC": "2026-05-26 14:46:02" }, "geometry": { "type": "Point", "coordinates": [ -76.502438187810299, 3.354549544180414 ] } },
{ "type": "Feature", "properties": { "OBJECTID": 23498, "CE": "NPN Terreno -> Unidad", "CT": "", "ESTAMPA_CC": "2026-05-26 14:46:02" }, "geometry": { "type": "Point", "coordinates": [ -76.502663329846754, 3.354394823221584 ] } },
{ "type": "Feature", "properties": { "OBJECTID": 23499, "CE": "NPN Terreno -> Unidad", "CT": "", "ESTAMPA_CC": "2026-05-26 14:46:02" }, "geometry": { "type": "Point", "coordinates": [ -76.502155469414305, 3.354613371223336 ] } },
{ "type": "Feature", "properties": { "OBJECTID": 23500, "CE": "NPN Terreno -> Unidad", "CT": "", "ESTAMPA_CC": "2026-05-26 14:46:02" }, "geometry": { "type": "Point", "coordinates": [ -76.502508048515239, 3.354530181744164 ] } },
{ "type": "Feature", "properties": { "OBJECTID": 23501, "CE": "NPN Terreno -> Unidad", "CT": "", "ESTAMPA_CC": "2026-05-26 14:46:02" }, "geometry": { "type": "Point", "coordinates": [ -76.502685068717753, 3.354485124132171 ] } },
{ "type": "Feature", "properties": { "OBJECTID": 23502, "CE": "NPN Terreno -> Unidad", "CT": "", "ESTAMPA_CC": "2026-05-26 14:46:02" }, "geometry": { "type": "Point", "coordinates": [ -76.502311530434866, 3.354481925673046 ] } },
{ "type": "Feature", "properties": { "OBJECTID": 23503, "CE": "NPN Terreno -> Unidad", "CT": "", "ESTAMPA_CC": "2026-05-26 14:46:02" }, "geometry": { "type": "Point", "coordinates": [ -76.502663329846754, 3.354394823221584 ] } },
{ "type": "Feature", "properties": { "OBJECTID": 23504, "CE": "NPN Terreno -> Unidad", "CT": "", "ESTAMPA_CC": "2026-05-26 14:46:02" }, "geometry": { "type": "Point", "coordinates": [ -76.502416667559487, 3.354459190373003 ] } },
{ "type": "Feature", "properties": { "OBJECTID": 23505, "CE": "NPN Terreno -> Unidad", "CT": "", "ESTAMPA_CC": "2026-05-26 14:46:02" }, "geometry": { "type": "Point", "coordinates": [ -76.502064050813615, 3.354542429096084 ] } },
{ "type": "Feature", "properties": { "OBJECTID": 23506, "CE": "NPN Terreno -> Unidad", "CT": "", "ESTAMPA_CC": "2026-05-26 14:46:02" }, "geometry": { "type": "Point", "coordinates": [ -76.502241669689056, 3.354501288094837 ] } },
{ "type": "Feature", "properties": { "OBJECTID": 23507, "CE": "NPN Terreno -> Unidad", "CT": "", "ESTAMPA_CC": "2026-05-26 14:46:02" }, "geometry": { "type": "Point", "coordinates": [ -76.522093958323921, 3.343288397977185 ] } },
{ "type": "Feature", "properties": { "OBJECTID": 23508, "CE": "NPN Terreno -> Unidad", "CT": "", "ESTAMPA_CC": "2026-05-26 14:46:02" }, "geometry": { "type": "Point", "coordinates": [ -76.502973965946751, 3.354915762782486 ] } },
{ "type": "Feature", "properties": { "OBJECTID": 23509, "CE": "NPN Terreno -> Unidad", "CT": "", "ESTAMPA_CC": "2026-05-26 14:46:02" }, "geometry": { "type": "Point", "coordinates": [ -76.522595107556427, 3.343585113279102 ] } },
{ "type": "Feature", "properties": { "OBJECTID": 23511, "CE": "", "CT": "Condición: Condominio", "ESTAMPA_CC": "2026-05-26 14:46:02" }, "geometry": { "type": "Point", "coordinates": [ -76.548731316871823, 3.325214221497318 ] } },
{ "type": "Feature", "properties": { "OBJECTID": 23512, "CE": "NPN Terreno -> Unidad", "CT": "", "ESTAMPA_CC": "2026-05-26 14:46:02" }, "geometry": { "type": "Point", "coordinates": [ -76.522319982521978, 3.34300436221237 ] } },
{ "type": "Feature", "properties": { "OBJECTID": 23514, "CE": "NPN Terreno -> Unidad", "CT": "", "ESTAMPA_CC": "2026-05-26 14:46:02" }, "geometry": { "type": "Point", "coordinates": [ -76.522394011801651, 3.343268300829415 ] } },
{ "type": "Feature", "properties": { "OBJECTID": 23515, "CE": "NPN Terreno -> Unidad", "CT": "", "ESTAMPA_CC": "2026-05-26 14:46:02" }, "geometry": { "type": "Point", "coordinates": [ -76.522405495606165, 3.343651019464379 ] } },
{ "type": "Feature", "properties": { "OBJECTID": 23516, "CE": "NPN Terreno -> Unidad", "CT": "", "ESTAMPA_CC": "2026-05-26 14:46:02" }, "geometry": { "type": "Point", "coordinates": [ -76.522319982521978, 3.34300436221237 ] } },
{ "type": "Feature", "properties": { "OBJECTID": 23517, "CE": "NPN Terreno -> Unidad", "CT": "", "ESTAMPA_CC": "2026-05-26 14:46:02" }, "geometry": { "type": "Point", "coordinates": [ -76.523025279740096, 3.343431291225305 ] } },
{ "type": "Feature", "properties": { "OBJECTID": 23518, "CE": "NPN Terreno -> Unidad", "CT": "", "ESTAMPA_CC": "2026-05-26 14:46:02" }, "geometry": { "type": "Point", "coordinates": [ -76.521830594328932, 3.343046129974593 ] } },
{ "type": "Feature", "properties": { "OBJECTID": 23519, "CE": "NPN Terreno -> Unidad", "CT": "", "ESTAMPA_CC": "2026-05-26 14:46:02" }, "geometry": { "type": "Point", "coordinates": [ -76.522947463166574, 3.3434626411871 ] } },
{ "type": "Feature", "properties": { "OBJECTID": 23520, "CE": "NPN Terreno -> Unidad", "CT": "", "ESTAMPA_CC": "2026-05-26 14:46:02" }, "geometry": { "type": "Point", "coordinates": [ -76.523077583476834, 3.343328919144853 ] } },
{ "type": "Feature", "properties": { "OBJECTID": 23523, "CE": "NPN Terreno -> Unidad", "CT": "", "ESTAMPA_CC": "2026-05-26 14:46:02" }, "geometry": { "type": "Point", "coordinates": [ -76.546780757060631, 3.323021299875669 ] } },
{ "type": "Feature", "properties": { "OBJECTID": 23576, "CE": "NPN Terreno -> Unidad", "CT": "", "ESTAMPA_CC": "2026-05-26 14:46:02" }, "geometry": { "type": "Point", "coordinates": [ -76.502685068717753, 3.354485124132171 ] } },
{ "type": "Feature", "properties": { "OBJECTID": 23577, "CE": "NPN Terreno -> Unidad", "CT": "", "ESTAMPA_CC": "2026-05-26 14:46:02" }, "geometry": { "type": "Point", "coordinates": [ -76.502663329846754, 3.354394823221584 ] } },
{ "type": "Feature", "properties": { "OBJECTID": 23578, "CE": "NPN Terreno -> Unidad", "CT": "", "ESTAMPA_CC": "2026-05-26 14:46:02" }, "geometry": { "type": "Point", "coordinates": [ -76.502263190349169, 3.354591641454126 ] } },
{ "type": "Feature", "properties": { "OBJECTID": 23579, "CE": "NPN Terreno -> Unidad", "CT": "", "ESTAMPA_CC": "2026-05-26 14:46:02" }, "geometry": { "type": "Point", "coordinates": [ -76.502593516546455, 3.354414356562827 ] } },
{ "type": "Feature", "properties": { "OBJECTID": 23580, "CE": "NPN Terreno -> Unidad", "CT": "", "ESTAMPA_CC": "2026-05-26 14:46:02" }, "geometry": { "type": "Point", "coordinates": [ -76.502790150384342, 3.354462131998626 ] } },
{ "type": "Feature", "properties": { "OBJECTID": 23581, "CE": "NPN Terreno -> Unidad", "CT": "", "ESTAMPA_CC": "2026-05-26 14:46:02" }, "geometry": { "type": "Point", "coordinates": [ -76.502615255233849, 3.354504657475009 ] } },
{ "type": "Feature", "properties": { "OBJECTID": 23582, "CE": "NPN Terreno -> Unidad", "CT": "", "ESTAMPA_CC": "2026-05-26 14:46:02" }, "geometry": { "type": "Point", "coordinates": [ -76.502685068717753, 3.354485124132171 ] } },
{ "type": "Feature", "properties": { "OBJECTID": 23583, "CE": "NPN Terreno -> Unidad", "CT": "", "ESTAMPA_CC": "2026-05-26 14:46:02" }, "geometry": { "type": "Point", "coordinates": [ -76.502859963864665, 3.354442599095027 ] } },
{ "type": "Feature", "properties": { "OBJECTID": 23584, "CE": "NPN Terreno -> Unidad", "CT": "", "ESTAMPA_CC": "2026-05-26 14:46:02" }, "geometry": { "type": "Point", "coordinates": [ -76.502615255233849, 3.354504657475009 ] } },
{ "type": "Feature", "properties": { "OBJECTID": 23585, "CE": "NPN Terreno -> Unidad", "CT": "", "ESTAMPA_CC": "2026-05-26 14:46:02" }, "geometry": { "type": "Point", "coordinates": [ -76.502508048515239, 3.354530181744164 ] } },
{ "type": "Feature", "properties": { "OBJECTID": 23586, "CE": "NPN Terreno -> Unidad", "CT": "", "ESTAMPA_CC": "2026-05-26 14:46:02" }, "geometry": { "type": "Point", "coordinates": [ -76.502790150384342, 3.354462131998626 ] } },
{ "type": "Feature", "properties": { "OBJECTID": 23587, "CE": "NPN Terreno -> Unidad", "CT": "", "ESTAMPA_CC": "2026-05-26 14:46:02" }, "geometry": { "type": "Point", "coordinates": [ -76.502486527877338, 3.354439827938328 ] } },
{ "type": "Feature", "properties": { "OBJECTID": 23588, "CE": "NPN Terreno -> Unidad", "CT": "", "ESTAMPA_CC": "2026-05-26 14:46:02" }, "geometry": { "type": "Point", "coordinates": [ -76.501959503462174, 3.354567638695591 ] } },
{ "type": "Feature", "properties": { "OBJECTID": 23589, "CE": "NPN Terreno -> Unidad", "CT": "", "ESTAMPA_CC": "2026-05-26 14:46:02" }, "geometry": { "type": "Point", "coordinates": [ -76.502085619004703, 3.354632771157899 ] } },
{ "type": "Feature", "properties": { "OBJECTID": 23590, "CE": "NPN Terreno -> Unidad", "CT": "", "ESTAMPA_CC": "2026-05-26 14:46:02" }, "geometry": { "type": "Point", "coordinates": [ -76.502333050596206, 3.354572279030742 ] } },
{ "type": "Feature", "properties": { "OBJECTID": 23591, "CE": "NPN Terreno -> Unidad", "CT": "", "ESTAMPA_CC": "2026-05-26 14:46:02" }, "geometry": { "type": "Point", "coordinates": [ -76.502593516546455, 3.354414356562827 ] } },
{ "type": "Feature", "properties": { "OBJECTID": 23592, "CE": "NPN Terreno -> Unidad", "CT": "", "ESTAMPA_CC": "2026-05-26 14:46:02" }, "geometry": { "type": "Point", "coordinates": [ -76.50283822528796, 3.354352298640547 ] } },
{ "type": "Feature", "properties": { "OBJECTID": 23593, "CE": "NPN Terreno -> Unidad", "CT": "", "ESTAMPA_CC": "2026-05-26 14:46:02" }, "geometry": { "type": "Point", "coordinates": [ -76.502438187810299, 3.354549544180414 ] } },
{ "type": "Feature", "properties": { "OBJECTID": 23594, "CE": "NPN Terreno -> Unidad", "CT": "", "ESTAMPA_CC": "2026-05-26 14:46:02" }, "geometry": { "type": "Point", "coordinates": [ -76.502486527877338, 3.354439827938328 ] } },
{ "type": "Feature", "properties": { "OBJECTID": 23595, "CE": "NPN Terreno -> Unidad", "CT": "", "ESTAMPA_CC": "2026-05-26 14:46:02" }, "geometry": { "type": "Point", "coordinates": [ -76.502438187810299, 3.354549544180414 ] } },
{ "type": "Feature", "properties": { "OBJECTID": 23598, "CE": "", "CT": "Condición: Condominio", "ESTAMPA_CC": "2026-05-26 14:46:02" }, "geometry": { "type": "Point", "coordinates": [ -76.548257383373439, 3.32495940824561 ] } },
{ "type": "Feature", "properties": { "OBJECTID": 23600, "CE": "NPN Terreno -> Unidad", "CT": "", "ESTAMPA_CC": "2026-05-26 14:46:02" }, "geometry": { "type": "Point", "coordinates": [ -76.522998203217327, 3.34334522423056 ] } },
{ "type": "Feature", "properties": { "OBJECTID": 23602, "CE": "NPN Terreno -> Unidad", "CT": "", "ESTAMPA_CC": "2026-05-26 14:46:02" }, "geometry": { "type": "Point", "coordinates": [ -76.522121034588835, 3.343374464093523 ] } },
{ "type": "Feature", "properties": { "OBJECTID": 23603, "CE": "NPN Terreno -> Unidad", "CT": "", "ESTAMPA_CC": "2026-05-26 14:46:02" }, "geometry": { "type": "Point", "coordinates": [ -76.521931215164329, 3.343344963699753 ] } },
{ "type": "Feature", "properties": { "OBJECTID": 23606, "CE": "NPN Terreno -> Unidad", "CT": "", "ESTAMPA_CC": "2026-05-26 14:46:02" }, "geometry": { "type": "Point", "coordinates": [ -76.52276490729534, 3.343060048786231 ] } },
{ "type": "Feature", "properties": { "OBJECTID": 23607, "CE": "NPN Terreno -> Unidad", "CT": "", "ESTAMPA_CC": "2026-05-26 14:46:02" }, "geometry": { "type": "Point", "coordinates": [ -76.521958291372428, 3.343431030724927 ] } },
{ "type": "Feature", "properties": { "OBJECTID": 23610, "CE": "NPN Terreno -> Unidad", "CT": "", "ESTAMPA_CC": "2026-05-26 14:46:02" }, "geometry": { "type": "Point", "coordinates": [ -76.522310648010958, 3.343308561581823 ] } },
{ "type": "Feature", "properties": { "OBJECTID": 23611, "CE": "NPN Terreno -> Unidad", "CT": "", "ESTAMPA_CC": "2026-05-26 14:46:02" }, "geometry": { "type": "Point", "coordinates": [ -76.523188023483925, 3.343374724411023 ] } },
{ "type": "Feature", "properties": { "OBJECTID": 23613, "CE": "NPN Terreno -> Unidad", "CT": "", "ESTAMPA_CC": "2026-05-26 14:46:02" }, "geometry": { "type": "Point", "coordinates": [ -76.522835668141482, 3.343497197496486 ] } },
{ "type": "Feature", "properties": { "OBJECTID": 23665, "CE": "NPN Terreno -> Unidad", "CT": "", "ESTAMPA_CC": "2026-05-26 14:46:02" }, "geometry": { "type": "Point", "coordinates": [ -76.502416667559487, 3.354459190373003 ] } },
{ "type": "Feature", "properties": { "OBJECTID": 23666, "CE": "NPN Terreno -> Unidad", "CT": "", "ESTAMPA_CC": "2026-05-26 14:46:02" }, "geometry": { "type": "Point", "coordinates": [ -76.501981071774509, 3.354657980307687 ] } },
{ "type": "Feature", "properties": { "OBJECTID": 23667, "CE": "NPN Terreno -> Unidad", "CT": "", "ESTAMPA_CC": "2026-05-26 14:46:02" }, "geometry": { "type": "Point", "coordinates": [ -76.502593516546455, 3.354414356562827 ] } },
{ "type": "Feature", "properties": { "OBJECTID": 23668, "CE": "NPN Terreno -> Unidad", "CT": "", "ESTAMPA_CC": "2026-05-26 14:46:02" }, "geometry": { "type": "Point", "coordinates": [ -76.502085619004703, 3.354632771157899 ] } },
{ "type": "Feature", "properties": { "OBJECTID": 23669, "CE": "NPN Terreno -> Unidad", "CT": "", "ESTAMPA_CC": "2026-05-26 14:46:02" }, "geometry": { "type": "Point", "coordinates": [ -76.502593516546455, 3.354414356562827 ] } },
{ "type": "Feature", "properties": { "OBJECTID": 23670, "CE": "NPN Terreno -> Unidad", "CT": "", "ESTAMPA_CC": "2026-05-26 14:46:02" }, "geometry": { "type": "Point", "coordinates": [ -76.502438187810299, 3.354549544180414 ] } },
{ "type": "Feature", "properties": { "OBJECTID": 23671, "CE": "NPN Terreno -> Unidad", "CT": "", "ESTAMPA_CC": "2026-05-26 14:46:02" }, "geometry": { "type": "Point", "coordinates": [ -76.502508048515239, 3.354530181744164 ] } },
{ "type": "Feature", "properties": { "OBJECTID": 23672, "CE": "NPN Terreno -> Unidad", "CT": "", "ESTAMPA_CC": "2026-05-26 14:46:02" }, "geometry": { "type": "Point", "coordinates": [ -76.502790150384342, 3.354462131998626 ] } },
{ "type": "Feature", "properties": { "OBJECTID": 23673, "CE": "NPN Terreno -> Unidad", "CT": "", "ESTAMPA_CC": "2026-05-26 14:46:02" }, "geometry": { "type": "Point", "coordinates": [ -76.502438187810299, 3.354549544180414 ] } },
{ "type": "Feature", "properties": { "OBJECTID": 23674, "CE": "NPN Terreno -> Unidad", "CT": "", "ESTAMPA_CC": "2026-05-26 14:46:02" }, "geometry": { "type": "Point", "coordinates": [ -76.502593516546455, 3.354414356562827 ] } },
{ "type": "Feature", "properties": { "OBJECTID": 23675, "CE": "NPN Terreno -> Unidad", "CT": "", "ESTAMPA_CC": "2026-05-26 14:46:02" }, "geometry": { "type": "Point", "coordinates": [ -76.502333050596206, 3.354572279030742 ] } },
{ "type": "Feature", "properties": { "OBJECTID": 23676, "CE": "NPN Terreno -> Unidad", "CT": "", "ESTAMPA_CC": "2026-05-26 14:46:02" }, "geometry": { "type": "Point", "coordinates": [ -76.502155469414305, 3.354613371223336 ] } },
{ "type": "Feature", "properties": { "OBJECTID": 23677, "CE": "NPN Terreno -> Unidad", "CT": "", "ESTAMPA_CC": "2026-05-26 14:46:02" }, "geometry": { "type": "Point", "coordinates": [ -76.502085619004703, 3.354632771157899 ] } },
{ "type": "Feature", "properties": { "OBJECTID": 23678, "CE": "NPN Terreno -> Unidad", "CT": "", "ESTAMPA_CC": "2026-05-26 14:46:02" }, "geometry": { "type": "Point", "coordinates": [ -76.502508048515239, 3.354530181744164 ] } },
{ "type": "Feature", "properties": { "OBJECTID": 23679, "CE": "NPN Terreno -> Unidad", "CT": "", "ESTAMPA_CC": "2026-05-26 14:46:02" }, "geometry": { "type": "Point", "coordinates": [ -76.502085619004703, 3.354632771157899 ] } },
{ "type": "Feature", "properties": { "OBJECTID": 23680, "CE": "NPN Terreno -> Unidad", "CT": "", "ESTAMPA_CC": "2026-05-26 14:46:02" }, "geometry": { "type": "Point", "coordinates": [ -76.502685068717753, 3.354485124132171 ] } },
{ "type": "Feature", "properties": { "OBJECTID": 23681, "CE": "NPN Terreno -> Unidad", "CT": "", "ESTAMPA_CC": "2026-05-26 14:46:02" }, "geometry": { "type": "Point", "coordinates": [ -76.502486527877338, 3.354439827938328 ] } },
{ "type": "Feature", "properties": { "OBJECTID": 23682, "CE": "NPN Terreno -> Unidad", "CT": "", "ESTAMPA_CC": "2026-05-26 14:46:02" }, "geometry": { "type": "Point", "coordinates": [ -76.502615255233849, 3.354504657475009 ] } },
{ "type": "Feature", "properties": { "OBJECTID": 23683, "CE": "NPN Terreno -> Unidad", "CT": "", "ESTAMPA_CC": "2026-05-26 14:46:02" }, "geometry": { "type": "Point", "coordinates": [ -76.502615255233849, 3.354504657475009 ] } },
{ "type": "Feature", "properties": { "OBJECTID": 23684, "CE": "NPN Terreno -> Unidad", "CT": "", "ESTAMPA_CC": "2026-05-26 14:46:02" }, "geometry": { "type": "Point", "coordinates": [ -76.502311530434866, 3.354481925673046 ] } },
{ "type": "Feature", "properties": { "OBJECTID": 23685, "CE": "NPN Terreno -> Unidad", "CT": "", "ESTAMPA_CC": "2026-05-26 14:46:02" }, "geometry": { "type": "Point", "coordinates": [ -76.501959503462174, 3.354567638695591 ] } },
{ "type": "Feature", "properties": { "OBJECTID": 23687, "CE": "", "CT": "Condición: Condominio", "ESTAMPA_CC": "2026-05-26 14:46:02" }, "geometry": { "type": "Point", "coordinates": [ -76.546896289287218, 3.32510152162227 ] } },
{ "type": "Feature", "properties": { "OBJECTID": 23691, "CE": "", "CT": "Condición: Condominio", "ESTAMPA_CC": "2026-05-26 14:46:02" }, "geometry": { "type": "Point", "coordinates": [ -76.548227015323533, 3.324524035638513 ] } },
{ "type": "Feature", "properties": { "OBJECTID": 23693, "CE": "NPN Terreno -> Unidad", "CT": "", "ESTAMPA_CC": "2026-05-26 14:46:02" }, "geometry": { "type": "Point", "coordinates": [ -76.522562484362737, 3.343507958020102 ] } },
{ "type": "Feature", "properties": { "OBJECTID": 23694, "CE": "NPN Terreno -> Unidad", "CT": "", "ESTAMPA_CC": "2026-05-26 14:46:02" }, "geometry": { "type": "Point", "coordinates": [ -76.522149890491164, 3.342977357853206 ] } },
{ "type": "Feature", "properties": { "OBJECTID": 23696, "CE": "", "CT": "Condición: Condominio", "ESTAMPA_CC": "2026-05-26 14:46:02" }, "geometry": { "type": "Point", "coordinates": [ -76.547897811957526, 3.324492765485193 ] } },
{ "type": "Feature", "properties": { "OBJECTID": 23698, "CE": "NPN Terreno -> Unidad", "CT": "", "ESTAMPA_CC": "2026-05-26 14:46:02" }, "geometry": { "type": "Point", "coordinates": [ -76.522041654847868, 3.343390769551358 ] } },
{ "type": "Feature", "properties": { "OBJECTID": 23700, "CE": "NPN Terreno -> Unidad", "CT": "", "ESTAMPA_CC": "2026-05-26 14:46:02" }, "geometry": { "type": "Point", "coordinates": [ -76.522405495606165, 3.343651019464379 ] } },
{ "type": "Feature", "properties": { "OBJECTID": 23701, "CE": "", "CT": "Condición: Condominio", "ESTAMPA_CC": "2026-05-26 14:46:02" }, "geometry": { "type": "Point", "coordinates": [ -76.546867693313331, 3.324968350006225 ] } },
{ "type": "Feature", "properties": { "OBJECTID": 23702, "CE": "NPN Terreno -> Unidad", "CT": "", "ESTAMPA_CC": "2026-05-26 14:46:02" }, "geometry": { "type": "Point", "coordinates": [ -76.522326818199303, 3.342924076099606 ] } },
{ "type": "Feature", "properties": { "OBJECTID": 23755, "CE": "NPN Terreno -> Unidad", "CT": "", "ESTAMPA_CC": "2026-05-26 14:46:02" }, "geometry": { "type": "Point", "coordinates": [ -76.502416667559487, 3.354459190373003 ] } },
{ "type": "Feature", "properties": { "OBJECTID": 23756, "CE": "NPN Terreno -> Unidad", "CT": "", "ESTAMPA_CC": "2026-05-26 14:46:02" }, "geometry": { "type": "Point", "coordinates": [ -76.50283822528796, 3.354352298640547 ] } },
{ "type": "Feature", "properties": { "OBJECTID": 23757, "CE": "NPN Terreno -> Unidad", "CT": "", "ESTAMPA_CC": "2026-05-26 14:46:02" }, "geometry": { "type": "Point", "coordinates": [ -76.502241669689056, 3.354501288094837 ] } },
{ "type": "Feature", "properties": { "OBJECTID": 23758, "CE": "NPN Terreno -> Unidad", "CT": "", "ESTAMPA_CC": "2026-05-26 14:46:02" }, "geometry": { "type": "Point", "coordinates": [ -76.50283822528796, 3.354352298640547 ] } },
{ "type": "Feature", "properties": { "OBJECTID": 23759, "CE": "NPN Terreno -> Unidad", "CT": "", "ESTAMPA_CC": "2026-05-26 14:46:02" }, "geometry": { "type": "Point", "coordinates": [ -76.502133901253288, 3.354523029615206 ] } },
{ "type": "Feature", "properties": { "OBJECTID": 23760, "CE": "NPN Terreno -> Unidad", "CT": "", "ESTAMPA_CC": "2026-05-26 14:46:02" }, "geometry": { "type": "Point", "coordinates": [ -76.502311530434866, 3.354481925673046 ] } },
{ "type": "Feature", "properties": { "OBJECTID": 23761, "CE": "NPN Terreno -> Unidad", "CT": "", "ESTAMPA_CC": "2026-05-26 14:46:02" }, "geometry": { "type": "Point", "coordinates": [ -76.502416667559487, 3.354459190373003 ] } },
{ "type": "Feature", "properties": { "OBJECTID": 23762, "CE": "NPN Terreno -> Unidad", "CT": "", "ESTAMPA_CC": "2026-05-26 14:46:02" }, "geometry": { "type": "Point", "coordinates": [ -76.501959503462174, 3.354567638695591 ] } },
{ "type": "Feature", "properties": { "OBJECTID": 23763, "CE": "NPN Terreno -> Unidad", "CT": "", "ESTAMPA_CC": "2026-05-26 14:46:02" }, "geometry": { "type": "Point", "coordinates": [ -76.501981071774509, 3.354657980307687 ] } },
{ "type": "Feature", "properties": { "OBJECTID": 23764, "CE": "NPN Terreno -> Unidad", "CT": "", "ESTAMPA_CC": "2026-05-26 14:46:02" }, "geometry": { "type": "Point", "coordinates": [ -76.502155469414305, 3.354613371223336 ] } },
{ "type": "Feature", "properties": { "OBJECTID": 23765, "CE": "NPN Terreno -> Unidad", "CT": "", "ESTAMPA_CC": "2026-05-26 14:46:02" }, "geometry": { "type": "Point", "coordinates": [ -76.502133901253288, 3.354523029615206 ] } },
{ "type": "Feature", "properties": { "OBJECTID": 23766, "CE": "NPN Terreno -> Unidad", "CT": "", "ESTAMPA_CC": "2026-05-26 14:46:02" }, "geometry": { "type": "Point", "coordinates": [ -76.502663329846754, 3.354394823221584 ] } },
{ "type": "Feature", "properties": { "OBJECTID": 23767, "CE": "NPN Terreno -> Unidad", "CT": "", "ESTAMPA_CC": "2026-05-26 14:46:02" }, "geometry": { "type": "Point", "coordinates": [ -76.502311530434866, 3.354481925673046 ] } },
{ "type": "Feature", "properties": { "OBJECTID": 23768, "CE": "NPN Terreno -> Unidad", "CT": "", "ESTAMPA_CC": "2026-05-26 14:46:02" }, "geometry": { "type": "Point", "coordinates": [ -76.502508048515239, 3.354530181744164 ] } },
{ "type": "Feature", "properties": { "OBJECTID": 23769, "CE": "NPN Terreno -> Unidad", "CT": "", "ESTAMPA_CC": "2026-05-26 14:46:02" }, "geometry": { "type": "Point", "coordinates": [ -76.502859963864665, 3.354442599095027 ] } },
{ "type": "Feature", "properties": { "OBJECTID": 23770, "CE": "NPN Terreno -> Unidad", "CT": "", "ESTAMPA_CC": "2026-05-26 14:46:02" }, "geometry": { "type": "Point", "coordinates": [ -76.502064050813615, 3.354542429096084 ] } },
{ "type": "Feature", "properties": { "OBJECTID": 23771, "CE": "NPN Terreno -> Unidad", "CT": "", "ESTAMPA_CC": "2026-05-26 14:46:02" }, "geometry": { "type": "Point", "coordinates": [ -76.502486527877338, 3.354439827938328 ] } },
{ "type": "Feature", "properties": { "OBJECTID": 23772, "CE": "NPN Terreno -> Unidad", "CT": "", "ESTAMPA_CC": "2026-05-26 14:46:02" }, "geometry": { "type": "Point", "coordinates": [ -76.502064050813615, 3.354542429096084 ] } },
{ "type": "Feature", "properties": { "OBJECTID": 23773, "CE": "NPN Terreno -> Unidad", "CT": "", "ESTAMPA_CC": "2026-05-26 14:46:02" }, "geometry": { "type": "Point", "coordinates": [ -76.50283822528796, 3.354352298640547 ] } },
{ "type": "Feature", "properties": { "OBJECTID": 23774, "CE": "NPN Terreno -> Unidad", "CT": "", "ESTAMPA_CC": "2026-05-26 14:46:02" }, "geometry": { "type": "Point", "coordinates": [ -76.502486527877338, 3.354439827938328 ] } },
{ "type": "Feature", "properties": { "OBJECTID": 23775, "CE": "NPN Terreno -> Unidad", "CT": "", "ESTAMPA_CC": "2026-05-26 14:46:02" }, "geometry": { "type": "Point", "coordinates": [ -76.502241669689056, 3.354501288094837 ] } },
{ "type": "Feature", "properties": { "OBJECTID": 23776, "CE": "NPN Terreno -> Unidad", "CT": "", "ESTAMPA_CC": "2026-05-26 14:46:02" }, "geometry": { "type": "Point", "coordinates": [ -76.522210128649206, 3.343630429969239 ] } },
{ "type": "Feature", "properties": { "OBJECTID": 23777, "CE": "", "CT": "Condición: Condominio", "ESTAMPA_CC": "2026-05-26 14:46:02" }, "geometry": { "type": "Point", "coordinates": [ -76.548754884332482, 3.324547265131461 ] } },
{ "type": "Feature", "properties": { "OBJECTID": 23778, "CE": "NPN Terreno -> Unidad", "CT": "", "ESTAMPA_CC": "2026-05-26 14:46:02" }, "geometry": { "type": "Point", "coordinates": [ -76.502799167217873, 3.354958686139903 ] } },
{ "type": "Feature", "properties": { "OBJECTID": 23781, "CE": "NPN Terreno -> Unidad", "CT": "", "ESTAMPA_CC": "2026-05-26 14:46:02" }, "geometry": { "type": "Point", "coordinates": [ -76.522394011801651, 3.343268300829415 ] } },
{ "type": "Feature", "properties": { "OBJECTID": 23782, "CE": "", "CT": "Condición: Condominio", "ESTAMPA_CC": "2026-05-26 14:46:02" }, "geometry": { "type": "Point", "coordinates": [ -76.547334182774335, 3.325052738506809 ] } },
{ "type": "Feature", "properties": { "OBJECTID": 23784, "CE": "NPN Terreno -> Unidad", "CT": "", "ESTAMPA_CC": "2026-05-26 14:46:02" }, "geometry": { "type": "Point", "coordinates": [ -76.502882254057241, 3.354845204106847 ] } },
{ "type": "Feature", "properties": { "OBJECTID": 23785, "CE": "NPN Terreno -> Unidad", "CT": "", "ESTAMPA_CC": "2026-05-26 14:46:02" }, "geometry": { "type": "Point", "coordinates": [ -76.5222934919843, 3.343590169225657 ] } },
{ "type": "Feature", "properties": { "OBJECTID": 23787, "CE": "NPN Terreno -> Unidad", "CT": "", "ESTAMPA_CC": "2026-05-26 14:46:02" }, "geometry": { "type": "Point", "coordinates": [ -76.522672923956591, 3.343553763346184 ] } },
{ "type": "Feature", "properties": { "OBJECTID": 23788, "CE": "NPN Terreno -> Unidad", "CT": "", "ESTAMPA_CC": "2026-05-26 14:46:02" }, "geometry": { "type": "Point", "coordinates": [ -76.502777224632368, 3.35486843586298 ] } },
{ "type": "Feature", "properties": { "OBJECTID": 23789, "CE": "", "CT": "Condición: Condominio", "ESTAMPA_CC": "2026-05-26 14:46:02" }, "geometry": { "type": "Point", "coordinates": [ -76.546797456956497, 3.324638323390537 ] } },
{ "type": "Feature", "properties": { "OBJECTID": 23793, "CE": "", "CT": "Condición: Condominio", "ESTAMPA_CC": "2026-05-26 14:46:02" }, "geometry": { "type": "Point", "coordinates": [ -76.546787740263198, 3.324514275472161 ] } },
{ "type": "Feature", "properties": { "OBJECTID": 23842, "CE": "NPN Terreno -> Unidad", "CT": "", "ESTAMPA_CC": "2026-05-26 14:46:02" }, "geometry": { "type": "Point", "coordinates": [ -76.502768411813619, 3.354371831542549 ] } },
{ "type": "Feature", "properties": { "OBJECTID": 23843, "CE": "NPN Terreno -> Unidad", "CT": "", "ESTAMPA_CC": "2026-05-26 14:46:02" }, "geometry": { "type": "Point", "coordinates": [ -76.502064050813615, 3.354542429096084 ] } },
{ "type": "Feature", "properties": { "OBJECTID": 23844, "CE": "NPN Terreno -> Unidad", "CT": "", "ESTAMPA_CC": "2026-05-26 14:46:02" }, "geometry": { "type": "Point", "coordinates": [ -76.501959503462174, 3.354567638695591 ] } },
{ "type": "Feature", "properties": { "OBJECTID": 23845, "CE": "NPN Terreno -> Unidad", "CT": "", "ESTAMPA_CC": "2026-05-26 14:46:02" }, "geometry": { "type": "Point", "coordinates": [ -76.502486527877338, 3.354439827938328 ] } },
{ "type": "Feature", "properties": { "OBJECTID": 23846, "CE": "NPN Terreno -> Unidad", "CT": "", "ESTAMPA_CC": "2026-05-26 14:46:02" }, "geometry": { "type": "Point", "coordinates": [ -76.502416667559487, 3.354459190373003 ] } },
{ "type": "Feature", "properties": { "OBJECTID": 23847, "CE": "NPN Terreno -> Unidad", "CT": "", "ESTAMPA_CC": "2026-05-26 14:46:02" }, "geometry": { "type": "Point", "coordinates": [ -76.502133901253288, 3.354523029615206 ] } },
{ "type": "Feature", "properties": { "OBJECTID": 23848, "CE": "NPN Terreno -> Unidad", "CT": "", "ESTAMPA_CC": "2026-05-26 14:46:02" }, "geometry": { "type": "Point", "coordinates": [ -76.502768411813619, 3.354371831542549 ] } },
{ "type": "Feature", "properties": { "OBJECTID": 23849, "CE": "NPN Terreno -> Unidad", "CT": "", "ESTAMPA_CC": "2026-05-26 14:46:02" }, "geometry": { "type": "Point", "coordinates": [ -76.502859963864665, 3.354442599095027 ] } },
{ "type": "Feature", "properties": { "OBJECTID": 23850, "CE": "NPN Terreno -> Unidad", "CT": "", "ESTAMPA_CC": "2026-05-26 14:46:02" }, "geometry": { "type": "Point", "coordinates": [ -76.501959503462174, 3.354567638695591 ] } },
{ "type": "Feature", "properties": { "OBJECTID": 23851, "CE": "NPN Terreno -> Unidad", "CT": "", "ESTAMPA_CC": "2026-05-26 14:46:02" }, "geometry": { "type": "Point", "coordinates": [ -76.502133901253288, 3.354523029615206 ] } },
{ "type": "Feature", "properties": { "OBJECTID": 23852, "CE": "NPN Terreno -> Unidad", "CT": "", "ESTAMPA_CC": "2026-05-26 14:46:02" }, "geometry": { "type": "Point", "coordinates": [ -76.502085619004703, 3.354632771157899 ] } },
{ "type": "Feature", "properties": { "OBJECTID": 23853, "CE": "NPN Terreno -> Unidad", "CT": "", "ESTAMPA_CC": "2026-05-26 14:46:02" }, "geometry": { "type": "Point", "coordinates": [ -76.502438187810299, 3.354549544180414 ] } },
{ "type": "Feature", "properties": { "OBJECTID": 23854, "CE": "NPN Terreno -> Unidad", "CT": "", "ESTAMPA_CC": "2026-05-26 14:46:02" }, "geometry": { "type": "Point", "coordinates": [ -76.50283822528796, 3.354352298640547 ] } },
{ "type": "Feature", "properties": { "OBJECTID": 23855, "CE": "NPN Terreno -> Unidad", "CT": "", "ESTAMPA_CC": "2026-05-26 14:46:02" }, "geometry": { "type": "Point", "coordinates": [ -76.502333050596206, 3.354572279030742 ] } },
{ "type": "Feature", "properties": { "OBJECTID": 23856, "CE": "NPN Terreno -> Unidad", "CT": "", "ESTAMPA_CC": "2026-05-26 14:46:02" }, "geometry": { "type": "Point", "coordinates": [ -76.502311530434866, 3.354481925673046 ] } },
{ "type": "Feature", "properties": { "OBJECTID": 23857, "CE": "NPN Terreno -> Unidad", "CT": "", "ESTAMPA_CC": "2026-05-26 14:46:02" }, "geometry": { "type": "Point", "coordinates": [ -76.502685068717753, 3.354485124132171 ] } },
{ "type": "Feature", "properties": { "OBJECTID": 23858, "CE": "NPN Terreno -> Unidad", "CT": "", "ESTAMPA_CC": "2026-05-26 14:46:02" }, "geometry": { "type": "Point", "coordinates": [ -76.502155469414305, 3.354613371223336 ] } },
{ "type": "Feature", "properties": { "OBJECTID": 23859, "CE": "NPN Terreno -> Unidad", "CT": "", "ESTAMPA_CC": "2026-05-26 14:46:02" }, "geometry": { "type": "Point", "coordinates": [ -76.502486527877338, 3.354439827938328 ] } },
{ "type": "Feature", "properties": { "OBJECTID": 23860, "CE": "NPN Terreno -> Unidad", "CT": "", "ESTAMPA_CC": "2026-05-26 14:46:02" }, "geometry": { "type": "Point", "coordinates": [ -76.502133901253288, 3.354523029615206 ] } },
{ "type": "Feature", "properties": { "OBJECTID": 23861, "CE": "NPN Terreno -> Unidad", "CT": "", "ESTAMPA_CC": "2026-05-26 14:46:02" }, "geometry": { "type": "Point", "coordinates": [ -76.502311530434866, 3.354481925673046 ] } },
{ "type": "Feature", "properties": { "OBJECTID": 23862, "CE": "NPN Terreno -> Unidad", "CT": "", "ESTAMPA_CC": "2026-05-26 14:46:02" }, "geometry": { "type": "Point", "coordinates": [ -76.502263190349169, 3.354591641454126 ] } },
{ "type": "Feature", "properties": { "OBJECTID": 23864, "CE": "", "CT": "Condición: Condominio", "ESTAMPA_CC": "2026-05-26 14:46:02" }, "geometry": { "type": "Point", "coordinates": [ -76.548135060936247, 3.324760017582797 ] } },
{ "type": "Feature", "properties": { "OBJECTID": 23868, "CE": "", "CT": "Condición: Condominio", "ESTAMPA_CC": "2026-05-26 14:46:02" }, "geometry": { "type": "Point", "coordinates": [ -76.548729797671299, 3.325071999959836 ] } },
{ "type": "Feature", "properties": { "OBJECTID": 23869, "CE": "", "CT": "Condición: Condominio", "ESTAMPA_CC": "2026-05-26 14:46:02" }, "geometry": { "type": "Point", "coordinates": [ -76.547869922929124, 3.324767439184249 ] } },
{ "type": "Feature", "properties": { "OBJECTID": 23870, "CE": "NPN Terreno -> Unidad", "CT": "", "ESTAMPA_CC": "2026-05-26 14:46:02" }, "geometry": { "type": "Point", "coordinates": [ -76.522405495606165, 3.343651019464379 ] } },
{ "type": "Feature", "properties": { "OBJECTID": 23871, "CE": "NPN Terreno -> Unidad", "CT": "", "ESTAMPA_CC": "2026-05-26 14:46:02" }, "geometry": { "type": "Point", "coordinates": [ -76.522171775200945, 3.343257048085338 ] } },
{ "type": "Feature", "properties": { "OBJECTID": 23872, "CE": "NPN Terreno -> Unidad", "CT": "", "ESTAMPA_CC": "2026-05-26 14:46:02" }, "geometry": { "type": "Point", "coordinates": [ -76.502707455511384, 3.354888127899481 ] } },
{ "type": "Feature", "properties": { "OBJECTID": 23876, "CE": "NPN Terreno -> Unidad", "CT": "", "ESTAMPA_CC": "2026-05-26 14:46:02" }, "geometry": { "type": "Point", "coordinates": [ -76.502729397834017, 3.354978378630108 ] } },
{ "type": "Feature", "properties": { "OBJECTID": 23877, "CE": "NPN Terreno -> Unidad", "CT": "", "ESTAMPA_CC": "2026-05-26 14:46:02" }, "geometry": { "type": "Point", "coordinates": [ -76.521703937177321, 3.343021968262555 ] } },
{ "type": "Feature", "properties": { "OBJECTID": 23878, "CE": "NPN Terreno -> Unidad", "CT": "", "ESTAMPA_CC": "2026-05-26 14:46:02" }, "geometry": { "type": "Point", "coordinates": [ -76.546556606485453, 3.323075380910421 ] } },
{ "type": "Feature", "properties": { "OBJECTID": 23879, "CE": "NPN Terreno -> Unidad", "CT": "", "ESTAMPA_CC": "2026-05-26 14:46:02" }, "geometry": { "type": "Point", "coordinates": [ -76.522326818199303, 3.342924076099606 ] } },
{ "type": "Feature", "properties": { "OBJECTID": 23880, "CE": "NPN Terreno -> Unidad", "CT": "", "ESTAMPA_CC": "2026-05-26 14:46:02" }, "geometry": { "type": "Point", "coordinates": [ -76.522372872268676, 3.343573863746768 ] } },
{ "type": "Feature", "properties": { "OBJECTID": 23923, "CE": "NPN Terreno -> Unidad", "CT": "", "ESTAMPA_CC": "2026-05-26 14:46:02" }, "geometry": { "type": "Point", "coordinates": [ -76.502859963864665, 3.354442599095027 ] } },
{ "type": "Feature", "properties": { "OBJECTID": 23924, "CE": "NPN Terreno -> Unidad", "CT": "", "ESTAMPA_CC": "2026-05-26 14:46:02" }, "geometry": { "type": "Point", "coordinates": [ -76.502593516546455, 3.354414356562827 ] } },
{ "type": "Feature", "properties": { "OBJECTID": 23925, "CE": "NPN Terreno -> Unidad", "CT": "", "ESTAMPA_CC": "2026-05-26 14:46:02" }, "geometry": { "type": "Point", "coordinates": [ -76.501959503462174, 3.354567638695591 ] } },
{ "type": "Feature", "properties": { "OBJECTID": 23926, "CE": "NPN Terreno -> Unidad", "CT": "", "ESTAMPA_CC": "2026-05-26 14:46:02" }, "geometry": { "type": "Point", "coordinates": [ -76.502685068717753, 3.354485124132171 ] } },
{ "type": "Feature", "properties": { "OBJECTID": 23927, "CE": "NPN Terreno -> Unidad", "CT": "", "ESTAMPA_CC": "2026-05-26 14:46:02" }, "geometry": { "type": "Point", "coordinates": [ -76.502438187810299, 3.354549544180414 ] } },
{ "type": "Feature", "properties": { "OBJECTID": 23928, "CE": "NPN Terreno -> Unidad", "CT": "", "ESTAMPA_CC": "2026-05-26 14:46:02" }, "geometry": { "type": "Point", "coordinates": [ -76.502438187810299, 3.354549544180414 ] } },
{ "type": "Feature", "properties": { "OBJECTID": 23929, "CE": "NPN Terreno -> Unidad", "CT": "", "ESTAMPA_CC": "2026-05-26 14:46:02" }, "geometry": { "type": "Point", "coordinates": [ -76.502133901253288, 3.354523029615206 ] } },
{ "type": "Feature", "properties": { "OBJECTID": 23930, "CE": "NPN Terreno -> Unidad", "CT": "", "ESTAMPA_CC": "2026-05-26 14:46:02" }, "geometry": { "type": "Point", "coordinates": [ -76.501959503462174, 3.354567638695591 ] } },
{ "type": "Feature", "properties": { "OBJECTID": 23931, "CE": "NPN Terreno -> Unidad", "CT": "", "ESTAMPA_CC": "2026-05-26 14:46:02" }, "geometry": { "type": "Point", "coordinates": [ -76.502155469414305, 3.354613371223336 ] } },
{ "type": "Feature", "properties": { "OBJECTID": 23932, "CE": "NPN Terreno -> Unidad", "CT": "", "ESTAMPA_CC": "2026-05-26 14:46:02" }, "geometry": { "type": "Point", "coordinates": [ -76.502438187810299, 3.354549544180414 ] } },
{ "type": "Feature", "properties": { "OBJECTID": 23933, "CE": "NPN Terreno -> Unidad", "CT": "", "ESTAMPA_CC": "2026-05-26 14:46:02" }, "geometry": { "type": "Point", "coordinates": [ -76.502416667559487, 3.354459190373003 ] } },
{ "type": "Feature", "properties": { "OBJECTID": 23934, "CE": "NPN Terreno -> Unidad", "CT": "", "ESTAMPA_CC": "2026-05-26 14:46:02" }, "geometry": { "type": "Point", "coordinates": [ -76.502333050596206, 3.354572279030742 ] } },
{ "type": "Feature", "properties": { "OBJECTID": 23935, "CE": "NPN Terreno -> Unidad", "CT": "", "ESTAMPA_CC": "2026-05-26 14:46:02" }, "geometry": { "type": "Point", "coordinates": [ -76.502416667559487, 3.354459190373003 ] } },
{ "type": "Feature", "properties": { "OBJECTID": 23936, "CE": "NPN Terreno -> Unidad", "CT": "", "ESTAMPA_CC": "2026-05-26 14:46:02" }, "geometry": { "type": "Point", "coordinates": [ -76.502311530434866, 3.354481925673046 ] } },
{ "type": "Feature", "properties": { "OBJECTID": 23937, "CE": "NPN Terreno -> Unidad", "CT": "", "ESTAMPA_CC": "2026-05-26 14:46:02" }, "geometry": { "type": "Point", "coordinates": [ -76.502155469414305, 3.354613371223336 ] } },
{ "type": "Feature", "properties": { "OBJECTID": 23938, "CE": "NPN Terreno -> Unidad", "CT": "", "ESTAMPA_CC": "2026-05-26 14:46:02" }, "geometry": { "type": "Point", "coordinates": [ -76.502790150384342, 3.354462131998626 ] } },
{ "type": "Feature", "properties": { "OBJECTID": 23939, "CE": "NPN Terreno -> Unidad", "CT": "", "ESTAMPA_CC": "2026-05-26 14:46:02" }, "geometry": { "type": "Point", "coordinates": [ -76.502241669689056, 3.354501288094837 ] } },
{ "type": "Feature", "properties": { "OBJECTID": 23940, "CE": "NPN Terreno -> Unidad", "CT": "", "ESTAMPA_CC": "2026-05-26 14:46:02" }, "geometry": { "type": "Point", "coordinates": [ -76.502085619004703, 3.354632771157899 ] } },
{ "type": "Feature", "properties": { "OBJECTID": 23941, "CE": "NPN Terreno -> Unidad", "CT": "", "ESTAMPA_CC": "2026-05-26 14:46:02" }, "geometry": { "type": "Point", "coordinates": [ -76.502615255233849, 3.354504657475009 ] } },
{ "type": "Feature", "properties": { "OBJECTID": 23942, "CE": "NPN Terreno -> Unidad", "CT": "", "ESTAMPA_CC": "2026-05-26 14:46:02" }, "geometry": { "type": "Point", "coordinates": [ -76.501981071774509, 3.354657980307687 ] } },
{ "type": "Feature", "properties": { "OBJECTID": 23943, "CE": "NPN Terreno -> Unidad", "CT": "", "ESTAMPA_CC": "2026-05-26 14:46:02" }, "geometry": { "type": "Point", "coordinates": [ -76.502133901253288, 3.354523029615206 ] } },
{ "type": "Feature", "properties": { "OBJECTID": 23944, "CE": "NPN Terreno -> Unidad", "CT": "", "ESTAMPA_CC": "2026-05-26 14:46:02" }, "geometry": { "type": "Point", "coordinates": [ -76.522326818199303, 3.342924076099606 ] } },
{ "type": "Feature", "properties": { "OBJECTID": 23945, "CE": "", "CT": "Condición: Condominio", "ESTAMPA_CC": "2026-05-26 14:46:02" }, "geometry": { "type": "Point", "coordinates": [ -76.547309336686197, 3.324921697079448 ] } },
{ "type": "Feature", "properties": { "OBJECTID": 23947, "CE": "NPN Terreno -> Unidad", "CT": "", "ESTAMPA_CC": "2026-05-26 14:46:02" }, "geometry": { "type": "Point", "coordinates": [ -76.522156726077313, 3.342897071289568 ] } },
{ "type": "Feature", "properties": { "OBJECTID": 23948, "CE": "NPN Terreno -> Unidad", "CT": "", "ESTAMPA_CC": "2026-05-26 14:46:02" }, "geometry": { "type": "Point", "coordinates": [ -76.522842692838069, 3.34302861565362 ] } },
{ "type": "Feature", "properties": { "OBJECTID": 23950, "CE": "NPN Terreno -> Unidad", "CT": "", "ESTAMPA_CC": "2026-05-26 14:46:02" }, "geometry": { "type": "Point", "coordinates": [ -76.522417119596994, 3.342941520542849 ] } },
{ "type": "Feature", "properties": { "OBJECTID": 23951, "CE": "NPN Terreno -> Unidad", "CT": "", "ESTAMPA_CC": "2026-05-26 14:46:02" }, "geometry": { "type": "Point", "coordinates": [ -76.521703937177321, 3.343021968262555 ] } },
{ "type": "Feature", "properties": { "OBJECTID": 23952, "CE": "NPN Terreno -> Unidad", "CT": "", "ESTAMPA_CC": "2026-05-26 14:46:02" }, "geometry": { "type": "Point", "coordinates": [ -76.522310648010958, 3.343308561581823 ] } },
{ "type": "Feature", "properties": { "OBJECTID": 23953, "CE": "", "CT": "Condición: Condominio", "ESTAMPA_CC": "2026-05-26 14:46:02" }, "geometry": { "type": "Point", "coordinates": [ -76.548724127441645, 3.325369832598275 ] } },
{ "type": "Feature", "properties": { "OBJECTID": 23954, "CE": "NPN Terreno -> Unidad", "CT": "", "ESTAMPA_CC": "2026-05-26 14:46:02" }, "geometry": { "type": "Point", "coordinates": [ -76.522326818199303, 3.342924076099606 ] } },
{ "type": "Feature", "properties": { "OBJECTID": 23955, "CE": "", "CT": "Condición: Condominio", "ESTAMPA_CC": "2026-05-26 14:46:02" }, "geometry": { "type": "Point", "coordinates": [ -76.547268371475269, 3.32446839954571 ] } },
{ "type": "Feature", "properties": { "OBJECTID": 23961, "CE": "NPN Terreno -> Unidad", "CT": "", "ESTAMPA_CC": "2026-05-26 14:46:02" }, "geometry": { "type": "Point", "coordinates": [ -76.521740891326246, 3.343092125083932 ] } },
{ "type": "Feature", "properties": { "OBJECTID": 24004, "CE": "NPN Terreno -> Unidad", "CT": "", "ESTAMPA_CC": "2026-05-26 14:46:02" }, "geometry": { "type": "Point", "coordinates": [ -76.501981071774509, 3.354657980307687 ] } },
{ "type": "Feature", "properties": { "OBJECTID": 24005, "CE": "NPN Terreno -> Unidad", "CT": "", "ESTAMPA_CC": "2026-05-26 14:46:02" }, "geometry": { "type": "Point", "coordinates": [ -76.501981071774509, 3.354657980307687 ] } },
{ "type": "Feature", "properties": { "OBJECTID": 24006, "CE": "NPN Terreno -> Unidad", "CT": "", "ESTAMPA_CC": "2026-05-26 14:46:02" }, "geometry": { "type": "Point", "coordinates": [ -76.502064050813615, 3.354542429096084 ] } },
{ "type": "Feature", "properties": { "OBJECTID": 24007, "CE": "NPN Terreno -> Unidad", "CT": "", "ESTAMPA_CC": "2026-05-26 14:46:02" }, "geometry": { "type": "Point", "coordinates": [ -76.502241669689056, 3.354501288094837 ] } },
{ "type": "Feature", "properties": { "OBJECTID": 24008, "CE": "NPN Terreno -> Unidad", "CT": "", "ESTAMPA_CC": "2026-05-26 14:46:02" }, "geometry": { "type": "Point", "coordinates": [ -76.502241669689056, 3.354501288094837 ] } },
{ "type": "Feature", "properties": { "OBJECTID": 24009, "CE": "NPN Terreno -> Unidad", "CT": "", "ESTAMPA_CC": "2026-05-26 14:46:02" }, "geometry": { "type": "Point", "coordinates": [ -76.502311530434866, 3.354481925673046 ] } },
{ "type": "Feature", "properties": { "OBJECTID": 24010, "CE": "NPN Terreno -> Unidad", "CT": "", "ESTAMPA_CC": "2026-05-26 14:46:02" }, "geometry": { "type": "Point", "coordinates": [ -76.502133901253288, 3.354523029615206 ] } },
{ "type": "Feature", "properties": { "OBJECTID": 24011, "CE": "NPN Terreno -> Unidad", "CT": "", "ESTAMPA_CC": "2026-05-26 14:46:02" }, "geometry": { "type": "Point", "coordinates": [ -76.501981071774509, 3.354657980307687 ] } },
{ "type": "Feature", "properties": { "OBJECTID": 24012, "CE": "NPN Terreno -> Unidad", "CT": "", "ESTAMPA_CC": "2026-05-26 14:46:02" }, "geometry": { "type": "Point", "coordinates": [ -76.501959503462174, 3.354567638695591 ] } },
{ "type": "Feature", "properties": { "OBJECTID": 24013, "CE": "NPN Terreno -> Unidad", "CT": "", "ESTAMPA_CC": "2026-05-26 14:46:02" }, "geometry": { "type": "Point", "coordinates": [ -76.502859963864665, 3.354442599095027 ] } },
{ "type": "Feature", "properties": { "OBJECTID": 24014, "CE": "NPN Terreno -> Unidad", "CT": "", "ESTAMPA_CC": "2026-05-26 14:46:02" }, "geometry": { "type": "Point", "coordinates": [ -76.502155469414305, 3.354613371223336 ] } },
{ "type": "Feature", "properties": { "OBJECTID": 24015, "CE": "NPN Terreno -> Unidad", "CT": "", "ESTAMPA_CC": "2026-05-26 14:46:02" }, "geometry": { "type": "Point", "coordinates": [ -76.502416667559487, 3.354459190373003 ] } },
{ "type": "Feature", "properties": { "OBJECTID": 24016, "CE": "NPN Terreno -> Unidad", "CT": "", "ESTAMPA_CC": "2026-05-26 14:46:02" }, "geometry": { "type": "Point", "coordinates": [ -76.502133901253288, 3.354523029615206 ] } },
{ "type": "Feature", "properties": { "OBJECTID": 24017, "CE": "NPN Terreno -> Unidad", "CT": "", "ESTAMPA_CC": "2026-05-26 14:46:02" }, "geometry": { "type": "Point", "coordinates": [ -76.502486527877338, 3.354439827938328 ] } },
{ "type": "Feature", "properties": { "OBJECTID": 24018, "CE": "NPN Terreno -> Unidad", "CT": "", "ESTAMPA_CC": "2026-05-26 14:46:02" }, "geometry": { "type": "Point", "coordinates": [ -76.502508048515239, 3.354530181744164 ] } },
{ "type": "Feature", "properties": { "OBJECTID": 24019, "CE": "NPN Terreno -> Unidad", "CT": "", "ESTAMPA_CC": "2026-05-26 14:46:02" }, "geometry": { "type": "Point", "coordinates": [ -76.502663329846754, 3.354394823221584 ] } },
{ "type": "Feature", "properties": { "OBJECTID": 24020, "CE": "NPN Terreno -> Unidad", "CT": "", "ESTAMPA_CC": "2026-05-26 14:46:02" }, "geometry": { "type": "Point", "coordinates": [ -76.502263190349169, 3.354591641454126 ] } },
{ "type": "Feature", "properties": { "OBJECTID": 24021, "CE": "NPN Terreno -> Unidad", "CT": "", "ESTAMPA_CC": "2026-05-26 14:46:02" }, "geometry": { "type": "Point", "coordinates": [ -76.502333050596206, 3.354572279030742 ] } },
{ "type": "Feature", "properties": { "OBJECTID": 24022, "CE": "NPN Terreno -> Unidad", "CT": "", "ESTAMPA_CC": "2026-05-26 14:46:02" }, "geometry": { "type": "Point", "coordinates": [ -76.502508048515239, 3.354530181744164 ] } },
{ "type": "Feature", "properties": { "OBJECTID": 24023, "CE": "NPN Terreno -> Unidad", "CT": "", "ESTAMPA_CC": "2026-05-26 14:46:02" }, "geometry": { "type": "Point", "coordinates": [ -76.502685068717753, 3.354485124132171 ] } },
{ "type": "Feature", "properties": { "OBJECTID": 24024, "CE": "NPN Terreno -> Unidad", "CT": "", "ESTAMPA_CC": "2026-05-26 14:46:02" }, "geometry": { "type": "Point", "coordinates": [ -76.502685068717753, 3.354485124132171 ] } },
{ "type": "Feature", "properties": { "OBJECTID": 24025, "CE": "NPN Terreno -> Unidad", "CT": "", "ESTAMPA_CC": "2026-05-26 14:46:02" }, "geometry": { "type": "Point", "coordinates": [ -76.522446315647045, 3.343165928783737 ] } },
{ "type": "Feature", "properties": { "OBJECTID": 24026, "CE": "NPN Terreno -> Unidad", "CT": "", "ESTAMPA_CC": "2026-05-26 14:46:02" }, "geometry": { "type": "Point", "coordinates": [ -76.521871091103819, 3.34311215733205 ] } },
{ "type": "Feature", "properties": { "OBJECTID": 24028, "CE": "NPN Terreno -> Unidad", "CT": "", "ESTAMPA_CC": "2026-05-26 14:46:02" }, "geometry": { "type": "Point", "coordinates": [ -76.522524132010616, 3.343134578863012 ] } },
{ "type": "Feature", "properties": { "OBJECTID": 24032, "CE": "", "CT": "Condición: Condominio", "ESTAMPA_CC": "2026-05-26 14:46:02" }, "geometry": { "type": "Point", "coordinates": [ -76.547189290556332, 3.325154178231688 ] } },
{ "type": "Feature", "properties": { "OBJECTID": 24033, "CE": "", "CT": "Condición: Condominio", "ESTAMPA_CC": "2026-05-26 14:46:02" }, "geometry": { "type": "Point", "coordinates": [ -76.54873460407893, 3.325143069919782 ] } },
{ "type": "Feature", "properties": { "OBJECTID": 24034, "CE": "", "CT": "Condición: Condominio", "ESTAMPA_CC": "2026-05-26 14:46:02" }, "geometry": { "type": "Point", "coordinates": [ -76.548398918568083, 3.324772358913674 ] } },
{ "type": "Feature", "properties": { "OBJECTID": 24037, "CE": "", "CT": "Condición: Condominio", "ESTAMPA_CC": "2026-05-26 14:46:02" }, "geometry": { "type": "Point", "coordinates": [ -76.548715816182437, 3.325304529691706 ] } },
{ "type": "Feature", "properties": { "OBJECTID": 24039, "CE": "NPN Terreno -> Unidad", "CT": "", "ESTAMPA_CC": "2026-05-26 14:46:02" }, "geometry": { "type": "Point", "coordinates": [ -76.521740891326246, 3.343092125083932 ] } },
{ "type": "Feature", "properties": { "OBJECTID": 24085, "CE": "NPN Terreno -> Unidad", "CT": "", "ESTAMPA_CC": "2026-05-26 14:46:02" }, "geometry": { "type": "Point", "coordinates": [ -76.501981071774509, 3.354657980307687 ] } },
{ "type": "Feature", "properties": { "OBJECTID": 24086, "CE": "NPN Terreno -> Unidad", "CT": "", "ESTAMPA_CC": "2026-05-26 14:46:02" }, "geometry": { "type": "Point", "coordinates": [ -76.502768411813619, 3.354371831542549 ] } },
{ "type": "Feature", "properties": { "OBJECTID": 24087, "CE": "NPN Terreno -> Unidad", "CT": "", "ESTAMPA_CC": "2026-05-26 14:46:02" }, "geometry": { "type": "Point", "coordinates": [ -76.502263190349169, 3.354591641454126 ] } },
{ "type": "Feature", "properties": { "OBJECTID": 24088, "CE": "NPN Terreno -> Unidad", "CT": "", "ESTAMPA_CC": "2026-05-26 14:46:02" }, "geometry": { "type": "Point", "coordinates": [ -76.501981071774509, 3.354657980307687 ] } },
{ "type": "Feature", "properties": { "OBJECTID": 24089, "CE": "NPN Terreno -> Unidad", "CT": "", "ESTAMPA_CC": "2026-05-26 14:46:02" }, "geometry": { "type": "Point", "coordinates": [ -76.502416667559487, 3.354459190373003 ] } },
{ "type": "Feature", "properties": { "OBJECTID": 24090, "CE": "NPN Terreno -> Unidad", "CT": "", "ESTAMPA_CC": "2026-05-26 14:46:02" }, "geometry": { "type": "Point", "coordinates": [ -76.502663329846754, 3.354394823221584 ] } },
{ "type": "Feature", "properties": { "OBJECTID": 24091, "CE": "NPN Terreno -> Unidad", "CT": "", "ESTAMPA_CC": "2026-05-26 14:46:02" }, "geometry": { "type": "Point", "coordinates": [ -76.502333050596206, 3.354572279030742 ] } },
{ "type": "Feature", "properties": { "OBJECTID": 24092, "CE": "NPN Terreno -> Unidad", "CT": "", "ESTAMPA_CC": "2026-05-26 14:46:02" }, "geometry": { "type": "Point", "coordinates": [ -76.502085619004703, 3.354632771157899 ] } },
{ "type": "Feature", "properties": { "OBJECTID": 24093, "CE": "NPN Terreno -> Unidad", "CT": "", "ESTAMPA_CC": "2026-05-26 14:46:02" }, "geometry": { "type": "Point", "coordinates": [ -76.502064050813615, 3.354542429096084 ] } },
{ "type": "Feature", "properties": { "OBJECTID": 24094, "CE": "NPN Terreno -> Unidad", "CT": "", "ESTAMPA_CC": "2026-05-26 14:46:02" }, "geometry": { "type": "Point", "coordinates": [ -76.502085619004703, 3.354632771157899 ] } },
{ "type": "Feature", "properties": { "OBJECTID": 24095, "CE": "NPN Terreno -> Unidad", "CT": "", "ESTAMPA_CC": "2026-05-26 14:46:02" }, "geometry": { "type": "Point", "coordinates": [ -76.502685068717753, 3.354485124132171 ] } },
{ "type": "Feature", "properties": { "OBJECTID": 24096, "CE": "NPN Terreno -> Unidad", "CT": "", "ESTAMPA_CC": "2026-05-26 14:46:02" }, "geometry": { "type": "Point", "coordinates": [ -76.502311530434866, 3.354481925673046 ] } },
{ "type": "Feature", "properties": { "OBJECTID": 24097, "CE": "NPN Terreno -> Unidad", "CT": "", "ESTAMPA_CC": "2026-05-26 14:46:02" }, "geometry": { "type": "Point", "coordinates": [ -76.502768411813619, 3.354371831542549 ] } },
{ "type": "Feature", "properties": { "OBJECTID": 24098, "CE": "NPN Terreno -> Unidad", "CT": "", "ESTAMPA_CC": "2026-05-26 14:46:02" }, "geometry": { "type": "Point", "coordinates": [ -76.502508048515239, 3.354530181744164 ] } },
{ "type": "Feature", "properties": { "OBJECTID": 24099, "CE": "NPN Terreno -> Unidad", "CT": "", "ESTAMPA_CC": "2026-05-26 14:46:02" }, "geometry": { "type": "Point", "coordinates": [ -76.502241669689056, 3.354501288094837 ] } },
{ "type": "Feature", "properties": { "OBJECTID": 24100, "CE": "NPN Terreno -> Unidad", "CT": "", "ESTAMPA_CC": "2026-05-26 14:46:02" }, "geometry": { "type": "Point", "coordinates": [ -76.502064050813615, 3.354542429096084 ] } },
{ "type": "Feature", "properties": { "OBJECTID": 24101, "CE": "NPN Terreno -> Unidad", "CT": "", "ESTAMPA_CC": "2026-05-26 14:46:02" }, "geometry": { "type": "Point", "coordinates": [ -76.502615255233849, 3.354504657475009 ] } },
{ "type": "Feature", "properties": { "OBJECTID": 24102, "CE": "NPN Terreno -> Unidad", "CT": "", "ESTAMPA_CC": "2026-05-26 14:46:02" }, "geometry": { "type": "Point", "coordinates": [ -76.502416667559487, 3.354459190373003 ] } },
{ "type": "Feature", "properties": { "OBJECTID": 24103, "CE": "NPN Terreno -> Unidad", "CT": "", "ESTAMPA_CC": "2026-05-26 14:46:02" }, "geometry": { "type": "Point", "coordinates": [ -76.502241669689056, 3.354501288094837 ] } },
{ "type": "Feature", "properties": { "OBJECTID": 24104, "CE": "NPN Terreno -> Unidad", "CT": "", "ESTAMPA_CC": "2026-05-26 14:46:02" }, "geometry": { "type": "Point", "coordinates": [ -76.502768411813619, 3.354371831542549 ] } },
{ "type": "Feature", "properties": { "OBJECTID": 24105, "CE": "NPN Terreno -> Unidad", "CT": "", "ESTAMPA_CC": "2026-05-26 14:46:02" }, "geometry": { "type": "Point", "coordinates": [ -76.502593516546455, 3.354414356562827 ] } },
{ "type": "Feature", "properties": { "OBJECTID": 24173, "CE": "NPN Terreno -> Unidad", "CT": "", "ESTAMPA_CC": "2026-05-26 14:46:02" }, "geometry": { "type": "Point", "coordinates": [ -76.502085619004703, 3.354632771157899 ] } },
{ "type": "Feature", "properties": { "OBJECTID": 24174, "CE": "NPN Terreno -> Unidad", "CT": "", "ESTAMPA_CC": "2026-05-26 14:46:02" }, "geometry": { "type": "Point", "coordinates": [ -76.502508048515239, 3.354530181744164 ] } },
{ "type": "Feature", "properties": { "OBJECTID": 24175, "CE": "NPN Terreno -> Unidad", "CT": "", "ESTAMPA_CC": "2026-05-26 14:46:02" }, "geometry": { "type": "Point", "coordinates": [ -76.502133901253288, 3.354523029615206 ] } },
{ "type": "Feature", "properties": { "OBJECTID": 24176, "CE": "NPN Terreno -> Unidad", "CT": "", "ESTAMPA_CC": "2026-05-26 14:46:02" }, "geometry": { "type": "Point", "coordinates": [ -76.502615255233849, 3.354504657475009 ] } },
{ "type": "Feature", "properties": { "OBJECTID": 24177, "CE": "NPN Terreno -> Unidad", "CT": "", "ESTAMPA_CC": "2026-05-26 14:46:02" }, "geometry": { "type": "Point", "coordinates": [ -76.502508048515239, 3.354530181744164 ] } },
{ "type": "Feature", "properties": { "OBJECTID": 24178, "CE": "NPN Terreno -> Unidad", "CT": "", "ESTAMPA_CC": "2026-05-26 14:46:02" }, "geometry": { "type": "Point", "coordinates": [ -76.502663329846754, 3.354394823221584 ] } },
{ "type": "Feature", "properties": { "OBJECTID": 24179, "CE": "NPN Terreno -> Unidad", "CT": "", "ESTAMPA_CC": "2026-05-26 14:46:02" }, "geometry": { "type": "Point", "coordinates": [ -76.502155469414305, 3.354613371223336 ] } },
{ "type": "Feature", "properties": { "OBJECTID": 24180, "CE": "NPN Terreno -> Unidad", "CT": "", "ESTAMPA_CC": "2026-05-26 14:46:02" }, "geometry": { "type": "Point", "coordinates": [ -76.502263190349169, 3.354591641454126 ] } },
{ "type": "Feature", "properties": { "OBJECTID": 24181, "CE": "NPN Terreno -> Unidad", "CT": "", "ESTAMPA_CC": "2026-05-26 14:46:02" }, "geometry": { "type": "Point", "coordinates": [ -76.502263190349169, 3.354591641454126 ] } },
{ "type": "Feature", "properties": { "OBJECTID": 24182, "CE": "NPN Terreno -> Unidad", "CT": "", "ESTAMPA_CC": "2026-05-26 14:46:02" }, "geometry": { "type": "Point", "coordinates": [ -76.502064050813615, 3.354542429096084 ] } },
{ "type": "Feature", "properties": { "OBJECTID": 24183, "CE": "NPN Terreno -> Unidad", "CT": "", "ESTAMPA_CC": "2026-05-26 14:46:02" }, "geometry": { "type": "Point", "coordinates": [ -76.502263190349169, 3.354591641454126 ] } },
{ "type": "Feature", "properties": { "OBJECTID": 24184, "CE": "NPN Terreno -> Unidad", "CT": "", "ESTAMPA_CC": "2026-05-26 14:46:02" }, "geometry": { "type": "Point", "coordinates": [ -76.502064050813615, 3.354542429096084 ] } },
{ "type": "Feature", "properties": { "OBJECTID": 24185, "CE": "NPN Terreno -> Unidad", "CT": "", "ESTAMPA_CC": "2026-05-26 14:46:02" }, "geometry": { "type": "Point", "coordinates": [ -76.502593516546455, 3.354414356562827 ] } },
{ "type": "Feature", "properties": { "OBJECTID": 24186, "CE": "NPN Terreno -> Unidad", "CT": "", "ESTAMPA_CC": "2026-05-26 14:46:02" }, "geometry": { "type": "Point", "coordinates": [ -76.502663329846754, 3.354394823221584 ] } },
{ "type": "Feature", "properties": { "OBJECTID": 24187, "CE": "NPN Terreno -> Unidad", "CT": "", "ESTAMPA_CC": "2026-05-26 14:46:02" }, "geometry": { "type": "Point", "coordinates": [ -76.502859963864665, 3.354442599095027 ] } },
{ "type": "Feature", "properties": { "OBJECTID": 24188, "CE": "NPN Terreno -> Unidad", "CT": "", "ESTAMPA_CC": "2026-05-26 14:46:02" }, "geometry": { "type": "Point", "coordinates": [ -76.502241669689056, 3.354501288094837 ] } },
{ "type": "Feature", "properties": { "OBJECTID": 24191, "CE": "NPN Terreno -> Unidad", "CT": "", "ESTAMPA_CC": "2026-05-26 14:46:02" }, "geometry": { "type": "Point", "coordinates": [ -76.52280859156572, 3.343411130496333 ] } },
{ "type": "Feature", "properties": { "OBJECTID": 24192, "CE": "NPN Terreno -> Unidad", "CT": "", "ESTAMPA_CC": "2026-05-26 14:46:02" }, "geometry": { "type": "Point", "coordinates": [ -76.522009031653241, 3.343313614273342 ] } },
{ "type": "Feature", "properties": { "OBJECTID": 24264, "CE": "", "CT": "Condición: Condominio", "ESTAMPA_CC": "2026-05-26 14:46:02" }, "geometry": { "type": "Point", "coordinates": [ -76.54735945626247, 3.325125346382528 ] } },
{ "type": "Feature", "properties": { "OBJECTID": 24265, "CE": "NPN Terreno -> Unidad", "CT": "", "ESTAMPA_CC": "2026-05-26 14:46:02" }, "geometry": { "type": "Point", "coordinates": [ -76.522875364316405, 3.3431057672861 ] } },
{ "type": "Feature", "properties": { "OBJECTID": 24266, "CE": "NPN Terreno -> Unidad", "CT": "", "ESTAMPA_CC": "2026-05-26 14:46:02" }, "geometry": { "type": "Point", "coordinates": [ -76.522792028953134, 3.34314609047009 ] } },
{ "type": "Feature", "properties": { "OBJECTID": 24267, "CE": "NPN Terreno -> Unidad", "CT": "", "ESTAMPA_CC": "2026-05-26 14:46:02" }, "geometry": { "type": "Point", "coordinates": [ -76.521925269947133, 3.343190688767419 ] } },
{ "type": "Feature", "properties": { "OBJECTID": 24268, "CE": "", "CT": "Condición: Condominio", "ESTAMPA_CC": "2026-05-26 14:46:02" }, "geometry": { "type": "Point", "coordinates": [ -76.547167974958043, 3.325085229513767 ] } },
{ "type": "Feature", "properties": { "OBJECTID": 24269, "CE": "NPN Terreno -> Unidad", "CT": "", "ESTAMPA_CC": "2026-05-26 14:46:02" }, "geometry": { "type": "Point", "coordinates": [ -76.52276490729534, 3.343060048786231 ] } },
{ "type": "Feature", "properties": { "OBJECTID": 24271, "CE": "NPN Terreno -> Unidad", "CT": "", "ESTAMPA_CC": "2026-05-26 14:46:02" }, "geometry": { "type": "Point", "coordinates": [ -76.521871091103819, 3.34311215733205 ] } },
{ "type": "Feature", "properties": { "OBJECTID": 24272, "CE": "", "CT": "Condición: Condominio", "ESTAMPA_CC": "2026-05-26 14:46:02" }, "geometry": { "type": "Point", "coordinates": [ -76.547280737183641, 3.324730747929778 ] } },
{ "type": "Feature", "properties": { "OBJECTID": 24273, "CE": "NPN Terreno -> Unidad", "CT": "", "ESTAMPA_CC": "2026-05-26 14:46:02" }, "geometry": { "type": "Point", "coordinates": [ -76.502973965946751, 3.354915762782486 ] } },
{ "type": "Feature", "properties": { "OBJECTID": 24274, "CE": "NPN Terreno -> Unidad", "CT": "", "ESTAMPA_CC": "2026-05-26 14:46:02" }, "geometry": { "type": "Point", "coordinates": [ -76.522947463166574, 3.3434626411871 ] } },
{ "type": "Feature", "properties": { "OBJECTID": 24276, "CE": "", "CT": "Condición: Condominio", "ESTAMPA_CC": "2026-05-26 14:46:02" }, "geometry": { "type": "Point", "coordinates": [ -76.548491596526858, 3.324515165886987 ] } },
{ "type": "Feature", "properties": { "OBJECTID": 24279, "CE": "NPN Terreno -> Unidad", "CT": "", "ESTAMPA_CC": "2026-05-26 14:46:02" }, "geometry": { "type": "Point", "coordinates": [ -76.522156726077313, 3.342897071289568 ] } },
{ "type": "Feature", "properties": { "OBJECTID": 24343, "CE": "", "CT": "Condición: Condominio", "ESTAMPA_CC": "2026-05-26 14:46:02" }, "geometry": { "type": "Point", "coordinates": [ -76.548266318346137, 3.324766171323354 ] } },
{ "type": "Feature", "properties": { "OBJECTID": 24344, "CE": "", "CT": "Condición: Condominio", "ESTAMPA_CC": "2026-05-26 14:46:02" }, "geometry": { "type": "Point", "coordinates": [ -76.547164001939805, 3.325081577585416 ] } },
{ "type": "Feature", "properties": { "OBJECTID": 24345, "CE": "", "CT": "Condición: Condominio", "ESTAMPA_CC": "2026-05-26 14:46:02" }, "geometry": { "type": "Point", "coordinates": [ -76.547993534800526, 3.324947147348406 ] } },
{ "type": "Feature", "properties": { "OBJECTID": 24346, "CE": "", "CT": "Condición: Condominio", "ESTAMPA_CC": "2026-05-26 14:46:02" }, "geometry": { "type": "Point", "coordinates": [ -76.547310014189208, 3.324864590878263 ] } },
{ "type": "Feature", "properties": { "OBJECTID": 24349, "CE": "NPN Terreno -> Unidad", "CT": "", "ESTAMPA_CC": "2026-05-26 14:46:02" }, "geometry": { "type": "Point", "coordinates": [ -76.522247027337826, 3.342914515296891 ] } },
{ "type": "Feature", "properties": { "OBJECTID": 24350, "CE": "", "CT": "Condición: Condominio", "ESTAMPA_CC": "2026-05-26 14:46:02" }, "geometry": { "type": "Point", "coordinates": [ -76.547861904446918, 3.324941496764837 ] } },
{ "type": "Feature", "properties": { "OBJECTID": 24351, "CE": "NPN Terreno -> Unidad", "CT": "", "ESTAMPA_CC": "2026-05-26 14:46:02" }, "geometry": { "type": "Point", "coordinates": [ -76.521871091103819, 3.34311215733205 ] } },
{ "type": "Feature", "properties": { "OBJECTID": 24353, "CE": "", "CT": "Condición: Condominio", "ESTAMPA_CC": "2026-05-26 14:46:02" }, "geometry": { "type": "Point", "coordinates": [ -76.548227884974509, 3.32450375770585 ] } },
{ "type": "Feature", "properties": { "OBJECTID": 24355, "CE": "", "CT": "Condición: Condominio", "ESTAMPA_CC": "2026-05-26 14:46:02" }, "geometry": { "type": "Point", "coordinates": [ -76.547861904089018, 3.324941503546302 ] } },
{ "type": "Feature", "properties": { "OBJECTID": 24356, "CE": "NPN Terreno -> Unidad", "CT": "", "ESTAMPA_CC": "2026-05-26 14:46:02" }, "geometry": { "type": "Point", "coordinates": [ -76.522320568240431, 3.343676235336305 ] } },
{ "type": "Feature", "properties": { "OBJECTID": 24357, "CE": "", "CT": "Condición: Condominio", "ESTAMPA_CC": "2026-05-26 14:46:02" }, "geometry": { "type": "Point", "coordinates": [ -76.548059043533669, 3.32496745139089 ] } },
{ "type": "Feature", "properties": { "OBJECTID": 24358, "CE": "NPN Terreno -> Unidad", "CT": "", "ESTAMPA_CC": "2026-05-26 14:46:02" }, "geometry": { "type": "Point", "coordinates": [ -76.522394011801651, 3.343268300829415 ] } },
{ "type": "Feature", "properties": { "OBJECTID": 24359, "CE": "", "CT": "Condición: Condominio", "ESTAMPA_CC": "2026-05-26 14:46:02" }, "geometry": { "type": "Point", "coordinates": [ -76.548708826355991, 3.325455823712251 ] } },
{ "type": "Feature", "properties": { "OBJECTID": 24419, "CE": "", "CT": "Condición: Condominio", "ESTAMPA_CC": "2026-05-26 14:46:02" }, "geometry": { "type": "Point", "coordinates": [ -76.54728471861371, 3.324734306725419 ] } },
{ "type": "Feature", "properties": { "OBJECTID": 24422, "CE": "NPN Terreno -> Unidad", "CT": "", "ESTAMPA_CC": "2026-05-26 14:46:02" }, "geometry": { "type": "Point", "coordinates": [ -76.502904197035662, 3.354935455285543 ] } },
{ "type": "Feature", "properties": { "OBJECTID": 24424, "CE": "", "CT": "Condición: Condominio", "ESTAMPA_CC": "2026-05-26 14:46:02" }, "geometry": { "type": "Point", "coordinates": [ -76.546921149156276, 3.325232563060054 ] } },
{ "type": "Feature", "properties": { "OBJECTID": 24426, "CE": "NPN Terreno -> Unidad", "CT": "", "ESTAMPA_CC": "2026-05-26 14:46:02" }, "geometry": { "type": "Point", "coordinates": [ -76.521931215164329, 3.343344963699753 ] } },
{ "type": "Feature", "properties": { "OBJECTID": 24427, "CE": "NPN Terreno -> Unidad", "CT": "", "ESTAMPA_CC": "2026-05-26 14:46:02" }, "geometry": { "type": "Point", "coordinates": [ -76.522171775200945, 3.343257048085338 ] } },
{ "type": "Feature", "properties": { "OBJECTID": 24429, "CE": "NPN Terreno -> Unidad", "CT": "", "ESTAMPA_CC": "2026-05-26 14:46:02" }, "geometry": { "type": "Point", "coordinates": [ -76.522842692838069, 3.34302861565362 ] } },
{ "type": "Feature", "properties": { "OBJECTID": 24433, "CE": "NPN Terreno -> Unidad", "CT": "", "ESTAMPA_CC": "2026-05-26 14:46:02" }, "geometry": { "type": "Point", "coordinates": [ -76.522247027337826, 3.342914515296891 ] } },
{ "type": "Feature", "properties": { "OBJECTID": 24434, "CE": "", "CT": "Condición: Condominio", "ESTAMPA_CC": "2026-05-26 14:46:02" }, "geometry": { "type": "Point", "coordinates": [ -76.548463745549512, 3.324792625424171 ] } },
{ "type": "Feature", "properties": { "OBJECTID": 24435, "CE": "", "CT": "Condición: Condominio", "ESTAMPA_CC": "2026-05-26 14:46:02" }, "geometry": { "type": "Point", "coordinates": [ -76.546772922859788, 3.324450348911582 ] } },
{ "type": "Feature", "properties": { "OBJECTID": 24436, "CE": "", "CT": "Condición: Condominio", "ESTAMPA_CC": "2026-05-26 14:46:02" }, "geometry": { "type": "Point", "coordinates": [ -76.547299535640931, 3.324798232825925 ] } },
{ "type": "Feature", "properties": { "OBJECTID": 24495, "CE": "NPN Terreno -> Unidad", "CT": "", "ESTAMPA_CC": "2026-05-26 14:46:02" }, "geometry": { "type": "Point", "coordinates": [ -76.521776415066569, 3.342967598081725 ] } },
{ "type": "Feature", "properties": { "OBJECTID": 24497, "CE": "NPN Terreno -> Unidad", "CT": "", "ESTAMPA_CC": "2026-05-26 14:46:02" }, "geometry": { "type": "Point", "coordinates": [ -76.523077583476834, 3.343328919144853 ] } },
{ "type": "Feature", "properties": { "OBJECTID": 24498, "CE": "NPN Terreno -> Unidad", "CT": "", "ESTAMPA_CC": "2026-05-26 14:46:02" }, "geometry": { "type": "Point", "coordinates": [ -76.522947463166574, 3.3434626411871 ] } },
{ "type": "Feature", "properties": { "OBJECTID": 24500, "CE": "NPN Terreno -> Unidad", "CT": "", "ESTAMPA_CC": "2026-05-26 14:46:02" }, "geometry": { "type": "Point", "coordinates": [ -76.522405495606165, 3.343651019464379 ] } },
{ "type": "Feature", "properties": { "OBJECTID": 24501, "CE": "", "CT": "Condición: Condominio", "ESTAMPA_CC": "2026-05-26 14:46:02" }, "geometry": { "type": "Point", "coordinates": [ -76.548737510911437, 3.324807794688667 ] } },
{ "type": "Feature", "properties": { "OBJECTID": 24502, "CE": "", "CT": "Condición: Condominio", "ESTAMPA_CC": "2026-05-26 14:46:02" }, "geometry": { "type": "Point", "coordinates": [ -76.547149083258574, 3.325016299715571 ] } },
{ "type": "Feature", "properties": { "OBJECTID": 24503, "CE": "", "CT": "Condición: Condominio", "ESTAMPA_CC": "2026-05-26 14:46:02" }, "geometry": { "type": "Point", "coordinates": [ -76.546917160067011, 3.325229101011862 ] } },
{ "type": "Feature", "properties": { "OBJECTID": 24504, "CE": "NPN Terreno -> Unidad", "CT": "", "ESTAMPA_CC": "2026-05-26 14:46:02" }, "geometry": { "type": "Point", "coordinates": [ -76.522247027337826, 3.342914515296891 ] } },
{ "type": "Feature", "properties": { "OBJECTID": 24508, "CE": "NPN Terreno -> Unidad", "CT": "", "ESTAMPA_CC": "2026-05-26 14:46:02" }, "geometry": { "type": "Point", "coordinates": [ -76.522171775200945, 3.343257048085338 ] } },
{ "type": "Feature", "properties": { "OBJECTID": 24509, "CE": "", "CT": "Condición: Condominio", "ESTAMPA_CC": "2026-05-26 14:46:02" }, "geometry": { "type": "Point", "coordinates": [ -76.548378474184886, 3.32522398634496 ] } },
{ "type": "Feature", "properties": { "OBJECTID": 24510, "CE": "", "CT": "Condición: Condominio", "ESTAMPA_CC": "2026-05-26 14:46:02" }, "geometry": { "type": "Point", "coordinates": [ -76.546871682329524, 3.324971812054628 ] } },
{ "type": "Feature", "properties": { "OBJECTID": 24512, "CE": "NPN Terreno -> Unidad", "CT": "", "ESTAMPA_CC": "2026-05-26 14:46:02" }, "geometry": { "type": "Point", "coordinates": [ -76.502799167217873, 3.354958686139903 ] } },
{ "type": "Feature", "properties": { "OBJECTID": 24561, "CE": "NPN Terreno -> Unidad", "CT": "Comuna", "ESTAMPA_CC": "2026-05-26 14:46:02" }, "geometry": { "type": "Point", "coordinates": [ -76.506849316600011, 3.371932840499808 ] } },
{ "type": "Feature", "properties": { "OBJECTID": 24589, "CE": "NPN Terreno -> Unidad", "CT": "Comuna", "ESTAMPA_CC": "2026-05-26 14:46:02" }, "geometry": { "type": "Point", "coordinates": [ -76.507354915859537, 3.372269846657381 ] } },
{ "type": "Feature", "properties": { "OBJECTID": 24597, "CE": "NPN Terreno -> Unidad", "CT": "Comuna", "ESTAMPA_CC": "2026-05-26 14:46:02" }, "geometry": { "type": "Point", "coordinates": [ -76.506847748006336, 3.372418915292982 ] } },
{ "type": "Feature", "properties": { "OBJECTID": 24606, "CE": "NPN Terreno -> Unidad", "CT": "Comuna", "ESTAMPA_CC": "2026-05-26 14:46:02" }, "geometry": { "type": "Point", "coordinates": [ -76.506546914840015, 3.372361724245008 ] } },
{ "type": "Feature", "properties": { "OBJECTID": 24613, "CE": "NPN Terreno -> Unidad", "CT": "Comuna", "ESTAMPA_CC": "2026-05-26 14:46:02" }, "geometry": { "type": "Point", "coordinates": [ -76.506847748006336, 3.372418915292982 ] } },
{ "type": "Feature", "properties": { "OBJECTID": 24621, "CE": "NPN Terreno -> Unidad", "CT": "Comuna", "ESTAMPA_CC": "2026-05-26 14:46:02" }, "geometry": { "type": "Point", "coordinates": [ -76.506864509714845, 3.371845754627825 ] } },
{ "type": "Feature", "properties": { "OBJECTID": 24625, "CE": "NPN Terreno -> Unidad", "CT": "Comuna", "ESTAMPA_CC": "2026-05-26 14:46:02" }, "geometry": { "type": "Point", "coordinates": [ -76.507273944807025, 3.372264835840699 ] } },
{ "type": "Feature", "properties": { "OBJECTID": 24647, "CE": "NPN Terreno -> Unidad", "CT": "Comuna", "ESTAMPA_CC": "2026-05-26 14:46:02" }, "geometry": { "type": "Point", "coordinates": [ -76.507295569024194, 3.37206562999264 ] } },
{ "type": "Feature", "properties": { "OBJECTID": 24680, "CE": "NPN Terreno -> Unidad", "CT": "", "ESTAMPA_CC": "2026-05-26 14:46:02" }, "geometry": { "type": "Point", "coordinates": [ -76.522835668141482, 3.343497197496486 ] } },
{ "type": "Feature", "properties": { "OBJECTID": 24681, "CE": "", "CT": "Condición: Condominio", "ESTAMPA_CC": "2026-05-26 14:46:02" }, "geometry": { "type": "Point", "coordinates": [ -76.54802950957172, 3.324498012339201 ] } },
{ "type": "Feature", "properties": { "OBJECTID": 24684, "CE": "NPN Terreno -> Unidad", "CT": "", "ESTAMPA_CC": "2026-05-26 14:46:02" }, "geometry": { "type": "Point", "coordinates": [ -76.502973965946751, 3.354915762782486 ] } },
{ "type": "Feature", "properties": { "OBJECTID": 24703, "CE": "", "CT": "Condición: Condominio", "ESTAMPA_CC": "2026-05-26 14:46:02" }, "geometry": { "type": "Point", "coordinates": [ -76.548557440994514, 3.324520828723442 ] } },
{ "type": "Feature", "properties": { "OBJECTID": 24705, "CE": "", "CT": "Condición: Condominio", "ESTAMPA_CC": "2026-05-26 14:46:02" }, "geometry": { "type": "Point", "coordinates": [ -76.546822547255545, 3.32471108680698 ] } },
{ "type": "Feature", "properties": { "OBJECTID": 24706, "CE": "", "CT": "Condición: Condominio", "ESTAMPA_CC": "2026-05-26 14:46:02" }, "geometry": { "type": "Point", "coordinates": [ -76.547796011239797, 3.324936709141362 ] } },
{ "type": "Feature", "properties": { "OBJECTID": 24709, "CE": "NPN Terreno -> Unidad", "CT": "", "ESTAMPA_CC": "2026-05-26 14:46:02" }, "geometry": { "type": "Point", "coordinates": [ -76.502882254057241, 3.354845204106847 ] } },
{ "type": "Feature", "properties": { "OBJECTID": 24710, "CE": "NPN Terreno -> Unidad", "CT": "", "ESTAMPA_CC": "2026-05-26 14:46:02" }, "geometry": { "type": "Point", "coordinates": [ -76.502729397834017, 3.354978378630108 ] } },
{ "type": "Feature", "properties": { "OBJECTID": 24711, "CE": "NPN Terreno -> Unidad", "CT": "", "ESTAMPA_CC": "2026-05-26 14:46:02" }, "geometry": { "type": "Point", "coordinates": [ -76.522757851302785, 3.343528547442742 ] } },
{ "type": "Feature", "properties": { "OBJECTID": 24714, "CE": "", "CT": "Condición: Condominio", "ESTAMPA_CC": "2026-05-26 14:46:02" }, "geometry": { "type": "Point", "coordinates": [ -76.546798047796628, 3.324580649810363 ] } },
{ "type": "Feature", "properties": { "OBJECTID": 24717, "CE": "", "CT": "Condición: Condominio", "ESTAMPA_CC": "2026-05-26 14:46:02" }, "geometry": { "type": "Point", "coordinates": [ -76.547217335807346, 3.325345310498963 ] } },
{ "type": "Feature", "properties": { "OBJECTID": 24718, "CE": "NPN Terreno -> Unidad", "CT": "", "ESTAMPA_CC": "2026-05-26 14:46:02" }, "geometry": { "type": "Point", "coordinates": [ -76.522875364316405, 3.3431057672861 ] } },
{ "type": "Feature", "properties": { "OBJECTID": 24719, "CE": "", "CT": "Condición: Condominio", "ESTAMPA_CC": "2026-05-26 14:46:02" }, "geometry": { "type": "Point", "coordinates": [ -76.547213363043909, 3.325341658570812 ] } },
{ "type": "Feature", "properties": { "OBJECTID": 24720, "CE": "NPN Terreno -> Unidad", "CT": "", "ESTAMPA_CC": "2026-05-26 14:46:02" }, "geometry": { "type": "Point", "coordinates": [ -76.522562484362737, 3.343507958020102 ] } },
{ "type": "Feature", "properties": { "OBJECTID": 24722, "CE": "NPN Terreno -> Unidad", "CT": "", "ESTAMPA_CC": "2026-05-26 14:46:02" }, "geometry": { "type": "Point", "coordinates": [ -76.522672923956591, 3.343553763346184 ] } },
{ "type": "Feature", "properties": { "OBJECTID": 24723, "CE": "", "CT": "Condición: Condominio", "ESTAMPA_CC": "2026-05-26 14:46:02" }, "geometry": { "type": "Point", "coordinates": [ -76.548161480677109, 3.324503729799985 ] } },
{ "type": "Feature", "properties": { "OBJECTID": 24724, "CE": "NPN Terreno -> Unidad", "CT": "", "ESTAMPA_CC": "2026-05-26 14:46:02" }, "geometry": { "type": "Point", "coordinates": [ -76.523110206854824, 3.343406074386155 ] } },
{ "type": "Feature", "properties": { "OBJECTID": 24725, "CE": "", "CT": "Condición: Condominio", "ESTAMPA_CC": "2026-05-26 14:46:02" }, "geometry": { "type": "Point", "coordinates": [ -76.546821478102416, 3.324768052416475 ] } },
{ "type": "Feature", "properties": { "OBJECTID": 24726, "CE": "NPN Terreno -> Unidad", "CT": "", "ESTAMPA_CC": "2026-05-26 14:46:02" }, "geometry": { "type": "Point", "coordinates": [ -76.522417119596994, 3.342941520542849 ] } },
{ "type": "Feature", "properties": { "OBJECTID": 24728, "CE": "NPN Terreno -> Unidad", "CT": "", "ESTAMPA_CC": "2026-05-26 14:46:02" }, "geometry": { "type": "Point", "coordinates": [ -76.52272522794182, 3.343451391737238 ] } },
{ "type": "Feature", "properties": { "OBJECTID": 24730, "CE": "", "CT": "Condición: Condominio", "ESTAMPA_CC": "2026-05-26 14:46:02" }, "geometry": { "type": "Point", "coordinates": [ -76.548726292254443, 3.32507777153429 ] } },
{ "type": "Feature", "properties": { "OBJECTID": 24731, "CE": "NPN Terreno -> Unidad", "CT": "", "ESTAMPA_CC": "2026-05-26 14:46:02" }, "geometry": { "type": "Point", "coordinates": [ -76.502904197035662, 3.354935455285543 ] } },
{ "type": "Feature", "properties": { "OBJECTID": 24732, "CE": "", "CT": "Condición: Condominio", "ESTAMPA_CC": "2026-05-26 14:46:02" }, "geometry": { "type": "Point", "coordinates": [ -76.548523439258801, 3.324971834924098 ] } },
{ "type": "Feature", "properties": { "OBJECTID": 24734, "CE": "NPN Terreno -> Unidad", "CT": "", "ESTAMPA_CC": "2026-05-26 14:46:02" }, "geometry": { "type": "Point", "coordinates": [ -76.502777224632368, 3.35486843586298 ] } },
{ "type": "Feature", "properties": { "OBJECTID": 24736, "CE": "", "CT": "Condición: Condominio", "ESTAMPA_CC": "2026-05-26 14:46:02" }, "geometry": { "type": "Point", "coordinates": [ -76.548293388427069, 3.324509434585559 ] } },
{ "type": "Feature", "properties": { "OBJECTID": 24737, "CE": "NPN Terreno -> Unidad", "CT": "", "ESTAMPA_CC": "2026-05-26 14:46:02" }, "geometry": { "type": "Point", "coordinates": [ -76.521830594328932, 3.343046129974593 ] } },
{ "type": "Feature", "properties": { "OBJECTID": 24738, "CE": "", "CT": "Condición: Condominio", "ESTAMPA_CC": "2026-05-26 14:46:02" }, "geometry": { "type": "Point", "coordinates": [ -76.547087902044467, 3.324690262623903 ] } },
{ "type": "Feature", "properties": { "OBJECTID": 24739, "CE": "NPN Terreno -> Unidad", "CT": "", "ESTAMPA_CC": "2026-05-26 14:46:02" }, "geometry": { "type": "Point", "coordinates": [ -76.522372872268676, 3.343573863746768 ] } },
{ "type": "Feature", "properties": { "OBJECTID": 24740, "CE": "NPN Terreno -> Unidad", "CT": "", "ESTAMPA_CC": "2026-05-26 14:46:02" }, "geometry": { "type": "Point", "coordinates": [ -76.523025279740096, 3.343431291225305 ] } },
{ "type": "Feature", "properties": { "OBJECTID": 24742, "CE": "NPN Terreno -> Unidad", "CT": "", "ESTAMPA_CC": "2026-05-26 14:46:02" }, "geometry": { "type": "Point", "coordinates": [ -76.522483312240766, 3.343619669547001 ] } },
{ "type": "Feature", "properties": { "OBJECTID": 24743, "CE": "NPN Terreno -> Unidad", "CT": "", "ESTAMPA_CC": "2026-05-26 14:46:02" }, "geometry": { "type": "Point", "coordinates": [ -76.502799167217873, 3.354958686139903 ] } },
{ "type": "Feature", "properties": { "OBJECTID": 24744, "CE": "", "CT": "Condición: Condominio", "ESTAMPA_CC": "2026-05-26 14:46:02" }, "geometry": { "type": "Point", "coordinates": [ -76.548324506509417, 3.324959470031028 ] } },
{ "type": "Feature", "properties": { "OBJECTID": 24747, "CE": "", "CT": "Condición: Condominio", "ESTAMPA_CC": "2026-05-26 14:46:02" }, "geometry": { "type": "Point", "coordinates": [ -76.54806797012634, 3.324774093308747 ] } },
{ "type": "Feature", "properties": { "OBJECTID": 24748, "CE": "NPN Terreno -> Unidad", "CT": "", "ESTAMPA_CC": "2026-05-26 14:46:02" }, "geometry": { "type": "Point", "coordinates": [ -76.502973965946751, 3.354915762782486 ] } },
{ "type": "Feature", "properties": { "OBJECTID": 24749, "CE": "", "CT": "Condición: Condominio", "ESTAMPA_CC": "2026-05-26 14:46:02" }, "geometry": { "type": "Point", "coordinates": [ -76.546846835991531, 3.324840821702137 ] } },
{ "type": "Feature", "properties": { "OBJECTID": 24750, "CE": "", "CT": "Condición: Condominio", "ESTAMPA_CC": "2026-05-26 14:46:02" }, "geometry": { "type": "Point", "coordinates": [ -76.548755820876409, 3.324526990813101 ] } },
{ "type": "Feature", "properties": { "OBJECTID": 24751, "CE": "", "CT": "Condición: Condominio", "ESTAMPA_CC": "2026-05-26 14:46:02" }, "geometry": { "type": "Point", "coordinates": [ -76.547993534430915, 3.324947153677775 ] } },
{ "type": "Feature", "properties": { "OBJECTID": 24753, "CE": "", "CT": "Condición: Condominio", "ESTAMPA_CC": "2026-05-26 14:46:02" }, "geometry": { "type": "Point", "coordinates": [ -76.548293388427069, 3.324509434585559 ] } },
{ "type": "Feature", "properties": { "OBJECTID": 24754, "CE": "NPN Terreno -> Unidad", "CT": "", "ESTAMPA_CC": "2026-05-26 14:46:02" }, "geometry": { "type": "Point", "coordinates": [ -76.522009031653241, 3.343313614273342 ] } },
{ "type": "Feature", "properties": { "OBJECTID": 24771, "CE": "", "CT": "Condición: Condominio", "ESTAMPA_CC": "2026-05-26 14:46:02" }, "geometry": { "type": "Point", "coordinates": [ -76.548557440994514, 3.324520828723442 ] } },
{ "type": "Feature", "properties": { "OBJECTID": 24772, "CE": "NPN Terreno -> Unidad", "CT": "", "ESTAMPA_CC": "2026-05-26 14:46:02" }, "geometry": { "type": "Point", "coordinates": [ -76.52272522794182, 3.343451391737238 ] } },
{ "type": "Feature", "properties": { "OBJECTID": 24773, "CE": "", "CT": "Condición: Condominio", "ESTAMPA_CC": "2026-05-26 14:46:02" }, "geometry": { "type": "Point", "coordinates": [ -76.547398495536356, 3.325317963020697 ] } },
{ "type": "Feature", "properties": { "OBJECTID": 24774, "CE": "NPN Terreno -> Unidad", "CT": "", "ESTAMPA_CC": "2026-05-26 14:46:02" }, "geometry": { "type": "Point", "coordinates": [ -76.522204398455031, 3.343334203357762 ] } },
{ "type": "Feature", "properties": { "OBJECTID": 24775, "CE": "", "CT": "Condición: Condominio", "ESTAMPA_CC": "2026-05-26 14:46:02" }, "geometry": { "type": "Point", "coordinates": [ -76.548509936005757, 3.325230133716495 ] } },
{ "type": "Feature", "properties": { "OBJECTID": 24776, "CE": "", "CT": "Condición: Condominio", "ESTAMPA_CC": "2026-05-26 14:46:02" }, "geometry": { "type": "Point", "coordinates": [ -76.548741603184723, 3.324815820645495 ] } },
{ "type": "Feature", "properties": { "OBJECTID": 24777, "CE": "", "CT": "Condición: Condominio", "ESTAMPA_CC": "2026-05-26 14:46:02" }, "geometry": { "type": "Point", "coordinates": [ -76.547384173024682, 3.325255724585913 ] } },
{ "type": "Feature", "properties": { "OBJECTID": 24778, "CE": "", "CT": "Condición: Condominio", "ESTAMPA_CC": "2026-05-26 14:46:02" }, "geometry": { "type": "Point", "coordinates": [ -76.548331823729882, 3.324786469017758 ] } },
{ "type": "Feature", "properties": { "OBJECTID": 24779, "CE": "NPN Terreno -> Unidad", "CT": "", "ESTAMPA_CC": "2026-05-26 14:46:02" }, "geometry": { "type": "Point", "coordinates": [ -76.502973965946751, 3.354915762782486 ] } },
{ "type": "Feature", "properties": { "OBJECTID": 24781, "CE": "NPN Terreno -> Unidad", "CT": "", "ESTAMPA_CC": "2026-05-26 14:46:02" }, "geometry": { "type": "Point", "coordinates": [ -76.522319982521978, 3.34300436221237 ] } },
{ "type": "Feature", "properties": { "OBJECTID": 24783, "CE": "NPN Terreno -> Unidad", "CT": "", "ESTAMPA_CC": "2026-05-26 14:46:02" }, "geometry": { "type": "Point", "coordinates": [ -76.522204398455031, 3.343334203357762 ] } },
{ "type": "Feature", "properties": { "OBJECTID": 24786, "CE": "NPN Terreno -> Unidad", "CT": "", "ESTAMPA_CC": "2026-05-26 14:46:02" }, "geometry": { "type": "Point", "coordinates": [ -76.522009031653241, 3.343313614273342 ] } },
{ "type": "Feature", "properties": { "OBJECTID": 24791, "CE": "NPN Terreno -> Unidad", "CT": "", "ESTAMPA_CC": "2026-05-26 14:46:02" }, "geometry": { "type": "Point", "coordinates": [ -76.502729397834017, 3.354978378630108 ] } },
{ "type": "Feature", "properties": { "OBJECTID": 24794, "CE": "", "CT": "Condición: Condominio", "ESTAMPA_CC": "2026-05-26 14:46:02" }, "geometry": { "type": "Point", "coordinates": [ -76.548732746389206, 3.324884983613558 ] } },
{ "type": "Feature", "properties": { "OBJECTID": 24796, "CE": "NPN Terreno -> Unidad", "CT": "", "ESTAMPA_CC": "2026-05-26 14:46:02" }, "geometry": { "type": "Point", "coordinates": [ -76.522842692838069, 3.34302861565362 ] } },
{ "type": "Feature", "properties": { "OBJECTID": 24797, "CE": "NPN Terreno -> Unidad", "CT": "", "ESTAMPA_CC": "2026-05-26 14:46:02" }, "geometry": { "type": "Point", "coordinates": [ -76.522446315647045, 3.343165928783737 ] } },
{ "type": "Feature", "properties": { "OBJECTID": 24798, "CE": "NPN Terreno -> Unidad", "CT": "", "ESTAMPA_CC": "2026-05-26 14:46:02" }, "geometry": { "type": "Point", "coordinates": [ -76.522404484924593, 3.343021806667532 ] } },
{ "type": "Feature", "properties": { "OBJECTID": 24800, "CE": "NPN Terreno -> Unidad", "CT": "", "ESTAMPA_CC": "2026-05-26 14:46:02" }, "geometry": { "type": "Point", "coordinates": [ -76.521835567349271, 3.343236684337799 ] } },
{ "type": "Feature", "properties": { "OBJECTID": 24801, "CE": "NPN Terreno -> Unidad", "CT": "", "ESTAMPA_CC": "2026-05-26 14:46:02" }, "geometry": { "type": "Point", "coordinates": [ -76.522524132010616, 3.343134578863012 ] } },
{ "type": "Feature", "properties": { "OBJECTID": 24802, "CE": "NPN Terreno -> Unidad", "CT": "", "ESTAMPA_CC": "2026-05-26 14:46:02" }, "geometry": { "type": "Point", "coordinates": [ -76.522204398455031, 3.343334203357762 ] } },
{ "type": "Feature", "properties": { "OBJECTID": 24804, "CE": "NPN Terreno -> Unidad", "CT": "", "ESTAMPA_CC": "2026-05-26 14:46:02" }, "geometry": { "type": "Point", "coordinates": [ -76.522041654847868, 3.343390769551358 ] } },
{ "type": "Feature", "properties": { "OBJECTID": 24805, "CE": "NPN Terreno -> Unidad", "CT": "", "ESTAMPA_CC": "2026-05-26 14:46:02" }, "geometry": { "type": "Point", "coordinates": [ -76.523077583476834, 3.343328919144853 ] } },
{ "type": "Feature", "properties": { "OBJECTID": 24809, "CE": "NPN Terreno -> Unidad", "CT": "", "ESTAMPA_CC": "2026-05-26 14:46:02" }, "geometry": { "type": "Point", "coordinates": [ -76.522283571731322, 3.343222495470893 ] } },
{ "type": "Feature", "properties": { "OBJECTID": 24810, "CE": "", "CT": "Condición: Condominio", "ESTAMPA_CC": "2026-05-26 14:46:02" }, "geometry": { "type": "Point", "coordinates": [ -76.548331823729882, 3.324786469017758 ] } },
{ "type": "Feature", "properties": { "OBJECTID": 24811, "CE": "NPN Terreno -> Unidad", "CT": "", "ESTAMPA_CC": "2026-05-26 14:46:02" }, "geometry": { "type": "Point", "coordinates": [ -76.502707455511384, 3.354888127899481 ] } },
{ "type": "Feature", "properties": { "OBJECTID": 24812, "CE": "NPN Terreno -> Unidad", "CT": "", "ESTAMPA_CC": "2026-05-26 14:46:02" }, "geometry": { "type": "Point", "coordinates": [ -76.522914839988843, 3.34338548548811 ] } },
{ "type": "Feature", "properties": { "OBJECTID": 24814, "CE": "NPN Terreno -> Unidad", "CT": "", "ESTAMPA_CC": "2026-05-26 14:46:02" }, "geometry": { "type": "Point", "coordinates": [ -76.502952022958397, 3.354825511605401 ] } },
{ "type": "Feature", "properties": { "OBJECTID": 24816, "CE": "", "CT": "Condición: Condominio", "ESTAMPA_CC": "2026-05-26 14:46:02" }, "geometry": { "type": "Point", "coordinates": [ -76.548622284928584, 3.324541102004069 ] } },
{ "type": "Feature", "properties": { "OBJECTID": 24817, "CE": "", "CT": "Condición: Condominio", "ESTAMPA_CC": "2026-05-26 14:46:02" }, "geometry": { "type": "Point", "coordinates": [ -76.548702997818324, 3.325529537398793 ] } },
{ "type": "Feature", "properties": { "OBJECTID": 24818, "CE": "", "CT": "Condición: Condominio", "ESTAMPA_CC": "2026-05-26 14:46:02" }, "geometry": { "type": "Point", "coordinates": [ -76.547962905321526, 3.3245130492019 ] } },
{ "type": "Feature", "properties": { "OBJECTID": 24819, "CE": "NPN Terreno -> Unidad", "CT": "", "ESTAMPA_CC": "2026-05-26 14:46:02" }, "geometry": { "type": "Point", "coordinates": [ -76.522283571731322, 3.343222495470893 ] } },
{ "type": "Feature", "properties": { "OBJECTID": 24820, "CE": "", "CT": "Condición: Condominio", "ESTAMPA_CC": "2026-05-26 14:46:02" }, "geometry": { "type": "Point", "coordinates": [ -76.548709912569606, 3.325379318467215 ] } },
{ "type": "Feature", "properties": { "OBJECTID": 24821, "CE": "NPN Terreno -> Unidad", "CT": "", "ESTAMPA_CC": "2026-05-26 14:46:02" }, "geometry": { "type": "Point", "coordinates": [ -76.522672923956591, 3.343553763346184 ] } },
{ "type": "Feature", "properties": { "OBJECTID": 24823, "CE": "NPN Terreno -> Unidad", "CT": "", "ESTAMPA_CC": "2026-05-26 14:46:02" }, "geometry": { "type": "Point", "coordinates": [ -76.502882254057241, 3.354845204106847 ] } },
{ "type": "Feature", "properties": { "OBJECTID": 24852, "CE": "", "CT": "Condición: Condominio", "ESTAMPA_CC": "2026-05-26 14:46:02" }, "geometry": { "type": "Point", "coordinates": [ -76.548302563049276, 3.325431211300617 ] } },
{ "type": "Feature", "properties": { "OBJECTID": 24853, "CE": "NPN Terreno -> Unidad", "CT": "", "ESTAMPA_CC": "2026-05-26 14:46:02" }, "geometry": { "type": "Point", "coordinates": [ -76.502729397834017, 3.354978378630108 ] } },
{ "type": "Feature", "properties": { "OBJECTID": 24857, "CE": "NPN Terreno -> Unidad", "CT": "", "ESTAMPA_CC": "2026-05-26 14:46:02" }, "geometry": { "type": "Point", "coordinates": [ -76.502904197035662, 3.354935455285543 ] } },
{ "type": "Feature", "properties": { "OBJECTID": 24858, "CE": "NPN Terreno -> Unidad", "CT": "", "ESTAMPA_CC": "2026-05-26 14:46:02" }, "geometry": { "type": "Point", "coordinates": [ -76.502973965946751, 3.354915762782486 ] } },
{ "type": "Feature", "properties": { "OBJECTID": 24859, "CE": "", "CT": "Condición: Condominio", "ESTAMPA_CC": "2026-05-26 14:46:02" }, "geometry": { "type": "Point", "coordinates": [ -76.548257383002763, 3.324959414574979 ] } },
{ "type": "Feature", "properties": { "OBJECTID": 24860, "CE": "NPN Terreno -> Unidad", "CT": "", "ESTAMPA_CC": "2026-05-26 14:46:02" }, "geometry": { "type": "Point", "coordinates": [ -76.522156726077313, 3.342897071289568 ] } },
{ "type": "Feature", "properties": { "OBJECTID": 24862, "CE": "NPN Terreno -> Unidad", "CT": "", "ESTAMPA_CC": "2026-05-26 14:46:02" }, "geometry": { "type": "Point", "coordinates": [ -76.522914839988843, 3.34338548548811 ] } },
{ "type": "Feature", "properties": { "OBJECTID": 24863, "CE": "NPN Terreno -> Unidad", "CT": "", "ESTAMPA_CC": "2026-05-26 14:46:02" }, "geometry": { "type": "Point", "coordinates": [ -76.502799167217873, 3.354958686139903 ] } },
{ "type": "Feature", "properties": { "OBJECTID": 24864, "CE": "NPN Terreno -> Unidad", "CT": "", "ESTAMPA_CC": "2026-05-26 14:46:02" }, "geometry": { "type": "Point", "coordinates": [ -76.523160946745065, 3.343288657873015 ] } },
{ "type": "Feature", "properties": { "OBJECTID": 24867, "CE": "NPN Terreno -> Unidad", "CT": "", "ESTAMPA_CC": "2026-05-26 14:46:02" }, "geometry": { "type": "Point", "coordinates": [ -76.522645848122963, 3.343467697245583 ] } },
{ "type": "Feature", "properties": { "OBJECTID": 24869, "CE": "", "CT": "Condición: Condominio", "ESTAMPA_CC": "2026-05-26 14:46:02" }, "geometry": { "type": "Point", "coordinates": [ -76.548727391227288, 3.325000995934843 ] } },
{ "type": "Feature", "properties": { "OBJECTID": 24870, "CE": "", "CT": "Condición: Condominio", "ESTAMPA_CC": "2026-05-26 14:46:02" }, "geometry": { "type": "Point", "coordinates": [ -76.547355483664774, 3.325121691290288 ] } },
{ "type": "Feature", "properties": { "OBJECTID": 24871, "CE": "NPN Terreno -> Unidad", "CT": "", "ESTAMPA_CC": "2026-05-26 14:46:02" }, "geometry": { "type": "Point", "coordinates": [ -76.502799167217873, 3.354958686139903 ] } },
{ "type": "Feature", "properties": { "OBJECTID": 24872, "CE": "NPN Terreno -> Unidad", "CT": "", "ESTAMPA_CC": "2026-05-26 14:46:02" }, "geometry": { "type": "Point", "coordinates": [ -76.522998203217327, 3.34334522423056 ] } },
{ "type": "Feature", "properties": { "OBJECTID": 24873, "CE": "", "CT": "Condición: Condominio", "ESTAMPA_CC": "2026-05-26 14:46:02" }, "geometry": { "type": "Point", "coordinates": [ -76.546886214923774, 3.325035955176031 ] } },
{ "type": "Feature", "properties": { "OBJECTID": 24877, "CE": "NPN Terreno -> Unidad", "CT": "", "ESTAMPA_CC": "2026-05-26 14:46:02" }, "geometry": { "type": "Point", "coordinates": [ -76.522405495606165, 3.343651019464379 ] } },
{ "type": "Feature", "properties": { "OBJECTID": 24880, "CE": "", "CT": "Condición: Condominio", "ESTAMPA_CC": "2026-05-26 14:46:02" }, "geometry": { "type": "Point", "coordinates": [ -76.548191903832375, 3.324953296445393 ] } },
{ "type": "Feature", "properties": { "OBJECTID": 24881, "CE": "NPN Terreno -> Unidad", "CT": "", "ESTAMPA_CC": "2026-05-26 14:46:02" }, "geometry": { "type": "Point", "coordinates": [ -76.502777224632368, 3.35486843586298 ] } },
{ "type": "Feature", "properties": { "OBJECTID": 24882, "CE": "", "CT": "Condición: Condominio", "ESTAMPA_CC": "2026-05-26 14:46:02" }, "geometry": { "type": "Point", "coordinates": [ -76.548523439258801, 3.324971834924098 ] } },
{ "type": "Feature", "properties": { "OBJECTID": 24883, "CE": "NPN Terreno -> Unidad", "CT": "", "ESTAMPA_CC": "2026-05-26 14:46:02" }, "geometry": { "type": "Point", "coordinates": [ -76.522483312240766, 3.343619669547001 ] } },
{ "type": "Feature", "properties": { "OBJECTID": 24884, "CE": "", "CT": "Condición: Condominio", "ESTAMPA_CC": "2026-05-26 14:46:02" }, "geometry": { "type": "Point", "coordinates": [ -76.548717212584762, 3.325520053790447 ] } },
{ "type": "Feature", "properties": { "OBJECTID": 24886, "CE": "", "CT": "Condición: Condominio", "ESTAMPA_CC": "2026-05-26 14:46:02" }, "geometry": { "type": "Point", "coordinates": [ -76.547963639513242, 3.324492766300321 ] } },
{ "type": "Feature", "properties": { "OBJECTID": 24887, "CE": "NPN Terreno -> Unidad", "CT": "", "ESTAMPA_CC": "2026-05-26 14:46:02" }, "geometry": { "type": "Point", "coordinates": [ -76.52280859156572, 3.343411130496333 ] } },
{ "type": "Feature", "properties": { "OBJECTID": 24888, "CE": "", "CT": "Condición: Condominio", "ESTAMPA_CC": "2026-05-26 14:46:02" }, "geometry": { "type": "Point", "coordinates": [ -76.547188619269576, 3.325211285336806 ] } },
{ "type": "Feature", "properties": { "OBJECTID": 24889, "CE": "NPN Terreno -> Unidad", "CT": "", "ESTAMPA_CC": "2026-05-26 14:46:02" }, "geometry": { "type": "Point", "coordinates": [ -76.522247027337826, 3.342914515296891 ] } },
{ "type": "Feature", "properties": { "OBJECTID": 24890, "CE": "NPN Terreno -> Unidad", "CT": "", "ESTAMPA_CC": "2026-05-26 14:46:02" }, "geometry": { "type": "Point", "coordinates": [ -76.522417119596994, 3.342941520542849 ] } },
{ "type": "Feature", "properties": { "OBJECTID": 24892, "CE": "NPN Terreno -> Unidad", "CT": "", "ESTAMPA_CC": "2026-05-26 14:46:02" }, "geometry": { "type": "Point", "coordinates": [ -76.522757851302785, 3.343528547442742 ] } },
{ "type": "Feature", "properties": { "OBJECTID": 24898, "CE": "", "CT": "Condición: Condominio", "ESTAMPA_CC": "2026-05-26 14:46:02" }, "geometry": { "type": "Point", "coordinates": [ -76.548443250515334, 3.32524425014576 ] } },
{ "type": "Feature", "properties": { "OBJECTID": 24899, "CE": "NPN Terreno -> Unidad", "CT": "", "ESTAMPA_CC": "2026-05-26 14:46:02" }, "geometry": { "type": "Point", "coordinates": [ -76.522234392474203, 3.342994802323505 ] } },
{ "type": "Feature", "properties": { "OBJECTID": 24903, "CE": "NPN Terreno -> Unidad", "CT": "", "ESTAMPA_CC": "2026-05-26 14:46:02" }, "geometry": { "type": "Point", "coordinates": [ -76.502777224632368, 3.35486843586298 ] } },
{ "type": "Feature", "properties": { "OBJECTID": 24979, "CE": "NPN Terreno -> Unidad", "CT": "", "ESTAMPA_CC": "2026-05-26 14:46:02" }, "geometry": { "type": "Point", "coordinates": [ -76.522404484924593, 3.343021806667532 ] } },
{ "type": "Feature", "properties": { "OBJECTID": 24980, "CE": "NPN Terreno -> Unidad", "CT": "", "ESTAMPA_CC": "2026-05-26 14:46:02" }, "geometry": { "type": "Point", "coordinates": [ -76.522234392474203, 3.342994802323505 ] } },
{ "type": "Feature", "properties": { "OBJECTID": 24981, "CE": "", "CT": "Condición: Condominio", "ESTAMPA_CC": "2026-05-26 14:46:02" }, "geometry": { "type": "Point", "coordinates": [ -76.548425352151511, 3.324515143872135 ] } },
{ "type": "Feature", "properties": { "OBJECTID": 24983, "CE": "", "CT": "Condición: Condominio", "ESTAMPA_CC": "2026-05-26 14:46:02" }, "geometry": { "type": "Point", "coordinates": [ -76.547114812666678, 3.324820085145776 ] } },
{ "type": "Feature", "properties": { "OBJECTID": 24985, "CE": "", "CT": "Condición: Condominio", "ESTAMPA_CC": "2026-05-26 14:46:02" }, "geometry": { "type": "Point", "coordinates": [ -76.548463746907771, 3.324792625424131 ] } },
{ "type": "Feature", "properties": { "OBJECTID": 24986, "CE": "NPN Terreno -> Unidad", "CT": "", "ESTAMPA_CC": "2026-05-26 14:46:02" }, "geometry": { "type": "Point", "coordinates": [ -76.522556754996458, 3.343211734575428 ] } },
{ "type": "Feature", "properties": { "OBJECTID": 24987, "CE": "NPN Terreno -> Unidad", "CT": "", "ESTAMPA_CC": "2026-05-26 14:46:02" }, "geometry": { "type": "Point", "coordinates": [ -76.522875364316405, 3.3431057672861 ] } },
{ "type": "Feature", "properties": { "OBJECTID": 24988, "CE": "NPN Terreno -> Unidad", "CT": "", "ESTAMPA_CC": "2026-05-26 14:46:02" }, "geometry": { "type": "Point", "coordinates": [ -76.523110206854824, 3.343406074386155 ] } },
{ "type": "Feature", "properties": { "OBJECTID": 24989, "CE": "NPN Terreno -> Unidad", "CT": "", "ESTAMPA_CC": "2026-05-26 14:46:02" }, "geometry": { "type": "Point", "coordinates": [ -76.502882254057241, 3.354845204106847 ] } },
{ "type": "Feature", "properties": { "OBJECTID": 24992, "CE": "", "CT": "Condición: Condominio", "ESTAMPA_CC": "2026-05-26 14:46:02" }, "geometry": { "type": "Point", "coordinates": [ -76.547068757974344, 3.324456000501415 ] } },
{ "type": "Feature", "properties": { "OBJECTID": 24993, "CE": "", "CT": "Condición: Condominio", "ESTAMPA_CC": "2026-05-26 14:46:02" }, "geometry": { "type": "Point", "coordinates": [ -76.546818574380637, 3.324707433972985 ] } },
{ "type": "Feature", "properties": { "OBJECTID": 24995, "CE": "NPN Terreno -> Unidad", "CT": "", "ESTAMPA_CC": "2026-05-26 14:46:02" }, "geometry": { "type": "Point", "coordinates": [ -76.502777224632368, 3.35486843586298 ] } },
{ "type": "Feature", "properties": { "OBJECTID": 25054, "CE": "NPN Terreno -> Unidad", "CT": "", "ESTAMPA_CC": "2026-05-26 14:46:02" }, "geometry": { "type": "Point", "coordinates": [ -76.522835668141482, 3.343497197496486 ] } },
{ "type": "Feature", "properties": { "OBJECTID": 25055, "CE": "NPN Terreno -> Unidad", "CT": "", "ESTAMPA_CC": "2026-05-26 14:46:02" }, "geometry": { "type": "Point", "coordinates": [ -76.521835567349271, 3.343236684337799 ] } },
{ "type": "Feature", "properties": { "OBJECTID": 25056, "CE": "NPN Terreno -> Unidad", "CT": "", "ESTAMPA_CC": "2026-05-26 14:46:02" }, "geometry": { "type": "Point", "coordinates": [ -76.522210128649206, 3.343630429969239 ] } },
{ "type": "Feature", "properties": { "OBJECTID": 25057, "CE": "", "CT": "Condición: Condominio", "ESTAMPA_CC": "2026-05-26 14:46:02" }, "geometry": { "type": "Point", "coordinates": [ -76.548823511053499, 3.324533245823384 ] } },
{ "type": "Feature", "properties": { "OBJECTID": 25059, "CE": "NPN Terreno -> Unidad", "CT": "", "ESTAMPA_CC": "2026-05-26 14:46:02" }, "geometry": { "type": "Point", "coordinates": [ -76.521740891326246, 3.343092125083932 ] } },
{ "type": "Feature", "properties": { "OBJECTID": 25061, "CE": "NPN Terreno -> Unidad", "CT": "", "ESTAMPA_CC": "2026-05-26 14:46:02" }, "geometry": { "type": "Point", "coordinates": [ -76.521830594328932, 3.343046129974593 ] } },
{ "type": "Feature", "properties": { "OBJECTID": 25062, "CE": "", "CT": "Condición: Condominio", "ESTAMPA_CC": "2026-05-26 14:46:02" }, "geometry": { "type": "Point", "coordinates": [ -76.547118785369889, 3.324823738882728 ] } },
{ "type": "Feature", "properties": { "OBJECTID": 25066, "CE": "NPN Terreno -> Unidad", "CT": "", "ESTAMPA_CC": "2026-05-26 14:46:02" }, "geometry": { "type": "Point", "coordinates": [ -76.522792028953134, 3.34314609047009 ] } },
{ "type": "Feature", "properties": { "OBJECTID": 25067, "CE": "", "CT": "Condición: Condominio", "ESTAMPA_CC": "2026-05-26 14:46:02" }, "geometry": { "type": "Point", "coordinates": [ -76.547067821873171, 3.324476274818094 ] } },
{ "type": "Feature", "properties": { "OBJECTID": 25068, "CE": "NPN Terreno -> Unidad", "CT": "", "ESTAMPA_CC": "2026-05-26 14:46:02" }, "geometry": { "type": "Point", "coordinates": [ -76.522394011801651, 3.343268300829415 ] } },
{ "type": "Feature", "properties": { "OBJECTID": 25069, "CE": "NPN Terreno -> Unidad", "CT": "", "ESTAMPA_CC": "2026-05-26 14:46:02" }, "geometry": { "type": "Point", "coordinates": [ -76.521958291372428, 3.343431030724927 ] } },
{ "type": "Feature", "properties": { "OBJECTID": 25071, "CE": "NPN Terreno -> Unidad", "CT": "", "ESTAMPA_CC": "2026-05-26 14:46:02" }, "geometry": { "type": "Point", "coordinates": [ -76.523110206854824, 3.343406074386155 ] } },
{ "type": "Feature", "properties": { "OBJECTID": 25072, "CE": "", "CT": "Condición: Condominio", "ESTAMPA_CC": "2026-05-26 14:46:02" }, "geometry": { "type": "Point", "coordinates": [ -76.548741605797659, 3.32499151006565 ] } },
{ "type": "Feature", "properties": { "OBJECTID": 25073, "CE": "NPN Terreno -> Unidad", "CT": "", "ESTAMPA_CC": "2026-05-26 14:46:02" }, "geometry": { "type": "Point", "coordinates": [ -76.5222934919843, 3.343590169225657 ] } },
{ "type": "Feature", "properties": { "OBJECTID": 25074, "CE": "", "CT": "Condición: Condominio", "ESTAMPA_CC": "2026-05-26 14:46:02" }, "geometry": { "type": "Point", "coordinates": [ -76.548397982047689, 3.324792627354417 ] } },
{ "type": "Feature", "properties": { "OBJECTID": 25076, "CE": "NPN Terreno -> Unidad", "CT": "", "ESTAMPA_CC": "2026-05-26 14:46:02" }, "geometry": { "type": "Point", "coordinates": [ -76.522210128649206, 3.343630429969239 ] } },
{ "type": "Feature", "properties": { "OBJECTID": 25077, "CE": "NPN Terreno -> Unidad", "CT": "", "ESTAMPA_CC": "2026-05-26 14:46:02" }, "geometry": { "type": "Point", "coordinates": [ -76.522041654847868, 3.343390769551358 ] } },
{ "type": "Feature", "properties": { "OBJECTID": 25078, "CE": "", "CT": "Condición: Condominio", "ESTAMPA_CC": "2026-05-26 14:46:02" }, "geometry": { "type": "Point", "coordinates": [ -76.548126128752514, 3.324953297905049 ] } },
{ "type": "Feature", "properties": { "OBJECTID": 25079, "CE": "", "CT": "Condición: Condominio", "ESTAMPA_CC": "2026-05-26 14:46:02" }, "geometry": { "type": "Point", "coordinates": [ -76.547935708275872, 3.324767437289947 ] } },
{ "type": "Feature", "properties": { "OBJECTID": 25080, "CE": "", "CT": "Condición: Condominio", "ESTAMPA_CC": "2026-05-26 14:46:02" }, "geometry": { "type": "Point", "coordinates": [ -76.546911074280303, 3.325166996161996 ] } },
{ "type": "Feature", "properties": { "OBJECTID": 25081, "CE": "NPN Terreno -> Unidad", "CT": "", "ESTAMPA_CC": "2026-05-26 14:46:02" }, "geometry": { "type": "Point", "coordinates": [ -76.52272522794182, 3.343451391737238 ] } },
{ "type": "Feature", "properties": { "OBJECTID": 25092, "CE": "NPN Terreno -> Unidad", "CT": "", "ESTAMPA_CC": "2026-05-26 14:46:02" }, "geometry": { "type": "Point", "coordinates": [ -76.521703937177321, 3.343021968262555 ] } },
{ "type": "Feature", "properties": { "OBJECTID": 25093, "CE": "NPN Terreno -> Unidad", "CT": "", "ESTAMPA_CC": "2026-05-26 14:46:02" }, "geometry": { "type": "Point", "coordinates": [ -76.522204398455031, 3.343334203357762 ] } },
{ "type": "Feature", "properties": { "OBJECTID": 25097, "CE": "NPN Terreno -> Unidad", "CT": "", "ESTAMPA_CC": "2026-05-26 14:46:02" }, "geometry": { "type": "Point", "coordinates": [ -76.502904197035662, 3.354935455285543 ] } },
{ "type": "Feature", "properties": { "OBJECTID": 25098, "CE": "NPN Terreno -> Unidad", "CT": "", "ESTAMPA_CC": "2026-05-26 14:46:02" }, "geometry": { "type": "Point", "coordinates": [ -76.52276490729534, 3.343060048786231 ] } },
{ "type": "Feature", "properties": { "OBJECTID": 25100, "CE": "NPN Terreno -> Unidad", "CT": "", "ESTAMPA_CC": "2026-05-26 14:46:02" }, "geometry": { "type": "Point", "coordinates": [ -76.523188023483925, 3.343374724411023 ] } },
{ "type": "Feature", "properties": { "OBJECTID": 25101, "CE": "", "CT": "Condición: Condominio", "ESTAMPA_CC": "2026-05-26 14:46:02" }, "geometry": { "type": "Point", "coordinates": [ -76.548425352151511, 3.324515143872135 ] } },
{ "type": "Feature", "properties": { "OBJECTID": 25102, "CE": "", "CT": "Condición: Condominio", "ESTAMPA_CC": "2026-05-26 14:46:02" }, "geometry": { "type": "Point", "coordinates": [ -76.54693567448345, 3.32529669759106 ] } },
{ "type": "Feature", "properties": { "OBJECTID": 25104, "CE": "NPN Terreno -> Unidad", "CT": "", "ESTAMPA_CC": "2026-05-26 14:46:02" }, "geometry": { "type": "Point", "coordinates": [ -76.502882254057241, 3.354845204106847 ] } },
{ "type": "Feature", "properties": { "OBJECTID": 25106, "CE": "NPN Terreno -> Unidad", "CT": "Comuna", "ESTAMPA_CC": "2026-05-26 14:46:02" }, "geometry": { "type": "Point", "coordinates": [ -76.507319041275196, 3.371957536185036 ] } },
{ "type": "Feature", "properties": { "OBJECTID": 25109, "CE": "NPN Terreno -> Unidad", "CT": "Comuna", "ESTAMPA_CC": "2026-05-26 14:46:02" }, "geometry": { "type": "Point", "coordinates": [ -76.506751789797747, 3.372316644132746 ] } },
{ "type": "Feature", "properties": { "OBJECTID": 25141, "CE": "NPN Terreno -> Unidad", "CT": "Comuna", "ESTAMPA_CC": "2026-05-26 14:46:02" }, "geometry": { "type": "Point", "coordinates": [ -76.507400840153991, 3.371966667873618 ] } },
{ "type": "Feature", "properties": { "OBJECTID": 25160, "CE": "NPN Terreno -> Unidad", "CT": "Comuna", "ESTAMPA_CC": "2026-05-26 14:46:02" }, "geometry": { "type": "Point", "coordinates": [ -76.506664105693872, 3.372303981876559 ] } },
{ "type": "Feature", "properties": { "OBJECTID": 25163, "CE": "NPN Terreno -> Unidad", "CT": "Comuna", "ESTAMPA_CC": "2026-05-26 14:46:02" }, "geometry": { "type": "Point", "coordinates": [ -76.507354915859537, 3.372269846657381 ] } },
{ "type": "Feature", "properties": { "OBJECTID": 25201, "CE": "NPN Terreno -> Unidad", "CT": "Comuna", "ESTAMPA_CC": "2026-05-26 14:46:02" }, "geometry": { "type": "Point", "coordinates": [ -76.506751789797747, 3.372316644132746 ] } },
{ "type": "Feature", "properties": { "OBJECTID": 25205, "CE": "NPN Terreno -> Unidad", "CT": "Comuna", "ESTAMPA_CC": "2026-05-26 14:46:02" }, "geometry": { "type": "Point", "coordinates": [ -76.506864509714845, 3.371845754627825 ] } },
{ "type": "Feature", "properties": { "OBJECTID": 25209, "CE": "NPN Terreno -> Unidad", "CT": "Comuna", "ESTAMPA_CC": "2026-05-26 14:46:02" }, "geometry": { "type": "Point", "coordinates": [ -76.507319041275196, 3.371957536185036 ] } },
{ "type": "Feature", "properties": { "OBJECTID": 25221, "CE": "Duplicado; Error de área; NPN Terreno -> Unidad", "CT": "Departamento; Municipio; Zona; Sector; Comuna; Barrio; Manzana/Vereda; Terreno; Condición; Número Edificio; Número Piso; Número Unidad; Llave IDPREDIO", "ESTAMPA_CC": "2026-05-26 14:46:02" }, "geometry": null },
{ "type": "Feature", "properties": { "OBJECTID": 25250, "CE": "NPN Terreno -> Unidad", "CT": "Comuna", "ESTAMPA_CC": "2026-05-26 14:46:02" }, "geometry": { "type": "Point", "coordinates": [ -76.506864509714845, 3.371845754627825 ] } },
{ "type": "Feature", "properties": { "OBJECTID": 25266, "CE": "NPN Terreno -> Unidad", "CT": "Comuna", "ESTAMPA_CC": "2026-05-26 14:46:02" }, "geometry": { "type": "Point", "coordinates": [ -76.506852711597801, 3.372348399533096 ] } },
{ "type": "Feature", "properties": { "OBJECTID": 25272, "CE": "NPN Terreno -> Unidad", "CT": "Comuna", "ESTAMPA_CC": "2026-05-26 14:46:02" }, "geometry": { "type": "Point", "coordinates": [ -76.507354915859537, 3.372269846657381 ] } },
{ "type": "Feature", "properties": { "OBJECTID": 25277, "CE": "NPN Terreno -> Unidad", "CT": "Comuna", "ESTAMPA_CC": "2026-05-26 14:46:02" }, "geometry": { "type": "Point", "coordinates": [ -76.506849316600011, 3.371932840499808 ] } },
{ "type": "Feature", "properties": { "OBJECTID": 25278, "CE": "NPN Terreno -> Unidad", "CT": "Comuna", "ESTAMPA_CC": "2026-05-26 14:46:02" }, "geometry": { "type": "Point", "coordinates": [ -76.506852711597801, 3.372348399533096 ] } },
{ "type": "Feature", "properties": { "OBJECTID": 25286, "CE": "NPN Terreno -> Unidad", "CT": "Comuna", "ESTAMPA_CC": "2026-05-26 14:46:02" }, "geometry": { "type": "Point", "coordinates": [ -76.506852711597801, 3.372348399533096 ] } },
{ "type": "Feature", "properties": { "OBJECTID": 25290, "CE": "NPN Terreno -> Unidad", "CT": "Comuna", "ESTAMPA_CC": "2026-05-26 14:46:02" }, "geometry": { "type": "Point", "coordinates": [ -76.506852711597801, 3.372348399533096 ] } },
{ "type": "Feature", "properties": { "OBJECTID": 25297, "CE": "NPN Terreno -> Unidad", "CT": "Comuna", "ESTAMPA_CC": "2026-05-26 14:46:02" }, "geometry": { "type": "Point", "coordinates": [ -76.506751789797747, 3.372316644132746 ] } },
{ "type": "Feature", "properties": { "OBJECTID": 25315, "CE": "NPN Terreno -> Unidad", "CT": "Comuna", "ESTAMPA_CC": "2026-05-26 14:46:02" }, "geometry": { "type": "Point", "coordinates": [ -76.506648205702732, 3.372391228229417 ] } },
{ "type": "Feature", "properties": { "OBJECTID": 25332, "CE": "NPN Terreno -> Unidad", "CT": "Número Unidad; Llave IDPREDIO", "ESTAMPA_CC": "2026-05-26 14:46:02" }, "geometry": { "type": "Point", "coordinates": [ -76.521112969558786, 3.346364604564199 ] } },
{ "type": "Feature", "properties": { "OBJECTID": 25337, "CE": "NPN Terreno -> Unidad", "CT": "Comuna", "ESTAMPA_CC": "2026-05-26 14:46:02" }, "geometry": { "type": "Point", "coordinates": [ -76.507400840153991, 3.371966667873618 ] } },
{ "type": "Feature", "properties": { "OBJECTID": 25347, "CE": "NPN Terreno -> Unidad", "CT": "Comuna", "ESTAMPA_CC": "2026-05-26 14:46:02" }, "geometry": { "type": "Point", "coordinates": [ -76.506751789797747, 3.372316644132746 ] } },
{ "type": "Feature", "properties": { "OBJECTID": 25351, "CE": "NPN Terreno -> Unidad", "CT": "Comuna", "ESTAMPA_CC": "2026-05-26 14:46:02" }, "geometry": { "type": "Point", "coordinates": [ -76.506735889693459, 3.372403891843362 ] } },
{ "type": "Feature", "properties": { "OBJECTID": 25361, "CE": "NPN Terreno -> Unidad", "CT": "Comuna", "ESTAMPA_CC": "2026-05-26 14:46:02" }, "geometry": { "type": "Point", "coordinates": [ -76.507273944807025, 3.372264835840699 ] } },
{ "type": "Feature", "properties": { "OBJECTID": 25369, "CE": "NPN Terreno -> Unidad", "CT": "Comuna", "ESTAMPA_CC": "2026-05-26 14:46:02" }, "geometry": { "type": "Point", "coordinates": [ -76.507319041275196, 3.371957536185036 ] } },
{ "type": "Feature", "properties": { "OBJECTID": 25380, "CE": "NPN Terreno -> Unidad", "CT": "Comuna", "ESTAMPA_CC": "2026-05-26 14:46:02" }, "geometry": { "type": "Point", "coordinates": [ -76.506664105693872, 3.372303981876559 ] } },
{ "type": "Feature", "properties": { "OBJECTID": 25412, "CE": "NPN Terreno -> Unidad", "CT": "Comuna", "ESTAMPA_CC": "2026-05-26 14:46:02" }, "geometry": { "type": "Point", "coordinates": [ -76.506664105693872, 3.372303981876559 ] } },
{ "type": "Feature", "properties": { "OBJECTID": 25426, "CE": "NPN Terreno -> Unidad", "CT": "Comuna", "ESTAMPA_CC": "2026-05-26 14:46:02" }, "geometry": { "type": "Point", "coordinates": [ -76.506852711597801, 3.372348399533096 ] } },
{ "type": "Feature", "properties": { "OBJECTID": 25440, "CE": "NPN Terreno -> Unidad", "CT": "Comuna", "ESTAMPA_CC": "2026-05-26 14:46:02" }, "geometry": { "type": "Point", "coordinates": [ -76.507393186952513, 3.372078764317621 ] } },
{ "type": "Feature", "properties": { "OBJECTID": 25445, "CE": "NPN Terreno -> Unidad", "CT": "Comuna", "ESTAMPA_CC": "2026-05-26 14:46:02" }, "geometry": { "type": "Point", "coordinates": [ -76.506847748006336, 3.372418915292982 ] } },
{ "type": "Feature", "properties": { "OBJECTID": 25467, "CE": "NPN Terreno -> Unidad", "CT": "Comuna", "ESTAMPA_CC": "2026-05-26 14:46:02" }, "geometry": { "type": "Point", "coordinates": [ -76.507319041275196, 3.371957536185036 ] } },
{ "type": "Feature", "properties": { "OBJECTID": 25488, "CE": "NPN Terreno -> Unidad", "CT": "Comuna", "ESTAMPA_CC": "2026-05-26 14:46:02" }, "geometry": { "type": "Point", "coordinates": [ -76.507393186952513, 3.372078764317621 ] } },
{ "type": "Feature", "properties": { "OBJECTID": 25492, "CE": "NPN Terreno -> Unidad", "CT": "Comuna", "ESTAMPA_CC": "2026-05-26 14:46:02" }, "geometry": { "type": "Point", "coordinates": [ -76.506849316600011, 3.371932840499808 ] } },
{ "type": "Feature", "properties": { "OBJECTID": 25501, "CE": "NPN Terreno -> Unidad", "CT": "Comuna", "ESTAMPA_CC": "2026-05-26 14:46:02" }, "geometry": { "type": "Point", "coordinates": [ -76.507295569024194, 3.37206562999264 ] } },
{ "type": "Feature", "properties": { "OBJECTID": 25512, "CE": "NPN Terreno -> Unidad", "CT": "Comuna", "ESTAMPA_CC": "2026-05-26 14:46:02" }, "geometry": { "type": "Point", "coordinates": [ -76.506751789797747, 3.372316644132746 ] } },
{ "type": "Feature", "properties": { "OBJECTID": 25519, "CE": "NPN Terreno -> Unidad", "CT": "Comuna", "ESTAMPA_CC": "2026-05-26 14:46:02" }, "geometry": { "type": "Point", "coordinates": [ -76.506648205702732, 3.372391228229417 ] } },
{ "type": "Feature", "properties": { "OBJECTID": 25520, "CE": "NPN Terreno -> Unidad", "CT": "Comuna", "ESTAMPA_CC": "2026-05-26 14:46:02" }, "geometry": { "type": "Point", "coordinates": [ -76.506735889693459, 3.372403891843362 ] } },
{ "type": "Feature", "properties": { "OBJECTID": 25559, "CE": "NPN Terreno -> Unidad", "CT": "Comuna", "ESTAMPA_CC": "2026-05-26 14:46:02" }, "geometry": { "type": "Point", "coordinates": [ -76.506849316600011, 3.371932840499808 ] } },
{ "type": "Feature", "properties": { "OBJECTID": 25573, "CE": "NPN Terreno -> Unidad", "CT": "Comuna", "ESTAMPA_CC": "2026-05-26 14:46:02" }, "geometry": { "type": "Point", "coordinates": [ -76.506847748006336, 3.372418915292982 ] } },
{ "type": "Feature", "properties": { "OBJECTID": 25579, "CE": "NPN Terreno -> Unidad", "CT": "Comuna", "ESTAMPA_CC": "2026-05-26 14:46:02" }, "geometry": { "type": "Point", "coordinates": [ -76.506648205702732, 3.372391228229417 ] } },
{ "type": "Feature", "properties": { "OBJECTID": 25583, "CE": "NPN Terreno -> Unidad", "CT": "Comuna", "ESTAMPA_CC": "2026-05-26 14:46:02" }, "geometry": { "type": "Point", "coordinates": [ -76.506546914840015, 3.372361724245008 ] } },
{ "type": "Feature", "properties": { "OBJECTID": 25597, "CE": "NPN Terreno -> Unidad", "CT": "Comuna", "ESTAMPA_CC": "2026-05-26 14:46:02" }, "geometry": { "type": "Point", "coordinates": [ -76.507393186952513, 3.372078764317621 ] } },
{ "type": "Feature", "properties": { "OBJECTID": 25608, "CE": "NPN Terreno -> Unidad", "CT": "Comuna", "ESTAMPA_CC": "2026-05-26 14:46:02" }, "geometry": { "type": "Point", "coordinates": [ -76.507400840153991, 3.371966667873618 ] } },
{ "type": "Feature", "properties": { "OBJECTID": 25611, "CE": "NPN Terreno -> Unidad", "CT": "Comuna", "ESTAMPA_CC": "2026-05-26 14:46:02" }, "geometry": { "type": "Point", "coordinates": [ -76.506849316600011, 3.371932840499808 ] } },
{ "type": "Feature", "properties": { "OBJECTID": 25612, "CE": "NPN Terreno -> Unidad", "CT": "Comuna", "ESTAMPA_CC": "2026-05-26 14:46:02" }, "geometry": { "type": "Point", "coordinates": [ -76.507354915859537, 3.372269846657381 ] } },
{ "type": "Feature", "properties": { "OBJECTID": 25637, "CE": "NPN Terreno -> Unidad", "CT": "Comuna", "ESTAMPA_CC": "2026-05-26 14:46:02" }, "geometry": { "type": "Point", "coordinates": [ -76.506546914840015, 3.372361724245008 ] } },
{ "type": "Feature", "properties": { "OBJECTID": 25667, "CE": "NPN Terreno -> Unidad", "CT": "Comuna", "ESTAMPA_CC": "2026-05-26 14:46:02" }, "geometry": { "type": "Point", "coordinates": [ -76.507393186952513, 3.372078764317621 ] } },
{ "type": "Feature", "properties": { "OBJECTID": 25671, "CE": "NPN Terreno -> Unidad", "CT": "Comuna", "ESTAMPA_CC": "2026-05-26 14:46:02" }, "geometry": { "type": "Point", "coordinates": [ -76.507393186952513, 3.372078764317621 ] } },
{ "type": "Feature", "properties": { "OBJECTID": 25697, "CE": "NPN Terreno -> Unidad", "CT": "Comuna", "ESTAMPA_CC": "2026-05-26 14:46:02" }, "geometry": { "type": "Point", "coordinates": [ -76.506648205702732, 3.372391228229417 ] } },
{ "type": "Feature", "properties": { "OBJECTID": 25726, "CE": "NPN Terreno -> Unidad", "CT": "Comuna", "ESTAMPA_CC": "2026-05-26 14:46:02" }, "geometry": { "type": "Point", "coordinates": [ -76.506648205702732, 3.372391228229417 ] } },
{ "type": "Feature", "properties": { "OBJECTID": 25735, "CE": "NPN Terreno -> Unidad", "CT": "Comuna", "ESTAMPA_CC": "2026-05-26 14:46:02" }, "geometry": { "type": "Point", "coordinates": [ -76.507354915859537, 3.372269846657381 ] } },
{ "type": "Feature", "properties": { "OBJECTID": 25748, "CE": "NPN Terreno -> Unidad", "CT": "Comuna", "ESTAMPA_CC": "2026-05-26 14:46:02" }, "geometry": { "type": "Point", "coordinates": [ -76.507295569024194, 3.37206562999264 ] } },
{ "type": "Feature", "properties": { "OBJECTID": 25750, "CE": "NPN Terreno -> Unidad", "CT": "Comuna", "ESTAMPA_CC": "2026-05-26 14:46:02" }, "geometry": { "type": "Point", "coordinates": [ -76.506664105693872, 3.372303981876559 ] } },
{ "type": "Feature", "properties": { "OBJECTID": 25754, "CE": "NPN Terreno -> Unidad", "CT": "Comuna", "ESTAMPA_CC": "2026-05-26 14:46:02" }, "geometry": { "type": "Point", "coordinates": [ -76.507319041275196, 3.371957536185036 ] } },
{ "type": "Feature", "properties": { "OBJECTID": 25773, "CE": "NPN Terreno -> Unidad", "CT": "Comuna", "ESTAMPA_CC": "2026-05-26 14:46:02" }, "geometry": { "type": "Point", "coordinates": [ -76.507400840153991, 3.371966667873618 ] } },
{ "type": "Feature", "properties": { "OBJECTID": 25780, "CE": "NPN Terreno -> Unidad", "CT": "Comuna", "ESTAMPA_CC": "2026-05-26 14:46:02" }, "geometry": { "type": "Point", "coordinates": [ -76.507354915859537, 3.372269846657381 ] } },
{ "type": "Feature", "properties": { "OBJECTID": 25796, "CE": "NPN Terreno -> Unidad", "CT": "Comuna", "ESTAMPA_CC": "2026-05-26 14:46:02" }, "geometry": { "type": "Point", "coordinates": [ -76.506751789797747, 3.372316644132746 ] } },
{ "type": "Feature", "properties": { "OBJECTID": 25806, "CE": "NPN Terreno -> Unidad", "CT": "Comuna", "ESTAMPA_CC": "2026-05-26 14:46:02" }, "geometry": { "type": "Point", "coordinates": [ -76.506751789797747, 3.372316644132746 ] } },
{ "type": "Feature", "properties": { "OBJECTID": 25811, "CE": "NPN Terreno -> Unidad", "CT": "Comuna", "ESTAMPA_CC": "2026-05-26 14:46:02" }, "geometry": { "type": "Point", "coordinates": [ -76.507273944807025, 3.372264835840699 ] } },
{ "type": "Feature", "properties": { "OBJECTID": 25814, "CE": "NPN Terreno -> Unidad", "CT": "Comuna", "ESTAMPA_CC": "2026-05-26 14:46:02" }, "geometry": { "type": "Point", "coordinates": [ -76.507281601217684, 3.372152756125291 ] } },
{ "type": "Feature", "properties": { "OBJECTID": 25815, "CE": "NPN Terreno -> Unidad", "CT": "Comuna", "ESTAMPA_CC": "2026-05-26 14:46:02" }, "geometry": { "type": "Point", "coordinates": [ -76.506847748006336, 3.372418915292982 ] } },
{ "type": "Feature", "properties": { "OBJECTID": 25825, "CE": "NPN Terreno -> Unidad", "CT": "Comuna", "ESTAMPA_CC": "2026-05-26 14:46:02" }, "geometry": { "type": "Point", "coordinates": [ -76.507354915859537, 3.372269846657381 ] } },
{ "type": "Feature", "properties": { "OBJECTID": 25848, "CE": "NPN Terreno -> Unidad", "CT": "Número Unidad; Llave IDPREDIO", "ESTAMPA_CC": "2026-05-26 14:46:02" }, "geometry": { "type": "Point", "coordinates": [ -76.520176544041064, 3.346260635443228 ] } },
{ "type": "Feature", "properties": { "OBJECTID": 25902, "CE": "NPN Terreno -> Unidad", "CT": "Comuna", "ESTAMPA_CC": "2026-05-26 14:46:02" }, "geometry": { "type": "Point", "coordinates": [ -76.507295569024194, 3.37206562999264 ] } },
{ "type": "Feature", "properties": { "OBJECTID": 25908, "CE": "NPN Terreno -> Unidad", "CT": "Comuna", "ESTAMPA_CC": "2026-05-26 14:46:02" }, "geometry": { "type": "Point", "coordinates": [ -76.506849316600011, 3.371932840499808 ] } },
{ "type": "Feature", "properties": { "OBJECTID": 25921, "CE": "NPN Terreno -> Unidad", "CT": "Comuna", "ESTAMPA_CC": "2026-05-26 14:46:02" }, "geometry": { "type": "Point", "coordinates": [ -76.506849316600011, 3.371932840499808 ] } },
{ "type": "Feature", "properties": { "OBJECTID": 25924, "CE": "NPN Terreno -> Unidad", "CT": "Comuna", "ESTAMPA_CC": "2026-05-26 14:46:02" }, "geometry": { "type": "Point", "coordinates": [ -76.507379217699309, 3.372165889999591 ] } },
{ "type": "Feature", "properties": { "OBJECTID": 25927, "CE": "NPN Terreno -> Unidad", "CT": "", "ESTAMPA_CC": "2026-05-26 14:46:02" }, "geometry": { "type": "Point", "coordinates": [ -76.521895415954248, 3.355764888792093 ] } },
{ "type": "Feature", "properties": { "OBJECTID": 25928, "CE": "NPN Terreno -> Unidad", "CT": "", "ESTAMPA_CC": "2026-05-26 14:46:02" }, "geometry": { "type": "Point", "coordinates": [ -76.517193174495759, 3.362717844653901 ] } },
{ "type": "Feature", "properties": { "OBJECTID": 25941, "CE": "", "CT": "Condición: Condominio", "ESTAMPA_CC": "2026-05-26 14:46:02" }, "geometry": { "type": "Point", "coordinates": [ -76.545455038987058, 3.325223942258813 ] } },
{ "type": "Feature", "properties": { "OBJECTID": 25944, "CE": "NPN Terreno -> Unidad", "CT": "", "ESTAMPA_CC": "2026-05-26 14:46:02" }, "geometry": { "type": "Point", "coordinates": [ -76.517190681311973, 3.36260553154049 ] } },
{ "type": "Feature", "properties": { "OBJECTID": 25947, "CE": "NPN Terreno -> Unidad", "CT": "", "ESTAMPA_CC": "2026-05-26 14:46:02" }, "geometry": { "type": "Point", "coordinates": [ -76.51725391094665, 3.362519543363201 ] } },
{ "type": "Feature", "properties": { "OBJECTID": 25948, "CE": "NPN Terreno -> Unidad", "CT": "", "ESTAMPA_CC": "2026-05-26 14:46:02" }, "geometry": { "type": "Point", "coordinates": [ -76.517508039422538, 3.362708746362375 ] } },
{ "type": "Feature", "properties": { "OBJECTID": 25953, "CE": "", "CT": "Condición: Condominio", "ESTAMPA_CC": "2026-05-26 14:46:02" }, "geometry": { "type": "Point", "coordinates": [ -76.545272741680861, 3.324313675454601 ] } },
{ "type": "Feature", "properties": { "OBJECTID": 25954, "CE": "NPN Terreno -> Unidad", "CT": "", "ESTAMPA_CC": "2026-05-26 14:46:02" }, "geometry": { "type": "Point", "coordinates": [ -76.521720563079128, 3.355736476080492 ] } },
{ "type": "Feature", "properties": { "OBJECTID": 25956, "CE": "", "CT": "Condición: Condominio", "ESTAMPA_CC": "2026-05-26 14:46:02" }, "geometry": { "type": "Point", "coordinates": [ -76.545623612696744, 3.324320938690838 ] } },
{ "type": "Feature", "properties": { "OBJECTID": 25963, "CE": "", "CT": "Condición: Condominio", "ESTAMPA_CC": "2026-05-26 14:46:02" }, "geometry": { "type": "Point", "coordinates": [ -76.545610961175555, 3.324320326885331 ] } },
{ "type": "Feature", "properties": { "OBJECTID": 25966, "CE": "NPN Terreno -> Unidad", "CT": "", "ESTAMPA_CC": "2026-05-26 14:46:02" }, "geometry": { "type": "Point", "coordinates": [ -76.521612607637195, 3.355881123741021 ] } },
{ "type": "Feature", "properties": { "OBJECTID": 25967, "CE": "NPN Terreno -> Unidad", "CT": "", "ESTAMPA_CC": "2026-05-26 14:46:02" }, "geometry": { "type": "Point", "coordinates": [ -76.517451898467513, 3.362357249794726 ] } },
{ "type": "Feature", "properties": { "OBJECTID": 25972, "CE": "NPN Terreno -> Unidad", "CT": "", "ESTAMPA_CC": "2026-05-26 14:46:02" }, "geometry": { "type": "Point", "coordinates": [ -76.521615518359638, 3.355833290065471 ] } },
{ "type": "Feature", "properties": { "OBJECTID": 25977, "CE": "", "CT": "Condición: Condominio", "ESTAMPA_CC": "2026-05-26 14:46:02" }, "geometry": { "type": "Point", "coordinates": [ -76.546023169687004, 3.324068084668327 ] } },
{ "type": "Feature", "properties": { "OBJECTID": 25984, "CE": "NPN Terreno -> Unidad", "CT": "", "ESTAMPA_CC": "2026-05-26 14:46:02" }, "geometry": { "type": "Point", "coordinates": [ -76.521717192453622, 3.35543261354465 ] } },
{ "type": "Feature", "properties": { "OBJECTID": 25989, "CE": "NPN Terreno -> Unidad", "CT": "", "ESTAMPA_CC": "2026-05-26 14:46:02" }, "geometry": { "type": "Point", "coordinates": [ -76.52186345711948, 3.356068169527509 ] } },
{ "type": "Feature", "properties": { "OBJECTID": 25997, "CE": "NPN Terreno -> Unidad", "CT": "", "ESTAMPA_CC": "2026-05-26 14:46:02" }, "geometry": { "type": "Point", "coordinates": [ -76.521890472632123, 3.3558461143567 ] } },
{ "type": "Feature", "properties": { "OBJECTID": 25999, "CE": "", "CT": "Condición: Condominio", "ESTAMPA_CC": "2026-05-26 14:46:02" }, "geometry": { "type": "Point", "coordinates": [ -76.545502171670265, 3.323730731950655 ] } },
{ "type": "Feature", "properties": { "OBJECTID": 26000, "CE": "NPN Terreno -> Unidad", "CT": "", "ESTAMPA_CC": "2026-05-26 14:46:02" }, "geometry": { "type": "Point", "coordinates": [ -76.517451551582482, 3.362519681920877 ] } },
{ "type": "Feature", "properties": { "OBJECTID": 26008, "CE": "", "CT": "Condición: Condominio", "ESTAMPA_CC": "2026-05-26 14:46:02" }, "geometry": { "type": "Point", "coordinates": [ -76.545880347506511, 3.325027715936496 ] } },
{ "type": "Feature", "properties": { "OBJECTID": 26014, "CE": "NPN Terreno -> Unidad", "CT": "", "ESTAMPA_CC": "2026-05-26 14:46:02" }, "geometry": { "type": "Point", "coordinates": [ -76.521820875338207, 3.355841836709551 ] } },
{ "type": "Feature", "properties": { "OBJECTID": 26015, "CE": "NPN Terreno -> Unidad", "CT": "", "ESTAMPA_CC": "2026-05-26 14:46:02" }, "geometry": { "type": "Point", "coordinates": [ -76.521852188308159, 3.356144573485922 ] } },
{ "type": "Feature", "properties": { "OBJECTID": 26020, "CE": "NPN Terreno -> Unidad", "CT": "", "ESTAMPA_CC": "2026-05-26 14:46:02" }, "geometry": { "type": "Point", "coordinates": [ -76.517549321335082, 3.362388407730792 ] } },
{ "type": "Feature", "properties": { "OBJECTID": 26031, "CE": "NPN Terreno -> Unidad", "CT": "", "ESTAMPA_CC": "2026-05-26 14:46:02" }, "geometry": { "type": "Point", "coordinates": [ -76.521619802676327, 3.355762894939065 ] } },
{ "type": "Feature", "properties": { "OBJECTID": 26035, "CE": "NPN Terreno -> Unidad", "CT": "", "ESTAMPA_CC": "2026-05-26 14:46:02" }, "geometry": { "type": "Point", "coordinates": [ -76.517401181572325, 3.362459266674425 ] } },
{ "type": "Feature", "properties": { "OBJECTID": 26037, "CE": "", "CT": "Condición: Condominio", "ESTAMPA_CC": "2026-05-26 14:46:02" }, "geometry": { "type": "Point", "coordinates": [ -76.546084649321173, 3.324315620147327 ] } },
{ "type": "Feature", "properties": { "OBJECTID": 26039, "CE": "NPN Terreno -> Unidad", "CT": "", "ESTAMPA_CC": "2026-05-26 14:46:02" }, "geometry": { "type": "Point", "coordinates": [ -76.521635519556568, 3.356043107362455 ] } },
{ "type": "Feature", "properties": { "OBJECTID": 26045, "CE": "NPN Terreno -> Unidad", "CT": "", "ESTAMPA_CC": "2026-05-26 14:46:02" }, "geometry": { "type": "Point", "coordinates": [ -76.517296087279135, 3.362619775225316 ] } },
{ "type": "Feature", "properties": { "OBJECTID": 26051, "CE": "NPN Terreno -> Unidad", "CT": "", "ESTAMPA_CC": "2026-05-26 14:46:02" }, "geometry": { "type": "Point", "coordinates": [ -76.517505546168422, 3.362596433249789 ] } },
{ "type": "Feature", "properties": { "OBJECTID": 26054, "CE": "NPN Terreno -> Unidad", "CT": "", "ESTAMPA_CC": "2026-05-26 14:46:02" }, "geometry": { "type": "Point", "coordinates": [ -76.517193174495759, 3.362717844653901 ] } },
{ "type": "Feature", "properties": { "OBJECTID": 26061, "CE": "NPN Terreno -> Unidad", "CT": "", "ESTAMPA_CC": "2026-05-26 14:46:02" }, "geometry": { "type": "Point", "coordinates": [ -76.517300043800773, 3.362499353774434 ] } },
{ "type": "Feature", "properties": { "OBJECTID": 26062, "CE": "NPN Terreno -> Unidad", "CT": "", "ESTAMPA_CC": "2026-05-26 14:46:02" }, "geometry": { "type": "Point", "coordinates": [ -76.51730122654854, 3.362476784643529 ] } },
{ "type": "Feature", "properties": { "OBJECTID": 26066, "CE": "NPN Terreno -> Unidad", "CT": "", "ESTAMPA_CC": "2026-05-26 14:46:02" }, "geometry": { "type": "Point", "coordinates": [ -76.521820875566959, 3.355841836709551 ] } },
{ "type": "Feature", "properties": { "OBJECTID": 26080, "CE": "NPN Terreno -> Unidad", "CT": "", "ESTAMPA_CC": "2026-05-26 14:46:02" }, "geometry": { "type": "Point", "coordinates": [ -76.517402633931212, 3.362694502701078 ] } },
{ "type": "Feature", "properties": { "OBJECTID": 26081, "CE": "", "CT": "Condición: Condominio", "ESTAMPA_CC": "2026-05-26 14:46:02" }, "geometry": { "type": "Point", "coordinates": [ -76.544490115077977, 3.323642151501256 ] } },
{ "type": "Feature", "properties": { "OBJECTID": 26082, "CE": "", "CT": "Condición: Condominio", "ESTAMPA_CC": "2026-05-26 14:46:02" }, "geometry": { "type": "Point", "coordinates": [ -76.545375405278818, 3.324060749363807 ] } },
{ "type": "Feature", "properties": { "OBJECTID": 26087, "CE": "NPN Terreno -> Unidad", "CT": "", "ESTAMPA_CC": "2026-05-26 14:46:02" }, "geometry": { "type": "Point", "coordinates": [ -76.517557169065185, 3.36224667172542 ] } },
{ "type": "Feature", "properties": { "OBJECTID": 26090, "CE": "NPN Terreno -> Unidad", "CT": "", "ESTAMPA_CC": "2026-05-26 14:46:02" }, "geometry": { "type": "Point", "coordinates": [ -76.521938951022477, 3.355448672187069 ] } },
{ "type": "Feature", "properties": { "OBJECTID": 26091, "CE": "NPN Terreno -> Unidad", "CT": "", "ESTAMPA_CC": "2026-05-26 14:46:02" }, "geometry": { "type": "Point", "coordinates": [ -76.51755409186903, 3.362308334131426 ] } },
{ "type": "Feature", "properties": { "OBJECTID": 26092, "CE": "NPN Terreno -> Unidad", "CT": "", "ESTAMPA_CC": "2026-05-26 14:46:02" }, "geometry": { "type": "Point", "coordinates": [ -76.517505546168422, 3.362596433249789 ] } },
{ "type": "Feature", "properties": { "OBJECTID": 26093, "CE": "NPN Terreno -> Unidad", "CT": "", "ESTAMPA_CC": "2026-05-26 14:46:02" }, "geometry": { "type": "Point", "coordinates": [ -76.517458668090825, 3.362236016386161 ] } },
{ "type": "Feature", "properties": { "OBJECTID": 26097, "CE": "", "CT": "Condición: Condominio", "ESTAMPA_CC": "2026-05-26 14:46:02" }, "geometry": { "type": "Point", "coordinates": [ -76.545730544022121, 3.325024179095395 ] } },
{ "type": "Feature", "properties": { "OBJECTID": 26100, "CE": "NPN Terreno -> Unidad", "CT": "", "ESTAMPA_CC": "2026-05-26 14:46:02" }, "geometry": { "type": "Point", "coordinates": [ -76.521852188308159, 3.356144573485922 ] } },
{ "type": "Feature", "properties": { "OBJECTID": 26102, "CE": "NPN Terreno -> Unidad", "CT": "", "ESTAMPA_CC": "2026-05-26 14:46:02" }, "geometry": { "type": "Point", "coordinates": [ -76.517257460542609, 3.362451835066463 ] } },
{ "type": "Feature", "properties": { "OBJECTID": 26103, "CE": "", "CT": "Condición: Condominio", "ESTAMPA_CC": "2026-05-26 14:46:02" }, "geometry": { "type": "Point", "coordinates": [ -76.544954052882687, 3.323486126894337 ] } },
{ "type": "Feature", "properties": { "OBJECTID": 26110, "CE": "NPN Terreno -> Unidad", "CT": "", "ESTAMPA_CC": "2026-05-26 14:46:02" }, "geometry": { "type": "Point", "coordinates": [ -76.521736420500005, 3.355637352886802 ] } },
{ "type": "Feature", "properties": { "OBJECTID": 26112, "CE": "NPN Terreno -> Unidad", "CT": "", "ESTAMPA_CC": "2026-05-26 14:46:02" }, "geometry": { "type": "Point", "coordinates": [ -76.517458326383576, 3.362241162153241 ] } },
{ "type": "Feature", "properties": { "OBJECTID": 26113, "CE": "NPN Terreno -> Unidad", "CT": "", "ESTAMPA_CC": "2026-05-26 14:46:02" }, "geometry": { "type": "Point", "coordinates": [ -76.52186345711948, 3.356068169527509 ] } },
{ "type": "Feature", "properties": { "OBJECTID": 26117, "CE": "NPN Terreno -> Unidad", "CT": "", "ESTAMPA_CC": "2026-05-26 14:46:02" }, "geometry": { "type": "Point", "coordinates": [ -76.517508039422538, 3.362708746362375 ] } },
{ "type": "Feature", "properties": { "OBJECTID": 26121, "CE": "", "CT": "Condición: Condominio", "ESTAMPA_CC": "2026-05-26 14:46:02" }, "geometry": { "type": "Point", "coordinates": [ -76.544484239212906, 3.323514552240485 ] } },
{ "type": "Feature", "properties": { "OBJECTID": 26133, "CE": "NPN Terreno -> Unidad", "CT": "", "ESTAMPA_CC": "2026-05-26 14:46:02" }, "geometry": { "type": "Point", "coordinates": [ -76.521828838308494, 3.355427779128962 ] } },
{ "type": "Feature", "properties": { "OBJECTID": 26141, "CE": "", "CT": "Condición: Condominio", "ESTAMPA_CC": "2026-05-26 14:46:02" }, "geometry": { "type": "Point", "coordinates": [ -76.545073356250043, 3.324312656622975 ] } },
{ "type": "Feature", "properties": { "OBJECTID": 26143, "CE": "NPN Terreno -> Unidad", "CT": "", "ESTAMPA_CC": "2026-05-26 14:46:02" }, "geometry": { "type": "Point", "coordinates": [ -76.517296087279135, 3.362619775225316 ] } },
{ "type": "Feature", "properties": { "OBJECTID": 26144, "CE": "NPN Terreno -> Unidad", "CT": "", "ESTAMPA_CC": "2026-05-26 14:46:02" }, "geometry": { "type": "Point", "coordinates": [ -76.517296087279135, 3.362619775225316 ] } },
{ "type": "Feature", "properties": { "OBJECTID": 26146, "CE": "NPN Terreno -> Unidad", "CT": "", "ESTAMPA_CC": "2026-05-26 14:46:02" }, "geometry": { "type": "Point", "coordinates": [ -76.517453935765545, 3.362326292458456 ] } },
{ "type": "Feature", "properties": { "OBJECTID": 26156, "CE": "", "CT": "Condición: Condominio", "ESTAMPA_CC": "2026-05-26 14:46:02" }, "geometry": { "type": "Point", "coordinates": [ -76.54586767682845, 3.325027813475134 ] } },
{ "type": "Feature", "properties": { "OBJECTID": 26157, "CE": "", "CT": "Condición: Condominio", "ESTAMPA_CC": "2026-05-26 14:46:02" }, "geometry": { "type": "Point", "coordinates": [ -76.54505151328874, 3.324075712237931 ] } },
{ "type": "Feature", "properties": { "OBJECTID": 26159, "CE": "NPN Terreno -> Unidad", "CT": "", "ESTAMPA_CC": "2026-05-26 14:46:02" }, "geometry": { "type": "Point", "coordinates": [ -76.521619802676327, 3.355762894939065 ] } },
{ "type": "Feature", "properties": { "OBJECTID": 26160, "CE": "NPN Terreno -> Unidad", "CT": "", "ESTAMPA_CC": "2026-05-26 14:46:02" }, "geometry": { "type": "Point", "coordinates": [ -76.517508039422538, 3.362708746362375 ] } },
{ "type": "Feature", "properties": { "OBJECTID": 26166, "CE": "", "CT": "Condición: Condominio", "ESTAMPA_CC": "2026-05-26 14:46:02" }, "geometry": { "type": "Point", "coordinates": [ -76.54526528175262, 3.323493252034658 ] } },
{ "type": "Feature", "properties": { "OBJECTID": 26169, "CE": "NPN Terreno -> Unidad", "CT": "", "ESTAMPA_CC": "2026-05-26 14:46:02" }, "geometry": { "type": "Point", "coordinates": [ -76.517545397480276, 3.362459279802327 ] } },
{ "type": "Feature", "properties": { "OBJECTID": 26170, "CE": "NPN Terreno -> Unidad", "CT": "", "ESTAMPA_CC": "2026-05-26 14:46:02" }, "geometry": { "type": "Point", "coordinates": [ -76.517400931119369, 3.362617800820436 ] } },
{ "type": "Feature", "properties": { "OBJECTID": 26176, "CE": "NPN Terreno -> Unidad", "CT": "", "ESTAMPA_CC": "2026-05-26 14:46:02" }, "geometry": { "type": "Point", "coordinates": [ -76.517297789959201, 3.362696477106144 ] } },
{ "type": "Feature", "properties": { "OBJECTID": 26183, "CE": "NPN Terreno -> Unidad", "CT": "", "ESTAMPA_CC": "2026-05-26 14:46:02" }, "geometry": { "type": "Point", "coordinates": [ -76.517397632187453, 3.362526974971702 ] } },
{ "type": "Feature", "properties": { "OBJECTID": 26189, "CE": "NPN Terreno -> Unidad", "CT": "", "ESTAMPA_CC": "2026-05-26 14:46:02" }, "geometry": { "type": "Point", "coordinates": [ -76.521728827442516, 3.355836178380867 ] } },
{ "type": "Feature", "properties": { "OBJECTID": 26216, "CE": "NPN Terreno -> Unidad", "CT": "", "ESTAMPA_CC": "2026-05-26 14:46:02" }, "geometry": { "type": "Point", "coordinates": [ -76.517297789959201, 3.362696477106144 ] } },
{ "type": "Feature", "properties": { "OBJECTID": 26222, "CE": "NPN Terreno -> Unidad", "CT": "", "ESTAMPA_CC": "2026-05-26 14:46:02" }, "geometry": { "type": "Point", "coordinates": [ -76.521712120322093, 3.355517715840368 ] } },
{ "type": "Feature", "properties": { "OBJECTID": 26225, "CE": "NPN Terreno -> Unidad", "CT": "", "ESTAMPA_CC": "2026-05-26 14:46:02" }, "geometry": { "type": "Point", "coordinates": [ -76.521758871347998, 3.355638732658864 ] } },
{ "type": "Feature", "properties": { "OBJECTID": 26234, "CE": "NPN Terreno -> Unidad", "CT": "", "ESTAMPA_CC": "2026-05-26 14:46:02" }, "geometry": { "type": "Point", "coordinates": [ -76.521828838308494, 3.355427779128962 ] } },
{ "type": "Feature", "properties": { "OBJECTID": 26243, "CE": "NPN Terreno -> Unidad", "CT": "", "ESTAMPA_CC": "2026-05-26 14:46:02" }, "geometry": { "type": "Point", "coordinates": [ -76.517546991808203, 3.362443776044537 ] } },
{ "type": "Feature", "properties": { "OBJECTID": 26251, "CE": "NPN Terreno -> Unidad", "CT": "", "ESTAMPA_CC": "2026-05-26 14:46:02" }, "geometry": { "type": "Point", "coordinates": [ -76.521696542492208, 3.355951959108621 ] } },
{ "type": "Feature", "properties": { "OBJECTID": 26257, "CE": "NPN Terreno -> Unidad", "CT": "", "ESTAMPA_CC": "2026-05-26 14:46:02" }, "geometry": { "type": "Point", "coordinates": [ -76.517190681311973, 3.36260553154049 ] } },
{ "type": "Feature", "properties": { "OBJECTID": 26259, "CE": "NPN Terreno -> Unidad", "CT": "", "ESTAMPA_CC": "2026-05-26 14:46:02" }, "geometry": { "type": "Point", "coordinates": [ -76.521733770564481, 3.355754952817101 ] } },
{ "type": "Feature", "properties": { "OBJECTID": 26262, "CE": "NPN Terreno -> Unidad", "CT": "", "ESTAMPA_CC": "2026-05-26 14:46:02" }, "geometry": { "type": "Point", "coordinates": [ -76.521952929781733, 3.355967717965467 ] } },
{ "type": "Feature", "properties": { "OBJECTID": 26275, "CE": "NPN Terreno -> Unidad", "CT": "", "ESTAMPA_CC": "2026-05-26 14:46:02" }, "geometry": { "type": "Point", "coordinates": [ -76.517505546168422, 3.362596433249789 ] } },
{ "type": "Feature", "properties": { "OBJECTID": 26284, "CE": "NPN Terreno -> Unidad", "CT": "", "ESTAMPA_CC": "2026-05-26 14:46:02" }, "geometry": { "type": "Point", "coordinates": [ -76.517332969204247, 3.362513050165987 ] } },
{ "type": "Feature", "properties": { "OBJECTID": 26286, "CE": "", "CT": "Condición: Condominio", "ESTAMPA_CC": "2026-05-26 14:46:02" }, "geometry": { "type": "Point", "coordinates": [ -76.545128143451947, 3.323472065805736 ] } },
{ "type": "Feature", "properties": { "OBJECTID": 26293, "CE": "NPN Terreno -> Unidad", "CT": "", "ESTAMPA_CC": "2026-05-26 14:46:02" }, "geometry": { "type": "Point", "coordinates": [ -76.521740416332747, 3.356151525074822 ] } },
{ "type": "Feature", "properties": { "OBJECTID": 26298, "CE": "NPN Terreno -> Unidad", "CT": "", "ESTAMPA_CC": "2026-05-26 14:46:02" }, "geometry": { "type": "Point", "coordinates": [ -76.517398815372275, 3.362504405388579 ] } },
{ "type": "Feature", "properties": { "OBJECTID": 26300, "CE": "NPN Terreno -> Unidad", "CT": "", "ESTAMPA_CC": "2026-05-26 14:46:02" }, "geometry": { "type": "Point", "coordinates": [ -76.52170258414175, 3.355852683118379 ] } },
{ "type": "Feature", "properties": { "OBJECTID": 26301, "CE": "NPN Terreno -> Unidad", "CT": "", "ESTAMPA_CC": "2026-05-26 14:46:02" }, "geometry": { "type": "Point", "coordinates": [ -76.517193174495759, 3.362717844653901 ] } },
{ "type": "Feature", "properties": { "OBJECTID": 26305, "CE": "NPN Terreno -> Unidad", "CT": "", "ESTAMPA_CC": "2026-05-26 14:46:02" }, "geometry": { "type": "Point", "coordinates": [ -76.521712120322093, 3.355517715840368 ] } },
{ "type": "Feature", "properties": { "OBJECTID": 26306, "CE": "NPN Terreno -> Unidad", "CT": "", "ESTAMPA_CC": "2026-05-26 14:46:02" }, "geometry": { "type": "Point", "coordinates": [ -76.517400931119369, 3.362617800820436 ] } },
{ "type": "Feature", "properties": { "OBJECTID": 26307, "CE": "", "CT": "Condición: Condominio", "ESTAMPA_CC": "2026-05-26 14:46:02" }, "geometry": { "type": "Point", "coordinates": [ -76.545362742344153, 3.324082837346311 ] } },
{ "type": "Feature", "properties": { "OBJECTID": 26308, "CE": "", "CT": "Condición: Condominio", "ESTAMPA_CC": "2026-05-26 14:46:02" }, "geometry": { "type": "Point", "coordinates": [ -76.544816907854553, 3.323478598471394 ] } },
{ "type": "Feature", "properties": { "OBJECTID": 26309, "CE": "NPN Terreno -> Unidad", "CT": "", "ESTAMPA_CC": "2026-05-26 14:46:02" }, "geometry": { "type": "Point", "coordinates": [ -76.521812320533741, 3.355516009499642 ] } },
{ "type": "Feature", "properties": { "OBJECTID": 26314, "CE": "", "CT": "Condición: Condominio", "ESTAMPA_CC": "2026-05-26 14:46:02" }, "geometry": { "type": "Point", "coordinates": [ -76.54560224169694, 3.325251981061687 ] } },
{ "type": "Feature", "properties": { "OBJECTID": 26317, "CE": "NPN Terreno -> Unidad", "CT": "", "ESTAMPA_CC": "2026-05-26 14:46:02" }, "geometry": { "type": "Point", "coordinates": [ -76.517521351471018, 3.362520946662338 ] } },
{ "type": "Feature", "properties": { "OBJECTID": 26322, "CE": "", "CT": "Condición: Condominio", "ESTAMPA_CC": "2026-05-26 14:46:02" }, "geometry": { "type": "Point", "coordinates": [ -76.544525168297326, 3.324152301859684 ] } },
{ "type": "Feature", "properties": { "OBJECTID": 26328, "CE": "", "CT": "Condición: Condominio", "ESTAMPA_CC": "2026-05-26 14:46:02" }, "geometry": { "type": "Point", "coordinates": [ -76.544505088154409, 3.323967312858406 ] } },
{ "type": "Feature", "properties": { "OBJECTID": 26338, "CE": "", "CT": "Condición: Condominio", "ESTAMPA_CC": "2026-05-26 14:46:02" }, "geometry": { "type": "Point", "coordinates": [ -76.545221940980866, 3.324885410864521 ] } },
{ "type": "Feature", "properties": { "OBJECTID": 26339, "CE": "NPN Terreno -> Unidad", "CT": "", "ESTAMPA_CC": "2026-05-26 14:46:02" }, "geometry": { "type": "Point", "coordinates": [ -76.521938141614299, 3.35584042510003 ] } },
{ "type": "Feature", "properties": { "OBJECTID": 26344, "CE": "NPN Terreno -> Unidad", "CT": "", "ESTAMPA_CC": "2026-05-26 14:46:02" }, "geometry": { "type": "Point", "coordinates": [ -76.521766588970976, 3.355956264342231 ] } },
{ "type": "Feature", "properties": { "OBJECTID": 26346, "CE": "", "CT": "Condición: Condominio", "ESTAMPA_CC": "2026-05-26 14:46:02" }, "geometry": { "type": "Point", "coordinates": [ -76.545963207613283, 3.323726660801776 ] } },
{ "type": "Feature", "properties": { "OBJECTID": 26348, "CE": "NPN Terreno -> Unidad", "CT": "", "ESTAMPA_CC": "2026-05-26 14:46:02" }, "geometry": { "type": "Point", "coordinates": [ -76.52186345711948, 3.356068169527509 ] } },
{ "type": "Feature", "properties": { "OBJECTID": 26349, "CE": "NPN Terreno -> Unidad", "CT": "", "ESTAMPA_CC": "2026-05-26 14:46:02" }, "geometry": { "type": "Point", "coordinates": [ -76.517381034784918, 3.362515738497085 ] } },
{ "type": "Feature", "properties": { "OBJECTID": 26387, "CE": "NPN Terreno -> Unidad", "CT": "", "ESTAMPA_CC": "2026-05-26 14:46:02" }, "geometry": { "type": "Point", "coordinates": [ -76.517508039422538, 3.362708746362375 ] } },
{ "type": "Feature", "properties": { "OBJECTID": 26389, "CE": "NPN Terreno -> Unidad", "CT": "", "ESTAMPA_CC": "2026-05-26 14:46:02" }, "geometry": { "type": "Point", "coordinates": [ -76.52163044755082, 3.356128209657737 ] } },
{ "type": "Feature", "properties": { "OBJECTID": 26391, "CE": "NPN Terreno -> Unidad", "CT": "", "ESTAMPA_CC": "2026-05-26 14:46:02" }, "geometry": { "type": "Point", "coordinates": [ -76.517193174495759, 3.362717844653901 ] } },
{ "type": "Feature", "properties": { "OBJECTID": 26403, "CE": "", "CT": "Condición: Condominio", "ESTAMPA_CC": "2026-05-26 14:46:02" }, "geometry": { "type": "Point", "coordinates": [ -76.545549484266786, 3.324069164201259 ] } },
{ "type": "Feature", "properties": { "OBJECTID": 26405, "CE": "NPN Terreno -> Unidad", "CT": "", "ESTAMPA_CC": "2026-05-26 14:46:02" }, "geometry": { "type": "Point", "coordinates": [ -76.517190681311973, 3.36260553154049 ] } },
{ "type": "Feature", "properties": { "OBJECTID": 26407, "CE": "NPN Terreno -> Unidad", "CT": "", "ESTAMPA_CC": "2026-05-26 14:46:02" }, "geometry": { "type": "Point", "coordinates": [ -76.517446837511471, 3.362461707697102 ] } },
{ "type": "Feature", "properties": { "OBJECTID": 26408, "CE": "NPN Terreno -> Unidad", "CT": "", "ESTAMPA_CC": "2026-05-26 14:46:02" }, "geometry": { "type": "Point", "coordinates": [ -76.521860374646124, 3.355970395414996 ] } },
{ "type": "Feature", "properties": { "OBJECTID": 26413, "CE": "NPN Terreno -> Unidad", "CT": "", "ESTAMPA_CC": "2026-05-26 14:46:02" }, "geometry": { "type": "Point", "coordinates": [ -76.517555919944698, 3.362269241308532 ] } },
{ "type": "Feature", "properties": { "OBJECTID": 26427, "CE": "NPN Terreno -> Unidad", "CT": "", "ESTAMPA_CC": "2026-05-26 14:46:02" }, "geometry": { "type": "Point", "coordinates": [ -76.517193174495759, 3.362717844653901 ] } },
{ "type": "Feature", "properties": { "OBJECTID": 26433, "CE": "NPN Terreno -> Unidad", "CT": "", "ESTAMPA_CC": "2026-05-26 14:46:02" }, "geometry": { "type": "Point", "coordinates": [ -76.51745038438419, 3.362393998043342 ] } },
{ "type": "Feature", "properties": { "OBJECTID": 26437, "CE": "NPN Terreno -> Unidad", "CT": "", "ESTAMPA_CC": "2026-05-26 14:46:02" }, "geometry": { "type": "Point", "coordinates": [ -76.517545809066164, 3.362466335681711 ] } },
{ "type": "Feature", "properties": { "OBJECTID": 26439, "CE": "NPN Terreno -> Unidad", "CT": "", "ESTAMPA_CC": "2026-05-26 14:46:02" }, "geometry": { "type": "Point", "coordinates": [ -76.517553242501108, 3.36231759669233 ] } },
{ "type": "Feature", "properties": { "OBJECTID": 26443, "CE": "NPN Terreno -> Unidad", "CT": "", "ESTAMPA_CC": "2026-05-26 14:46:02" }, "geometry": { "type": "Point", "coordinates": [ -76.521917866570519, 3.355766268560396 ] } },
{ "type": "Feature", "properties": { "OBJECTID": 26446, "CE": "NPN Terreno -> Unidad", "CT": "", "ESTAMPA_CC": "2026-05-26 14:46:02" }, "geometry": { "type": "Point", "coordinates": [ -76.517453148490205, 3.362334680211755 ] } },
{ "type": "Feature", "properties": { "OBJECTID": 26458, "CE": "", "CT": "Condición: Condominio", "ESTAMPA_CC": "2026-05-26 14:46:02" }, "geometry": { "type": "Point", "coordinates": [ -76.545277944682027, 3.323471164053454 ] } },
{ "type": "Feature", "properties": { "OBJECTID": 26459, "CE": "", "CT": "Condición: Condominio", "ESTAMPA_CC": "2026-05-26 14:46:02" }, "geometry": { "type": "Point", "coordinates": [ -76.544941401708073, 3.323485514627802 ] } },
{ "type": "Feature", "properties": { "OBJECTID": 26464, "CE": "NPN Terreno -> Unidad", "CT": "", "ESTAMPA_CC": "2026-05-26 14:46:02" }, "geometry": { "type": "Point", "coordinates": [ -76.517549358191914, 3.362398633261142 ] } },
{ "type": "Feature", "properties": { "OBJECTID": 26466, "CE": "NPN Terreno -> Unidad", "CT": "", "ESTAMPA_CC": "2026-05-26 14:46:02" }, "geometry": { "type": "Point", "coordinates": [ -76.521852188308159, 3.356144573485922 ] } },
{ "type": "Feature", "properties": { "OBJECTID": 26467, "CE": "", "CT": "Condición: Condominio", "ESTAMPA_CC": "2026-05-26 14:46:02" }, "geometry": { "type": "Point", "coordinates": [ -76.544502244252556, 3.323654474907987 ] } },
{ "type": "Feature", "properties": { "OBJECTID": 26471, "CE": "NPN Terreno -> Unidad", "CT": "", "ESTAMPA_CC": "2026-05-26 14:46:02" }, "geometry": { "type": "Point", "coordinates": [ -76.521938951022477, 3.355448672187069 ] } },
{ "type": "Feature", "properties": { "OBJECTID": 26475, "CE": "NPN Terreno -> Unidad", "CT": "", "ESTAMPA_CC": "2026-05-26 14:46:02" }, "geometry": { "type": "Point", "coordinates": [ -76.517296087279135, 3.362619775225316 ] } },
{ "type": "Feature", "properties": { "OBJECTID": 26477, "CE": "", "CT": "Condición: Condominio", "ESTAMPA_CC": "2026-05-26 14:46:02" }, "geometry": { "type": "Point", "coordinates": [ -76.545538925032574, 3.324989397098605 ] } },
{ "type": "Feature", "properties": { "OBJECTID": 26478, "CE": "NPN Terreno -> Unidad", "CT": "", "ESTAMPA_CC": "2026-05-26 14:46:02" }, "geometry": { "type": "Point", "coordinates": [ -76.517297789959201, 3.362696477106144 ] } },
{ "type": "Feature", "properties": { "OBJECTID": 26491, "CE": "NPN Terreno -> Unidad", "CT": "", "ESTAMPA_CC": "2026-05-26 14:46:02" }, "geometry": { "type": "Point", "coordinates": [ -76.521617056357414, 3.355808020553339 ] } },
{ "type": "Feature", "properties": { "OBJECTID": 26493, "CE": "", "CT": "Condición: Condominio", "ESTAMPA_CC": "2026-05-26 14:46:02" }, "geometry": { "type": "Point", "coordinates": [ -76.545838708509095, 3.323728548012521 ] } },
{ "type": "Feature", "properties": { "OBJECTID": 26506, "CE": "", "CT": "Condición: Condominio", "ESTAMPA_CC": "2026-05-26 14:46:02" }, "geometry": { "type": "Point", "coordinates": [ -76.544510195211075, 3.323827139598656 ] } },
{ "type": "Feature", "properties": { "OBJECTID": 26513, "CE": "", "CT": "Condición: Condominio", "ESTAMPA_CC": "2026-05-26 14:46:02" }, "geometry": { "type": "Point", "coordinates": [ -76.545238255600921, 3.324061645829679 ] } },
{ "type": "Feature", "properties": { "OBJECTID": 26518, "CE": "NPN Terreno -> Unidad", "CT": "", "ESTAMPA_CC": "2026-05-26 14:46:02" }, "geometry": { "type": "Point", "coordinates": [ -76.521693426023589, 3.35567139674823 ] } },
{ "type": "Feature", "properties": { "OBJECTID": 26524, "CE": "NPN Terreno -> Unidad", "CT": "", "ESTAMPA_CC": "2026-05-26 14:46:02" }, "geometry": { "type": "Point", "coordinates": [ -76.517190681311973, 3.36260553154049 ] } },
{ "type": "Feature", "properties": { "OBJECTID": 26527, "CE": "NPN Terreno -> Unidad", "CT": "", "ESTAMPA_CC": "2026-05-26 14:46:02" }, "geometry": { "type": "Point", "coordinates": [ -76.52186345711948, 3.356068169527509 ] } },
{ "type": "Feature", "properties": { "OBJECTID": 26532, "CE": "", "CT": "Condición: Condominio", "ESTAMPA_CC": "2026-05-26 14:46:02" }, "geometry": { "type": "Point", "coordinates": [ -76.545086008174465, 3.324312020647878 ] } },
{ "type": "Feature", "properties": { "OBJECTID": 26534, "CE": "NPN Terreno -> Unidad", "CT": "", "ESTAMPA_CC": "2026-05-26 14:46:02" }, "geometry": { "type": "Point", "coordinates": [ -76.517508039422538, 3.362708746362375 ] } },
{ "type": "Feature", "properties": { "OBJECTID": 26543, "CE": "NPN Terreno -> Unidad", "CT": "", "ESTAMPA_CC": "2026-05-26 14:46:02" }, "geometry": { "type": "Point", "coordinates": [ -76.521611234215598, 3.355903686096051 ] } },
{ "type": "Feature", "properties": { "OBJECTID": 26546, "CE": "NPN Terreno -> Unidad", "CT": "", "ESTAMPA_CC": "2026-05-26 14:46:02" }, "geometry": { "type": "Point", "coordinates": [ -76.517169478547189, 3.362503907290071 ] } },
{ "type": "Feature", "properties": { "OBJECTID": 26549, "CE": "NPN Terreno -> Unidad", "CT": "", "ESTAMPA_CC": "2026-05-26 14:46:02" }, "geometry": { "type": "Point", "coordinates": [ -76.521635519556568, 3.356043107362455 ] } },
{ "type": "Feature", "properties": { "OBJECTID": 26563, "CE": "", "CT": "Condición: Condominio", "ESTAMPA_CC": "2026-05-26 14:46:02" }, "geometry": { "type": "Point", "coordinates": [ -76.545452023565801, 3.32347957890877 ] } },
{ "type": "Feature", "properties": { "OBJECTID": 26565, "CE": "NPN Terreno -> Unidad", "CT": "", "ESTAMPA_CC": "2026-05-26 14:46:02" }, "geometry": { "type": "Point", "coordinates": [ -76.517550742960267, 3.36236273676273 ] } },
{ "type": "Feature", "properties": { "OBJECTID": 26566, "CE": "NPN Terreno -> Unidad", "CT": "", "ESTAMPA_CC": "2026-05-26 14:46:02" }, "geometry": { "type": "Point", "coordinates": [ -76.517193174495759, 3.362717844653901 ] } },
{ "type": "Feature", "properties": { "OBJECTID": 26578, "CE": "NPN Terreno -> Unidad", "CT": "", "ESTAMPA_CC": "2026-05-26 14:46:02" }, "geometry": { "type": "Point", "coordinates": [ -76.517190681311973, 3.36260553154049 ] } },
{ "type": "Feature", "properties": { "OBJECTID": 26579, "CE": "NPN Terreno -> Unidad", "CT": "", "ESTAMPA_CC": "2026-05-26 14:46:02" }, "geometry": { "type": "Point", "coordinates": [ -76.521728798271042, 3.355836174764126 ] } },
{ "type": "Feature", "properties": { "OBJECTID": 26580, "CE": "NPN Terreno -> Unidad", "CT": "", "ESTAMPA_CC": "2026-05-26 14:46:02" }, "geometry": { "type": "Point", "coordinates": [ -76.517508039422538, 3.362708746362375 ] } },
{ "type": "Feature", "properties": { "OBJECTID": 26589, "CE": "NPN Terreno -> Unidad", "CT": "", "ESTAMPA_CC": "2026-05-26 14:46:02" }, "geometry": { "type": "Point", "coordinates": [ -76.521766039655475, 3.355965289555591 ] } },
{ "type": "Feature", "properties": { "OBJECTID": 26592, "CE": "", "CT": "Condición: Condominio", "ESTAMPA_CC": "2026-05-26 14:46:02" }, "geometry": { "type": "Point", "coordinates": [ -76.545328020092612, 3.323728263990536 ] } },
{ "type": "Feature", "properties": { "OBJECTID": 26599, "CE": "NPN Terreno -> Unidad", "CT": "", "ESTAMPA_CC": "2026-05-26 14:46:02" }, "geometry": { "type": "Point", "coordinates": [ -76.521868544501785, 3.355836147456373 ] } },
{ "type": "Feature", "properties": { "OBJECTID": 26611, "CE": "NPN Terreno -> Unidad", "CT": "", "ESTAMPA_CC": "2026-05-26 14:46:02" }, "geometry": { "type": "Point", "coordinates": [ -76.521803367850111, 3.355759230470635 ] } },
{ "type": "Feature", "properties": { "OBJECTID": 26617, "CE": "NPN Terreno -> Unidad", "CT": "", "ESTAMPA_CC": "2026-05-26 14:46:02" }, "geometry": { "type": "Point", "coordinates": [ -76.517297789959201, 3.362696477106144 ] } },
{ "type": "Feature", "properties": { "OBJECTID": 26623, "CE": "NPN Terreno -> Unidad", "CT": "", "ESTAMPA_CC": "2026-05-26 14:46:02" }, "geometry": { "type": "Point", "coordinates": [ -76.521938951022477, 3.355448672187069 ] } },
{ "type": "Feature", "properties": { "OBJECTID": 26627, "CE": "", "CT": "Condición: Condominio", "ESTAMPA_CC": "2026-05-26 14:46:02" }, "geometry": { "type": "Point", "coordinates": [ -76.545924322545559, 3.325278092870108 ] } },
{ "type": "Feature", "properties": { "OBJECTID": 26629, "CE": "NPN Terreno -> Unidad", "CT": "", "ESTAMPA_CC": "2026-05-26 14:46:02" }, "geometry": { "type": "Point", "coordinates": [ -76.521883332486581, 3.355963440322896 ] } },
{ "type": "Feature", "properties": { "OBJECTID": 26634, "CE": "NPN Terreno -> Unidad", "CT": "", "ESTAMPA_CC": "2026-05-26 14:46:02" }, "geometry": { "type": "Point", "coordinates": [ -76.521917344083278, 3.355774855691799 ] } },
{ "type": "Feature", "properties": { "OBJECTID": 26643, "CE": "", "CT": "Condición: Condominio", "ESTAMPA_CC": "2026-05-26 14:46:02" }, "geometry": { "type": "Point", "coordinates": [ -76.544804255910222, 3.323479238963876 ] } },
{ "type": "Feature", "properties": { "OBJECTID": 26647, "CE": "NPN Terreno -> Unidad", "CT": "", "ESTAMPA_CC": "2026-05-26 14:46:02" }, "geometry": { "type": "Point", "coordinates": [ -76.521621340457656, 3.355737624522732 ] } },
{ "type": "Feature", "properties": { "OBJECTID": 26653, "CE": "NPN Terreno -> Unidad", "CT": "", "ESTAMPA_CC": "2026-05-26 14:46:02" }, "geometry": { "type": "Point", "coordinates": [ -76.521621340457656, 3.355737624522732 ] } },
{ "type": "Feature", "properties": { "OBJECTID": 26657, "CE": "NPN Terreno -> Unidad", "CT": "", "ESTAMPA_CC": "2026-05-26 14:46:02" }, "geometry": { "type": "Point", "coordinates": [ -76.517403492980108, 3.362516991784985 ] } },
{ "type": "Feature", "properties": { "OBJECTID": 26660, "CE": "NPN Terreno -> Unidad", "CT": "", "ESTAMPA_CC": "2026-05-26 14:46:02" }, "geometry": { "type": "Point", "coordinates": [ -76.517425950944855, 3.362518249593323 ] } },
{ "type": "Feature", "properties": { "OBJECTID": 26664, "CE": "NPN Terreno -> Unidad", "CT": "", "ESTAMPA_CC": "2026-05-26 14:46:02" }, "geometry": { "type": "Point", "coordinates": [ -76.517191936511338, 3.362505163295555 ] } },
{ "type": "Feature", "properties": { "OBJECTID": 26665, "CE": "", "CT": "Condición: Condominio", "ESTAMPA_CC": "2026-05-26 14:46:02" }, "geometry": { "type": "Point", "coordinates": [ -76.545278161973897, 3.325171016717563 ] } },
{ "type": "Feature", "properties": { "OBJECTID": 26668, "CE": "", "CT": "Condición: Condominio", "ESTAMPA_CC": "2026-05-26 14:46:02" }, "geometry": { "type": "Point", "coordinates": [ -76.545743295545222, 3.325022373533929 ] } },
{ "type": "Feature", "properties": { "OBJECTID": 26670, "CE": "NPN Terreno -> Unidad", "CT": "", "ESTAMPA_CC": "2026-05-26 14:46:02" }, "geometry": { "type": "Point", "coordinates": [ -76.52177867403779, 3.355757711456622 ] } },
{ "type": "Feature", "properties": { "OBJECTID": 26678, "CE": "NPN Terreno -> Unidad", "CT": "", "ESTAMPA_CC": "2026-05-26 14:46:02" }, "geometry": { "type": "Point", "coordinates": [ -76.52163044755082, 3.356128209657737 ] } },
{ "type": "Feature", "properties": { "OBJECTID": 26682, "CE": "NPN Terreno -> Unidad", "CT": "", "ESTAMPA_CC": "2026-05-26 14:46:02" }, "geometry": { "type": "Point", "coordinates": [ -76.521812320533741, 3.355516009499642 ] } },
{ "type": "Feature", "properties": { "OBJECTID": 26683, "CE": "NPN Terreno -> Unidad", "CT": "", "ESTAMPA_CC": "2026-05-26 14:46:02" }, "geometry": { "type": "Point", "coordinates": [ -76.517262445878472, 3.362509106281268 ] } },
{ "type": "Feature", "properties": { "OBJECTID": 26686, "CE": "NPN Terreno -> Unidad", "CT": "", "ESTAMPA_CC": "2026-05-26 14:46:02" }, "geometry": { "type": "Point", "coordinates": [ -76.521828838308494, 3.355427779128962 ] } },
{ "type": "Feature", "properties": { "OBJECTID": 26689, "CE": "NPN Terreno -> Unidad", "CT": "", "ESTAMPA_CC": "2026-05-26 14:46:02" }, "geometry": { "type": "Point", "coordinates": [ -76.521941178994851, 3.355523954474189 ] } },
{ "type": "Feature", "properties": { "OBJECTID": 26700, "CE": "NPN Terreno -> Unidad", "CT": "", "ESTAMPA_CC": "2026-05-26 14:46:02" }, "geometry": { "type": "Point", "coordinates": [ -76.517556458241501, 3.362263187279139 ] } },
{ "type": "Feature", "properties": { "OBJECTID": 26701, "CE": "NPN Terreno -> Unidad", "CT": "", "ESTAMPA_CC": "2026-05-26 14:46:02" }, "geometry": { "type": "Point", "coordinates": [ -76.521812320533741, 3.355516009499642 ] } },
{ "type": "Feature", "properties": { "OBJECTID": 26713, "CE": "NPN Terreno -> Unidad", "CT": "", "ESTAMPA_CC": "2026-05-26 14:46:02" }, "geometry": { "type": "Point", "coordinates": [ -76.521717192453622, 3.35543261354465 ] } },
{ "type": "Feature", "properties": { "OBJECTID": 26734, "CE": "NPN Terreno -> Unidad", "CT": "", "ESTAMPA_CC": "2026-05-26 14:46:02" }, "geometry": { "type": "Point", "coordinates": [ -76.517190681311973, 3.36260553154049 ] } },
{ "type": "Feature", "properties": { "OBJECTID": 26737, "CE": "NPN Terreno -> Unidad", "CT": "", "ESTAMPA_CC": "2026-05-26 14:46:02" }, "geometry": { "type": "Point", "coordinates": [ -76.521712120322093, 3.355517715840368 ] } },
{ "type": "Feature", "properties": { "OBJECTID": 26740, "CE": "NPN Terreno -> Unidad", "CT": "", "ESTAMPA_CC": "2026-05-26 14:46:02" }, "geometry": { "type": "Point", "coordinates": [ -76.521773728891361, 3.355838938829011 ] } },
{ "type": "Feature", "properties": { "OBJECTID": 26742, "CE": "NPN Terreno -> Unidad", "CT": "", "ESTAMPA_CC": "2026-05-26 14:46:02" }, "geometry": { "type": "Point", "coordinates": [ -76.517449202291019, 3.362416568530726 ] } },
{ "type": "Feature", "properties": { "OBJECTID": 26746, "CE": "NPN Terreno -> Unidad", "CT": "", "ESTAMPA_CC": "2026-05-26 14:46:02" }, "geometry": { "type": "Point", "coordinates": [ -76.517400931119369, 3.362617800820436 ] } },
{ "type": "Feature", "properties": { "OBJECTID": 26751, "CE": "NPN Terreno -> Unidad", "CT": "", "ESTAMPA_CC": "2026-05-26 14:46:02" }, "geometry": { "type": "Point", "coordinates": [ -76.517296087279135, 3.362619775225316 ] } },
{ "type": "Feature", "properties": { "OBJECTID": 26753, "CE": "", "CT": "Condición: Condominio", "ESTAMPA_CC": "2026-05-26 14:46:02" }, "geometry": { "type": "Point", "coordinates": [ -76.544961731834945, 3.325033749260578 ] } },
{ "type": "Feature", "properties": { "OBJECTID": 26757, "CE": "", "CT": "Condición: Condominio", "ESTAMPA_CC": "2026-05-26 14:46:02" }, "geometry": { "type": "Point", "coordinates": [ -76.544991487221523, 3.323723075401569 ] } },
{ "type": "Feature", "properties": { "OBJECTID": 26758, "CE": "", "CT": "Condición: Condominio", "ESTAMPA_CC": "2026-05-26 14:46:02" }, "geometry": { "type": "Point", "coordinates": [ -76.544495222135438, 3.323501978241587 ] } },
{ "type": "Feature", "properties": { "OBJECTID": 26759, "CE": "NPN Terreno -> Unidad", "CT": "", "ESTAMPA_CC": "2026-05-26 14:46:02" }, "geometry": { "type": "Point", "coordinates": [ -76.517402633931212, 3.362694502701078 ] } },
{ "type": "Feature", "properties": { "OBJECTID": 26765, "CE": "NPN Terreno -> Unidad", "CT": "", "ESTAMPA_CC": "2026-05-26 14:46:02" }, "geometry": { "type": "Point", "coordinates": [ -76.517447979343501, 3.362428037323733 ] } },
{ "type": "Feature", "properties": { "OBJECTID": 26767, "CE": "", "CT": "Condición: Condominio", "ESTAMPA_CC": "2026-05-26 14:46:02" }, "geometry": { "type": "Point", "coordinates": [ -76.544901716226647, 3.324068824322845 ] } },
{ "type": "Feature", "properties": { "OBJECTID": 26772, "CE": "NPN Terreno -> Unidad", "CT": "", "ESTAMPA_CC": "2026-05-26 14:46:02" }, "geometry": { "type": "Point", "coordinates": [ -76.521852188308159, 3.356144573485922 ] } },
{ "type": "Feature", "properties": { "OBJECTID": 26780, "CE": "NPN Terreno -> Unidad", "CT": "", "ESTAMPA_CC": "2026-05-26 14:46:02" }, "geometry": { "type": "Point", "coordinates": [ -76.521812320533741, 3.355516009499642 ] } },
{ "type": "Feature", "properties": { "OBJECTID": 26783, "CE": "NPN Terreno -> Unidad", "CT": "", "ESTAMPA_CC": "2026-05-26 14:46:02" }, "geometry": { "type": "Point", "coordinates": [ -76.521729342881116, 3.356033568909023 ] } },
{ "type": "Feature", "properties": { "OBJECTID": 26784, "CE": "NPN Terreno -> Unidad", "CT": "", "ESTAMPA_CC": "2026-05-26 14:46:02" }, "geometry": { "type": "Point", "coordinates": [ -76.517296087279135, 3.362619775225316 ] } },
{ "type": "Feature", "properties": { "OBJECTID": 26789, "CE": "NPN Terreno -> Unidad", "CT": "", "ESTAMPA_CC": "2026-05-26 14:46:02" }, "geometry": { "type": "Point", "coordinates": [ -76.517400931119369, 3.362617800820436 ] } },
{ "type": "Feature", "properties": { "OBJECTID": 26790, "CE": "NPN Terreno -> Unidad", "CT": "", "ESTAMPA_CC": "2026-05-26 14:46:02" }, "geometry": { "type": "Point", "coordinates": [ -76.517505546168422, 3.362596433249789 ] } },
{ "type": "Feature", "properties": { "OBJECTID": 26807, "CE": "NPN Terreno -> Unidad", "CT": "", "ESTAMPA_CC": "2026-05-26 14:46:02" }, "geometry": { "type": "Point", "coordinates": [ -76.517443287917942, 3.36252941554245 ] } },
{ "type": "Feature", "properties": { "OBJECTID": 26808, "CE": "NPN Terreno -> Unidad", "CT": "", "ESTAMPA_CC": "2026-05-26 14:46:02" }, "geometry": { "type": "Point", "coordinates": [ -76.521729342881116, 3.356033568909023 ] } },
{ "type": "Feature", "properties": { "OBJECTID": 26810, "CE": "NPN Terreno -> Unidad", "CT": "", "ESTAMPA_CC": "2026-05-26 14:46:02" }, "geometry": { "type": "Point", "coordinates": [ -76.521712120322093, 3.355517715840368 ] } },
{ "type": "Feature", "properties": { "OBJECTID": 26826, "CE": "", "CT": "Condición: Condominio", "ESTAMPA_CC": "2026-05-26 14:46:02" }, "geometry": { "type": "Point", "coordinates": [ -76.545787172739566, 3.325278386769947 ] } },
{ "type": "Feature", "properties": { "OBJECTID": 26841, "CE": "NPN Terreno -> Unidad", "CT": "", "ESTAMPA_CC": "2026-05-26 14:46:02" }, "geometry": { "type": "Point", "coordinates": [ -76.521813735423422, 3.355959162223127 ] } },
{ "type": "Feature", "properties": { "OBJECTID": 26855, "CE": "NPN Terreno -> Unidad", "CT": "", "ESTAMPA_CC": "2026-05-26 14:46:02" }, "geometry": { "type": "Point", "coordinates": [ -76.517448019096861, 3.362439137661815 ] } },
{ "type": "Feature", "properties": { "OBJECTID": 26861, "CE": "NPN Terreno -> Unidad", "CT": "", "ESTAMPA_CC": "2026-05-26 14:46:02" }, "geometry": { "type": "Point", "coordinates": [ -76.521872526576843, 3.355770715902345 ] } },
{ "type": "Feature", "properties": { "OBJECTID": 26866, "CE": "NPN Terreno -> Unidad", "CT": "", "ESTAMPA_CC": "2026-05-26 14:46:02" }, "geometry": { "type": "Point", "coordinates": [ -76.521635519556568, 3.356043107362455 ] } },
{ "type": "Feature", "properties": { "OBJECTID": 26868, "CE": "NPN Terreno -> Unidad", "CT": "", "ESTAMPA_CC": "2026-05-26 14:46:02" }, "geometry": { "type": "Point", "coordinates": [ -76.521740416332747, 3.356151525074822 ] } },
{ "type": "Feature", "properties": { "OBJECTID": 26870, "CE": "", "CT": "Condición: Condominio", "ESTAMPA_CC": "2026-05-26 14:46:02" }, "geometry": { "type": "Point", "coordinates": [ -76.54526009014711, 3.324313063644421 ] } },
{ "type": "Feature", "properties": { "OBJECTID": 26871, "CE": "NPN Terreno -> Unidad", "CT": "", "ESTAMPA_CC": "2026-05-26 14:46:02" }, "geometry": { "type": "Point", "coordinates": [ -76.521937619079651, 3.355849012231444 ] } },
{ "type": "Feature", "properties": { "OBJECTID": 26874, "CE": "NPN Terreno -> Unidad", "CT": "", "ESTAMPA_CC": "2026-05-26 14:46:02" }, "geometry": { "type": "Point", "coordinates": [ -76.521756193000058, 3.355756332589261 ] } },
{ "type": "Feature", "properties": { "OBJECTID": 26875, "CE": "NPN Terreno -> Unidad", "CT": "", "ESTAMPA_CC": "2026-05-26 14:46:02" }, "geometry": { "type": "Point", "coordinates": [ -76.52163044755082, 3.356128209657737 ] } },
{ "type": "Feature", "properties": { "OBJECTID": 26878, "CE": "NPN Terreno -> Unidad", "CT": "", "ESTAMPA_CC": "2026-05-26 14:46:02" }, "geometry": { "type": "Point", "coordinates": [ -76.517190681311973, 3.36260553154049 ] } },
{ "type": "Feature", "properties": { "OBJECTID": 26881, "CE": "NPN Terreno -> Unidad", "CT": "", "ESTAMPA_CC": "2026-05-26 14:46:02" }, "geometry": { "type": "Point", "coordinates": [ -76.517452749872476, 3.362348858424864 ] } },
{ "type": "Feature", "properties": { "OBJECTID": 26889, "CE": "NPN Terreno -> Unidad", "CT": "", "ESTAMPA_CC": "2026-05-26 14:46:02" }, "geometry": { "type": "Point", "coordinates": [ -76.521938951022477, 3.355448672187069 ] } },
{ "type": "Feature", "properties": { "OBJECTID": 26890, "CE": "NPN Terreno -> Unidad", "CT": "", "ESTAMPA_CC": "2026-05-26 14:46:02" }, "geometry": { "type": "Point", "coordinates": [ -76.521618429562537, 3.355785457294106 ] } },
{ "type": "Feature", "properties": { "OBJECTID": 26891, "CE": "", "CT": "Condición: Condominio", "ESTAMPA_CC": "2026-05-26 14:46:02" }, "geometry": { "type": "Point", "coordinates": [ -76.544914368178425, 3.324068183829064 ] } },
{ "type": "Feature", "properties": { "OBJECTID": 26895, "CE": "NPN Terreno -> Unidad", "CT": "", "ESTAMPA_CC": "2026-05-26 14:46:02" }, "geometry": { "type": "Point", "coordinates": [ -76.521702582342343, 3.355852684474672 ] } },
{ "type": "Feature", "properties": { "OBJECTID": 26899, "CE": "NPN Terreno -> Unidad", "CT": "", "ESTAMPA_CC": "2026-05-26 14:46:02" }, "geometry": { "type": "Point", "coordinates": [ -76.517508039422538, 3.362708746362375 ] } },
{ "type": "Feature", "properties": { "OBJECTID": 26905, "CE": "NPN Terreno -> Unidad", "CT": "", "ESTAMPA_CC": "2026-05-26 14:46:02" }, "geometry": { "type": "Point", "coordinates": [ -76.517455827099681, 3.362286301771296 ] } },
{ "type": "Feature", "properties": { "OBJECTID": 26926, "CE": "NPN Terreno -> Unidad", "CT": "", "ESTAMPA_CC": "2026-05-26 14:46:02" }, "geometry": { "type": "Point", "coordinates": [ -76.521635519556568, 3.356043107362455 ] } },
{ "type": "Feature", "properties": { "OBJECTID": 26927, "CE": "NPN Terreno -> Unidad", "CT": "", "ESTAMPA_CC": "2026-05-26 14:46:02" }, "geometry": { "type": "Point", "coordinates": [ -76.521729342881116, 3.356033568909023 ] } },
{ "type": "Feature", "properties": { "OBJECTID": 26929, "CE": "", "CT": "Condición: Condominio", "ESTAMPA_CC": "2026-05-26 14:46:02" }, "geometry": { "type": "Point", "coordinates": [ -76.545975859535204, 3.32372602526692 ] } },
{ "type": "Feature", "properties": { "OBJECTID": 26936, "CE": "", "CT": "Condición: Condominio", "ESTAMPA_CC": "2026-05-26 14:46:02" }, "geometry": { "type": "Point", "coordinates": [ -76.545775911290036, 3.323472228307627 ] } },
{ "type": "Feature", "properties": { "OBJECTID": 26957, "CE": "NPN Terreno -> Unidad", "CT": "", "ESTAMPA_CC": "2026-05-26 14:46:02" }, "geometry": { "type": "Point", "coordinates": [ -76.521717192453622, 3.35543261354465 ] } },
{ "type": "Feature", "properties": { "OBJECTID": 26967, "CE": "", "CT": "Condición: Condominio", "ESTAMPA_CC": "2026-05-26 14:46:02" }, "geometry": { "type": "Point", "coordinates": [ -76.545699285572525, 3.324068005139301 ] } },
{ "type": "Feature", "properties": { "OBJECTID": 27001, "CE": "NPN Terreno -> Unidad", "CT": "", "ESTAMPA_CC": "2026-05-26 14:46:02" }, "geometry": { "type": "Point", "coordinates": [ -76.517552908666815, 3.362330907783615 ] } },
{ "type": "Feature", "properties": { "OBJECTID": 27009, "CE": "NPN Terreno -> Unidad", "CT": "", "ESTAMPA_CC": "2026-05-26 14:46:02" }, "geometry": { "type": "Point", "coordinates": [ -76.521942123669476, 3.355774993545707 ] } },
{ "type": "Feature", "properties": { "OBJECTID": 27034, "CE": "NPN Terreno -> Unidad", "CT": "", "ESTAMPA_CC": "2026-05-26 14:46:02" }, "geometry": { "type": "Point", "coordinates": [ -76.517239987695817, 3.362507850729547 ] } },
{ "type": "Feature", "properties": { "OBJECTID": 27057, "CE": "NPN Terreno -> Unidad", "CT": "", "ESTAMPA_CC": "2026-05-26 14:46:02" }, "geometry": { "type": "Point", "coordinates": [ -76.517284903842864, 3.362510362284554 ] } },
{ "type": "Feature", "properties": { "OBJECTID": 27059, "CE": "NPN Terreno -> Unidad", "CT": "", "ESTAMPA_CC": "2026-05-26 14:46:02" }, "geometry": { "type": "Point", "coordinates": [ -76.521717192453622, 3.35543261354465 ] } },
{ "type": "Feature", "properties": { "OBJECTID": 27060, "CE": "NPN Terreno -> Unidad", "CT": "", "ESTAMPA_CC": "2026-05-26 14:46:02" }, "geometry": { "type": "Point", "coordinates": [ -76.517456302153221, 3.362281154648361 ] } },
{ "type": "Feature", "properties": { "OBJECTID": 27066, "CE": "NPN Terreno -> Unidad", "CT": "", "ESTAMPA_CC": "2026-05-26 14:46:02" }, "geometry": { "type": "Point", "coordinates": [ -76.517400931119369, 3.362617800820436 ] } },
{ "type": "Feature", "properties": { "OBJECTID": 27067, "CE": "NPN Terreno -> Unidad", "CT": "", "ESTAMPA_CC": "2026-05-26 14:46:02" }, "geometry": { "type": "Point", "coordinates": [ -76.521828838308494, 3.355427779128962 ] } },
{ "type": "Feature", "properties": { "OBJECTID": 27070, "CE": "", "CT": "Condición: Condominio", "ESTAMPA_CC": "2026-05-26 14:46:02" }, "geometry": { "type": "Point", "coordinates": [ -76.544837584671043, 3.32494409572782 ] } },
{ "type": "Feature", "properties": { "OBJECTID": 27083, "CE": "NPN Terreno -> Unidad", "CT": "", "ESTAMPA_CC": "2026-05-26 14:46:02" }, "geometry": { "type": "Point", "coordinates": [ -76.521812320533741, 3.355516009499642 ] } },
{ "type": "Feature", "properties": { "OBJECTID": 27093, "CE": "", "CT": "Condición: Condominio", "ESTAMPA_CC": "2026-05-26 14:46:02" }, "geometry": { "type": "Point", "coordinates": [ -76.545760764737139, 3.324316018053728 ] } },
{ "type": "Feature", "properties": { "OBJECTID": 27094, "CE": "NPN Terreno -> Unidad", "CT": "", "ESTAMPA_CC": "2026-05-26 14:46:02" }, "geometry": { "type": "Point", "coordinates": [ -76.521740416332747, 3.356151525074822 ] } },
{ "type": "Feature", "properties": { "OBJECTID": 27099, "CE": "NPN Terreno -> Unidad", "CT": "", "ESTAMPA_CC": "2026-05-26 14:46:02" }, "geometry": { "type": "Point", "coordinates": [ -76.521890472632123, 3.3558461143567 ] } },
{ "type": "Feature", "properties": { "OBJECTID": 27101, "CE": "", "CT": "Condición: Condominio", "ESTAMPA_CC": "2026-05-26 14:46:02" }, "geometry": { "type": "Point", "coordinates": [ -76.544517217333166, 3.323979636264946 ] } },
{ "type": "Feature", "properties": { "OBJECTID": 27102, "CE": "NPN Terreno -> Unidad", "CT": "", "ESTAMPA_CC": "2026-05-26 14:46:02" }, "geometry": { "type": "Point", "coordinates": [ -76.517255094145369, 3.362496973780258 ] } },
{ "type": "Feature", "properties": { "OBJECTID": 27106, "CE": "NPN Terreno -> Unidad", "CT": "", "ESTAMPA_CC": "2026-05-26 14:46:02" }, "geometry": { "type": "Point", "coordinates": [ -76.517214394694207, 3.362506419300509 ] } },
{ "type": "Feature", "properties": { "OBJECTID": 27116, "CE": "NPN Terreno -> Unidad", "CT": "", "ESTAMPA_CC": "2026-05-26 14:46:02" }, "geometry": { "type": "Point", "coordinates": [ -76.517546822454733, 3.362433547349088 ] } },
{ "type": "Feature", "properties": { "OBJECTID": 27118, "CE": "NPN Terreno -> Unidad", "CT": "", "ESTAMPA_CC": "2026-05-26 14:46:02" }, "geometry": { "type": "Point", "coordinates": [ -76.521615518359638, 3.355833290065471 ] } },
{ "type": "Feature", "properties": { "OBJECTID": 27119, "CE": "NPN Terreno -> Unidad", "CT": "", "ESTAMPA_CC": "2026-05-26 14:46:02" }, "geometry": { "type": "Point", "coordinates": [ -76.517190681311973, 3.36260553154049 ] } },
{ "type": "Feature", "properties": { "OBJECTID": 27124, "CE": "NPN Terreno -> Unidad", "CT": "", "ESTAMPA_CC": "2026-05-26 14:46:02" }, "geometry": { "type": "Point", "coordinates": [ -76.521848269510869, 3.355761990915254 ] } },
{ "type": "Feature", "properties": { "OBJECTID": 27127, "CE": "NPN Terreno -> Unidad", "CT": "", "ESTAMPA_CC": "2026-05-26 14:46:02" }, "geometry": { "type": "Point", "coordinates": [ -76.521729342881116, 3.356033568909023 ] } },
{ "type": "Feature", "properties": { "OBJECTID": 27132, "CE": "NPN Terreno -> Unidad", "CT": "", "ESTAMPA_CC": "2026-05-26 14:46:02" }, "geometry": { "type": "Point", "coordinates": [ -76.521941178994851, 3.355523954474189 ] } },
{ "type": "Feature", "properties": { "OBJECTID": 27134, "CE": "NPN Terreno -> Unidad", "CT": "", "ESTAMPA_CC": "2026-05-26 14:46:02" }, "geometry": { "type": "Point", "coordinates": [ -76.521717192453622, 3.35543261354465 ] } },
{ "type": "Feature", "properties": { "OBJECTID": 27138, "CE": "", "CT": "Condición: Condominio", "ESTAMPA_CC": "2026-05-26 14:46:02" }, "geometry": { "type": "Point", "coordinates": [ -76.545091002887361, 3.324819525637506 ] } },
{ "type": "Feature", "properties": { "OBJECTID": 27150, "CE": "NPN Terreno -> Unidad", "CT": "", "ESTAMPA_CC": "2026-05-26 14:46:02" }, "geometry": { "type": "Point", "coordinates": [ -76.52186345711948, 3.356068169527509 ] } },
{ "type": "Feature", "properties": { "OBJECTID": 27154, "CE": "NPN Terreno -> Unidad", "CT": "", "ESTAMPA_CC": "2026-05-26 14:46:02" }, "geometry": { "type": "Point", "coordinates": [ -76.517400931119369, 3.362617800820436 ] } },
{ "type": "Feature", "properties": { "OBJECTID": 27163, "CE": "NPN Terreno -> Unidad", "CT": "", "ESTAMPA_CC": "2026-05-26 14:46:02" }, "geometry": { "type": "Point", "coordinates": [ -76.52186345711948, 3.356068169527509 ] } },
{ "type": "Feature", "properties": { "OBJECTID": 27168, "CE": "NPN Terreno -> Unidad", "CT": "", "ESTAMPA_CC": "2026-05-26 14:46:02" }, "geometry": { "type": "Point", "coordinates": [ -76.517551992730702, 3.362340168988015 ] } },
{ "type": "Feature", "properties": { "OBJECTID": 27172, "CE": "", "CT": "Condición: Condominio", "ESTAMPA_CC": "2026-05-26 14:46:02" }, "geometry": { "type": "Point", "coordinates": [ -76.545936939132218, 3.325272107220664 ] } },
{ "type": "Feature", "properties": { "OBJECTID": 27173, "CE": "NPN Terreno -> Unidad", "CT": "", "ESTAMPA_CC": "2026-05-26 14:46:02" }, "geometry": { "type": "Point", "coordinates": [ -76.521674091882289, 3.35595057888299 ] } },
{ "type": "Feature", "properties": { "OBJECTID": 27177, "CE": "NPN Terreno -> Unidad", "CT": "", "ESTAMPA_CC": "2026-05-26 14:46:02" }, "geometry": { "type": "Point", "coordinates": [ -76.521790777270311, 3.355966117313545 ] } },
{ "type": "Feature", "properties": { "OBJECTID": 27179, "CE": "NPN Terreno -> Unidad", "CT": "", "ESTAMPA_CC": "2026-05-26 14:46:02" }, "geometry": { "type": "Point", "coordinates": [ -76.517508039422538, 3.362708746362375 ] } },
{ "type": "Feature", "properties": { "OBJECTID": 27180, "CE": "NPN Terreno -> Unidad", "CT": "", "ESTAMPA_CC": "2026-05-26 14:46:02" }, "geometry": { "type": "Point", "coordinates": [ -76.521798424493369, 3.355840456938957 ] } },
{ "type": "Feature", "properties": { "OBJECTID": 27187, "CE": "", "CT": "Condición: Condominio", "ESTAMPA_CC": "2026-05-26 14:46:02" }, "geometry": { "type": "Point", "coordinates": [ -76.545873372182541, 3.324061813566873 ] } },
{ "type": "Feature", "properties": { "OBJECTID": 27193, "CE": "", "CT": "Condición: Condominio", "ESTAMPA_CC": "2026-05-26 14:46:02" }, "geometry": { "type": "Point", "coordinates": [ -76.545886023823954, 3.324061808256457 ] } },
{ "type": "Feature", "properties": { "OBJECTID": 27197, "CE": "NPN Terreno -> Unidad", "CT": "", "ESTAMPA_CC": "2026-05-26 14:46:02" }, "geometry": { "type": "Point", "coordinates": [ -76.521614145406843, 3.3558558533247 ] } },
{ "type": "Feature", "properties": { "OBJECTID": 27210, "CE": "NPN Terreno -> Unidad", "CT": "", "ESTAMPA_CC": "2026-05-26 14:46:02" }, "geometry": { "type": "Point", "coordinates": [ -76.5222934919843, 3.343590169225657 ] } },
{ "type": "Feature", "properties": { "OBJECTID": 27212, "CE": "NPN Terreno -> Unidad", "CT": "", "ESTAMPA_CC": "2026-05-26 14:46:02" }, "geometry": { "type": "Point", "coordinates": [ -76.522473391670857, 3.34325199579422 ] } },
{ "type": "Feature", "properties": { "OBJECTID": 27213, "CE": "", "CT": "Condición: Condominio", "ESTAMPA_CC": "2026-05-26 14:46:02" }, "geometry": { "type": "Point", "coordinates": [ -76.547115666492473, 3.32476293960736 ] } },
{ "type": "Feature", "properties": { "OBJECTID": 27217, "CE": "NPN Terreno -> Unidad", "CT": "", "ESTAMPA_CC": "2026-05-26 14:46:02" }, "geometry": { "type": "Point", "coordinates": [ -76.522283571731322, 3.343222495470893 ] } },
{ "type": "Feature", "properties": { "OBJECTID": 27219, "CE": "NPN Terreno -> Unidad", "CT": "", "ESTAMPA_CC": "2026-05-26 14:46:02" }, "geometry": { "type": "Point", "coordinates": [ -76.522998203217327, 3.34334522423056 ] } },
{ "type": "Feature", "properties": { "OBJECTID": 27222, "CE": "", "CT": "Condición: Condominio", "ESTAMPA_CC": "2026-05-26 14:46:02" }, "geometry": { "type": "Point", "coordinates": [ -76.548502942869632, 3.325423460551211 ] } },
{ "type": "Feature", "properties": { "OBJECTID": 27223, "CE": "NPN Terreno -> Unidad", "CT": "", "ESTAMPA_CC": "2026-05-26 14:46:02" }, "geometry": { "type": "Point", "coordinates": [ -76.522121034588835, 3.343374464093523 ] } },
{ "type": "Feature", "properties": { "OBJECTID": 27224, "CE": "NPN Terreno -> Unidad", "CT": "", "ESTAMPA_CC": "2026-05-26 14:46:02" }, "geometry": { "type": "Point", "coordinates": [ -76.52224275162358, 3.343707585240346 ] } },
{ "type": "Feature", "properties": { "OBJECTID": 27225, "CE": "", "CT": "Condición: Condominio", "ESTAMPA_CC": "2026-05-26 14:46:02" }, "geometry": { "type": "Point", "coordinates": [ -76.548510929458573, 3.325250492519944 ] } },
{ "type": "Feature", "properties": { "OBJECTID": 27226, "CE": "NPN Terreno -> Unidad", "CT": "", "ESTAMPA_CC": "2026-05-26 14:46:02" }, "geometry": { "type": "Point", "coordinates": [ -76.522792028953134, 3.34314609047009 ] } },
{ "type": "Feature", "properties": { "OBJECTID": 27227, "CE": "NPN Terreno -> Unidad", "CT": "", "ESTAMPA_CC": "2026-05-26 14:46:02" }, "geometry": { "type": "Point", "coordinates": [ -76.502904197035662, 3.354935455285543 ] } },
{ "type": "Feature", "properties": { "OBJECTID": 27228, "CE": "", "CT": "Condición: Condominio", "ESTAMPA_CC": "2026-05-26 14:46:02" }, "geometry": { "type": "Point", "coordinates": [ -76.547200007914441, 3.324462112796661 ] } },
{ "type": "Feature", "properties": { "OBJECTID": 27229, "CE": "", "CT": "Condición: Condominio", "ESTAMPA_CC": "2026-05-26 14:46:02" }, "geometry": { "type": "Point", "coordinates": [ -76.54853043236254, 3.324778508541328 ] } },
{ "type": "Feature", "properties": { "OBJECTID": 27230, "CE": "NPN Terreno -> Unidad", "CT": "", "ESTAMPA_CC": "2026-05-26 14:46:02" }, "geometry": { "type": "Point", "coordinates": [ -76.523025279740096, 3.343431291225305 ] } },
{ "type": "Feature", "properties": { "OBJECTID": 27231, "CE": "", "CT": "Condición: Condominio", "ESTAMPA_CC": "2026-05-26 14:46:02" }, "geometry": { "type": "Point", "coordinates": [ -76.548199585588094, 3.324779841517134 ] } },
{ "type": "Feature", "properties": { "OBJECTID": 27234, "CE": "NPN Terreno -> Unidad", "CT": "", "ESTAMPA_CC": "2026-05-26 14:46:02" }, "geometry": { "type": "Point", "coordinates": [ -76.522556754996458, 3.343211734575428 ] } },
{ "type": "Feature", "properties": { "OBJECTID": 27235, "CE": "NPN Terreno -> Unidad", "CT": "", "ESTAMPA_CC": "2026-05-26 14:46:02" }, "geometry": { "type": "Point", "coordinates": [ -76.502882254057241, 3.354845204106847 ] } },
{ "type": "Feature", "properties": { "OBJECTID": 27236, "CE": "NPN Terreno -> Unidad", "CT": "", "ESTAMPA_CC": "2026-05-26 14:46:02" }, "geometry": { "type": "Point", "coordinates": [ -76.522842692838069, 3.34302861565362 ] } },
{ "type": "Feature", "properties": { "OBJECTID": 27237, "CE": "NPN Terreno -> Unidad", "CT": "", "ESTAMPA_CC": "2026-05-26 14:46:02" }, "geometry": { "type": "Point", "coordinates": [ -76.522446315647045, 3.343165928783737 ] } },
{ "type": "Feature", "properties": { "OBJECTID": 27238, "CE": "NPN Terreno -> Unidad", "CT": "", "ESTAMPA_CC": "2026-05-26 14:46:02" }, "geometry": { "type": "Point", "coordinates": [ -76.522041654847868, 3.343390769551358 ] } },
{ "type": "Feature", "properties": { "OBJECTID": 27239, "CE": "NPN Terreno -> Unidad", "CT": "", "ESTAMPA_CC": "2026-05-26 14:46:02" }, "geometry": { "type": "Point", "coordinates": [ -76.522404484924593, 3.343021806667532 ] } },
{ "type": "Feature", "properties": { "OBJECTID": 27240, "CE": "", "CT": "Condición: Condominio", "ESTAMPA_CC": "2026-05-26 14:46:02" }, "geometry": { "type": "Point", "coordinates": [ -76.548454817441282, 3.324985860991795 ] } },
{ "type": "Feature", "properties": { "OBJECTID": 27241, "CE": "", "CT": "Condición: Condominio", "ESTAMPA_CC": "2026-05-26 14:46:02" }, "geometry": { "type": "Point", "coordinates": [ -76.548719321562146, 3.325298757665194 ] } },
{ "type": "Feature", "properties": { "OBJECTID": 27242, "CE": "NPN Terreno -> Unidad", "CT": "", "ESTAMPA_CC": "2026-05-26 14:46:02" }, "geometry": { "type": "Point", "coordinates": [ -76.522361388597119, 3.343191145563507 ] } },
{ "type": "Feature", "properties": { "OBJECTID": 27244, "CE": "NPN Terreno -> Unidad", "CT": "", "ESTAMPA_CC": "2026-05-26 14:46:02" }, "geometry": { "type": "Point", "coordinates": [ -76.522792028953134, 3.34314609047009 ] } },
{ "type": "Feature", "properties": { "OBJECTID": 27245, "CE": "NPN Terreno -> Unidad", "CT": "", "ESTAMPA_CC": "2026-05-26 14:46:02" }, "geometry": { "type": "Point", "coordinates": [ -76.502707455511384, 3.354888127899481 ] } },
{ "type": "Feature", "properties": { "OBJECTID": 27248, "CE": "NPN Terreno -> Unidad", "CT": "", "ESTAMPA_CC": "2026-05-26 14:46:02" }, "geometry": { "type": "Point", "coordinates": [ -76.517193174495759, 3.362717844653901 ] } },
{ "type": "Feature", "properties": { "OBJECTID": 27253, "CE": "", "CT": "Condición: Condominio", "ESTAMPA_CC": "2026-05-26 14:46:02" }, "geometry": { "type": "Point", "coordinates": [ -76.546071997391806, 3.324316255683633 ] } },
{ "type": "Feature", "properties": { "OBJECTID": 27255, "CE": "", "CT": "Condición: Condominio", "ESTAMPA_CC": "2026-05-26 14:46:02" }, "geometry": { "type": "Point", "coordinates": [ -76.545934846688553, 3.324317531107451 ] } },
{ "type": "Feature", "properties": { "OBJECTID": 27258, "CE": "", "CT": "Condición: Condominio", "ESTAMPA_CC": "2026-05-26 14:46:02" }, "geometry": { "type": "Point", "coordinates": [ -76.545265636181426, 3.325168303105168 ] } },
{ "type": "Feature", "properties": { "OBJECTID": 27267, "CE": "NPN Terreno -> Unidad", "CT": "", "ESTAMPA_CC": "2026-05-26 14:46:02" }, "geometry": { "type": "Point", "coordinates": [ -76.521949778079644, 3.35564921969354 ] } },
{ "type": "Feature", "properties": { "OBJECTID": 27268, "CE": "NPN Terreno -> Unidad", "CT": "", "ESTAMPA_CC": "2026-05-26 14:46:02" }, "geometry": { "type": "Point", "coordinates": [ -76.521828838308494, 3.355427779128962 ] } },
{ "type": "Feature", "properties": { "OBJECTID": 27272, "CE": "NPN Terreno -> Unidad", "CT": "", "ESTAMPA_CC": "2026-05-26 14:46:02" }, "geometry": { "type": "Point", "coordinates": [ -76.52163044755082, 3.356128209657737 ] } },
{ "type": "Feature", "properties": { "OBJECTID": 27281, "CE": "NPN Terreno -> Unidad", "CT": "", "ESTAMPA_CC": "2026-05-26 14:46:02" }, "geometry": { "type": "Point", "coordinates": [ -76.517444471122914, 3.36250684595927 ] } },
{ "type": "Feature", "properties": { "OBJECTID": 27288, "CE": "NPN Terreno -> Unidad", "CT": "", "ESTAMPA_CC": "2026-05-26 14:46:02" }, "geometry": { "type": "Point", "coordinates": [ -76.522283571731322, 3.343222495470893 ] } },
{ "type": "Feature", "properties": { "OBJECTID": 27290, "CE": "NPN Terreno -> Unidad", "CT": "", "ESTAMPA_CC": "2026-05-26 14:46:02" }, "geometry": { "type": "Point", "coordinates": [ -76.522645848122963, 3.343467697245583 ] } },
{ "type": "Feature", "properties": { "OBJECTID": 27291, "CE": "NPN Terreno -> Unidad", "CT": "", "ESTAMPA_CC": "2026-05-26 14:46:02" }, "geometry": { "type": "Point", "coordinates": [ -76.502729397834017, 3.354978378630108 ] } },
{ "type": "Feature", "properties": { "OBJECTID": 27292, "CE": "NPN Terreno -> Unidad", "CT": "", "ESTAMPA_CC": "2026-05-26 14:46:02" }, "geometry": { "type": "Point", "coordinates": [ -76.522372872268676, 3.343573863746768 ] } },
{ "type": "Feature", "properties": { "OBJECTID": 27295, "CE": "NPN Terreno -> Unidad", "CT": "", "ESTAMPA_CC": "2026-05-26 14:46:02" }, "geometry": { "type": "Point", "coordinates": [ -76.522361388597119, 3.343191145563507 ] } },
{ "type": "Feature", "properties": { "OBJECTID": 27300, "CE": "", "CT": "Condición: Condominio", "ESTAMPA_CC": "2026-05-26 14:46:02" }, "geometry": { "type": "Point", "coordinates": [ -76.547214034329258, 3.325284551465677 ] } },
{ "type": "Feature", "properties": { "OBJECTID": 27302, "CE": "", "CT": "Condición: Condominio", "ESTAMPA_CC": "2026-05-26 14:46:02" }, "geometry": { "type": "Point", "coordinates": [ -76.548311405141078, 3.325237971668068 ] } },
{ "type": "Feature", "properties": { "OBJECTID": 27307, "CE": "NPN Terreno -> Unidad", "CT": "", "ESTAMPA_CC": "2026-05-26 14:46:02" }, "geometry": { "type": "Point", "coordinates": [ -76.522310648010958, 3.343308561581823 ] } },
{ "type": "Feature", "properties": { "OBJECTID": 27308, "CE": "NPN Terreno -> Unidad", "CT": "", "ESTAMPA_CC": "2026-05-26 14:46:02" }, "geometry": { "type": "Point", "coordinates": [ -76.502952022958397, 3.354825511605401 ] } },
{ "type": "Feature", "properties": { "OBJECTID": 27309, "CE": "", "CT": "Condición: Condominio", "ESTAMPA_CC": "2026-05-26 14:46:02" }, "geometry": { "type": "Point", "coordinates": [ -76.5487469109556, 3.324876577805533 ] } },
{ "type": "Feature", "properties": { "OBJECTID": 27310, "CE": "", "CT": "Condición: Condominio", "ESTAMPA_CC": "2026-05-26 14:46:02" }, "geometry": { "type": "Point", "coordinates": [ -76.546772405342438, 3.324507442901345 ] } },
{ "type": "Feature", "properties": { "OBJECTID": 27311, "CE": "NPN Terreno -> Unidad", "CT": "", "ESTAMPA_CC": "2026-05-26 14:46:02" }, "geometry": { "type": "Point", "coordinates": [ -76.523188023483925, 3.343374724411023 ] } },
{ "type": "Feature", "properties": { "OBJECTID": 27312, "CE": "", "CT": "Condición: Condominio", "ESTAMPA_CC": "2026-05-26 14:46:02" }, "geometry": { "type": "Point", "coordinates": [ -76.548623217796475, 3.324520827233854 ] } },
{ "type": "Feature", "properties": { "OBJECTID": 27314, "CE": "NPN Terreno -> Unidad", "CT": "", "ESTAMPA_CC": "2026-05-26 14:46:02" }, "geometry": { "type": "Point", "coordinates": [ -76.522914839988843, 3.34338548548811 ] } },
{ "type": "Feature", "properties": { "OBJECTID": 27316, "CE": "NPN Terreno -> Unidad", "CT": "", "ESTAMPA_CC": "2026-05-26 14:46:02" }, "geometry": { "type": "Point", "coordinates": [ -76.522473391670857, 3.34325199579422 ] } },
{ "type": "Feature", "properties": { "OBJECTID": 27318, "CE": "NPN Terreno -> Unidad", "CT": "", "ESTAMPA_CC": "2026-05-26 14:46:02" }, "geometry": { "type": "Point", "coordinates": [ -76.502882254057241, 3.354845204106847 ] } },
{ "type": "Feature", "properties": { "OBJECTID": 27319, "CE": "", "CT": "Condición: Condominio", "ESTAMPA_CC": "2026-05-26 14:46:02" }, "geometry": { "type": "Point", "coordinates": [ -76.546892300270414, 3.325098059573972 ] } },
{ "type": "Feature", "properties": { "OBJECTID": 27329, "CE": "", "CT": "Condición: Condominio", "ESTAMPA_CC": "2026-05-26 14:46:02" }, "geometry": { "type": "Point", "coordinates": [ -76.545178221007703, 3.323723482439112 ] } },
{ "type": "Feature", "properties": { "OBJECTID": 27330, "CE": "NPN Terreno -> Unidad", "CT": "", "ESTAMPA_CC": "2026-05-26 14:46:02" }, "geometry": { "type": "Point", "coordinates": [ -76.517190681311973, 3.36260553154049 ] } },
{ "type": "Feature", "properties": { "OBJECTID": 27332, "CE": "NPN Terreno -> Unidad", "CT": "", "ESTAMPA_CC": "2026-05-26 14:46:02" }, "geometry": { "type": "Point", "coordinates": [ -76.517402633931212, 3.362694502701078 ] } },
{ "type": "Feature", "properties": { "OBJECTID": 27333, "CE": "NPN Terreno -> Unidad", "CT": "", "ESTAMPA_CC": "2026-05-26 14:46:02" }, "geometry": { "type": "Point", "coordinates": [ -76.517154986617939, 3.362513295032644 ] } },
{ "type": "Feature", "properties": { "OBJECTID": 27335, "CE": "NPN Terreno -> Unidad", "CT": "", "ESTAMPA_CC": "2026-05-26 14:46:02" }, "geometry": { "type": "Point", "coordinates": [ -76.521860881862807, 3.355962060553778 ] } },
{ "type": "Feature", "properties": { "OBJECTID": 27338, "CE": "NPN Terreno -> Unidad", "CT": "", "ESTAMPA_CC": "2026-05-26 14:46:02" }, "geometry": { "type": "Point", "coordinates": [ -76.521972153151765, 3.355651840466969 ] } },
{ "type": "Feature", "properties": { "OBJECTID": 27339, "CE": "NPN Terreno -> Unidad", "CT": "", "ESTAMPA_CC": "2026-05-26 14:46:02" }, "geometry": { "type": "Point", "coordinates": [ -76.521825818667821, 3.355760611145307 ] } },
{ "type": "Feature", "properties": { "OBJECTID": 27345, "CE": "NPN Terreno -> Unidad", "CT": "", "ESTAMPA_CC": "2026-05-26 14:46:02" }, "geometry": { "type": "Point", "coordinates": [ -76.517402633931212, 3.362694502701078 ] } },
{ "type": "Feature", "properties": { "OBJECTID": 27348, "CE": "NPN Terreno -> Unidad", "CT": "", "ESTAMPA_CC": "2026-05-26 14:46:02" }, "geometry": { "type": "Point", "coordinates": [ -76.521938951022477, 3.355448672187069 ] } },
{ "type": "Feature", "properties": { "OBJECTID": 27354, "CE": "NPN Terreno -> Unidad", "CT": "", "ESTAMPA_CC": "2026-05-26 14:46:02" }, "geometry": { "type": "Point", "coordinates": [ -76.517558824825556, 3.362218040426849 ] } },
{ "type": "Feature", "properties": { "OBJECTID": 27364, "CE": "NPN Terreno -> Unidad", "CT": "", "ESTAMPA_CC": "2026-05-26 14:46:02" }, "geometry": { "type": "Point", "coordinates": [ -76.522645848122963, 3.343467697245583 ] } },
{ "type": "Feature", "properties": { "OBJECTID": 27365, "CE": "", "CT": "Condición: Condominio", "ESTAMPA_CC": "2026-05-26 14:46:02" }, "geometry": { "type": "Point", "coordinates": [ -76.547173952957323, 3.32514733707759 ] } },
{ "type": "Feature", "properties": { "OBJECTID": 27366, "CE": "NPN Terreno -> Unidad", "CT": "", "ESTAMPA_CC": "2026-05-26 14:46:02" }, "geometry": { "type": "Point", "coordinates": [ -76.502882254057241, 3.354845204106847 ] } },
{ "type": "Feature", "properties": { "OBJECTID": 27367, "CE": "NPN Terreno -> Unidad", "CT": "", "ESTAMPA_CC": "2026-05-26 14:46:02" }, "geometry": { "type": "Point", "coordinates": [ -76.521703937177321, 3.343021968262555 ] } },
{ "type": "Feature", "properties": { "OBJECTID": 27368, "CE": "NPN Terreno -> Unidad", "CT": "", "ESTAMPA_CC": "2026-05-26 14:46:02" }, "geometry": { "type": "Point", "coordinates": [ -76.523160946745065, 3.343288657873015 ] } },
{ "type": "Feature", "properties": { "OBJECTID": 27369, "CE": "NPN Terreno -> Unidad", "CT": "", "ESTAMPA_CC": "2026-05-26 14:46:02" }, "geometry": { "type": "Point", "coordinates": [ -76.522914839988843, 3.34338548548811 ] } },
{ "type": "Feature", "properties": { "OBJECTID": 27370, "CE": "NPN Terreno -> Unidad", "CT": "", "ESTAMPA_CC": "2026-05-26 14:46:02" }, "geometry": { "type": "Point", "coordinates": [ -76.521798612963266, 3.343166527068009 ] } },
{ "type": "Feature", "properties": { "OBJECTID": 27371, "CE": "NPN Terreno -> Unidad", "CT": "", "ESTAMPA_CC": "2026-05-26 14:46:02" }, "geometry": { "type": "Point", "coordinates": [ -76.522210128649206, 3.343630429969239 ] } },
{ "type": "Feature", "properties": { "OBJECTID": 27373, "CE": "", "CT": "Condición: Condominio", "ESTAMPA_CC": "2026-05-26 14:46:02" }, "geometry": { "type": "Point", "coordinates": [ -76.546842847466294, 3.324837357845229 ] } },
{ "type": "Feature", "properties": { "OBJECTID": 27380, "CE": "NPN Terreno -> Unidad", "CT": "", "ESTAMPA_CC": "2026-05-26 14:46:02" }, "geometry": { "type": "Point", "coordinates": [ -76.502777224632368, 3.35486843586298 ] } },
{ "type": "Feature", "properties": { "OBJECTID": 27381, "CE": "", "CT": "Condición: Condominio", "ESTAMPA_CC": "2026-05-26 14:46:02" }, "geometry": { "type": "Point", "coordinates": [ -76.546920409977261, 3.325289591049889 ] } },
{ "type": "Feature", "properties": { "OBJECTID": 27382, "CE": "NPN Terreno -> Unidad", "CT": "", "ESTAMPA_CC": "2026-05-26 14:46:02" }, "geometry": { "type": "Point", "coordinates": [ -76.502882254057241, 3.354845204106847 ] } },
{ "type": "Feature", "properties": { "OBJECTID": 27383, "CE": "NPN Terreno -> Unidad", "CT": "", "ESTAMPA_CC": "2026-05-26 14:46:02" }, "geometry": { "type": "Point", "coordinates": [ -76.523077583476834, 3.343328919144853 ] } },
{ "type": "Feature", "properties": { "OBJECTID": 27384, "CE": "NPN Terreno -> Unidad", "CT": "", "ESTAMPA_CC": "2026-05-26 14:46:02" }, "geometry": { "type": "Point", "coordinates": [ -76.522320568240431, 3.343676235336305 ] } },
{ "type": "Feature", "properties": { "OBJECTID": 27385, "CE": "NPN Terreno -> Unidad", "CT": "", "ESTAMPA_CC": "2026-05-26 14:46:02" }, "geometry": { "type": "Point", "coordinates": [ -76.522404484924593, 3.343021806667532 ] } },
{ "type": "Feature", "properties": { "OBJECTID": 27386, "CE": "NPN Terreno -> Unidad", "CT": "", "ESTAMPA_CC": "2026-05-26 14:46:02" }, "geometry": { "type": "Point", "coordinates": [ -76.523025279740096, 3.343431291225305 ] } },
{ "type": "Feature", "properties": { "OBJECTID": 27387, "CE": "NPN Terreno -> Unidad", "CT": "", "ESTAMPA_CC": "2026-05-26 14:46:02" }, "geometry": { "type": "Point", "coordinates": [ -76.522361388597119, 3.343191145563507 ] } },
{ "type": "Feature", "properties": { "OBJECTID": 27388, "CE": "NPN Terreno -> Unidad", "CT": "", "ESTAMPA_CC": "2026-05-26 14:46:02" }, "geometry": { "type": "Point", "coordinates": [ -76.52280859156572, 3.343411130496333 ] } },
{ "type": "Feature", "properties": { "OBJECTID": 27389, "CE": "NPN Terreno -> Unidad", "CT": "", "ESTAMPA_CC": "2026-05-26 14:46:02" }, "geometry": { "type": "Point", "coordinates": [ -76.522562484362737, 3.343507958020102 ] } },
{ "type": "Feature", "properties": { "OBJECTID": 27390, "CE": "NPN Terreno -> Unidad", "CT": "", "ESTAMPA_CC": "2026-05-26 14:46:02" }, "geometry": { "type": "Point", "coordinates": [ -76.522556754996458, 3.343211734575428 ] } },
{ "type": "Feature", "properties": { "OBJECTID": 27391, "CE": "NPN Terreno -> Unidad", "CT": "", "ESTAMPA_CC": "2026-05-26 14:46:02" }, "geometry": { "type": "Point", "coordinates": [ -76.522234392474203, 3.342994802323505 ] } },
{ "type": "Feature", "properties": { "OBJECTID": 27393, "CE": "NPN Terreno -> Unidad", "CT": "", "ESTAMPA_CC": "2026-05-26 14:46:02" }, "geometry": { "type": "Point", "coordinates": [ -76.522524132010616, 3.343134578863012 ] } },
{ "type": "Feature", "properties": { "OBJECTID": 27394, "CE": "", "CT": "Condición: Condominio", "ESTAMPA_CC": "2026-05-26 14:46:02" }, "geometry": { "type": "Point", "coordinates": [ -76.54875297141453, 3.324744850571026 ] } },
{ "type": "Feature", "properties": { "OBJECTID": 27396, "CE": "NPN Terreno -> Unidad", "CT": "", "ESTAMPA_CC": "2026-05-26 14:46:02" }, "geometry": { "type": "Point", "coordinates": [ -76.522556754996458, 3.343211734575428 ] } },
{ "type": "Feature", "properties": { "OBJECTID": 27397, "CE": "NPN Terreno -> Unidad", "CT": "", "ESTAMPA_CC": "2026-05-26 14:46:02" }, "geometry": { "type": "Point", "coordinates": [ -76.522121034588835, 3.343374464093523 ] } },
{ "type": "Feature", "properties": { "OBJECTID": 27404, "CE": "NPN Terreno -> Unidad", "CT": "", "ESTAMPA_CC": "2026-05-26 14:46:02" }, "geometry": { "type": "Point", "coordinates": [ -76.521721687261376, 3.355953504797944 ] } },
{ "type": "Feature", "properties": { "OBJECTID": 27405, "CE": "NPN Terreno -> Unidad", "CT": "", "ESTAMPA_CC": "2026-05-26 14:46:02" }, "geometry": { "type": "Point", "coordinates": [ -76.517296087279135, 3.362619775225316 ] } },
{ "type": "Feature", "properties": { "OBJECTID": 27411, "CE": "NPN Terreno -> Unidad", "CT": "", "ESTAMPA_CC": "2026-05-26 14:46:02" }, "geometry": { "type": "Point", "coordinates": [ -76.517544146798684, 3.362481849837514 ] } },
{ "type": "Feature", "properties": { "OBJECTID": 27415, "CE": "NPN Terreno -> Unidad", "CT": "", "ESTAMPA_CC": "2026-05-26 14:46:02" }, "geometry": { "type": "Point", "coordinates": [ -76.521740416332747, 3.356151525074822 ] } },
{ "type": "Feature", "properties": { "OBJECTID": 27416, "CE": "NPN Terreno -> Unidad", "CT": "", "ESTAMPA_CC": "2026-05-26 14:46:02" }, "geometry": { "type": "Point", "coordinates": [ -76.517402633931212, 3.362694502701078 ] } },
{ "type": "Feature", "properties": { "OBJECTID": 27425, "CE": "", "CT": "Condición: Condominio", "ESTAMPA_CC": "2026-05-26 14:46:02" }, "geometry": { "type": "Point", "coordinates": [ -76.544499212285174, 3.323839713597728 ] } },
{ "type": "Feature", "properties": { "OBJECTID": 27434, "CE": "NPN Terreno -> Unidad", "CT": "", "ESTAMPA_CC": "2026-05-26 14:46:02" }, "geometry": { "type": "Point", "coordinates": [ -76.517445654306613, 3.362484277280284 ] } },
{ "type": "Feature", "properties": { "OBJECTID": 27436, "CE": "", "CT": "Condición: Condominio", "ESTAMPA_CC": "2026-05-26 14:46:02" }, "geometry": { "type": "Point", "coordinates": [ -76.545190872533894, 3.323724094250384 ] } },
{ "type": "Feature", "properties": { "OBJECTID": 27438, "CE": "NPN Terreno -> Unidad", "CT": "", "ESTAMPA_CC": "2026-05-26 14:46:02" }, "geometry": { "type": "Point", "coordinates": [ -76.523160946745065, 3.343288657873015 ] } },
{ "type": "Feature", "properties": { "OBJECTID": 27440, "CE": "", "CT": "Condición: Condominio", "ESTAMPA_CC": "2026-05-26 14:46:02" }, "geometry": { "type": "Point", "coordinates": [ -76.548389990985427, 3.324965594480672 ] } },
{ "type": "Feature", "properties": { "OBJECTID": 27441, "CE": "NPN Terreno -> Unidad", "CT": "", "ESTAMPA_CC": "2026-05-26 14:46:02" }, "geometry": { "type": "Point", "coordinates": [ -76.522456235663284, 3.343533602536801 ] } },
{ "type": "Feature", "properties": { "OBJECTID": 27443, "CE": "NPN Terreno -> Unidad", "CT": "", "ESTAMPA_CC": "2026-05-26 14:46:02" }, "geometry": { "type": "Point", "coordinates": [ -76.52272522794182, 3.343451391737238 ] } },
{ "type": "Feature", "properties": { "OBJECTID": 27444, "CE": "NPN Terreno -> Unidad", "CT": "", "ESTAMPA_CC": "2026-05-26 14:46:02" }, "geometry": { "type": "Point", "coordinates": [ -76.502904197035662, 3.354935455285543 ] } },
{ "type": "Feature", "properties": { "OBJECTID": 27446, "CE": "", "CT": "Condición: Condominio", "ESTAMPA_CC": "2026-05-26 14:46:02" }, "geometry": { "type": "Point", "coordinates": [ -76.548067969743983, 3.324774100090212 ] } },
{ "type": "Feature", "properties": { "OBJECTID": 27448, "CE": "", "CT": "Condición: Condominio", "ESTAMPA_CC": "2026-05-26 14:46:02" }, "geometry": { "type": "Point", "coordinates": [ -76.548190969108347, 3.32497357121524 ] } },
{ "type": "Feature", "properties": { "OBJECTID": 27449, "CE": "", "CT": "Condición: Condominio", "ESTAMPA_CC": "2026-05-26 14:46:02" }, "geometry": { "type": "Point", "coordinates": [ -76.547139136159814, 3.324950537962543 ] } },
{ "type": "Feature", "properties": { "OBJECTID": 27450, "CE": "NPN Terreno -> Unidad", "CT": "", "ESTAMPA_CC": "2026-05-26 14:46:02" }, "geometry": { "type": "Point", "coordinates": [ -76.522562484362737, 3.343507958020102 ] } },
{ "type": "Feature", "properties": { "OBJECTID": 27452, "CE": "NPN Terreno -> Unidad", "CT": "", "ESTAMPA_CC": "2026-05-26 14:46:02" }, "geometry": { "type": "Point", "coordinates": [ -76.522842692838069, 3.34302861565362 ] } },
{ "type": "Feature", "properties": { "OBJECTID": 27453, "CE": "", "CT": "Condición: Condominio", "ESTAMPA_CC": "2026-05-26 14:46:02" }, "geometry": { "type": "Point", "coordinates": [ -76.548002473431964, 3.324753796047985 ] } },
{ "type": "Feature", "properties": { "OBJECTID": 27454, "CE": "", "CT": "Condición: Condominio", "ESTAMPA_CC": "2026-05-26 14:46:02" }, "geometry": { "type": "Point", "coordinates": [ -76.547268371475269, 3.32446839954571 ] } },
{ "type": "Feature", "properties": { "OBJECTID": 27455, "CE": "NPN Terreno -> Unidad", "CT": "", "ESTAMPA_CC": "2026-05-26 14:46:02" }, "geometry": { "type": "Point", "coordinates": [ -76.522417119596994, 3.342941520542849 ] } },
{ "type": "Feature", "properties": { "OBJECTID": 27456, "CE": "NPN Terreno -> Unidad", "CT": "", "ESTAMPA_CC": "2026-05-26 14:46:02" }, "geometry": { "type": "Point", "coordinates": [ -76.502729397834017, 3.354978378630108 ] } },
{ "type": "Feature", "properties": { "OBJECTID": 27457, "CE": "NPN Terreno -> Unidad", "CT": "", "ESTAMPA_CC": "2026-05-26 14:46:02" }, "geometry": { "type": "Point", "coordinates": [ -76.521798612963266, 3.343166527068009 ] } },
{ "type": "Feature", "properties": { "OBJECTID": 27458, "CE": "NPN Terreno -> Unidad", "CT": "", "ESTAMPA_CC": "2026-05-26 14:46:02" }, "geometry": { "type": "Point", "coordinates": [ -76.522319982521978, 3.34300436221237 ] } },
{ "type": "Feature", "properties": { "OBJECTID": 27459, "CE": "NPN Terreno -> Unidad", "CT": "", "ESTAMPA_CC": "2026-05-26 14:46:02" }, "geometry": { "type": "Point", "coordinates": [ -76.521703937177321, 3.343021968262555 ] } },
{ "type": "Feature", "properties": { "OBJECTID": 27460, "CE": "NPN Terreno -> Unidad", "CT": "", "ESTAMPA_CC": "2026-05-26 14:46:02" }, "geometry": { "type": "Point", "coordinates": [ -76.502790150384342, 3.354462131998626 ] } },
{ "type": "Feature", "properties": { "OBJECTID": 27461, "CE": "NPN Terreno -> Unidad", "CT": "", "ESTAMPA_CC": "2026-05-26 14:46:02" }, "geometry": { "type": "Point", "coordinates": [ -76.502859963864665, 3.354442599095027 ] } },
{ "type": "Feature", "properties": { "OBJECTID": 27462, "CE": "NPN Terreno -> Unidad", "CT": "", "ESTAMPA_CC": "2026-05-26 14:46:02" }, "geometry": { "type": "Point", "coordinates": [ -76.502768411813619, 3.354371831542549 ] } },
{ "type": "Feature", "properties": { "OBJECTID": 27463, "CE": "NPN Terreno -> Unidad", "CT": "", "ESTAMPA_CC": "2026-05-26 14:46:02" }, "geometry": { "type": "Point", "coordinates": [ -76.502790150384342, 3.354462131998626 ] } },
{ "type": "Feature", "properties": { "OBJECTID": 27464, "CE": "NPN Terreno -> Unidad", "CT": "", "ESTAMPA_CC": "2026-05-26 14:46:02" }, "geometry": { "type": "Point", "coordinates": [ -76.50283822528796, 3.354352298640547 ] } },
{ "type": "Feature", "properties": { "OBJECTID": 27465, "CE": "NPN Terreno -> Unidad", "CT": "", "ESTAMPA_CC": "2026-05-26 14:46:02" }, "geometry": { "type": "Point", "coordinates": [ -76.502593516546455, 3.354414356562827 ] } },
{ "type": "Feature", "properties": { "OBJECTID": 27466, "CE": "NPN Terreno -> Unidad", "CT": "", "ESTAMPA_CC": "2026-05-26 14:46:02" }, "geometry": { "type": "Point", "coordinates": [ -76.502685068717753, 3.354485124132171 ] } },
{ "type": "Feature", "properties": { "OBJECTID": 27467, "CE": "NPN Terreno -> Unidad", "CT": "", "ESTAMPA_CC": "2026-05-26 14:46:02" }, "geometry": { "type": "Point", "coordinates": [ -76.502663329846754, 3.354394823221584 ] } },
{ "type": "Feature", "properties": { "OBJECTID": 27468, "CE": "NPN Terreno -> Unidad", "CT": "", "ESTAMPA_CC": "2026-05-26 14:46:02" }, "geometry": { "type": "Point", "coordinates": [ -76.502790150384342, 3.354462131998626 ] } },
{ "type": "Feature", "properties": { "OBJECTID": 27469, "CE": "NPN Terreno -> Unidad", "CT": "", "ESTAMPA_CC": "2026-05-26 14:46:02" }, "geometry": { "type": "Point", "coordinates": [ -76.502615255233849, 3.354504657475009 ] } },
{ "type": "Feature", "properties": { "OBJECTID": 27470, "CE": "NPN Terreno -> Unidad", "CT": "", "ESTAMPA_CC": "2026-05-26 14:46:02" }, "geometry": { "type": "Point", "coordinates": [ -76.502768411813619, 3.354371831542549 ] } },
{ "type": "Feature", "properties": { "OBJECTID": 27475, "CE": "NPN Terreno -> Unidad", "CT": "", "ESTAMPA_CC": "2026-05-26 14:46:02" }, "geometry": { "type": "Point", "coordinates": [ -76.52191336201119, 3.355840287246016 ] } },
{ "type": "Feature", "properties": { "OBJECTID": 27476, "CE": "NPN Terreno -> Unidad", "CT": "", "ESTAMPA_CC": "2026-05-26 14:46:02" }, "geometry": { "type": "Point", "coordinates": [ -76.521975380378677, 3.355969098184506 ] } },
{ "type": "Feature", "properties": { "OBJECTID": 27483, "CE": "NPN Terreno -> Unidad", "CT": "", "ESTAMPA_CC": "2026-05-26 14:46:02" }, "geometry": { "type": "Point", "coordinates": [ -76.521729342881116, 3.356033568909023 ] } },
{ "type": "Feature", "properties": { "OBJECTID": 27493, "CE": "NPN Terreno -> Unidad", "CT": "", "ESTAMPA_CC": "2026-05-26 14:46:02" }, "geometry": { "type": "Point", "coordinates": [ -76.517550541373097, 3.362376060061054 ] } },
{ "type": "Feature", "properties": { "OBJECTID": 27495, "CE": "", "CT": "Condición: Condominio", "ESTAMPA_CC": "2026-05-26 14:46:02" }, "geometry": { "type": "Point", "coordinates": [ -76.545464675513998, 3.323478938407658 ] } },
{ "type": "Feature", "properties": { "OBJECTID": 27498, "CE": "", "CT": "Condición: Condominio", "ESTAMPA_CC": "2026-05-26 14:46:02" }, "geometry": { "type": "Point", "coordinates": [ -76.545601824782736, 3.323478419862188 ] } },
{ "type": "Feature", "properties": { "OBJECTID": 27503, "CE": "NPN Terreno -> Unidad", "CT": "", "ESTAMPA_CC": "2026-05-26 14:46:02" }, "geometry": { "type": "Point", "coordinates": [ -76.517457076849951, 3.362263732188318 ] } },
{ "type": "Feature", "properties": { "OBJECTID": 27505, "CE": "NPN Terreno -> Unidad", "CT": "", "ESTAMPA_CC": "2026-05-26 14:46:02" }, "geometry": { "type": "Point", "coordinates": [ -76.517505546168422, 3.362596433249789 ] } },
{ "type": "Feature", "properties": { "OBJECTID": 27508, "CE": "NPN Terreno -> Unidad", "CT": "", "ESTAMPA_CC": "2026-05-26 14:46:02" }, "geometry": { "type": "Point", "coordinates": [ -76.521895415954248, 3.355764888792093 ] } },
{ "type": "Feature", "properties": { "OBJECTID": 27514, "CE": "", "CT": "Condición: Condominio", "ESTAMPA_CC": "2026-05-26 14:46:02" }, "geometry": { "type": "Point", "coordinates": [ -76.548059974346316, 3.324947176621289 ] } },
{ "type": "Feature", "properties": { "OBJECTID": 27515, "CE": "NPN Terreno -> Unidad", "CT": "", "ESTAMPA_CC": "2026-05-26 14:46:02" }, "geometry": { "type": "Point", "coordinates": [ -76.522320568240431, 3.343676235336305 ] } },
{ "type": "Feature", "properties": { "OBJECTID": 27516, "CE": "NPN Terreno -> Unidad", "CT": "", "ESTAMPA_CC": "2026-05-26 14:46:02" }, "geometry": { "type": "Point", "coordinates": [ -76.502707455511384, 3.354888127899481 ] } },
{ "type": "Feature", "properties": { "OBJECTID": 27517, "CE": "NPN Terreno -> Unidad", "CT": "", "ESTAMPA_CC": "2026-05-26 14:46:02" }, "geometry": { "type": "Point", "coordinates": [ -76.522093958323921, 3.343288397977185 ] } },
{ "type": "Feature", "properties": { "OBJECTID": 27520, "CE": "", "CT": "Condición: Condominio", "ESTAMPA_CC": "2026-05-26 14:46:02" }, "geometry": { "type": "Point", "coordinates": [ -76.548502942869632, 3.325423460551211 ] } },
{ "type": "Feature", "properties": { "OBJECTID": 27523, "CE": "NPN Terreno -> Unidad", "CT": "", "ESTAMPA_CC": "2026-05-26 14:46:02" }, "geometry": { "type": "Point", "coordinates": [ -76.522310648010958, 3.343308561581823 ] } },
{ "type": "Feature", "properties": { "OBJECTID": 27525, "CE": "NPN Terreno -> Unidad", "CT": "", "ESTAMPA_CC": "2026-05-26 14:46:02" }, "geometry": { "type": "Point", "coordinates": [ -76.502904197035662, 3.354935455285543 ] } },
{ "type": "Feature", "properties": { "OBJECTID": 27527, "CE": "NPN Terreno -> Unidad", "CT": "", "ESTAMPA_CC": "2026-05-26 14:46:02" }, "geometry": { "type": "Point", "coordinates": [ -76.521958291372428, 3.343431030724927 ] } },
{ "type": "Feature", "properties": { "OBJECTID": 27528, "CE": "", "CT": "Condición: Condominio", "ESTAMPA_CC": "2026-05-26 14:46:02" }, "geometry": { "type": "Point", "coordinates": [ -76.547124476232611, 3.324886589702383 ] } },
{ "type": "Feature", "properties": { "OBJECTID": 27529, "CE": "NPN Terreno -> Unidad", "CT": "", "ESTAMPA_CC": "2026-05-26 14:46:02" }, "geometry": { "type": "Point", "coordinates": [ -76.522875364316405, 3.3431057672861 ] } },
{ "type": "Feature", "properties": { "OBJECTID": 27530, "CE": "", "CT": "Condición: Condominio", "ESTAMPA_CC": "2026-05-26 14:46:02" }, "geometry": { "type": "Point", "coordinates": [ -76.547139813228782, 3.324893431761492 ] } },
{ "type": "Feature", "properties": { "OBJECTID": 27539, "CE": "", "CT": "Condición: Condominio", "ESTAMPA_CC": "2026-05-26 14:46:02" }, "geometry": { "type": "Point", "coordinates": [ -76.545514823183865, 3.323731343757611 ] } },
{ "type": "Feature", "properties": { "OBJECTID": 27556, "CE": "NPN Terreno -> Unidad", "CT": "", "ESTAMPA_CC": "2026-05-26 14:46:02" }, "geometry": { "type": "Point", "coordinates": [ -76.517457485346995, 3.362258585517262 ] } },
{ "type": "Feature", "properties": { "OBJECTID": 27560, "CE": "NPN Terreno -> Unidad", "CT": "", "ESTAMPA_CC": "2026-05-26 14:46:02" }, "geometry": { "type": "Point", "coordinates": [ -76.517544625625533, 3.362488908881792 ] } },
{ "type": "Feature", "properties": { "OBJECTID": 27569, "CE": "NPN Terreno -> Unidad", "CT": "", "ESTAMPA_CC": "2026-05-26 14:46:02" }, "geometry": { "type": "Point", "coordinates": [ -76.521938951022477, 3.355448672187069 ] } },
{ "type": "Feature", "properties": { "OBJECTID": 27570, "CE": "NPN Terreno -> Unidad", "CT": "", "ESTAMPA_CC": "2026-05-26 14:46:02" }, "geometry": { "type": "Point", "coordinates": [ -76.521803367850111, 3.355759230470635 ] } },
{ "type": "Feature", "properties": { "OBJECTID": 27590, "CE": "NPN Terreno -> Unidad", "CT": "", "ESTAMPA_CC": "2026-05-26 14:46:02" }, "geometry": { "type": "Point", "coordinates": [ -76.517505546168422, 3.362596433249789 ] } },
{ "type": "Feature", "properties": { "OBJECTID": 27592, "CE": "NPN Terreno -> Unidad", "CT": "", "ESTAMPA_CC": "2026-05-26 14:46:02" }, "geometry": { "type": "Point", "coordinates": [ -76.522483312240766, 3.343619669547001 ] } },
{ "type": "Feature", "properties": { "OBJECTID": 27593, "CE": "NPN Terreno -> Unidad", "CT": "", "ESTAMPA_CC": "2026-05-26 14:46:02" }, "geometry": { "type": "Point", "coordinates": [ -76.522121034588835, 3.343374464093523 ] } },
{ "type": "Feature", "properties": { "OBJECTID": 27595, "CE": "NPN Terreno -> Unidad", "CT": "", "ESTAMPA_CC": "2026-05-26 14:46:02" }, "geometry": { "type": "Point", "coordinates": [ -76.52272522794182, 3.343451391737238 ] } },
{ "type": "Feature", "properties": { "OBJECTID": 27597, "CE": "NPN Terreno -> Unidad", "CT": "", "ESTAMPA_CC": "2026-05-26 14:46:02" }, "geometry": { "type": "Point", "coordinates": [ -76.522456235663284, 3.343533602536801 ] } },
{ "type": "Feature", "properties": { "OBJECTID": 27600, "CE": "", "CT": "Condición: Condominio", "ESTAMPA_CC": "2026-05-26 14:46:02" }, "geometry": { "type": "Point", "coordinates": [ -76.548311403796689, 3.325237971668107 ] } },
{ "type": "Feature", "properties": { "OBJECTID": 27601, "CE": "NPN Terreno -> Unidad", "CT": "", "ESTAMPA_CC": "2026-05-26 14:46:02" }, "geometry": { "type": "Point", "coordinates": [ -76.522456235663284, 3.343533602536801 ] } },
{ "type": "Feature", "properties": { "OBJECTID": 27603, "CE": "NPN Terreno -> Unidad", "CT": "", "ESTAMPA_CC": "2026-05-26 14:46:02" }, "geometry": { "type": "Point", "coordinates": [ -76.522524132010616, 3.343134578863012 ] } },
{ "type": "Feature", "properties": { "OBJECTID": 27605, "CE": "NPN Terreno -> Unidad", "CT": "", "ESTAMPA_CC": "2026-05-26 14:46:02" }, "geometry": { "type": "Point", "coordinates": [ -76.522210128649206, 3.343630429969239 ] } },
{ "type": "Feature", "properties": { "OBJECTID": 27606, "CE": "NPN Terreno -> Unidad", "CT": "", "ESTAMPA_CC": "2026-05-26 14:46:02" }, "geometry": { "type": "Point", "coordinates": [ -76.521931215164329, 3.343344963699753 ] } },
{ "type": "Feature", "properties": { "OBJECTID": 27607, "CE": "NPN Terreno -> Unidad", "CT": "", "ESTAMPA_CC": "2026-05-26 14:46:02" }, "geometry": { "type": "Point", "coordinates": [ -76.502707455511384, 3.354888127899481 ] } },
{ "type": "Feature", "properties": { "OBJECTID": 27608, "CE": "NPN Terreno -> Unidad", "CT": "", "ESTAMPA_CC": "2026-05-26 14:46:02" }, "geometry": { "type": "Point", "coordinates": [ -76.521830594328932, 3.343046129974593 ] } },
{ "type": "Feature", "properties": { "OBJECTID": 27618, "CE": "NPN Terreno -> Unidad", "CT": "", "ESTAMPA_CC": "2026-05-26 14:46:02" }, "geometry": { "type": "Point", "coordinates": [ -76.521912923463702, 3.355847494125119 ] } },
{ "type": "Feature", "properties": { "OBJECTID": 27620, "CE": "", "CT": "Condición: Condominio", "ESTAMPA_CC": "2026-05-26 14:46:02" }, "geometry": { "type": "Point", "coordinates": [ -76.545315368211291, 3.323728899516759 ] } },
{ "type": "Feature", "properties": { "OBJECTID": 27621, "CE": "NPN Terreno -> Unidad", "CT": "", "ESTAMPA_CC": "2026-05-26 14:46:02" }, "geometry": { "type": "Point", "coordinates": [ -76.521942562397896, 3.355767786666592 ] } },
{ "type": "Feature", "properties": { "OBJECTID": 27631, "CE": "NPN Terreno -> Unidad", "CT": "", "ESTAMPA_CC": "2026-05-26 14:46:02" }, "geometry": { "type": "Point", "coordinates": [ -76.521740416332747, 3.356151525074822 ] } },
{ "type": "Feature", "properties": { "OBJECTID": 27637, "CE": "NPN Terreno -> Unidad", "CT": "", "ESTAMPA_CC": "2026-05-26 14:46:02" }, "geometry": { "type": "Point", "coordinates": [ -76.517551724776652, 3.3623534814358 ] } },
{ "type": "Feature", "properties": { "OBJECTID": 27639, "CE": "NPN Terreno -> Unidad", "CT": "", "ESTAMPA_CC": "2026-05-26 14:46:02" }, "geometry": { "type": "Point", "coordinates": [ -76.517402633931212, 3.362694502701078 ] } },
{ "type": "Feature", "properties": { "OBJECTID": 27642, "CE": "NPN Terreno -> Unidad", "CT": "", "ESTAMPA_CC": "2026-05-26 14:46:02" }, "geometry": { "type": "Point", "coordinates": [ -76.517497584237347, 3.362520761678243 ] } },
{ "type": "Feature", "properties": { "OBJECTID": 27643, "CE": "NPN Terreno -> Unidad", "CT": "", "ESTAMPA_CC": "2026-05-26 14:46:02" }, "geometry": { "type": "Point", "coordinates": [ -76.521612607637195, 3.355881123741021 ] } },
{ "type": "Feature", "properties": { "OBJECTID": 27646, "CE": "NPN Terreno -> Unidad", "CT": "", "ESTAMPA_CC": "2026-05-26 14:46:02" }, "geometry": { "type": "Point", "coordinates": [ -76.521744138129904, 3.355954884570353 ] } },
{ "type": "Feature", "properties": { "OBJECTID": 27649, "CE": "NPN Terreno -> Unidad", "CT": "", "ESTAMPA_CC": "2026-05-26 14:46:02" }, "geometry": { "type": "Point", "coordinates": [ -76.521813735423422, 3.355959162223127 ] } },
{ "type": "Feature", "properties": { "OBJECTID": 27651, "CE": "NPN Terreno -> Unidad", "CT": "", "ESTAMPA_CC": "2026-05-26 14:46:02" }, "geometry": { "type": "Point", "coordinates": [ -76.521941178994851, 3.355523954474189 ] } },
{ "type": "Feature", "properties": { "OBJECTID": 27653, "CE": "NPN Terreno -> Unidad", "CT": "", "ESTAMPA_CC": "2026-05-26 14:46:02" }, "geometry": { "type": "Point", "coordinates": [ -76.517402633931212, 3.362694502701078 ] } },
{ "type": "Feature", "properties": { "OBJECTID": 27654, "CE": "", "CT": "Condición: Condominio", "ESTAMPA_CC": "2026-05-26 14:46:02" }, "geometry": { "type": "Point", "coordinates": [ -76.545826056991302, 3.323727936209881 ] } },
{ "type": "Feature", "properties": { "OBJECTID": 27663, "CE": "NPN Terreno -> Unidad", "CT": "", "ESTAMPA_CC": "2026-05-26 14:46:02" }, "geometry": { "type": "Point", "coordinates": [ -76.521852188308159, 3.356144573485922 ] } },
{ "type": "Feature", "properties": { "OBJECTID": 27671, "CE": "NPN Terreno -> Unidad", "CT": "", "ESTAMPA_CC": "2026-05-26 14:46:02" }, "geometry": { "type": "Point", "coordinates": [ -76.502799167217873, 3.354958686139903 ] } },
{ "type": "Feature", "properties": { "OBJECTID": 27672, "CE": "", "CT": "Condición: Condominio", "ESTAMPA_CC": "2026-05-26 14:46:02" }, "geometry": { "type": "Point", "coordinates": [ -76.547935708680882, 3.324767430508479 ] } },
{ "type": "Feature", "properties": { "OBJECTID": 27673, "CE": "NPN Terreno -> Unidad", "CT": "", "ESTAMPA_CC": "2026-05-26 14:46:02" }, "geometry": { "type": "Point", "coordinates": [ -76.546813476816382, 3.323174177837021 ] } },
{ "type": "Feature", "properties": { "OBJECTID": 27676, "CE": "NPN Terreno -> Unidad", "CT": "", "ESTAMPA_CC": "2026-05-26 14:46:02" }, "geometry": { "type": "Point", "coordinates": [ -76.522149890491164, 3.342977357853206 ] } },
{ "type": "Feature", "properties": { "OBJECTID": 27678, "CE": "", "CT": "Condición: Condominio", "ESTAMPA_CC": "2026-05-26 14:46:02" }, "geometry": { "type": "Point", "coordinates": [ -76.547306041510438, 3.324860937594207 ] } },
{ "type": "Feature", "properties": { "OBJECTID": 27681, "CE": "NPN Terreno -> Unidad", "CT": "", "ESTAMPA_CC": "2026-05-26 14:46:02" }, "geometry": { "type": "Point", "coordinates": [ -76.522149890491164, 3.342977357853206 ] } },
{ "type": "Feature", "properties": { "OBJECTID": 27683, "CE": "NPN Terreno -> Unidad", "CT": "", "ESTAMPA_CC": "2026-05-26 14:46:02" }, "geometry": { "type": "Point", "coordinates": [ -76.502952022958397, 3.354825511605401 ] } },
{ "type": "Feature", "properties": { "OBJECTID": 27684, "CE": "NPN Terreno -> Unidad", "CT": "", "ESTAMPA_CC": "2026-05-26 14:46:02" }, "geometry": { "type": "Point", "coordinates": [ -76.502707455511384, 3.354888127899481 ] } },
{ "type": "Feature", "properties": { "OBJECTID": 27686, "CE": "", "CT": "Condición: Condominio", "ESTAMPA_CC": "2026-05-26 14:46:02" }, "geometry": { "type": "Point", "coordinates": [ -76.548303518907275, 3.325410937886335 ] } },
{ "type": "Feature", "properties": { "OBJECTID": 27687, "CE": "NPN Terreno -> Unidad", "CT": "", "ESTAMPA_CC": "2026-05-26 14:46:02" }, "geometry": { "type": "Point", "coordinates": [ -76.521958291372428, 3.343431030724927 ] } },
{ "type": "Feature", "properties": { "OBJECTID": 27690, "CE": "NPN Terreno -> Unidad", "CT": "", "ESTAMPA_CC": "2026-05-26 14:46:02" }, "geometry": { "type": "Point", "coordinates": [ -76.517193174495759, 3.362717844653901 ] } },
{ "type": "Feature", "properties": { "OBJECTID": 27702, "CE": "NPN Terreno -> Unidad", "CT": "", "ESTAMPA_CC": "2026-05-26 14:46:02" }, "geometry": { "type": "Point", "coordinates": [ -76.521941178994851, 3.355523954474189 ] } },
{ "type": "Feature", "properties": { "OBJECTID": 27707, "CE": "NPN Terreno -> Unidad", "CT": "", "ESTAMPA_CC": "2026-05-26 14:46:02" }, "geometry": { "type": "Point", "coordinates": [ -76.517143858554732, 3.36250247495484 ] } },
{ "type": "Feature", "properties": { "OBJECTID": 27720, "CE": "NPN Terreno -> Unidad", "CT": "", "ESTAMPA_CC": "2026-05-26 14:46:02" }, "geometry": { "type": "Point", "coordinates": [ -76.521828838308494, 3.355427779128962 ] } },
{ "type": "Feature", "properties": { "OBJECTID": 27737, "CE": "NPN Terreno -> Unidad", "CT": "", "ESTAMPA_CC": "2026-05-26 14:46:02" }, "geometry": { "type": "Point", "coordinates": [ -76.517558619032471, 3.362220490792006 ] } },
{ "type": "Feature", "properties": { "OBJECTID": 27738, "CE": "NPN Terreno -> Unidad", "CT": "", "ESTAMPA_CC": "2026-05-26 14:46:02" }, "geometry": { "type": "Point", "coordinates": [ -76.521635519556568, 3.356043107362455 ] } },
{ "type": "Feature", "properties": { "OBJECTID": 27739, "CE": "NPN Terreno -> Unidad", "CT": "", "ESTAMPA_CC": "2026-05-26 14:46:02" }, "geometry": { "type": "Point", "coordinates": [ -76.517559846758388, 3.36219831362903 ] } },
{ "type": "Feature", "properties": { "OBJECTID": 27742, "CE": "NPN Terreno -> Unidad", "CT": "", "ESTAMPA_CC": "2026-05-26 14:46:02" }, "geometry": { "type": "Point", "coordinates": [ -76.52163044755082, 3.356128209657737 ] } },
{ "type": "Feature", "properties": { "OBJECTID": 27744, "CE": "NPN Terreno -> Unidad", "CT": "", "ESTAMPA_CC": "2026-05-26 14:46:02" }, "geometry": { "type": "Point", "coordinates": [ -76.517297789959201, 3.362696477106144 ] } },
{ "type": "Feature", "properties": { "OBJECTID": 27748, "CE": "", "CT": "Condición: Condominio", "ESTAMPA_CC": "2026-05-26 14:46:02" }, "geometry": { "type": "Point", "coordinates": [ -76.547383489394107, 3.32531282988313 ] } },
{ "type": "Feature", "properties": { "OBJECTID": 27749, "CE": "NPN Terreno -> Unidad", "CT": "", "ESTAMPA_CC": "2026-05-26 14:46:02" }, "geometry": { "type": "Point", "coordinates": [ -76.522645848122963, 3.343467697245583 ] } },
{ "type": "Feature", "properties": { "OBJECTID": 27750, "CE": "NPN Terreno -> Unidad", "CT": "", "ESTAMPA_CC": "2026-05-26 14:46:02" }, "geometry": { "type": "Point", "coordinates": [ -76.502904197035662, 3.354935455285543 ] } },
{ "type": "Feature", "properties": { "OBJECTID": 27752, "CE": "NPN Terreno -> Unidad", "CT": "", "ESTAMPA_CC": "2026-05-26 14:46:02" }, "geometry": { "type": "Point", "coordinates": [ -76.502904197035662, 3.354935455285543 ] } },
{ "type": "Feature", "properties": { "OBJECTID": 27753, "CE": "", "CT": "Condición: Condominio", "ESTAMPA_CC": "2026-05-26 14:46:02" }, "geometry": { "type": "Point", "coordinates": [ -76.547164420882723, 3.325023141322168 ] } },
{ "type": "Feature", "properties": { "OBJECTID": 27755, "CE": "", "CT": "Condición: Condominio", "ESTAMPA_CC": "2026-05-26 14:46:02" }, "geometry": { "type": "Point", "coordinates": [ -76.546945742953625, 3.325362272174683 ] } },
{ "type": "Feature", "properties": { "OBJECTID": 27757, "CE": "NPN Terreno -> Unidad", "CT": "", "ESTAMPA_CC": "2026-05-26 14:46:02" }, "geometry": { "type": "Point", "coordinates": [ -76.521798612963266, 3.343166527068009 ] } },
{ "type": "Feature", "properties": { "OBJECTID": 27758, "CE": "NPN Terreno -> Unidad", "CT": "", "ESTAMPA_CC": "2026-05-26 14:46:02" }, "geometry": { "type": "Point", "coordinates": [ -76.522875364316405, 3.3431057672861 ] } },
{ "type": "Feature", "properties": { "OBJECTID": 27760, "CE": "NPN Terreno -> Unidad", "CT": "", "ESTAMPA_CC": "2026-05-26 14:46:02" }, "geometry": { "type": "Point", "coordinates": [ -76.522093958323921, 3.343288397977185 ] } },
{ "type": "Feature", "properties": { "OBJECTID": 27761, "CE": "NPN Terreno -> Unidad", "CT": "", "ESTAMPA_CC": "2026-05-26 14:46:02" }, "geometry": { "type": "Point", "coordinates": [ -76.523077583476834, 3.343328919144853 ] } },
{ "type": "Feature", "properties": { "OBJECTID": 27762, "CE": "NPN Terreno -> Unidad", "CT": "", "ESTAMPA_CC": "2026-05-26 14:46:02" }, "geometry": { "type": "Point", "coordinates": [ -76.522394011801651, 3.343268300829415 ] } },
{ "type": "Feature", "properties": { "OBJECTID": 27764, "CE": "NPN Terreno -> Unidad", "CT": "", "ESTAMPA_CC": "2026-05-26 14:46:02" }, "geometry": { "type": "Point", "coordinates": [ -76.522456235663284, 3.343533602536801 ] } },
{ "type": "Feature", "properties": { "OBJECTID": 27765, "CE": "NPN Terreno -> Unidad", "CT": "", "ESTAMPA_CC": "2026-05-26 14:46:02" }, "geometry": { "type": "Point", "coordinates": [ -76.521931215164329, 3.343344963699753 ] } },
{ "type": "Feature", "properties": { "OBJECTID": 27770, "CE": "", "CT": "Condición: Condominio", "ESTAMPA_CC": "2026-05-26 14:46:02" }, "geometry": { "type": "Point", "coordinates": [ -76.545409889321363, 3.32431784518293 ] } },
{ "type": "Feature", "properties": { "OBJECTID": 27775, "CE": "NPN Terreno -> Unidad", "CT": "", "ESTAMPA_CC": "2026-05-26 14:46:02" }, "geometry": { "type": "Point", "coordinates": [ -76.521798424728004, 3.355840456486859 ] } },
{ "type": "Feature", "properties": { "OBJECTID": 27782, "CE": "", "CT": "Condición: Condominio", "ESTAMPA_CC": "2026-05-26 14:46:02" }, "geometry": { "type": "Point", "coordinates": [ -76.545225603959906, 3.324061651131464 ] } },
{ "type": "Feature", "properties": { "OBJECTID": 27785, "CE": "NPN Terreno -> Unidad", "CT": "", "ESTAMPA_CC": "2026-05-26 14:46:02" }, "geometry": { "type": "Point", "coordinates": [ -76.521975380378677, 3.355969098184506 ] } },
{ "type": "Feature", "properties": { "OBJECTID": 27795, "CE": "NPN Terreno -> Unidad", "CT": "", "ESTAMPA_CC": "2026-05-26 14:46:02" }, "geometry": { "type": "Point", "coordinates": [ -76.517402633931212, 3.362694502701078 ] } },
{ "type": "Feature", "properties": { "OBJECTID": 27799, "CE": "", "CT": "Condición: Condominio", "ESTAMPA_CC": "2026-05-26 14:46:02" }, "geometry": { "type": "Point", "coordinates": [ -76.545589165949167, 3.32349250663467 ] } },
{ "type": "Feature", "properties": { "OBJECTID": 27801, "CE": "NPN Terreno -> Unidad", "CT": "", "ESTAMPA_CC": "2026-05-26 14:46:02" }, "geometry": { "type": "Point", "coordinates": [ -76.52163044755082, 3.356128209657737 ] } },
{ "type": "Feature", "properties": { "OBJECTID": 27805, "CE": "NPN Terreno -> Unidad", "CT": "", "ESTAMPA_CC": "2026-05-26 14:46:02" }, "geometry": { "type": "Point", "coordinates": [ -76.521941178994851, 3.355523954474189 ] } },
{ "type": "Feature", "properties": { "OBJECTID": 27817, "CE": "NPN Terreno -> Unidad", "CT": "", "ESTAMPA_CC": "2026-05-26 14:46:02" }, "geometry": { "type": "Point", "coordinates": [ -76.521930479171516, 3.355966338197995 ] } },
{ "type": "Feature", "properties": { "OBJECTID": 27818, "CE": "NPN Terreno -> Unidad", "CT": "", "ESTAMPA_CC": "2026-05-26 14:46:02" }, "geometry": { "type": "Point", "coordinates": [ -76.517400931119369, 3.362617800820436 ] } },
{ "type": "Feature", "properties": { "OBJECTID": 27821, "CE": "NPN Terreno -> Unidad", "CT": "", "ESTAMPA_CC": "2026-05-26 14:46:02" }, "geometry": { "type": "Point", "coordinates": [ -76.517297789959201, 3.362696477106144 ] } },
{ "type": "Feature", "properties": { "OBJECTID": 27826, "CE": "NPN Terreno -> Unidad", "CT": "", "ESTAMPA_CC": "2026-05-26 14:46:02" }, "geometry": { "type": "Point", "coordinates": [ -76.522595107556427, 3.343585113279102 ] } },
{ "type": "Feature", "properties": { "OBJECTID": 27827, "CE": "", "CT": "Condición: Condominio", "ESTAMPA_CC": "2026-05-26 14:46:02" }, "geometry": { "type": "Point", "coordinates": [ -76.546812760324286, 3.324645302441253 ] } },
{ "type": "Feature", "properties": { "OBJECTID": 27828, "CE": "NPN Terreno -> Unidad", "CT": "", "ESTAMPA_CC": "2026-05-26 14:46:02" }, "geometry": { "type": "Point", "coordinates": [ -76.502882254057241, 3.354845204106847 ] } },
{ "type": "Feature", "properties": { "OBJECTID": 27830, "CE": "", "CT": "Condición: Condominio", "ESTAMPA_CC": "2026-05-26 14:46:02" }, "geometry": { "type": "Point", "coordinates": [ -76.547002989228773, 3.324456002335188 ] } },
{ "type": "Feature", "properties": { "OBJECTID": 27832, "CE": "NPN Terreno -> Unidad", "CT": "", "ESTAMPA_CC": "2026-05-26 14:46:02" }, "geometry": { "type": "Point", "coordinates": [ -76.52276490729534, 3.343060048786231 ] } },
{ "type": "Feature", "properties": { "OBJECTID": 27833, "CE": "NPN Terreno -> Unidad", "CT": "", "ESTAMPA_CC": "2026-05-26 14:46:02" }, "geometry": { "type": "Point", "coordinates": [ -76.522835668141482, 3.343497197496486 ] } },
{ "type": "Feature", "properties": { "OBJECTID": 27835, "CE": "NPN Terreno -> Unidad", "CT": "", "ESTAMPA_CC": "2026-05-26 14:46:02" }, "geometry": { "type": "Point", "coordinates": [ -76.522149890491164, 3.342977357853206 ] } },
{ "type": "Feature", "properties": { "OBJECTID": 27839, "CE": "NPN Terreno -> Unidad", "CT": "", "ESTAMPA_CC": "2026-05-26 14:46:02" }, "geometry": { "type": "Point", "coordinates": [ -76.521925269947133, 3.343190688767419 ] } },
{ "type": "Feature", "properties": { "OBJECTID": 27842, "CE": "NPN Terreno -> Unidad", "CT": "", "ESTAMPA_CC": "2026-05-26 14:46:02" }, "geometry": { "type": "Point", "coordinates": [ -76.521798612963266, 3.343166527068009 ] } },
{ "type": "Feature", "properties": { "OBJECTID": 27843, "CE": "NPN Terreno -> Unidad", "CT": "", "ESTAMPA_CC": "2026-05-26 14:46:02" }, "geometry": { "type": "Point", "coordinates": [ -76.521830594328932, 3.343046129974593 ] } },
{ "type": "Feature", "properties": { "OBJECTID": 27865, "CE": "NPN Terreno -> Unidad", "CT": "", "ESTAMPA_CC": "2026-05-26 14:46:02" }, "geometry": { "type": "Point", "coordinates": [ -76.517548175000101, 3.362421201940257 ] } },
{ "type": "Feature", "properties": { "OBJECTID": 27871, "CE": "NPN Terreno -> Unidad", "CT": "", "ESTAMPA_CC": "2026-05-26 14:46:02" }, "geometry": { "type": "Point", "coordinates": [ -76.517297789959201, 3.362696477106144 ] } },
{ "type": "Feature", "properties": { "OBJECTID": 27879, "CE": "", "CT": "Condición: Condominio", "ESTAMPA_CC": "2026-05-26 14:46:02" }, "geometry": { "type": "Point", "coordinates": [ -76.544520061241414, 3.324292475119513 ] } },
{ "type": "Feature", "properties": { "OBJECTID": 27881, "CE": "", "CT": "Condición: Condominio", "ESTAMPA_CC": "2026-05-26 14:46:02" }, "geometry": { "type": "Point", "coordinates": [ -76.544975750782058, 3.32502416263516 ] } },
{ "type": "Feature", "properties": { "OBJECTID": 27882, "CE": "NPN Terreno -> Unidad", "CT": "", "ESTAMPA_CC": "2026-05-26 14:46:02" }, "geometry": { "type": "Point", "coordinates": [ -76.521825818667821, 3.355760611145307 ] } },
{ "type": "Feature", "properties": { "OBJECTID": 27889, "CE": "", "CT": "Condición: Condominio", "ESTAMPA_CC": "2026-05-26 14:46:02" }, "geometry": { "type": "Point", "coordinates": [ -76.544936196365441, 3.324331375613921 ] } },
{ "type": "Feature", "properties": { "OBJECTID": 27896, "CE": "", "CT": "Condición: Condominio", "ESTAMPA_CC": "2026-05-26 14:46:02" }, "geometry": { "type": "Point", "coordinates": [ -76.545562136222443, 3.324068523698846 ] } },
{ "type": "Feature", "properties": { "OBJECTID": 27900, "CE": "NPN Terreno -> Unidad", "CT": "", "ESTAMPA_CC": "2026-05-26 14:46:02" }, "geometry": { "type": "Point", "coordinates": [ -76.521905233896248, 3.355973845304924 ] } },
{ "type": "Feature", "properties": { "OBJECTID": 27901, "CE": "NPN Terreno -> Unidad", "CT": "", "ESTAMPA_CC": "2026-05-26 14:46:02" }, "geometry": { "type": "Point", "coordinates": [ -76.51754807221424, 3.362410977313893 ] } },
{ "type": "Feature", "properties": { "OBJECTID": 27904, "CE": "NPN Terreno -> Unidad", "CT": "", "ESTAMPA_CC": "2026-05-26 14:46:02" }, "geometry": { "type": "Point", "coordinates": [ -76.522310648010958, 3.343308561581823 ] } },
{ "type": "Feature", "properties": { "OBJECTID": 27905, "CE": "NPN Terreno -> Unidad", "CT": "", "ESTAMPA_CC": "2026-05-26 14:46:02" }, "geometry": { "type": "Point", "coordinates": [ -76.502973965946751, 3.354915762782486 ] } },
{ "type": "Feature", "properties": { "OBJECTID": 27906, "CE": "", "CT": "Condición: Condominio", "ESTAMPA_CC": "2026-05-26 14:46:02" }, "geometry": { "type": "Point", "coordinates": [ -76.548126128382364, 3.324953304234419 ] } },
{ "type": "Feature", "properties": { "OBJECTID": 27909, "CE": "", "CT": "Condición: Condominio", "ESTAMPA_CC": "2026-05-26 14:46:02" }, "geometry": { "type": "Point", "coordinates": [ -76.548689373615716, 3.324526961137045 ] } },
{ "type": "Feature", "properties": { "OBJECTID": 27911, "CE": "NPN Terreno -> Unidad", "CT": "", "ESTAMPA_CC": "2026-05-26 14:46:02" }, "geometry": { "type": "Point", "coordinates": [ -76.522473391670857, 3.34325199579422 ] } },
{ "type": "Feature", "properties": { "OBJECTID": 27912, "CE": "NPN Terreno -> Unidad", "CT": "", "ESTAMPA_CC": "2026-05-26 14:46:02" }, "geometry": { "type": "Point", "coordinates": [ -76.522562484362737, 3.343507958020102 ] } },
{ "type": "Feature", "properties": { "OBJECTID": 27913, "CE": "", "CT": "Condición: Condominio", "ESTAMPA_CC": "2026-05-26 14:46:02" }, "geometry": { "type": "Point", "coordinates": [ -76.548531425841219, 3.324798866892658 ] } },
{ "type": "Feature", "properties": { "OBJECTID": 27914, "CE": "NPN Terreno -> Unidad", "CT": "", "ESTAMPA_CC": "2026-05-26 14:46:02" }, "geometry": { "type": "Point", "coordinates": [ -76.521925269947133, 3.343190688767419 ] } },
{ "type": "Feature", "properties": { "OBJECTID": 27915, "CE": "NPN Terreno -> Unidad", "CT": "", "ESTAMPA_CC": "2026-05-26 14:46:02" }, "geometry": { "type": "Point", "coordinates": [ -76.502952022958397, 3.354825511605401 ] } },
{ "type": "Feature", "properties": { "OBJECTID": 27917, "CE": "", "CT": "Condición: Condominio", "ESTAMPA_CC": "2026-05-26 14:46:02" }, "geometry": { "type": "Point", "coordinates": [ -76.548265381833488, 3.32478643931187 ] } },
{ "type": "Feature", "properties": { "OBJECTID": 27918, "CE": "NPN Terreno -> Unidad", "CT": "", "ESTAMPA_CC": "2026-05-26 14:46:02" }, "geometry": { "type": "Point", "coordinates": [ -76.522009031653241, 3.343313614273342 ] } },
{ "type": "Feature", "properties": { "OBJECTID": 27919, "CE": "NPN Terreno -> Unidad", "CT": "", "ESTAMPA_CC": "2026-05-26 14:46:02" }, "geometry": { "type": "Point", "coordinates": [ -76.522446315647045, 3.343165928783737 ] } },
{ "type": "Feature", "properties": { "OBJECTID": 27920, "CE": "NPN Terreno -> Unidad", "CT": "", "ESTAMPA_CC": "2026-05-26 14:46:02" }, "geometry": { "type": "Point", "coordinates": [ -76.502729397834017, 3.354978378630108 ] } },
{ "type": "Feature", "properties": { "OBJECTID": 27921, "CE": "", "CT": "Condición: Condominio", "ESTAMPA_CC": "2026-05-26 14:46:02" }, "geometry": { "type": "Point", "coordinates": [ -76.547796011136228, 3.324936715470723 ] } },
{ "type": "Feature", "properties": { "OBJECTID": 27923, "CE": "NPN Terreno -> Unidad", "CT": "", "ESTAMPA_CC": "2026-05-26 14:46:02" }, "geometry": { "type": "Point", "coordinates": [ -76.521872965111058, 3.355763509023261 ] } },
{ "type": "Feature", "properties": { "OBJECTID": 27929, "CE": "NPN Terreno -> Unidad", "CT": "", "ESTAMPA_CC": "2026-05-26 14:46:02" }, "geometry": { "type": "Point", "coordinates": [ -76.521617056357414, 3.355808020553339 ] } },
{ "type": "Feature", "properties": { "OBJECTID": 27933, "CE": "", "CT": "Condición: Condominio", "ESTAMPA_CC": "2026-05-26 14:46:02" }, "geometry": { "type": "Point", "coordinates": [ -76.54451418536803, 3.324164875858928 ] } },
{ "type": "Feature", "properties": { "OBJECTID": 27938, "CE": "NPN Terreno -> Unidad", "CT": "", "ESTAMPA_CC": "2026-05-26 14:46:02" }, "geometry": { "type": "Point", "coordinates": [ -76.521740416332747, 3.356151525074822 ] } },
{ "type": "Feature", "properties": { "OBJECTID": 27946, "CE": "NPN Terreno -> Unidad", "CT": "", "ESTAMPA_CC": "2026-05-26 14:46:02" }, "geometry": { "type": "Point", "coordinates": [ -76.517310511239742, 3.362511794163837 ] } },
{ "type": "Feature", "properties": { "OBJECTID": 27949, "CE": "NPN Terreno -> Unidad", "CT": "", "ESTAMPA_CC": "2026-05-26 14:46:02" }, "geometry": { "type": "Point", "coordinates": [ -76.521843764914053, 3.355836009600545 ] } },
{ "type": "Feature", "properties": { "OBJECTID": 27963, "CE": "NPN Terreno -> Unidad", "CT": "", "ESTAMPA_CC": "2026-05-26 14:46:02" }, "geometry": { "type": "Point", "coordinates": [ -76.521712120322093, 3.355517715840368 ] } },
{ "type": "Feature", "properties": { "OBJECTID": 27967, "CE": "NPN Terreno -> Unidad", "CT": "", "ESTAMPA_CC": "2026-05-26 14:46:02" }, "geometry": { "type": "Point", "coordinates": [ -76.517355427168823, 3.362514306167605 ] } },
{ "type": "Feature", "properties": { "OBJECTID": 27970, "CE": "NPN Terreno -> Unidad", "CT": "", "ESTAMPA_CC": "2026-05-26 14:46:02" }, "geometry": { "type": "Point", "coordinates": [ -76.517505546168422, 3.362596433249789 ] } },
{ "type": "Feature", "properties": { "OBJECTID": 27976, "CE": "NPN Terreno -> Unidad", "CT": "", "ESTAMPA_CC": "2026-05-26 14:46:02" }, "geometry": { "type": "Point", "coordinates": [ -76.52186345711948, 3.356068169527509 ] } },
{ "type": "Feature", "properties": { "OBJECTID": 27979, "CE": "NPN Terreno -> Unidad", "CT": "", "ESTAMPA_CC": "2026-05-26 14:46:02" }, "geometry": { "type": "Point", "coordinates": [ -76.521622713614292, 3.355715062167687 ] } },
{ "type": "Feature", "properties": { "OBJECTID": 27980, "CE": "", "CT": "Condición: Condominio", "ESTAMPA_CC": "2026-05-26 14:46:02" }, "geometry": { "type": "Point", "coordinates": [ -76.545686626732888, 3.324082091913082 ] } },
{ "type": "Feature", "properties": { "OBJECTID": 27984, "CE": "NPN Terreno -> Unidad", "CT": "", "ESTAMPA_CC": "2026-05-26 14:46:02" }, "geometry": { "type": "Point", "coordinates": [ -76.502799167217873, 3.354958686139903 ] } },
{ "type": "Feature", "properties": { "OBJECTID": 27985, "CE": "NPN Terreno -> Unidad", "CT": "", "ESTAMPA_CC": "2026-05-26 14:46:02" }, "geometry": { "type": "Point", "coordinates": [ -76.52224275162358, 3.343707585240346 ] } },
{ "type": "Feature", "properties": { "OBJECTID": 27986, "CE": "NPN Terreno -> Unidad", "CT": "", "ESTAMPA_CC": "2026-05-26 14:46:02" }, "geometry": { "type": "Point", "coordinates": [ -76.522595107556427, 3.343585113279102 ] } },
{ "type": "Feature", "properties": { "OBJECTID": 27989, "CE": "", "CT": "Condición: Condominio", "ESTAMPA_CC": "2026-05-26 14:46:02" }, "geometry": { "type": "Point", "coordinates": [ -76.547926851246658, 3.324961775515166 ] } },
{ "type": "Feature", "properties": { "OBJECTID": 27990, "CE": "NPN Terreno -> Unidad", "CT": "", "ESTAMPA_CC": "2026-05-26 14:46:02" }, "geometry": { "type": "Point", "coordinates": [ -76.502777224632368, 3.35486843586298 ] } },
{ "type": "Feature", "properties": { "OBJECTID": 27991, "CE": "", "CT": "Condición: Condominio", "ESTAMPA_CC": "2026-05-26 14:46:02" }, "geometry": { "type": "Point", "coordinates": [ -76.548717101297441, 3.325223707366387 ] } },
{ "type": "Feature", "properties": { "OBJECTID": 27992, "CE": "", "CT": "Condición: Condominio", "ESTAMPA_CC": "2026-05-26 14:46:02" }, "geometry": { "type": "Point", "coordinates": [ -76.547100312745016, 3.324755691113114 ] } },
{ "type": "Feature", "properties": { "OBJECTID": 27993, "CE": "NPN Terreno -> Unidad", "CT": "", "ESTAMPA_CC": "2026-05-26 14:46:02" }, "geometry": { "type": "Point", "coordinates": [ -76.502952022958397, 3.354825511605401 ] } },
{ "type": "Feature", "properties": { "OBJECTID": 27995, "CE": "", "CT": "Condición: Condominio", "ESTAMPA_CC": "2026-05-26 14:46:02" }, "geometry": { "type": "Point", "coordinates": [ -76.547199071328379, 3.32448238756558 ] } },
{ "type": "Feature", "properties": { "OBJECTID": 27997, "CE": "", "CT": "Condición: Condominio", "ESTAMPA_CC": "2026-05-26 14:46:02" }, "geometry": { "type": "Point", "coordinates": [ -76.547192592298401, 3.325214937265052 ] } },
{ "type": "Feature", "properties": { "OBJECTID": 27999, "CE": "", "CT": "Condición: Condominio", "ESTAMPA_CC": "2026-05-26 14:46:02" }, "geometry": { "type": "Point", "coordinates": [ -76.54802950957172, 3.324498012339201 ] } },
{ "type": "Feature", "properties": { "OBJECTID": 28000, "CE": "", "CT": "Condición: Condominio", "ESTAMPA_CC": "2026-05-26 14:46:02" }, "geometry": { "type": "Point", "coordinates": [ -76.547134240563508, 3.324462114639487 ] } },
{ "type": "Feature", "properties": { "OBJECTID": 28004, "CE": "NPN Terreno -> Unidad", "CT": "", "ESTAMPA_CC": "2026-05-26 14:46:02" }, "geometry": { "type": "Point", "coordinates": [ -76.517296087279135, 3.362619775225316 ] } },
{ "type": "Feature", "properties": { "OBJECTID": 28008, "CE": "NPN Terreno -> Unidad", "CT": "", "ESTAMPA_CC": "2026-05-26 14:46:02" }, "geometry": { "type": "Point", "coordinates": [ -76.521751278046665, 3.355837559057301 ] } },
{ "type": "Feature", "properties": { "OBJECTID": 28019, "CE": "NPN Terreno -> Unidad", "CT": "", "ESTAMPA_CC": "2026-05-26 14:46:02" }, "geometry": { "type": "Point", "coordinates": [ -76.517156169818904, 3.362490725449822 ] } },
{ "type": "Feature", "properties": { "OBJECTID": 28028, "CE": "", "CT": "Condición: Condominio", "ESTAMPA_CC": "2026-05-26 14:46:02" }, "geometry": { "type": "Point", "coordinates": [ -76.545913057177557, 3.323478499762329 ] } },
{ "type": "Feature", "properties": { "OBJECTID": 28032, "CE": "NPN Terreno -> Unidad", "CT": "", "ESTAMPA_CC": "2026-05-26 14:46:02" }, "geometry": { "type": "Point", "coordinates": [ -76.517555275049986, 3.362285760931332 ] } },
{ "type": "Feature", "properties": { "OBJECTID": 28034, "CE": "NPN Terreno -> Unidad", "CT": "", "ESTAMPA_CC": "2026-05-26 14:46:02" }, "geometry": { "type": "Point", "coordinates": [ -76.517505546168422, 3.362596433249789 ] } },
{ "type": "Feature", "properties": { "OBJECTID": 28038, "CE": "NPN Terreno -> Unidad", "CT": "", "ESTAMPA_CC": "2026-05-26 14:46:02" }, "geometry": { "type": "Point", "coordinates": [ -76.517400931119369, 3.362617800820436 ] } },
{ "type": "Feature", "properties": { "OBJECTID": 28041, "CE": "", "CT": "Condición: Condominio", "ESTAMPA_CC": "2026-05-26 14:46:02" }, "geometry": { "type": "Point", "coordinates": [ -76.548369537114198, 3.325417215582684 ] } },
{ "type": "Feature", "properties": { "OBJECTID": 28042, "CE": "", "CT": "Condición: Condominio", "ESTAMPA_CC": "2026-05-26 14:46:02" }, "geometry": { "type": "Point", "coordinates": [ -76.547324673808149, 3.324928540491858 ] } },
{ "type": "Feature", "properties": { "OBJECTID": 28043, "CE": "NPN Terreno -> Unidad", "CT": "", "ESTAMPA_CC": "2026-05-26 14:46:02" }, "geometry": { "type": "Point", "coordinates": [ -76.522835668141482, 3.343497197496486 ] } },
{ "type": "Feature", "properties": { "OBJECTID": 28044, "CE": "NPN Terreno -> Unidad", "CT": "", "ESTAMPA_CC": "2026-05-26 14:46:02" }, "geometry": { "type": "Point", "coordinates": [ -76.522645848122963, 3.343467697245583 ] } },
{ "type": "Feature", "properties": { "OBJECTID": 28045, "CE": "NPN Terreno -> Unidad", "CT": "", "ESTAMPA_CC": "2026-05-26 14:46:02" }, "geometry": { "type": "Point", "coordinates": [ -76.5222934919843, 3.343590169225657 ] } },
{ "type": "Feature", "properties": { "OBJECTID": 28046, "CE": "", "CT": "Condición: Condominio", "ESTAMPA_CC": "2026-05-26 14:46:02" }, "geometry": { "type": "Point", "coordinates": [ -76.547870999942006, 3.32474717164418 ] } },
{ "type": "Feature", "properties": { "OBJECTID": 28048, "CE": "", "CT": "Condición: Condominio", "ESTAMPA_CC": "2026-05-26 14:46:02" }, "geometry": { "type": "Point", "coordinates": [ -76.546836743866663, 3.324775152177747 ] } },
{ "type": "Feature", "properties": { "OBJECTID": 28050, "CE": "NPN Terreno -> Unidad", "CT": "", "ESTAMPA_CC": "2026-05-26 14:46:02" }, "geometry": { "type": "Point", "coordinates": [ -76.522326818199303, 3.342924076099606 ] } },
{ "type": "Feature", "properties": { "OBJECTID": 28052, "CE": "", "CT": "Condición: Condominio", "ESTAMPA_CC": "2026-05-26 14:46:02" }, "geometry": { "type": "Point", "coordinates": [ -76.548095274888098, 3.32449801088652 ] } },
{ "type": "Feature", "properties": { "OBJECTID": 28053, "CE": "NPN Terreno -> Unidad", "CT": "", "ESTAMPA_CC": "2026-05-26 14:46:02" }, "geometry": { "type": "Point", "coordinates": [ -76.502973965946751, 3.354915762782486 ] } },
{ "type": "Feature", "properties": { "OBJECTID": 28054, "CE": "NPN Terreno -> Unidad", "CT": "", "ESTAMPA_CC": "2026-05-26 14:46:02" }, "geometry": { "type": "Point", "coordinates": [ -76.521925269947133, 3.343190688767419 ] } },
{ "type": "Feature", "properties": { "OBJECTID": 28056, "CE": "NPN Terreno -> Unidad", "CT": "", "ESTAMPA_CC": "2026-05-26 14:46:02" }, "geometry": { "type": "Point", "coordinates": [ -76.521958291372428, 3.343431030724927 ] } },
{ "type": "Feature", "properties": { "OBJECTID": 28059, "CE": "NPN Terreno -> Unidad", "CT": "", "ESTAMPA_CC": "2026-05-26 14:46:02" }, "geometry": { "type": "Point", "coordinates": [ -76.522672923956591, 3.343553763346184 ] } },
{ "type": "Feature", "properties": { "OBJECTID": 28060, "CE": "", "CT": "Condición: Condominio", "ESTAMPA_CC": "2026-05-26 14:46:02" }, "geometry": { "type": "Point", "coordinates": [ -76.547134240563508, 3.324462114639487 ] } },
{ "type": "Feature", "properties": { "OBJECTID": 28062, "CE": "NPN Terreno -> Unidad", "CT": "", "ESTAMPA_CC": "2026-05-26 14:46:02" }, "geometry": { "type": "Point", "coordinates": [ -76.522204398455031, 3.343334203357762 ] } },
{ "type": "Feature", "properties": { "OBJECTID": 28063, "CE": "NPN Terreno -> Unidad", "CT": "", "ESTAMPA_CC": "2026-05-26 14:46:02" }, "geometry": { "type": "Point", "coordinates": [ -76.522483312240766, 3.343619669547001 ] } },
{ "type": "Feature", "properties": { "OBJECTID": 28066, "CE": "NPN Terreno -> Unidad", "CT": "", "ESTAMPA_CC": "2026-05-26 14:46:02" }, "geometry": { "type": "Point", "coordinates": [ -76.522283571731322, 3.343222495470893 ] } },
{ "type": "Feature", "properties": { "OBJECTID": 28067, "CE": "NPN Terreno -> Unidad", "CT": "", "ESTAMPA_CC": "2026-05-26 14:46:02" }, "geometry": { "type": "Point", "coordinates": [ -76.502777224632368, 3.35486843586298 ] } },
{ "type": "Feature", "properties": { "OBJECTID": 28068, "CE": "NPN Terreno -> Unidad", "CT": "", "ESTAMPA_CC": "2026-05-26 14:46:02" }, "geometry": { "type": "Point", "coordinates": [ -76.521776415066569, 3.342967598081725 ] } },
{ "type": "Feature", "properties": { "OBJECTID": 28070, "CE": "", "CT": "Condición: Condominio", "ESTAMPA_CC": "2026-05-26 14:46:02" }, "geometry": { "type": "Point", "coordinates": [ -76.54836953674014, 3.325417221912055 ] } },
{ "type": "Feature", "properties": { "OBJECTID": 28071, "CE": "", "CT": "Condición: Condominio", "ESTAMPA_CC": "2026-05-26 14:46:02" }, "geometry": { "type": "Point", "coordinates": [ -76.54844324916921, 3.325244250145799 ] } },
{ "type": "Feature", "properties": { "OBJECTID": 28072, "CE": "", "CT": "Condición: Condominio", "ESTAMPA_CC": "2026-05-26 14:46:02" }, "geometry": { "type": "Point", "coordinates": [ -76.548134119052733, 3.324780291900698 ] } },
{ "type": "Feature", "properties": { "OBJECTID": 28073, "CE": "NPN Terreno -> Unidad", "CT": "", "ESTAMPA_CC": "2026-05-26 14:46:02" }, "geometry": { "type": "Point", "coordinates": [ -76.522947463166574, 3.3434626411871 ] } },
{ "type": "Feature", "properties": { "OBJECTID": 28075, "CE": "NPN Terreno -> Unidad", "CT": "", "ESTAMPA_CC": "2026-05-26 14:46:02" }, "geometry": { "type": "Point", "coordinates": [ -76.522446315647045, 3.343165928783737 ] } },
{ "type": "Feature", "properties": { "OBJECTID": 28076, "CE": "NPN Terreno -> Unidad", "CT": "", "ESTAMPA_CC": "2026-05-26 14:46:02" }, "geometry": { "type": "Point", "coordinates": [ -76.521835567349271, 3.343236684337799 ] } },
{ "type": "Feature", "properties": { "OBJECTID": 28079, "CE": "NPN Terreno -> Unidad", "CT": "", "ESTAMPA_CC": "2026-05-26 14:46:02" }, "geometry": { "type": "Point", "coordinates": [ -76.517402633931212, 3.362694502701078 ] } },
{ "type": "Feature", "properties": { "OBJECTID": 28085, "CE": "NPN Terreno -> Unidad", "CT": "", "ESTAMPA_CC": "2026-05-26 14:46:02" }, "geometry": { "type": "Point", "coordinates": [ -76.52183563681433, 3.355969567658858 ] } },
{ "type": "Feature", "properties": { "OBJECTID": 28089, "CE": "NPN Terreno -> Unidad", "CT": "", "ESTAMPA_CC": "2026-05-26 14:46:02" }, "geometry": { "type": "Point", "coordinates": [ -76.517402633931212, 3.362694502701078 ] } },
{ "type": "Feature", "properties": { "OBJECTID": 28094, "CE": "NPN Terreno -> Unidad", "CT": "", "ESTAMPA_CC": "2026-05-26 14:46:02" }, "geometry": { "type": "Point", "coordinates": [ -76.51755764143293, 3.362240618147916 ] } },
{ "type": "Feature", "properties": { "OBJECTID": 28099, "CE": "", "CT": "Condición: Condominio", "ESTAMPA_CC": "2026-05-26 14:46:02" }, "geometry": { "type": "Point", "coordinates": [ -76.545799829309573, 3.325279207893889 ] } },
{ "type": "Feature", "properties": { "OBJECTID": 28111, "CE": "NPN Terreno -> Unidad", "CT": "", "ESTAMPA_CC": "2026-05-26 14:46:02" }, "geometry": { "type": "Point", "coordinates": [ -76.517455118970005, 3.362303723327361 ] } },
{ "type": "Feature", "properties": { "OBJECTID": 28116, "CE": "", "CT": "Condición: Condominio", "ESTAMPA_CC": "2026-05-26 14:46:02" }, "geometry": { "type": "Point", "coordinates": [ -76.545106636682107, 3.324816410285079 ] } },
{ "type": "Feature", "properties": { "OBJECTID": 28118, "CE": "NPN Terreno -> Unidad", "CT": "", "ESTAMPA_CC": "2026-05-26 14:46:02" }, "geometry": { "type": "Point", "coordinates": [ -76.502707455511384, 3.354888127899481 ] } },
{ "type": "Feature", "properties": { "OBJECTID": 28119, "CE": "NPN Terreno -> Unidad", "CT": "", "ESTAMPA_CC": "2026-05-26 14:46:02" }, "geometry": { "type": "Point", "coordinates": [ -76.522156726077313, 3.342897071289568 ] } },
{ "type": "Feature", "properties": { "OBJECTID": 28120, "CE": "NPN Terreno -> Unidad", "CT": "", "ESTAMPA_CC": "2026-05-26 14:46:02" }, "geometry": { "type": "Point", "coordinates": [ -76.522524132010616, 3.343134578863012 ] } },
{ "type": "Feature", "properties": { "OBJECTID": 28121, "CE": "NPN Terreno -> Unidad", "CT": "", "ESTAMPA_CC": "2026-05-26 14:46:02" }, "geometry": { "type": "Point", "coordinates": [ -76.522998203217327, 3.34334522423056 ] } },
{ "type": "Feature", "properties": { "OBJECTID": 28122, "CE": "NPN Terreno -> Unidad", "CT": "", "ESTAMPA_CC": "2026-05-26 14:46:02" }, "geometry": { "type": "Point", "coordinates": [ -76.522473391670857, 3.34325199579422 ] } },
{ "type": "Feature", "properties": { "OBJECTID": 28123, "CE": "NPN Terreno -> Unidad", "CT": "", "ESTAMPA_CC": "2026-05-26 14:46:02" }, "geometry": { "type": "Point", "coordinates": [ -76.522757851302785, 3.343528547442742 ] } },
{ "type": "Feature", "properties": { "OBJECTID": 28124, "CE": "NPN Terreno -> Unidad", "CT": "", "ESTAMPA_CC": "2026-05-26 14:46:02" }, "geometry": { "type": "Point", "coordinates": [ -76.522093958323921, 3.343288397977185 ] } },
{ "type": "Feature", "properties": { "OBJECTID": 28126, "CE": "", "CT": "Condición: Condominio", "ESTAMPA_CC": "2026-05-26 14:46:02" }, "geometry": { "type": "Point", "coordinates": [ -76.546794066456243, 3.324577091464776 ] } },
{ "type": "Feature", "properties": { "OBJECTID": 28127, "CE": "", "CT": "Condición: Condominio", "ESTAMPA_CC": "2026-05-26 14:46:02" }, "geometry": { "type": "Point", "coordinates": [ -76.546895808993526, 3.325159893237227 ] } },
{ "type": "Feature", "properties": { "OBJECTID": 28128, "CE": "NPN Terreno -> Unidad", "CT": "", "ESTAMPA_CC": "2026-05-26 14:46:02" }, "geometry": { "type": "Point", "coordinates": [ -76.522998203217327, 3.34334522423056 ] } },
{ "type": "Feature", "properties": { "OBJECTID": 28129, "CE": "", "CT": "Condición: Condominio", "ESTAMPA_CC": "2026-05-26 14:46:02" }, "geometry": { "type": "Point", "coordinates": [ -76.547349519207515, 3.325059584179322 ] } },
{ "type": "Feature", "properties": { "OBJECTID": 28131, "CE": "NPN Terreno -> Unidad", "CT": "", "ESTAMPA_CC": "2026-05-26 14:46:02" }, "geometry": { "type": "Point", "coordinates": [ -76.521925269947133, 3.343190688767419 ] } },
{ "type": "Feature", "properties": { "OBJECTID": 28132, "CE": "NPN Terreno -> Unidad", "CT": "", "ESTAMPA_CC": "2026-05-26 14:46:02" }, "geometry": { "type": "Point", "coordinates": [ -76.522234392474203, 3.342994802323505 ] } },
{ "type": "Feature", "properties": { "OBJECTID": 28133, "CE": "NPN Terreno -> Unidad", "CT": "", "ESTAMPA_CC": "2026-05-26 14:46:02" }, "geometry": { "type": "Point", "coordinates": [ -76.522149890491164, 3.342977357853206 ] } },
{ "type": "Feature", "properties": { "OBJECTID": 28134, "CE": "NPN Terreno -> Unidad", "CT": "", "ESTAMPA_CC": "2026-05-26 14:46:02" }, "geometry": { "type": "Point", "coordinates": [ -76.522156726077313, 3.342897071289568 ] } },
{ "type": "Feature", "properties": { "OBJECTID": 28135, "CE": "NPN Terreno -> Unidad", "CT": "", "ESTAMPA_CC": "2026-05-26 14:46:02" }, "geometry": { "type": "Point", "coordinates": [ -76.522041654847868, 3.343390769551358 ] } },
{ "type": "Feature", "properties": { "OBJECTID": 28137, "CE": "NPN Terreno -> Unidad", "CT": "", "ESTAMPA_CC": "2026-05-26 14:46:02" }, "geometry": { "type": "Point", "coordinates": [ -76.522372872268676, 3.343573863746768 ] } },
{ "type": "Feature", "properties": { "OBJECTID": 28138, "CE": "", "CT": "Condición: Condominio", "ESTAMPA_CC": "2026-05-26 14:46:02" }, "geometry": { "type": "Point", "coordinates": [ -76.548434321031095, 3.325437486165328 ] } },
{ "type": "Feature", "properties": { "OBJECTID": 28139, "CE": "NPN Terreno -> Unidad", "CT": "", "ESTAMPA_CC": "2026-05-26 14:46:02" }, "geometry": { "type": "Point", "coordinates": [ -76.502904197035662, 3.354935455285543 ] } },
{ "type": "Feature", "properties": { "OBJECTID": 28140, "CE": "NPN Terreno -> Unidad", "CT": "", "ESTAMPA_CC": "2026-05-26 14:46:02" }, "geometry": { "type": "Point", "coordinates": [ -76.522319982521978, 3.34300436221237 ] } },
{ "type": "Feature", "properties": { "OBJECTID": 28142, "CE": "", "CT": "Condición: Condominio", "ESTAMPA_CC": "2026-05-26 14:46:02" }, "geometry": { "type": "Point", "coordinates": [ -76.548720388939316, 3.325152556240982 ] } },
{ "type": "Feature", "properties": { "OBJECTID": 28146, "CE": "", "CT": "Condición: Condominio", "ESTAMPA_CC": "2026-05-26 14:46:02" }, "geometry": { "type": "Point", "coordinates": [ -76.546870949930877, 3.325028852250855 ] } },
{ "type": "Feature", "properties": { "OBJECTID": 28148, "CE": "NPN Terreno -> Unidad", "CT": "", "ESTAMPA_CC": "2026-05-26 14:46:02" }, "geometry": { "type": "Point", "coordinates": [ -76.522234392474203, 3.342994802323505 ] } },
{ "type": "Feature", "properties": { "OBJECTID": 28149, "CE": "NPN Terreno -> Unidad", "CT": "", "ESTAMPA_CC": "2026-05-26 14:46:02" }, "geometry": { "type": "Point", "coordinates": [ -76.522473391670857, 3.34325199579422 ] } },
{ "type": "Feature", "properties": { "OBJECTID": 28150, "CE": "NPN Terreno -> Unidad", "CT": "", "ESTAMPA_CC": "2026-05-26 14:46:02" }, "geometry": { "type": "Point", "coordinates": [ -76.502707455511384, 3.354888127899481 ] } },
{ "type": "Feature", "properties": { "OBJECTID": 28151, "CE": "NPN Terreno -> Unidad", "CT": "", "ESTAMPA_CC": "2026-05-26 14:46:02" }, "geometry": { "type": "Point", "coordinates": [ -76.523188023483925, 3.343374724411023 ] } },
{ "type": "Feature", "properties": { "OBJECTID": 28152, "CE": "NPN Terreno -> Unidad", "CT": "", "ESTAMPA_CC": "2026-05-26 14:46:02" }, "geometry": { "type": "Point", "coordinates": [ -76.502799167217873, 3.354958686139903 ] } },
{ "type": "Feature", "properties": { "OBJECTID": 28165, "CE": "NPN Terreno -> Unidad", "CT": "", "ESTAMPA_CC": "2026-05-26 14:46:02" }, "geometry": { "type": "Point", "coordinates": [ -76.517297789959201, 3.362696477106144 ] } },
{ "type": "Feature", "properties": { "OBJECTID": 28168, "CE": "NPN Terreno -> Unidad", "CT": "", "ESTAMPA_CC": "2026-05-26 14:46:02" }, "geometry": { "type": "Point", "coordinates": [ -76.517554670174448, 3.362291811795834 ] } },
{ "type": "Feature", "properties": { "OBJECTID": 28175, "CE": "", "CT": "Condición: Condominio", "ESTAMPA_CC": "2026-05-26 14:46:02" }, "geometry": { "type": "Point", "coordinates": [ -76.545788562923946, 3.32347222299851 ] } },
{ "type": "Feature", "properties": { "OBJECTID": 28186, "CE": "NPN Terreno -> Unidad", "CT": "", "ESTAMPA_CC": "2026-05-26 14:46:02" }, "geometry": { "type": "Point", "coordinates": [ -76.521812320533741, 3.355516009499642 ] } },
{ "type": "Feature", "properties": { "OBJECTID": 28193, "CE": "NPN Terreno -> Unidad", "CT": "", "ESTAMPA_CC": "2026-05-26 14:46:02" }, "geometry": { "type": "Point", "coordinates": [ -76.522757851302785, 3.343528547442742 ] } },
{ "type": "Feature", "properties": { "OBJECTID": 28195, "CE": "NPN Terreno -> Unidad", "CT": "", "ESTAMPA_CC": "2026-05-26 14:46:02" }, "geometry": { "type": "Point", "coordinates": [ -76.52224275162358, 3.343707585240346 ] } },
{ "type": "Feature", "properties": { "OBJECTID": 28196, "CE": "NPN Terreno -> Unidad", "CT": "", "ESTAMPA_CC": "2026-05-26 14:46:02" }, "geometry": { "type": "Point", "coordinates": [ -76.521871091103819, 3.34311215733205 ] } },
{ "type": "Feature", "properties": { "OBJECTID": 28198, "CE": "NPN Terreno -> Unidad", "CT": "", "ESTAMPA_CC": "2026-05-26 14:46:02" }, "geometry": { "type": "Point", "coordinates": [ -76.502952022958397, 3.354825511605401 ] } },
{ "type": "Feature", "properties": { "OBJECTID": 28200, "CE": "NPN Terreno -> Unidad", "CT": "", "ESTAMPA_CC": "2026-05-26 14:46:02" }, "geometry": { "type": "Point", "coordinates": [ -76.52224275162358, 3.343707585240346 ] } },
{ "type": "Feature", "properties": { "OBJECTID": 28201, "CE": "NPN Terreno -> Unidad", "CT": "", "ESTAMPA_CC": "2026-05-26 14:46:02" }, "geometry": { "type": "Point", "coordinates": [ -76.522792028953134, 3.34314609047009 ] } },
{ "type": "Feature", "properties": { "OBJECTID": 28202, "CE": "", "CT": "Condición: Condominio", "ESTAMPA_CC": "2026-05-26 14:46:02" }, "geometry": { "type": "Point", "coordinates": [ -76.547358773003069, 3.325182451679716 ] } },
{ "type": "Feature", "properties": { "OBJECTID": 28203, "CE": "NPN Terreno -> Unidad", "CT": "", "ESTAMPA_CC": "2026-05-26 14:46:02" }, "geometry": { "type": "Point", "coordinates": [ -76.502799167217873, 3.354958686139903 ] } },
{ "type": "Feature", "properties": { "OBJECTID": 28206, "CE": "", "CT": "Condición: Condominio", "ESTAMPA_CC": "2026-05-26 14:46:02" }, "geometry": { "type": "Point", "coordinates": [ -76.546768941744929, 3.324446790565883 ] } },
{ "type": "Feature", "properties": { "OBJECTID": 28208, "CE": "NPN Terreno -> Unidad", "CT": "", "ESTAMPA_CC": "2026-05-26 14:46:02" }, "geometry": { "type": "Point", "coordinates": [ -76.502729397834017, 3.354978378630108 ] } },
{ "type": "Feature", "properties": { "OBJECTID": 28210, "CE": "NPN Terreno -> Unidad", "CT": "", "ESTAMPA_CC": "2026-05-26 14:46:02" }, "geometry": { "type": "Point", "coordinates": [ -76.502973965946751, 3.354915762782486 ] } },
{ "type": "Feature", "properties": { "OBJECTID": 28211, "CE": "NPN Terreno -> Unidad", "CT": "", "ESTAMPA_CC": "2026-05-26 14:46:02" }, "geometry": { "type": "Point", "coordinates": [ -76.546589417316383, 3.323228198296 ] } },
{ "type": "Feature", "properties": { "OBJECTID": 28212, "CE": "NPN Terreno -> Unidad", "CT": "", "ESTAMPA_CC": "2026-05-26 14:46:02" }, "geometry": { "type": "Point", "coordinates": [ -76.522672923956591, 3.343553763346184 ] } },
{ "type": "Feature", "properties": { "OBJECTID": 28213, "CE": "NPN Terreno -> Unidad", "CT": "", "ESTAMPA_CC": "2026-05-26 14:46:02" }, "geometry": { "type": "Point", "coordinates": [ -76.522404484924593, 3.343021806667532 ] } },
{ "type": "Feature", "properties": { "OBJECTID": 28215, "CE": "", "CT": "Condición: Condominio", "ESTAMPA_CC": "2026-05-26 14:46:02" }, "geometry": { "type": "Point", "coordinates": [ -76.548358283954286, 3.324529710595291 ] } },
{ "type": "Feature", "properties": { "OBJECTID": 28216, "CE": "NPN Terreno -> Unidad", "CT": "", "ESTAMPA_CC": "2026-05-26 14:46:02" }, "geometry": { "type": "Point", "coordinates": [ -76.521871091103819, 3.34311215733205 ] } },
{ "type": "Feature", "properties": { "OBJECTID": 28219, "CE": "", "CT": "Condición: Condominio", "ESTAMPA_CC": "2026-05-26 14:46:02" }, "geometry": { "type": "Point", "coordinates": [ -76.547198696812998, 3.325277711216169 ] } },
{ "type": "Feature", "properties": { "OBJECTID": 28221, "CE": "", "CT": "Condición: Condominio", "ESTAMPA_CC": "2026-05-26 14:46:02" }, "geometry": { "type": "Point", "coordinates": [ -76.548359153592884, 3.324509433114604 ] } },
{ "type": "Feature", "properties": { "OBJECTID": 28223, "CE": "NPN Terreno -> Unidad", "CT": "", "ESTAMPA_CC": "2026-05-26 14:46:02" }, "geometry": { "type": "Point", "coordinates": [ -76.502729397834017, 3.354978378630108 ] } },
{ "type": "Feature", "properties": { "OBJECTID": 28224, "CE": "NPN Terreno -> Unidad", "CT": "", "ESTAMPA_CC": "2026-05-26 14:46:02" }, "geometry": { "type": "Point", "coordinates": [ -76.522093958323921, 3.343288397977185 ] } },
{ "type": "Feature", "properties": { "OBJECTID": 28225, "CE": "", "CT": "Condición: Condominio", "ESTAMPA_CC": "2026-05-26 14:46:02" }, "geometry": { "type": "Point", "coordinates": [ -76.547334614166616, 3.324994304051522 ] } },
{ "type": "Feature", "properties": { "OBJECTID": 28227, "CE": "NPN Terreno -> Unidad", "CT": "", "ESTAMPA_CC": "2026-05-26 14:46:02" }, "geometry": { "type": "Point", "coordinates": [ -76.522483312240766, 3.343619669547001 ] } },
{ "type": "Feature", "properties": { "OBJECTID": 28232, "CE": "", "CT": "Condición: Condominio", "ESTAMPA_CC": "2026-05-26 14:46:02" }, "geometry": { "type": "Point", "coordinates": [ -76.54486697922566, 3.323741794056914 ] } },
{ "type": "Feature", "properties": { "OBJECTID": 28235, "CE": "NPN Terreno -> Unidad", "CT": "", "ESTAMPA_CC": "2026-05-26 14:46:02" }, "geometry": { "type": "Point", "coordinates": [ -76.521618429562537, 3.355785457294106 ] } },
{ "type": "Feature", "properties": { "OBJECTID": 28237, "CE": "", "CT": "Condición: Condominio", "ESTAMPA_CC": "2026-05-26 14:46:02" }, "geometry": { "type": "Point", "coordinates": [ -76.545545351251931, 3.324988873401198 ] } },
{ "type": "Feature", "properties": { "OBJECTID": 28238, "CE": "", "CT": "Condición: Condominio", "ESTAMPA_CC": "2026-05-26 14:46:02" }, "geometry": { "type": "Point", "coordinates": [ -76.545467678640634, 3.325225305904041 ] } },
{ "type": "Feature", "properties": { "OBJECTID": 28241, "CE": "", "CT": "Condición: Condominio", "ESTAMPA_CC": "2026-05-26 14:46:02" }, "geometry": { "type": "Point", "coordinates": [ -76.545415295979097, 3.324944282869178 ] } },
{ "type": "Feature", "properties": { "OBJECTID": 28242, "CE": "NPN Terreno -> Unidad", "CT": "", "ESTAMPA_CC": "2026-05-26 14:46:02" }, "geometry": { "type": "Point", "coordinates": [ -76.521729342881116, 3.356033568909023 ] } },
{ "type": "Feature", "properties": { "OBJECTID": 28245, "CE": "NPN Terreno -> Unidad", "CT": "", "ESTAMPA_CC": "2026-05-26 14:46:02" }, "geometry": { "type": "Point", "coordinates": [ -76.517451566678503, 3.362371427555956 ] } },
{ "type": "Feature", "properties": { "OBJECTID": 28247, "CE": "NPN Terreno -> Unidad", "CT": "", "ESTAMPA_CC": "2026-05-26 14:46:02" }, "geometry": { "type": "Point", "coordinates": [ -76.521812320533741, 3.355516009499642 ] } },
{ "type": "Feature", "properties": { "OBJECTID": 28249, "CE": "NPN Terreno -> Unidad", "CT": "", "ESTAMPA_CC": "2026-05-26 14:46:02" }, "geometry": { "type": "Point", "coordinates": [ -76.517400931119369, 3.362617800820436 ] } },
{ "type": "Feature", "properties": { "OBJECTID": 28250, "CE": "NPN Terreno -> Unidad", "CT": "", "ESTAMPA_CC": "2026-05-26 14:46:02" }, "geometry": { "type": "Point", "coordinates": [ -76.521781321950499, 3.355640114238781 ] } },
{ "type": "Feature", "properties": { "OBJECTID": 28260, "CE": "", "CT": "Condición: Condominio", "ESTAMPA_CC": "2026-05-26 14:46:02" }, "geometry": { "type": "Point", "coordinates": [ -76.544859213901432, 3.324942806245998 ] } },
{ "type": "Feature", "properties": { "OBJECTID": 28265, "CE": "NPN Terreno -> Unidad", "CT": "", "ESTAMPA_CC": "2026-05-26 14:46:02" }, "geometry": { "type": "Point", "coordinates": [ -76.521778672224855, 3.355757713265012 ] } },
{ "type": "Feature", "properties": { "OBJECTID": 28267, "CE": "NPN Terreno -> Unidad", "CT": "", "ESTAMPA_CC": "2026-05-26 14:46:02" }, "geometry": { "type": "Point", "coordinates": [ -76.521952929781733, 3.355967717965467 ] } },
{ "type": "Feature", "properties": { "OBJECTID": 28270, "CE": "NPN Terreno -> Unidad", "CT": "", "ESTAMPA_CC": "2026-05-26 14:46:02" }, "geometry": { "type": "Point", "coordinates": [ -76.502707455511384, 3.354888127899481 ] } },
{ "type": "Feature", "properties": { "OBJECTID": 28271, "CE": "NPN Terreno -> Unidad", "CT": "", "ESTAMPA_CC": "2026-05-26 14:46:02" }, "geometry": { "type": "Point", "coordinates": [ -76.522171775200945, 3.343257048085338 ] } },
{ "type": "Feature", "properties": { "OBJECTID": 28272, "CE": "", "CT": "Condición: Condominio", "ESTAMPA_CC": "2026-05-26 14:46:02" }, "geometry": { "type": "Point", "coordinates": [ -76.547897811957526, 3.324492765485193 ] } },
{ "type": "Feature", "properties": { "OBJECTID": 28273, "CE": "", "CT": "Condición: Condominio", "ESTAMPA_CC": "2026-05-26 14:46:02" }, "geometry": { "type": "Point", "coordinates": [ -76.548161480677109, 3.324503729799985 ] } },
{ "type": "Feature", "properties": { "OBJECTID": 28274, "CE": "NPN Terreno -> Unidad", "CT": "", "ESTAMPA_CC": "2026-05-26 14:46:02" }, "geometry": { "type": "Point", "coordinates": [ -76.521835567349271, 3.343236684337799 ] } },
{ "type": "Feature", "properties": { "OBJECTID": 28276, "CE": "NPN Terreno -> Unidad", "CT": "", "ESTAMPA_CC": "2026-05-26 14:46:02" }, "geometry": { "type": "Point", "coordinates": [ -76.521776415066569, 3.342967598081725 ] } },
{ "type": "Feature", "properties": { "OBJECTID": 28278, "CE": "NPN Terreno -> Unidad", "CT": "", "ESTAMPA_CC": "2026-05-26 14:46:02" }, "geometry": { "type": "Point", "coordinates": [ -76.522320568240431, 3.343676235336305 ] } },
{ "type": "Feature", "properties": { "OBJECTID": 28280, "CE": "", "CT": "Condición: Condominio", "ESTAMPA_CC": "2026-05-26 14:46:02" }, "geometry": { "type": "Point", "coordinates": [ -76.5472842006523, 3.32479139981128 ] } },
{ "type": "Feature", "properties": { "OBJECTID": 28281, "CE": "", "CT": "Condición: Condominio", "ESTAMPA_CC": "2026-05-26 14:46:02" }, "geometry": { "type": "Point", "coordinates": [ -76.547143108880476, 3.324954191699393 ] } },
{ "type": "Feature", "properties": { "OBJECTID": 28283, "CE": "", "CT": "Condición: Condominio", "ESTAMPA_CC": "2026-05-26 14:46:02" }, "geometry": { "type": "Point", "coordinates": [ -76.548712331746685, 3.325450051233668 ] } },
{ "type": "Feature", "properties": { "OBJECTID": 28284, "CE": "", "CT": "Condición: Condominio", "ESTAMPA_CC": "2026-05-26 14:46:02" }, "geometry": { "type": "Point", "coordinates": [ -76.548323572222444, 3.324979744800991 ] } },
{ "type": "Feature", "properties": { "OBJECTID": 28287, "CE": "", "CT": "Condición: Condominio", "ESTAMPA_CC": "2026-05-26 14:46:02" }, "geometry": { "type": "Point", "coordinates": [ -76.548689373615716, 3.324526961137045 ] } },
{ "type": "Feature", "properties": { "OBJECTID": 28288, "CE": "", "CT": "Condición: Condominio", "ESTAMPA_CC": "2026-05-26 14:46:02" }, "geometry": { "type": "Point", "coordinates": [ -76.548490798906087, 3.32453544607826 ] } },
{ "type": "Feature", "properties": { "OBJECTID": 28289, "CE": "NPN Terreno -> Unidad", "CT": "", "ESTAMPA_CC": "2026-05-26 14:46:02" }, "geometry": { "type": "Point", "coordinates": [ -76.523025279740096, 3.343431291225305 ] } },
{ "type": "Feature", "properties": { "OBJECTID": 28290, "CE": "", "CT": "Condición: Condominio", "ESTAMPA_CC": "2026-05-26 14:46:02" }, "geometry": { "type": "Point", "coordinates": [ -76.548094405453568, 3.324518288366959 ] } },
{ "type": "Feature", "properties": { "OBJECTID": 28291, "CE": "NPN Terreno -> Unidad", "CT": "", "ESTAMPA_CC": "2026-05-26 14:46:02" }, "geometry": { "type": "Point", "coordinates": [ -76.52280859156572, 3.343411130496333 ] } },
{ "type": "Feature", "properties": { "OBJECTID": 28292, "CE": "NPN Terreno -> Unidad", "CT": "", "ESTAMPA_CC": "2026-05-26 14:46:02" }, "geometry": { "type": "Point", "coordinates": [ -76.52276490729534, 3.343060048786231 ] } },
{ "type": "Feature", "properties": { "OBJECTID": 28294, "CE": "NPN Terreno -> Unidad", "CT": "", "ESTAMPA_CC": "2026-05-26 14:46:02" }, "geometry": { "type": "Point", "coordinates": [ -76.522372872268676, 3.343573863746768 ] } },
{ "type": "Feature", "properties": { "OBJECTID": 28295, "CE": "NPN Terreno -> Unidad", "CT": "", "ESTAMPA_CC": "2026-05-26 14:46:02" }, "geometry": { "type": "Point", "coordinates": [ -76.502729397834017, 3.354978378630108 ] } },
{ "type": "Feature", "properties": { "OBJECTID": 28296, "CE": "", "CT": "Condición: Condominio", "ESTAMPA_CC": "2026-05-26 14:46:02" }, "geometry": { "type": "Point", "coordinates": [ -76.546861608418993, 3.324906248320698 ] } },
{ "type": "Feature", "properties": { "OBJECTID": 28298, "CE": "NPN Terreno -> Unidad", "CT": "", "ESTAMPA_CC": "2026-05-26 14:46:02" }, "geometry": { "type": "Point", "coordinates": [ -76.523160946745065, 3.343288657873015 ] } },
{ "type": "Feature", "properties": { "OBJECTID": 28300, "CE": "NPN Terreno -> Unidad", "CT": "", "ESTAMPA_CC": "2026-05-26 14:46:02" }, "geometry": { "type": "Point", "coordinates": [ -76.521740891326246, 3.343092125083932 ] } },
{ "type": "Feature", "properties": { "OBJECTID": 28301, "CE": "NPN Terreno -> Unidad", "CT": "", "ESTAMPA_CC": "2026-05-26 14:46:02" }, "geometry": { "type": "Point", "coordinates": [ -76.523188023483925, 3.343374724411023 ] } },
{ "type": "Feature", "properties": { "OBJECTID": 28302, "CE": "", "CT": "Condición: Condominio", "ESTAMPA_CC": "2026-05-26 14:46:02" }, "geometry": { "type": "Point", "coordinates": [ -76.546846343181301, 3.324899145395132 ] } },
{ "type": "Feature", "properties": { "OBJECTID": 28308, "CE": "", "CT": "Condición: Condominio", "ESTAMPA_CC": "2026-05-26 14:46:02" }, "geometry": { "type": "Point", "coordinates": [ -76.545146400552014, 3.325105518966756 ] } },
{ "type": "Feature", "properties": { "OBJECTID": 28323, "CE": "NPN Terreno -> Unidad", "CT": "", "ESTAMPA_CC": "2026-05-26 14:46:02" }, "geometry": { "type": "Point", "coordinates": [ -76.517256277344018, 3.36247440464941 ] } },
{ "type": "Feature", "properties": { "OBJECTID": 28328, "CE": "", "CT": "Condición: Condominio", "ESTAMPA_CC": "2026-05-26 14:46:02" }, "geometry": { "type": "Point", "coordinates": [ -76.545639323209826, 3.323727058666757 ] } },
{ "type": "Feature", "properties": { "OBJECTID": 28333, "CE": "NPN Terreno -> Unidad", "CT": "", "ESTAMPA_CC": "2026-05-26 14:46:02" }, "geometry": { "type": "Point", "coordinates": [ -76.521740416332747, 3.356151525074822 ] } },
{ "type": "Feature", "properties": { "OBJECTID": 28340, "CE": "NPN Terreno -> Unidad", "CT": "", "ESTAMPA_CC": "2026-05-26 14:46:02" }, "geometry": { "type": "Point", "coordinates": [ -76.517474009765664, 3.362520937467594 ] } },
{ "type": "Feature", "properties": { "OBJECTID": 28342, "CE": "NPN Terreno -> Unidad", "CT": "", "ESTAMPA_CC": "2026-05-26 14:46:02" }, "geometry": { "type": "Point", "coordinates": [ -76.521691887828439, 3.355696667164679 ] } },
{ "type": "Feature", "properties": { "OBJECTID": 28346, "CE": "", "CT": "Condición: Condominio", "ESTAMPA_CC": "2026-05-26 14:46:02" }, "geometry": { "type": "Point", "coordinates": [ -76.547927647041817, 3.324941494872324 ] } },
{ "type": "Feature", "properties": { "OBJECTID": 28347, "CE": "NPN Terreno -> Unidad", "CT": "", "ESTAMPA_CC": "2026-05-26 14:46:02" }, "geometry": { "type": "Point", "coordinates": [ -76.502952022958397, 3.354825511605401 ] } },
{ "type": "Feature", "properties": { "OBJECTID": 28349, "CE": "NPN Terreno -> Unidad", "CT": "", "ESTAMPA_CC": "2026-05-26 14:46:02" }, "geometry": { "type": "Point", "coordinates": [ -76.522417119596994, 3.342941520542849 ] } },
{ "type": "Feature", "properties": { "OBJECTID": 28350, "CE": "NPN Terreno -> Unidad", "CT": "", "ESTAMPA_CC": "2026-05-26 14:46:02" }, "geometry": { "type": "Point", "coordinates": [ -76.523110206854824, 3.343406074386155 ] } },
{ "type": "Feature", "properties": { "OBJECTID": 28351, "CE": "", "CT": "Condición: Condominio", "ESTAMPA_CC": "2026-05-26 14:46:02" }, "geometry": { "type": "Point", "coordinates": [ -76.548377517178054, 3.325244253429992 ] } },
{ "type": "Feature", "properties": { "OBJECTID": 28354, "CE": "", "CT": "Condición: Condominio", "ESTAMPA_CC": "2026-05-26 14:46:02" }, "geometry": { "type": "Point", "coordinates": [ -76.548455754002092, 3.324965586221636 ] } },
{ "type": "Feature", "properties": { "OBJECTID": 28355, "CE": "NPN Terreno -> Unidad", "CT": "", "ESTAMPA_CC": "2026-05-26 14:46:02" }, "geometry": { "type": "Point", "coordinates": [ -76.522914839988843, 3.34338548548811 ] } },
{ "type": "Feature", "properties": { "OBJECTID": 28356, "CE": "NPN Terreno -> Unidad", "CT": "", "ESTAMPA_CC": "2026-05-26 14:46:02" }, "geometry": { "type": "Point", "coordinates": [ -76.521931215164329, 3.343344963699753 ] } },
{ "type": "Feature", "properties": { "OBJECTID": 28358, "CE": "NPN Terreno -> Unidad", "CT": "", "ESTAMPA_CC": "2026-05-26 14:46:02" }, "geometry": { "type": "Point", "coordinates": [ -76.52280859156572, 3.343411130496333 ] } },
{ "type": "Feature", "properties": { "OBJECTID": 28359, "CE": "", "CT": "Condición: Condominio", "ESTAMPA_CC": "2026-05-26 14:46:02" }, "geometry": { "type": "Point", "coordinates": [ -76.548738756740661, 3.324754336892489 ] } },
{ "type": "Feature", "properties": { "OBJECTID": 28360, "CE": "NPN Terreno -> Unidad", "CT": "", "ESTAMPA_CC": "2026-05-26 14:46:02" }, "geometry": { "type": "Point", "coordinates": [ -76.502707455511384, 3.354888127899481 ] } },
{ "type": "Feature", "properties": { "OBJECTID": 28362, "CE": "NPN Terreno -> Unidad", "CT": "", "ESTAMPA_CC": "2026-05-26 14:46:02" }, "geometry": { "type": "Point", "coordinates": [ -76.522171775200945, 3.343257048085338 ] } },
{ "type": "Feature", "properties": { "OBJECTID": 28364, "CE": "NPN Terreno -> Unidad", "CT": "", "ESTAMPA_CC": "2026-05-26 14:46:02" }, "geometry": { "type": "Point", "coordinates": [ -76.522556754996458, 3.343211734575428 ] } },
{ "type": "Feature", "properties": { "OBJECTID": 28365, "CE": "NPN Terreno -> Unidad", "CT": "", "ESTAMPA_CC": "2026-05-26 14:46:02" }, "geometry": { "type": "Point", "coordinates": [ -76.522361388597119, 3.343191145563507 ] } },
{ "type": "Feature", "properties": { "OBJECTID": 28367, "CE": "NPN Terreno -> Unidad", "CT": "", "ESTAMPA_CC": "2026-05-26 14:46:02" }, "geometry": { "type": "Point", "coordinates": [ -76.521740891326246, 3.343092125083932 ] } },
{ "type": "Feature", "properties": { "OBJECTID": 28368, "CE": "NPN Terreno -> Unidad", "CT": "", "ESTAMPA_CC": "2026-05-26 14:46:02" }, "geometry": { "type": "Point", "coordinates": [ -76.522361388597119, 3.343191145563507 ] } },
{ "type": "Feature", "properties": { "OBJECTID": 28370, "CE": "", "CT": "Condición: Condominio", "ESTAMPA_CC": "2026-05-26 14:46:02" }, "geometry": { "type": "Point", "coordinates": [ -76.547374256478307, 3.325190060939537 ] } },
{ "type": "Feature", "properties": { "OBJECTID": 28371, "CE": "NPN Terreno -> Unidad", "CT": "", "ESTAMPA_CC": "2026-05-26 14:46:02" }, "geometry": { "type": "Point", "coordinates": [ -76.502973965946751, 3.354915762782486 ] } },
{ "type": "Feature", "properties": { "OBJECTID": 28376, "CE": "", "CT": "Condición: Condominio", "ESTAMPA_CC": "2026-05-26 14:46:02" }, "geometry": { "type": "Point", "coordinates": [ -76.547380200234755, 3.325252069493783 ] } },
{ "type": "Feature", "properties": { "OBJECTID": 28377, "CE": "NPN Terreno -> Unidad", "CT": "", "ESTAMPA_CC": "2026-05-26 14:46:02" }, "geometry": { "type": "Point", "coordinates": [ -76.522947463166574, 3.3434626411871 ] } },
{ "type": "Feature", "properties": { "OBJECTID": 28378, "CE": "NPN Terreno -> Unidad", "CT": "", "ESTAMPA_CC": "2026-05-26 14:46:02" }, "geometry": { "type": "Point", "coordinates": [ -76.502777224632368, 3.35486843586298 ] } },
{ "type": "Feature", "properties": { "OBJECTID": 28393, "CE": "", "CT": "Condición: Condominio", "ESTAMPA_CC": "2026-05-26 14:46:02" }, "geometry": { "type": "Point", "coordinates": [ -76.544532190424349, 3.324304798525862 ] } },
{ "type": "Feature", "properties": { "OBJECTID": 28394, "CE": "", "CT": "Condición: Condominio", "ESTAMPA_CC": "2026-05-26 14:46:02" }, "geometry": { "type": "Point", "coordinates": [ -76.5451375010269, 3.325109217350708 ] } },
{ "type": "Feature", "properties": { "OBJECTID": 28395, "CE": "NPN Terreno -> Unidad", "CT": "", "ESTAMPA_CC": "2026-05-26 14:46:02" }, "geometry": { "type": "Point", "coordinates": [ -76.521712120322093, 3.355517715840368 ] } },
{ "type": "Feature", "properties": { "OBJECTID": 28399, "CE": "NPN Terreno -> Unidad", "CT": "", "ESTAMPA_CC": "2026-05-26 14:46:02" }, "geometry": { "type": "Point", "coordinates": [ -76.521828838308494, 3.355427779128962 ] } },
{ "type": "Feature", "properties": { "OBJECTID": 28406, "CE": "NPN Terreno -> Unidad", "CT": "", "ESTAMPA_CC": "2026-05-26 14:46:02" }, "geometry": { "type": "Point", "coordinates": [ -76.521852188308159, 3.356144573485922 ] } },
{ "type": "Feature", "properties": { "OBJECTID": 28410, "CE": "NPN Terreno -> Unidad", "CT": "", "ESTAMPA_CC": "2026-05-26 14:46:02" }, "geometry": { "type": "Point", "coordinates": [ -76.517505546168422, 3.362596433249789 ] } },
{ "type": "Feature", "properties": { "OBJECTID": 28415, "CE": "NPN Terreno -> Unidad", "CT": "", "ESTAMPA_CC": "2026-05-26 14:46:02" }, "geometry": { "type": "Point", "coordinates": [ -76.517399998377016, 3.362481835805454 ] } },
{ "type": "Feature", "properties": { "OBJECTID": 28416, "CE": "NPN Terreno -> Unidad", "CT": "", "ESTAMPA_CC": "2026-05-26 14:46:02" }, "geometry": { "type": "Point", "coordinates": [ -76.517297789959201, 3.362696477106144 ] } },
{ "type": "Feature", "properties": { "OBJECTID": 28421, "CE": "NPN Terreno -> Unidad", "CT": "", "ESTAMPA_CC": "2026-05-26 14:46:02" }, "geometry": { "type": "Point", "coordinates": [ -76.521729342881116, 3.356033568909023 ] } },
{ "type": "Feature", "properties": { "OBJECTID": 28423, "CE": "NPN Terreno -> Unidad", "CT": "", "ESTAMPA_CC": "2026-05-26 14:46:02" }, "geometry": { "type": "Point", "coordinates": [ -76.521843326184879, 3.355843216479615 ] } },
{ "type": "Feature", "properties": { "OBJECTID": 28447, "CE": "NPN Terreno -> Unidad", "CT": "", "ESTAMPA_CC": "2026-05-26 14:46:02" }, "geometry": { "type": "Point", "coordinates": [ -76.521995111278244, 3.355644885372165 ] } },
{ "type": "Feature", "properties": { "OBJECTID": 28450, "CE": "NPN Terreno -> Unidad", "CT": "", "ESTAMPA_CC": "2026-05-26 14:46:02" }, "geometry": { "type": "Point", "coordinates": [ -76.521941178994851, 3.355523954474189 ] } },
{ "type": "Feature", "properties": { "OBJECTID": 28462, "CE": "", "CT": "Condición: Condominio", "ESTAMPA_CC": "2026-05-26 14:46:02" }, "geometry": { "type": "Point", "coordinates": [ -76.545588223164131, 3.325257296283767 ] } },
{ "type": "Feature", "properties": { "OBJECTID": 28465, "CE": "NPN Terreno -> Unidad", "CT": "", "ESTAMPA_CC": "2026-05-26 14:46:02" }, "geometry": { "type": "Point", "coordinates": [ -76.517505546168422, 3.362596433249789 ] } },
{ "type": "Feature", "properties": { "OBJECTID": 28466, "CE": "NPN Terreno -> Unidad", "CT": "", "ESTAMPA_CC": "2026-05-26 14:46:02" }, "geometry": { "type": "Point", "coordinates": [ -76.517302409296263, 3.362454215060525 ] } },
{ "type": "Feature", "properties": { "OBJECTID": 28467, "CE": "NPN Terreno -> Unidad", "CT": "", "ESTAMPA_CC": "2026-05-26 14:46:02" }, "geometry": { "type": "Point", "coordinates": [ -76.521751248874807, 3.355837555440561 ] } },
{ "type": "Feature", "properties": { "OBJECTID": 28472, "CE": "", "CT": "Condición: Condominio", "ESTAMPA_CC": "2026-05-26 14:46:02" }, "geometry": { "type": "Point", "coordinates": [ -76.545397237432582, 3.324318480710244 ] } },
{ "type": "Feature", "properties": { "OBJECTID": 28474, "CE": "NPN Terreno -> Unidad", "CT": "", "ESTAMPA_CC": "2026-05-26 14:46:02" }, "geometry": { "type": "Point", "coordinates": [ -76.517193174495759, 3.362717844653901 ] } },
{ "type": "Feature", "properties": { "OBJECTID": 28484, "CE": "", "CT": "Condición: Condominio", "ESTAMPA_CC": "2026-05-26 14:46:02" }, "geometry": { "type": "Point", "coordinates": [ -76.544854327416729, 3.323741794380689 ] } },
{ "type": "Feature", "properties": { "OBJECTID": 28491, "CE": "NPN Terreno -> Unidad", "CT": "", "ESTAMPA_CC": "2026-05-26 14:46:02" }, "geometry": { "type": "Point", "coordinates": [ -76.51744922911638, 3.362405467740766 ] } },
{ "type": "Feature", "properties": { "OBJECTID": 28496, "CE": "", "CT": "Condición: Condominio", "ESTAMPA_CC": "2026-05-26 14:46:02" }, "geometry": { "type": "Point", "coordinates": [ -76.544948848181889, 3.324331375289056 ] } },
{ "type": "Feature", "properties": { "OBJECTID": 28497, "CE": "NPN Terreno -> Unidad", "CT": "", "ESTAMPA_CC": "2026-05-26 14:46:02" }, "geometry": { "type": "Point", "coordinates": [ -76.521929971851691, 3.355974673511348 ] } },
{ "type": "Feature", "properties": { "OBJECTID": 28503, "CE": "NPN Terreno -> Unidad", "CT": "", "ESTAMPA_CC": "2026-05-26 14:46:02" }, "geometry": { "type": "Point", "coordinates": [ -76.517560008276135, 3.362195466322556 ] } },
{ "type": "Feature", "properties": { "OBJECTID": 28504, "CE": "", "CT": "Condición: Condominio", "ESTAMPA_CC": "2026-05-26 14:46:02" }, "geometry": { "type": "Point", "coordinates": [ -76.545038862106551, 3.324075099972696 ] } },
{ "type": "Feature", "properties": { "OBJECTID": 28506, "CE": "NPN Terreno -> Unidad", "CT": "", "ESTAMPA_CC": "2026-05-26 14:46:02" }, "geometry": { "type": "Point", "coordinates": [ -76.521938951022477, 3.355448672187069 ] } },
{ "type": "Feature", "properties": { "OBJECTID": 28510, "CE": "NPN Terreno -> Unidad", "CT": "", "ESTAMPA_CC": "2026-05-26 14:46:02" }, "geometry": { "type": "Point", "coordinates": [ -76.521836186033724, 3.355960542445457 ] } },
{ "type": "Feature", "properties": { "OBJECTID": 28513, "CE": "", "CT": "Condición: Condominio", "ESTAMPA_CC": "2026-05-26 14:46:02" }, "geometry": { "type": "Point", "coordinates": [ -76.545925708704942, 3.323478499424454 ] } },
{ "type": "Feature", "properties": { "OBJECTID": 28515, "CE": "", "CT": "Condición: Condominio", "ESTAMPA_CC": "2026-05-26 14:46:02" }, "geometry": { "type": "Point", "coordinates": [ -76.545947498213934, 3.324318142908641 ] } },
{ "type": "Feature", "properties": { "OBJECTID": 28518, "CE": "NPN Terreno -> Unidad", "CT": "", "ESTAMPA_CC": "2026-05-26 14:46:02" }, "geometry": { "type": "Point", "coordinates": [ -76.517508039422538, 3.362708746362375 ] } },
{ "type": "Feature", "properties": { "OBJECTID": 28523, "CE": "NPN Terreno -> Unidad", "CT": "", "ESTAMPA_CC": "2026-05-26 14:46:02" }, "geometry": { "type": "Point", "coordinates": [ -76.517296087279135, 3.362619775225316 ] } },
{ "type": "Feature", "properties": { "OBJECTID": 28526, "CE": "NPN Terreno -> Unidad", "CT": "", "ESTAMPA_CC": "2026-05-26 14:46:02" }, "geometry": { "type": "Point", "coordinates": [ -76.521868022014075, 3.35584473458775 ] } },
{ "type": "Feature", "properties": { "OBJECTID": 28528, "CE": "NPN Terreno -> Unidad", "CT": "", "ESTAMPA_CC": "2026-05-26 14:46:02" }, "geometry": { "type": "Point", "coordinates": [ -76.517400931119369, 3.362617800820436 ] } },
{ "type": "Feature", "properties": { "OBJECTID": 28541, "CE": "NPN Terreno -> Unidad", "CT": "", "ESTAMPA_CC": "2026-05-26 14:46:02" }, "geometry": { "type": "Point", "coordinates": [ -76.521883332486581, 3.355963440322896 ] } },
{ "type": "Feature", "properties": { "OBJECTID": 28545, "CE": "NPN Terreno -> Unidad", "CT": "", "ESTAMPA_CC": "2026-05-26 14:46:02" }, "geometry": { "type": "Point", "coordinates": [ -76.517450478650375, 3.362382897705699 ] } },
{ "type": "Feature", "properties": { "OBJECTID": 28553, "CE": "NPN Terreno -> Unidad", "CT": "", "ESTAMPA_CC": "2026-05-26 14:46:02" }, "geometry": { "type": "Point", "coordinates": [ -76.521635519556568, 3.356043107362455 ] } },
{ "type": "Feature", "properties": { "OBJECTID": 28555, "CE": "NPN Terreno -> Unidad", "CT": "", "ESTAMPA_CC": "2026-05-26 14:46:02" }, "geometry": { "type": "Point", "coordinates": [ -76.521905783110427, 3.355964820091485 ] } },
{ "type": "Feature", "properties": { "OBJECTID": 28561, "CE": "NPN Terreno -> Unidad", "CT": "", "ESTAMPA_CC": "2026-05-26 14:46:02" }, "geometry": { "type": "Point", "coordinates": [ -76.521712120322093, 3.355517715840368 ] } },
{ "type": "Feature", "properties": { "OBJECTID": 28562, "CE": "NPN Terreno -> Unidad", "CT": "", "ESTAMPA_CC": "2026-05-26 14:46:02" }, "geometry": { "type": "Point", "coordinates": [ -76.52163044755082, 3.356128209657737 ] } },
{ "type": "Feature", "properties": { "OBJECTID": 28568, "CE": "NPN Terreno -> Unidad", "CT": "", "ESTAMPA_CC": "2026-05-26 14:46:02" }, "geometry": { "type": "Point", "coordinates": [ -76.521648946841466, 3.355949033644504 ] } },
{ "type": "Feature", "properties": { "OBJECTID": 28590, "CE": "", "CT": "Condición: Condominio", "ESTAMPA_CC": "2026-05-26 14:46:02" }, "geometry": { "type": "Point", "coordinates": [ -76.545400239629927, 3.324951426395967 ] } },
{ "type": "Feature", "properties": { "OBJECTID": 28593, "CE": "NPN Terreno -> Unidad", "CT": "", "ESTAMPA_CC": "2026-05-26 14:46:02" }, "geometry": { "type": "Point", "coordinates": [ -76.521941178994851, 3.355523954474189 ] } },
{ "type": "Feature", "properties": { "OBJECTID": 28606, "CE": "", "CT": "Condición: Condominio", "ESTAMPA_CC": "2026-05-26 14:46:02" }, "geometry": { "type": "Point", "coordinates": [ -76.54601051815213, 3.3240680850075 ] } },
{ "type": "Feature", "properties": { "OBJECTID": 28610, "CE": "NPN Terreno -> Unidad", "CT": "", "ESTAMPA_CC": "2026-05-26 14:46:02" }, "geometry": { "type": "Point", "coordinates": [ -76.521614145406843, 3.3558558533247 ] } },
{ "type": "Feature", "properties": { "OBJECTID": 28612, "CE": "", "CT": "Condición: Condominio", "ESTAMPA_CC": "2026-05-26 14:46:02" }, "geometry": { "type": "Point", "coordinates": [ -76.545234671258385, 3.324882725077552 ] } },
{ "type": "Feature", "properties": { "OBJECTID": 28626, "CE": "NPN Terreno -> Unidad", "CT": "", "ESTAMPA_CC": "2026-05-26 14:46:02" }, "geometry": { "type": "Point", "coordinates": [ -76.517190681311973, 3.36260553154049 ] } },
{ "type": "Feature", "properties": { "OBJECTID": 28636, "CE": "NPN Terreno -> Unidad", "CT": "", "ESTAMPA_CC": "2026-05-26 14:46:02" }, "geometry": { "type": "Point", "coordinates": [ -76.521717192453622, 3.35543261354465 ] } },
{ "type": "Feature", "properties": { "OBJECTID": 28639, "CE": "NPN Terreno -> Unidad", "CT": "", "ESTAMPA_CC": "2026-05-26 14:46:02" }, "geometry": { "type": "Point", "coordinates": [ -76.521847746989238, 3.355770577594523 ] } },
{ "type": "Feature", "properties": { "OBJECTID": 28643, "CE": "NPN Terreno -> Unidad", "CT": "", "ESTAMPA_CC": "2026-05-26 14:46:02" }, "geometry": { "type": "Point", "coordinates": [ -76.521756221407273, 3.355756332589225 ] } },
{ "type": "Feature", "properties": { "OBJECTID": 28646, "CE": "", "CT": "Condición: Condominio", "ESTAMPA_CC": "2026-05-26 14:46:02" }, "geometry": { "type": "Point", "coordinates": [ -76.545748112796119, 3.32431665358572 ] } },
{ "type": "Feature", "properties": { "OBJECTID": 28649, "CE": "NPN Terreno -> Unidad", "CT": "", "ESTAMPA_CC": "2026-05-26 14:46:02" }, "geometry": { "type": "Point", "coordinates": [ -76.521852188308159, 3.356144573485922 ] } },
{ "type": "Feature", "properties": { "OBJECTID": 28657, "CE": "NPN Terreno -> Unidad", "CT": "", "ESTAMPA_CC": "2026-05-26 14:46:02" }, "geometry": { "type": "Point", "coordinates": [ -76.517297789959201, 3.362696477106144 ] } },
{ "type": "Feature", "properties": { "OBJECTID": 28662, "CE": "NPN Terreno -> Unidad", "CT": "", "ESTAMPA_CC": "2026-05-26 14:46:02" }, "geometry": { "type": "Point", "coordinates": [ -76.517454398262871, 3.362312107012005 ] } },
{ "type": "Feature", "properties": { "OBJECTID": 28669, "CE": "NPN Terreno -> Unidad", "CT": "", "ESTAMPA_CC": "2026-05-26 14:46:02" }, "geometry": { "type": "Point", "coordinates": [ -76.517508039422538, 3.362708746362375 ] } },
{ "type": "Feature", "properties": { "OBJECTID": 28672, "CE": "NPN Terreno -> Unidad", "CT": "", "ESTAMPA_CC": "2026-05-26 14:46:02" }, "geometry": { "type": "Point", "coordinates": [ -76.521791284582207, 3.355957782452363 ] } },
{ "type": "Feature", "properties": { "OBJECTID": 28676, "CE": "NPN Terreno -> Unidad", "CT": "", "ESTAMPA_CC": "2026-05-26 14:46:02" }, "geometry": { "type": "Point", "coordinates": [ -76.517296087279135, 3.362619775225316 ] } },
{ "type": "Feature", "properties": { "OBJECTID": 28683, "CE": "NPN Terreno -> Unidad", "CT": "", "ESTAMPA_CC": "2026-05-26 14:46:02" }, "geometry": { "type": "Point", "coordinates": [ -76.521773728891361, 3.355838938829011 ] } },
{ "type": "Feature", "properties": { "OBJECTID": 28685, "CE": "NPN Terreno -> Unidad", "CT": "", "ESTAMPA_CC": "2026-05-26 14:46:02" }, "geometry": { "type": "Point", "coordinates": [ -76.521611234215598, 3.355903686096051 ] } },
{ "type": "Feature", "properties": { "OBJECTID": 28686, "CE": "NPN Terreno -> Unidad", "CT": "", "ESTAMPA_CC": "2026-05-26 14:46:02" }, "geometry": { "type": "Point", "coordinates": [ -76.51729886060312, 3.362521922905338 ] } },
{ "type": "Feature", "properties": { "OBJECTID": 28689, "CE": "NPN Terreno -> Unidad", "CT": "", "ESTAMPA_CC": "2026-05-26 14:46:02" }, "geometry": { "type": "Point", "coordinates": [ -76.521717192453622, 3.35543261354465 ] } },
{ "type": "Feature", "properties": { "OBJECTID": 28700, "CE": "", "CT": "Condición: Condominio", "ESTAMPA_CC": "2026-05-26 14:46:02" }, "geometry": { "type": "Point", "coordinates": [ -76.5456519751434, 3.323726423136216 ] } },
{ "type": "Feature", "properties": { "OBJECTID": 28723, "CE": "NPN Terreno -> Unidad", "CT": "", "ESTAMPA_CC": "2026-05-26 14:46:02" }, "geometry": { "type": "Point", "coordinates": [ -76.517193174495759, 3.362717844653901 ] } },
{ "type": "Feature", "properties": { "OBJECTID": 28725, "CE": "", "CT": "Condición: Condominio", "ESTAMPA_CC": "2026-05-26 14:46:02" }, "geometry": { "type": "Point", "coordinates": [ -76.545140795085459, 3.323472060505249 ] } },
{ "type": "Feature", "properties": { "OBJECTID": 28730, "CE": "", "CT": "Condición: Condominio", "ESTAMPA_CC": "2026-05-26 14:46:02" }, "geometry": { "type": "Point", "coordinates": [ -76.545004139138499, 3.323722439427563 ] } },
{ "type": "Feature", "properties": { "OBJECTID": 28732, "CE": "NPN Terreno -> Unidad", "CT": "", "ESTAMPA_CC": "2026-05-26 14:46:02" }, "geometry": { "type": "Point", "coordinates": [ -76.521635519556568, 3.356043107362455 ] } }
]
}
